estacion,fecha,hora_unix,fecha_hora,temp_c,humedad_pct,viento_kmh,viento_rafaga_kmh,direcc_grados,presion_relativa_hpa,presion_absoluta_hpa,lluvia_diaria_mm,solar_wm2
INTA_SANMARTIN,2026-07-02,1782961200,2026-07-02 00:00:00,,,,,,1017.8,968.8,,
INTA_SANMARTIN,2026-07-02,1782961500,2026-07-02 00:05:00,,,,,,1017.9,968.9,,
INTA_SANMARTIN,2026-07-02,1782961800,2026-07-02 00:10:00,,,,,,1017.9,968.9,,
INTA_SANMARTIN,2026-07-02,1782962100,2026-07-02 00:15:00,,,,,,1017.9,968.9,,
INTA_SANMARTIN,2026-07-02,1782962400,2026-07-02 00:20:00,,,,,,1018.0,969.0,,
INTA_SANMARTIN,2026-07-02,1782962700,2026-07-02 00:25:00,,,,,,1018.0,969.0,,
INTA_SANMARTIN,2026-07-02,1782963000,2026-07-02 00:30:00,,,,,,1018.0,969.0,,
INTA_SANMARTIN,2026-07-02,1782963300,2026-07-02 00:35:00,,,,,,1018.0,969.1,,
INTA_SANMARTIN,2026-07-02,1782963600,2026-07-02 00:40:00,,,,,,1018.0,969.0,,
INTA_SANMARTIN,2026-07-02,1782963900,2026-07-02 00:45:00,,,,,,1018.1,969.2,,
INTA_SANMARTIN,2026-07-02,1782964200,2026-07-02 00:50:00,,,,,,1018.2,969.2,,
INTA_SANMARTIN,2026-07-02,1782964500,2026-07-02 00:55:00,,,,,,1018.2,969.2,,
INTA_SANMARTIN,2026-07-02,1782964800,2026-07-02 01:00:00,,,,,,1018.0,969.1,,
INTA_SANMARTIN,2026-07-02,1782965100,2026-07-02 01:05:00,,,,,,1018.1,969.2,,
INTA_SANMARTIN,2026-07-02,1782965400,2026-07-02 01:10:00,,,,,,1018.1,969.2,,
INTA_SANMARTIN,2026-07-02,1782965700,2026-07-02 01:15:00,,,,,,1018.1,969.1,,
INTA_SANMARTIN,2026-07-02,1782966000,2026-07-02 01:20:00,,,,,,1018.1,969.1,,
INTA_SANMARTIN,2026-07-02,1782966300,2026-07-02 01:25:00,,,,,,1018.1,969.1,,
INTA_SANMARTIN,2026-07-02,1782966600,2026-07-02 01:30:00,,,,,,1018.2,969.2,,
INTA_SANMARTIN,2026-07-02,1782966900,2026-07-02 01:35:00,,,,,,1018.0,969.0,,
INTA_SANMARTIN,2026-07-02,1782967200,2026-07-02 01:40:00,,,,,,1017.9,968.9,,
INTA_SANMARTIN,2026-07-02,1782967500,2026-07-02 01:45:00,,,,,,1018.1,969.1,,
INTA_SANMARTIN,2026-07-02,1782967800,2026-07-02 01:50:00,,,,,,1018.1,969.1,,
INTA_SANMARTIN,2026-07-02,1782968100,2026-07-02 01:55:00,,,,,,1018.0,969.0,,
INTA_SANMARTIN,2026-07-02,1782968400,2026-07-02 02:00:00,,,,,,1018.0,969.0,,
INTA_SANMARTIN,2026-07-02,1782968700,2026-07-02 02:05:00,,,,,,1018.0,969.0,,
INTA_SANMARTIN,2026-07-02,1782969000,2026-07-02 02:10:00,,,,,,1018.1,969.1,,
INTA_SANMARTIN,2026-07-02,1782969300,2026-07-02 02:15:00,,,,,,1018.0,969.0,,
INTA_SANMARTIN,2026-07-02,1782969600,2026-07-02 02:20:00,,,,,,1018.0,969.0,,
INTA_SANMARTIN,2026-07-02,1782969900,2026-07-02 02:25:00,,,,,,1017.9,969.0,,
INTA_SANMARTIN,2026-07-02,1782970200,2026-07-02 02:30:00,,,,,,1017.9,968.9,,
INTA_SANMARTIN,2026-07-02,1782970500,2026-07-02 02:35:00,,,,,,1017.9,968.9,,
INTA_SANMARTIN,2026-07-02,1782970800,2026-07-02 02:40:00,,,,,,1017.8,968.8,,
INTA_SANMARTIN,2026-07-02,1782971100,2026-07-02 02:45:00,,,,,,1017.9,968.9,,
INTA_SANMARTIN,2026-07-02,1782971400,2026-07-02 02:50:00,,,,,,1017.8,968.8,,
INTA_SANMARTIN,2026-07-02,1782971700,2026-07-02 02:55:00,,,,,,1017.8,968.8,,
INTA_SANMARTIN,2026-07-02,1782972000,2026-07-02 03:00:00,,,,,,1017.7,968.7,,
INTA_SANMARTIN,2026-07-02,1782972300,2026-07-02 03:05:00,,,,,,1017.7,968.7,,
INTA_SANMARTIN,2026-07-02,1782972600,2026-07-02 03:10:00,,,,,,1017.7,968.7,,
INTA_SANMARTIN,2026-07-02,1782972900,2026-07-02 03:15:00,,,,,,1017.6,968.6,,
INTA_SANMARTIN,2026-07-02,1782973200,2026-07-02 03:20:00,,,,,,1017.6,968.6,,
INTA_SANMARTIN,2026-07-02,1782973500,2026-07-02 03:25:00,,,,,,1017.6,968.6,,
INTA_SANMARTIN,2026-07-02,1782973800,2026-07-02 03:30:00,,,,,,1017.4,968.4,,
INTA_SANMARTIN,2026-07-02,1782974100,2026-07-02 03:35:00,,,,,,1017.4,968.4,,
INTA_SANMARTIN,2026-07-02,1782974400,2026-07-02 03:40:00,,,,,,1017.4,968.4,,
INTA_SANMARTIN,2026-07-02,1782974700,2026-07-02 03:45:00,,,,,,1017.4,968.4,,
INTA_SANMARTIN,2026-07-02,1782975000,2026-07-02 03:50:00,,,,,,1017.4,968.4,,
INTA_SANMARTIN,2026-07-02,1782975300,2026-07-02 03:55:00,,,,,,1017.3,968.3,,
INTA_SANMARTIN,2026-07-02,1782975600,2026-07-02 04:00:00,,,,,,1017.2,968.2,,
INTA_SANMARTIN,2026-07-02,1782975900,2026-07-02 04:05:00,,,,,,1017.2,968.2,,
INTA_SANMARTIN,2026-07-02,1782976200,2026-07-02 04:10:00,,,,,,1017.2,968.2,,
INTA_SANMARTIN,2026-07-02,1782976500,2026-07-02 04:15:00,,,,,,1017.3,968.3,,
INTA_SANMARTIN,2026-07-02,1782976800,2026-07-02 04:20:00,,,,,,1017.3,968.3,,
INTA_SANMARTIN,2026-07-02,1782977100,2026-07-02 04:25:00,,,,,,1017.3,968.3,,
INTA_SANMARTIN,2026-07-02,1782977400,2026-07-02 04:30:00,,,,,,1017.2,968.2,,
INTA_SANMARTIN,2026-07-02,1782977700,2026-07-02 04:35:00,,,,,,1017.3,968.3,,
INTA_SANMARTIN,2026-07-02,1782978000,2026-07-02 04:40:00,,,,,,1017.2,968.2,,
INTA_SANMARTIN,2026-07-02,1782978300,2026-07-02 04:45:00,,,,,,1017.2,968.2,,
INTA_SANMARTIN,2026-07-02,1782978600,2026-07-02 04:50:00,,,,,,1017.2,968.2,,
INTA_SANMARTIN,2026-07-02,1782978900,2026-07-02 04:55:00,,,,,,1017.1,968.1,,
INTA_SANMARTIN,2026-07-02,1782979200,2026-07-02 05:00:00,,,,,,1017.1,968.1,,
INTA_SANMARTIN,2026-07-02,1782979500,2026-07-02 05:05:00,,,,,,1017.1,968.1,,
INTA_SANMARTIN,2026-07-02,1782979800,2026-07-02 05:10:00,,,,,,1017.2,968.2,,
INTA_SANMARTIN,2026-07-02,1782980100,2026-07-02 05:15:00,,,,,,1017.1,968.1,,
INTA_SANMARTIN,2026-07-02,1782980400,2026-07-02 05:20:00,,,,,,1017.1,968.1,,
INTA_SANMARTIN,2026-07-02,1782980700,2026-07-02 05:25:00,,,,,,1017.0,968.0,,
INTA_SANMARTIN,2026-07-02,1782981000,2026-07-02 05:30:00,,,,,,1017.0,968.0,,
INTA_SANMARTIN,2026-07-02,1782981300,2026-07-02 05:35:00,,,,,,1016.9,967.9,,
INTA_SANMARTIN,2026-07-02,1782981600,2026-07-02 05:40:00,,,,,,1017.0,968.0,,
INTA_SANMARTIN,2026-07-02,1782981900,2026-07-02 05:45:00,,,,,,1016.9,967.9,,
INTA_SANMARTIN,2026-07-02,1782982200,2026-07-02 05:50:00,,,,,,1016.9,967.9,,
INTA_SANMARTIN,2026-07-02,1782982500,2026-07-02 05:55:00,,,,,,1017.0,968.0,,
INTA_SANMARTIN,2026-07-02,1782982800,2026-07-02 06:00:00,,,,,,1016.9,967.9,,
INTA_SANMARTIN,2026-07-02,1782983100,2026-07-02 06:05:00,,,,,,1017.0,968.0,,
INTA_SANMARTIN,2026-07-02,1782983400,2026-07-02 06:10:00,,,,,,1016.8,967.8,,
INTA_SANMARTIN,2026-07-02,1782983700,2026-07-02 06:15:00,,,,,,1016.9,967.9,,
INTA_SANMARTIN,2026-07-02,1782984000,2026-07-02 06:20:00,,,,,,1016.9,967.9,,
INTA_SANMARTIN,2026-07-02,1782984300,2026-07-02 06:25:00,,,,,,1016.8,967.8,,
INTA_SANMARTIN,2026-07-02,1782984600,2026-07-02 06:30:00,,,,,,1016.8,967.8,,
INTA_SANMARTIN,2026-07-02,1782984900,2026-07-02 06:35:00,,,,,,1016.9,967.9,,
INTA_SANMARTIN,2026-07-02,1782985200,2026-07-02 06:40:00,,,,,,1017.0,968.0,,
INTA_SANMARTIN,2026-07-02,1782985500,2026-07-02 06:45:00,,,,,,1017.0,968.0,,
INTA_SANMARTIN,2026-07-02,1782985800,2026-07-02 06:50:00,,,,,,1017.0,968.0,,
INTA_SANMARTIN,2026-07-02,1782986100,2026-07-02 06:55:00,,,,,,1017.0,968.0,,
INTA_SANMARTIN,2026-07-02,1782986400,2026-07-02 07:00:00,,,,,,1017.1,968.1,,
INTA_SANMARTIN,2026-07-02,1782986700,2026-07-02 07:05:00,,,,,,1016.9,967.9,,
INTA_SANMARTIN,2026-07-02,1782987000,2026-07-02 07:10:00,,,,,,1017.0,968.0,,
INTA_SANMARTIN,2026-07-02,1782987300,2026-07-02 07:15:00,,,,,,1017.1,968.1,,
INTA_SANMARTIN,2026-07-02,1782987600,2026-07-02 07:20:00,,,,,,1017.1,968.1,,
INTA_SANMARTIN,2026-07-02,1782987900,2026-07-02 07:25:00,,,,,,1017.0,968.0,,
INTA_SANMARTIN,2026-07-02,1782988200,2026-07-02 07:30:00,,,,,,1017.1,968.1,,
INTA_SANMARTIN,2026-07-02,1782988500,2026-07-02 07:35:00,,,,,,1017.1,968.1,,
INTA_SANMARTIN,2026-07-02,1782988800,2026-07-02 07:40:00,,,,,,1017.0,968.0,,
INTA_SANMARTIN,2026-07-02,1782989100,2026-07-02 07:45:00,,,,,,1017.1,968.1,,
INTA_SANMARTIN,2026-07-02,1782989400,2026-07-02 07:50:00,,,,,,1017.0,968.0,,
INTA_SANMARTIN,2026-07-02,1782989700,2026-07-02 07:55:00,,,,,,1017.1,968.1,,
INTA_SANMARTIN,2026-07-02,1782990000,2026-07-02 08:00:00,,,,,,1017.2,968.2,,
INTA_SANMARTIN,2026-07-02,1782990300,2026-07-02 08:05:00,,,,,,1017.3,968.3,,
INTA_SANMARTIN,2026-07-02,1782990600,2026-07-02 08:10:00,,,,,,1017.2,968.2,,
INTA_SANMARTIN,2026-07-02,1782990900,2026-07-02 08:15:00,,,,,,1017.2,968.2,,
INTA_SANMARTIN,2026-07-02,1782991200,2026-07-02 08:20:00,,,,,,1017.2,968.2,,
INTA_SANMARTIN,2026-07-02,1782991500,2026-07-02 08:25:00,,,,,,1017.3,968.3,,
INTA_SANMARTIN,2026-07-02,1782991800,2026-07-02 08:30:00,,,,,,1017.2,968.2,,
INTA_SANMARTIN,2026-07-02,1782992100,2026-07-02 08:35:00,,,,,,1017.2,968.2,,
INTA_SANMARTIN,2026-07-02,1782992400,2026-07-02 08:40:00,,,,,,1017.3,968.3,,
INTA_SANMARTIN,2026-07-02,1782992700,2026-07-02 08:45:00,,,,,,1017.3,968.3,,
INTA_SANMARTIN,2026-07-02,1782993000,2026-07-02 08:50:00,,,,,,1017.3,968.3,,
INTA_SANMARTIN,2026-07-02,1782993300,2026-07-02 08:55:00,,,,,,1017.3,968.3,,
INTA_SANMARTIN,2026-07-02,1782993600,2026-07-02 09:00:00,,,,,,1017.3,968.3,,
INTA_SANMARTIN,2026-07-02,1782993900,2026-07-02 09:05:00,,,,,,1017.3,968.3,,
INTA_SANMARTIN,2026-07-02,1782994200,2026-07-02 09:10:00,,,,,,1017.3,968.3,,
INTA_SANMARTIN,2026-07-02,1782994500,2026-07-02 09:15:00,,,,,,1017.3,968.3,,
INTA_SANMARTIN,2026-07-02,1782994800,2026-07-02 09:20:00,,,,,,1017.3,968.3,,
INTA_SANMARTIN,2026-07-02,1782995100,2026-07-02 09:25:00,,,,,,1017.4,968.4,,
INTA_SANMARTIN,2026-07-02,1782995400,2026-07-02 09:30:00,,,,,,1017.3,968.3,,
INTA_SANMARTIN,2026-07-02,1782995700,2026-07-02 09:35:00,,,,,,1017.4,968.4,,
INTA_SANMARTIN,2026-07-02,1782996000,2026-07-02 09:40:00,,,,,,1017.5,968.5,,
INTA_SANMARTIN,2026-07-02,1782996300,2026-07-02 09:45:00,,,,,,1017.5,968.5,,
INTA_SANMARTIN,2026-07-02,1782996600,2026-07-02 09:50:00,,,,,,1017.5,968.5,,
INTA_SANMARTIN,2026-07-02,1782996900,2026-07-02 09:55:00,,,,,,1017.5,968.5,,
INTA_SANMARTIN,2026-07-02,1782997200,2026-07-02 10:00:00,,,,,,1017.6,968.6,,
INTA_SANMARTIN,2026-07-02,1782997500,2026-07-02 10:05:00,,,,,,1017.4,968.4,,
INTA_SANMARTIN,2026-07-02,1782997800,2026-07-02 10:10:00,,,,,,1017.3,968.3,,
INTA_SANMARTIN,2026-07-02,1782998100,2026-07-02 10:15:00,,,,,,1017.5,968.5,,
INTA_SANMARTIN,2026-07-02,1782998400,2026-07-02 10:20:00,,,,,,1017.5,968.5,,
INTA_SANMARTIN,2026-07-02,1782998700,2026-07-02 10:25:00,,,,,,1017.4,968.4,,
INTA_SANMARTIN,2026-07-02,1782999000,2026-07-02 10:30:00,,,,,,1017.4,968.4,,
INTA_SANMARTIN,2026-07-02,1782999300,2026-07-02 10:35:00,,,,,,1017.3,968.3,,
INTA_SANMARTIN,2026-07-02,1782999600,2026-07-02 10:40:00,,,,,,1017.4,968.4,,
INTA_SANMARTIN,2026-07-02,1782999900,2026-07-02 10:45:00,,,,,,1017.3,968.3,,
INTA_SANMARTIN,2026-07-02,1783000200,2026-07-02 10:50:00,,,,,,1017.3,968.3,,
INTA_SANMARTIN,2026-07-02,1783000500,2026-07-02 10:55:00,,,,,,1017.3,968.3,,
INTA_SANMARTIN,2026-07-02,1783000800,2026-07-02 11:00:00,,,,,,1017.4,968.4,,
INTA_SANMARTIN,2026-07-02,1783001100,2026-07-02 11:05:00,,,,,,1017.4,968.4,,
INTA_SANMARTIN,2026-07-02,1783001400,2026-07-02 11:10:00,,,,,,1017.4,968.4,,
INTA_SANMARTIN,2026-07-02,1783001700,2026-07-02 11:15:00,,,,,,1017.3,968.3,,
INTA_SANMARTIN,2026-07-02,1783002000,2026-07-02 11:20:00,,,,,,1017.3,968.3,,
INTA_SANMARTIN,2026-07-02,1783002300,2026-07-02 11:25:00,,,,,,1017.1,968.1,,
INTA_SANMARTIN,2026-07-02,1783002600,2026-07-02 11:30:00,,,,,,1017.1,968.1,,
INTA_SANMARTIN,2026-07-02,1783002900,2026-07-02 11:35:00,,,,,,1017.1,968.1,,
INTA_SANMARTIN,2026-07-02,1783003200,2026-07-02 11:40:00,,,,,,1017.0,968.0,,
INTA_SANMARTIN,2026-07-02,1783003500,2026-07-02 11:45:00,,,,,,1017.0,968.0,,
INTA_SANMARTIN,2026-07-02,1783003800,2026-07-02 11:50:00,,,,,,1016.8,967.8,,
INTA_SANMARTIN,2026-07-02,1783004100,2026-07-02 11:55:00,,,,,,1016.7,967.7,,
INTA_SANMARTIN,2026-07-02,1783004400,2026-07-02 12:00:00,,,,,,1016.6,967.6,,
INTA_SANMARTIN,2026-07-02,1783004700,2026-07-02 12:05:00,,,,,,1016.7,967.7,,
INTA_SANMARTIN,2026-07-02,1783005000,2026-07-02 12:10:00,,,,,,1016.6,967.6,,
INTA_SANMARTIN,2026-07-02,1783005300,2026-07-02 12:15:00,,,,,,1016.5,967.5,,
INTA_SANMARTIN,2026-07-02,1783005600,2026-07-02 12:20:00,,,,,,1016.4,967.4,,
INTA_SANMARTIN,2026-07-02,1783005900,2026-07-02 12:25:00,,,,,,1016.3,967.3,,
INTA_SANMARTIN,2026-07-02,1783006200,2026-07-02 12:30:00,,,,,,1016.4,967.4,,
INTA_SANMARTIN,2026-07-02,1783006500,2026-07-02 12:35:00,,,,,,1016.1,967.1,,
INTA_SANMARTIN,2026-07-02,1783006800,2026-07-02 12:40:00,,,,,,1016.1,967.1,,
INTA_SANMARTIN,2026-07-02,1783007100,2026-07-02 12:45:00,,,,,,1016.0,967.0,,
INTA_SANMARTIN,2026-07-02,1783007400,2026-07-02 12:50:00,,,,,,1016.0,967.0,,
INTA_SANMARTIN,2026-07-02,1783007700,2026-07-02 12:55:00,,,,,,1016.0,967.0,,
INTA_SANMARTIN,2026-07-02,1783008000,2026-07-02 13:00:00,,,,,,1015.8,966.8,,
INTA_SANMARTIN,2026-07-02,1783008300,2026-07-02 13:05:00,,,,,,1015.9,966.9,,
INTA_SANMARTIN,2026-07-02,1783008600,2026-07-02 13:10:00,,,,,,1015.8,966.8,,
INTA_SANMARTIN,2026-07-02,1783008900,2026-07-02 13:15:00,,,,,,1015.6,966.6,,
INTA_SANMARTIN,2026-07-02,1783009200,2026-07-02 13:20:00,,,,,,1015.6,966.5,,
INTA_SANMARTIN,2026-07-02,1783009500,2026-07-02 13:25:00,,,,,,1015.6,966.6,,
INTA_SANMARTIN,2026-07-02,1783009800,2026-07-02 13:30:00,,,,,,1015.4,966.4,,
INTA_SANMARTIN,2026-07-02,1783010100,2026-07-02 13:35:00,,,,,,1015.4,966.4,,
INTA_SANMARTIN,2026-07-02,1783010400,2026-07-02 13:40:00,,,,,,1015.2,966.2,,
INTA_SANMARTIN,2026-07-02,1783010700,2026-07-02 13:45:00,,,,,,1015.1,966.1,,
INTA_SANMARTIN,2026-07-02,1783011000,2026-07-02 13:50:00,,,,,,1015.0,966.0,,
INTA_SANMARTIN,2026-07-02,1783011300,2026-07-02 13:55:00,,,,,,1014.9,965.9,,
INTA_SANMARTIN,2026-07-02,1783011600,2026-07-02 14:00:00,,,,,,1014.8,965.8,,
INTA_SANMARTIN,2026-07-02,1783011900,2026-07-02 14:05:00,,,,,,1014.8,965.8,,
INTA_SANMARTIN,2026-07-02,1783012200,2026-07-02 14:10:00,,,,,,1014.7,965.7,,
INTA_SANMARTIN,2026-07-02,1783012500,2026-07-02 14:15:00,,,,,,1014.6,965.6,,
INTA_SANMARTIN,2026-07-02,1783012800,2026-07-02 14:20:00,,,,,,1014.6,965.6,,
INTA_SANMARTIN,2026-07-02,1783013100,2026-07-02 14:25:00,,,,,,1014.5,965.5,,
INTA_SANMARTIN,2026-07-02,1783013400,2026-07-02 14:30:00,,,,,,1014.3,965.3,,
INTA_SANMARTIN,2026-07-02,1783013700,2026-07-02 14:35:00,,,,,,1014.3,965.3,,
INTA_SANMARTIN,2026-07-02,1783014000,2026-07-02 14:40:00,,,,,,1014.3,965.3,,
INTA_SANMARTIN,2026-07-02,1783014300,2026-07-02 14:45:00,,,,,,1014.1,965.1,,
INTA_SANMARTIN,2026-07-02,1783014600,2026-07-02 14:50:00,,,,,,1014.0,965.0,,
INTA_SANMARTIN,2026-07-02,1783014900,2026-07-02 14:55:00,,,,,,1013.9,964.9,,
INTA_SANMARTIN,2026-07-02,1783015200,2026-07-02 15:00:00,,,,,,1013.9,964.9,,
INTA_SANMARTIN,2026-07-02,1783015500,2026-07-02 15:05:00,,,,,,1014.0,965.0,,
INTA_SANMARTIN,2026-07-02,1783015800,2026-07-02 15:10:00,,,,,,1013.9,964.9,,
INTA_SANMARTIN,2026-07-02,1783016100,2026-07-02 15:15:00,,,,,,1013.7,964.7,,
INTA_SANMARTIN,2026-07-02,1783016400,2026-07-02 15:20:00,,,,,,1013.7,964.7,,
INTA_SANMARTIN,2026-07-02,1783016700,2026-07-02 15:25:00,,,,,,1013.7,964.7,,
INTA_SANMARTIN,2026-07-02,1783017000,2026-07-02 15:30:00,,,,,,1013.6,964.6,,
INTA_SANMARTIN,2026-07-02,1783017300,2026-07-02 15:35:00,,,,,,1013.7,964.7,,
INTA_SANMARTIN,2026-07-02,1783017600,2026-07-02 15:40:00,,,,,,1013.7,964.7,,
INTA_SANMARTIN,2026-07-02,1783017900,2026-07-02 15:45:00,,,,,,1013.6,964.6,,
INTA_SANMARTIN,2026-07-02,1783018200,2026-07-02 15:50:00,,,,,,1013.5,964.5,,
INTA_SANMARTIN,2026-07-02,1783018500,2026-07-02 15:55:00,,,,,,1013.6,964.6,,
INTA_SANMARTIN,2026-07-02,1783018800,2026-07-02 16:00:00,,,,,,1013.4,964.4,,
INTA_SANMARTIN,2026-07-02,1783019100,2026-07-02 16:05:00,,,,,,1013.5,964.5,,
INTA_SANMARTIN,2026-07-02,1783019400,2026-07-02 16:10:00,,,,,,1013.4,964.4,,
INTA_SANMARTIN,2026-07-02,1783019700,2026-07-02 16:15:00,,,,,,1013.5,964.5,,
INTA_SANMARTIN,2026-07-02,1783020000,2026-07-02 16:20:00,,,,,,1013.4,964.4,,
INTA_SANMARTIN,2026-07-02,1783020300,2026-07-02 16:25:00,,,,,,1013.4,964.4,,
INTA_SANMARTIN,2026-07-02,1783020600,2026-07-02 16:30:00,,,,,,1013.4,964.4,,
INTA_SANMARTIN,2026-07-02,1783020900,2026-07-02 16:35:00,,,,,,1013.4,964.4,,
INTA_SANMARTIN,2026-07-02,1783021200,2026-07-02 16:40:00,,,,,,1013.3,964.3,,
INTA_SANMARTIN,2026-07-02,1783021500,2026-07-02 16:45:00,,,,,,1013.3,964.3,,
INTA_SANMARTIN,2026-07-02,1783021800,2026-07-02 16:50:00,,,,,,1013.4,964.4,,
INTA_SANMARTIN,2026-07-02,1783022100,2026-07-02 16:55:00,,,,,,1013.4,964.4,,
INTA_SANMARTIN,2026-07-02,1783022400,2026-07-02 17:00:00,,,,,,1013.3,964.3,,
INTA_SANMARTIN,2026-07-02,1783022700,2026-07-02 17:05:00,,,,,,1013.3,964.3,,
INTA_SANMARTIN,2026-07-02,1783023000,2026-07-02 17:10:00,,,,,,1013.2,964.2,,
INTA_SANMARTIN,2026-07-02,1783023300,2026-07-02 17:15:00,,,,,,1013.1,964.1,,
INTA_SANMARTIN,2026-07-02,1783023600,2026-07-02 17:20:00,,,,,,1013.2,964.2,,
INTA_SANMARTIN,2026-07-02,1783023900,2026-07-02 17:25:00,,,,,,1013.3,964.3,,
INTA_SANMARTIN,2026-07-02,1783024200,2026-07-02 17:30:00,,,,,,1013.3,964.3,,
INTA_SANMARTIN,2026-07-02,1783024500,2026-07-02 17:35:00,,,,,,1013.3,964.3,,
INTA_SANMARTIN,2026-07-02,1783024800,2026-07-02 17:40:00,,,,,,1013.3,964.3,,
INTA_SANMARTIN,2026-07-02,1783025100,2026-07-02 17:45:00,,,,,,1013.4,964.4,,
INTA_SANMARTIN,2026-07-02,1783025400,2026-07-02 17:50:00,,,,,,1013.5,964.5,,
INTA_SANMARTIN,2026-07-02,1783025700,2026-07-02 17:55:00,,,,,,1013.4,964.4,,
INTA_SANMARTIN,2026-07-02,1783026000,2026-07-02 18:00:00,,,,,,1013.5,964.5,,
INTA_SANMARTIN,2026-07-02,1783026300,2026-07-02 18:05:00,,,,,,1013.5,964.5,,
INTA_SANMARTIN,2026-07-02,1783026600,2026-07-02 18:10:00,,,,,,1013.4,964.4,,
INTA_SANMARTIN,2026-07-02,1783026900,2026-07-02 18:15:00,,,,,,1013.6,964.6,,
INTA_SANMARTIN,2026-07-02,1783027200,2026-07-02 18:20:00,,,,,,1013.6,964.6,,
INTA_SANMARTIN,2026-07-02,1783027500,2026-07-02 18:25:00,,,,,,1013.5,964.5,,
INTA_SANMARTIN,2026-07-02,1783027800,2026-07-02 18:30:00,,,,,,1013.6,964.6,,
INTA_SANMARTIN,2026-07-02,1783028100,2026-07-02 18:35:00,,,,,,1013.6,964.6,,
INTA_SANMARTIN,2026-07-02,1783028400,2026-07-02 18:40:00,,,,,,1013.7,964.7,,
INTA_SANMARTIN,2026-07-02,1783028700,2026-07-02 18:45:00,,,,,,1013.7,964.7,,
INTA_SANMARTIN,2026-07-02,1783029000,2026-07-02 18:50:00,,,,,,1013.8,964.8,,
INTA_SANMARTIN,2026-07-02,1783029300,2026-07-02 18:55:00,,,,,,1013.8,964.8,,
INTA_SANMARTIN,2026-07-02,1783029600,2026-07-02 19:00:00,,,,,,1013.7,964.7,,
INTA_SANMARTIN,2026-07-02,1783029900,2026-07-02 19:05:00,,,,,,1013.8,964.8,,
INTA_SANMARTIN,2026-07-02,1783030200,2026-07-02 19:10:00,,,,,,1013.8,964.8,,
INTA_SANMARTIN,2026-07-02,1783030500,2026-07-02 19:15:00,,,,,,1013.8,964.8,,
INTA_SANMARTIN,2026-07-02,1783030800,2026-07-02 19:20:00,,,,,,1013.8,964.8,,
INTA_SANMARTIN,2026-07-02,1783031100,2026-07-02 19:25:00,,,,,,1013.9,964.9,,
INTA_SANMARTIN,2026-07-02,1783031400,2026-07-02 19:30:00,,,,,,1013.9,964.8,,
INTA_SANMARTIN,2026-07-02,1783031700,2026-07-02 19:35:00,,,,,,1013.9,964.9,,
INTA_SANMARTIN,2026-07-02,1783032000,2026-07-02 19:40:00,,,,,,1013.9,964.9,,
INTA_SANMARTIN,2026-07-02,1783032300,2026-07-02 19:45:00,,,,,,1014.0,965.0,,
INTA_SANMARTIN,2026-07-02,1783032600,2026-07-02 19:50:00,,,,,,1014.0,965.0,,
INTA_SANMARTIN,2026-07-02,1783032900,2026-07-02 19:55:00,,,,,,1014.0,965.0,,
INTA_SANMARTIN,2026-07-02,1783033200,2026-07-02 20:00:00,,,,,,1014.1,965.1,,
INTA_SANMARTIN,2026-07-02,1783033500,2026-07-02 20:05:00,,,,,,1014.0,965.0,,
INTA_SANMARTIN,2026-07-02,1783033800,2026-07-02 20:10:00,,,,,,1014.1,965.1,,
INTA_SANMARTIN,2026-07-02,1783034100,2026-07-02 20:15:00,,,,,,1014.0,965.0,,
INTA_SANMARTIN,2026-07-02,1783034400,2026-07-02 20:20:00,,,,,,1013.9,964.9,,
INTA_SANMARTIN,2026-07-02,1783034700,2026-07-02 20:25:00,,,,,,1014.0,965.0,,
INTA_SANMARTIN,2026-07-02,1783035000,2026-07-02 20:30:00,,,,,,1014.0,965.0,,
INTA_SANMARTIN,2026-07-02,1783035300,2026-07-02 20:35:00,,,,,,1014.0,965.0,,
INTA_SANMARTIN,2026-07-02,1783035600,2026-07-02 20:40:00,,,,,,1014.0,965.0,,
INTA_SANMARTIN,2026-07-02,1783035900,2026-07-02 20:45:00,,,,,,1014.0,965.0,,
INTA_SANMARTIN,2026-07-02,1783036200,2026-07-02 20:50:00,,,,,,1013.9,964.9,,
INTA_SANMARTIN,2026-07-02,1783036500,2026-07-02 20:55:00,,,,,,1014.0,965.0,,
INTA_SANMARTIN,2026-07-02,1783036800,2026-07-02 21:00:00,,,,,,1013.9,964.9,,
INTA_SANMARTIN,2026-07-02,1783037100,2026-07-02 21:05:00,,,,,,1013.9,964.9,,
INTA_SANMARTIN,2026-07-02,1783037400,2026-07-02 21:10:00,,,,,,1014.1,965.1,,
INTA_SANMARTIN,2026-07-02,1783037700,2026-07-02 21:15:00,,,,,,1014.0,965.0,,
INTA_SANMARTIN,2026-07-02,1783038000,2026-07-02 21:20:00,,,,,,1013.9,964.9,,
INTA_SANMARTIN,2026-07-02,1783038300,2026-07-02 21:25:00,,,,,,1014.0,965.0,,
INTA_SANMARTIN,2026-07-02,1783038600,2026-07-02 21:30:00,,,,,,1014.0,965.0,,
INTA_SANMARTIN,2026-07-02,1783038900,2026-07-02 21:35:00,,,,,,1014.0,965.0,,
INTA_SANMARTIN,2026-07-02,1783039200,2026-07-02 21:40:00,,,,,,1013.9,964.9,,
INTA_SANMARTIN,2026-07-02,1783039500,2026-07-02 21:45:00,,,,,,1014.0,965.0,,
INTA_SANMARTIN,2026-07-02,1783039800,2026-07-02 21:50:00,,,,,,1014.0,965.0,,
INTA_SANMARTIN,2026-07-02,1783040100,2026-07-02 21:55:00,,,,,,1013.9,964.9,,
INTA_SANMARTIN,2026-07-02,1783040400,2026-07-02 22:00:00,,,,,,1013.8,964.8,,
INTA_SANMARTIN,2026-07-02,1783040700,2026-07-02 22:05:00,,,,,,1013.8,964.8,,
INTA_SANMARTIN,2026-07-02,1783041000,2026-07-02 22:10:00,,,,,,1013.9,964.9,,
INTA_SANMARTIN,2026-07-02,1783041300,2026-07-02 22:15:00,,,,,,1013.8,964.8,,
INTA_SANMARTIN,2026-07-02,1783041600,2026-07-02 22:20:00,,,,,,1013.8,964.8,,
INTA_SANMARTIN,2026-07-02,1783041900,2026-07-02 22:25:00,,,,,,1013.8,964.8,,
INTA_SANMARTIN,2026-07-02,1783042200,2026-07-02 22:30:00,,,,,,1013.8,964.8,,
INTA_SANMARTIN,2026-07-02,1783042500,2026-07-02 22:35:00,,,,,,1013.7,964.7,,
INTA_SANMARTIN,2026-07-02,1783042800,2026-07-02 22:40:00,,,,,,1013.7,964.7,,
INTA_SANMARTIN,2026-07-02,1783043100,2026-07-02 22:45:00,,,,,,1013.7,964.7,,
INTA_SANMARTIN,2026-07-02,1783043400,2026-07-02 22:50:00,,,,,,1013.7,964.7,,
INTA_SANMARTIN,2026-07-02,1783043700,2026-07-02 22:55:00,,,,,,1013.7,964.7,,
INTA_SANMARTIN,2026-07-02,1783044000,2026-07-02 23:00:00,,,,,,1013.7,964.7,,
INTA_SANMARTIN,2026-07-02,1783044300,2026-07-02 23:05:00,,,,,,1013.6,964.6,,
INTA_SANMARTIN,2026-07-02,1783044600,2026-07-02 23:10:00,,,,,,1013.6,964.6,,
INTA_SANMARTIN,2026-07-02,1783044900,2026-07-02 23:15:00,,,,,,1013.6,964.6,,
INTA_SANMARTIN,2026-07-02,1783045200,2026-07-02 23:20:00,,,,,,1013.5,964.5,,
INTA_SANMARTIN,2026-07-02,1783045500,2026-07-02 23:25:00,,,,,,1013.5,964.5,,
INTA_SANMARTIN,2026-07-02,1783045800,2026-07-02 23:30:00,,,,,,1013.5,964.5,,
INTA_SANMARTIN,2026-07-02,1783046100,2026-07-02 23:35:00,,,,,,1013.4,964.4,,
INTA_SANMARTIN,2026-07-02,1783046400,2026-07-02 23:40:00,,,,,,1013.4,964.4,,
INTA_SANMARTIN,2026-07-02,1783046700,2026-07-02 23:45:00,,,,,,1013.4,964.4,,
INTA_SANMARTIN,2026-07-02,1783047000,2026-07-02 23:50:00,,,,,,1013.5,964.5,,
INTA_SANMARTIN,2026-07-02,1783047300,2026-07-02 23:55:00,,,,,,1013.5,964.5,,
INTA_POCITO,2026-07-02,1782961200,2026-07-02 00:00:00,0.8,90,0.2,3.6,153,1038.5,957.9,0.0,
INTA_POCITO,2026-07-02,1782961500,2026-07-02 00:05:00,0.8,90,0.1,1.8,151,1038.5,957.9,0.0,
INTA_POCITO,2026-07-02,1782961800,2026-07-02 00:10:00,0.8,90,0.0,0.0,166,1038.4,957.8,0.0,
INTA_POCITO,2026-07-02,1782962100,2026-07-02 00:15:00,0.9,90,0.0,0.0,167,1038.5,957.9,0.0,
INTA_POCITO,2026-07-02,1782962400,2026-07-02 00:20:00,0.8,90,0.0,0.0,161,1038.4,957.8,0.0,
INTA_POCITO,2026-07-02,1782962700,2026-07-02 00:25:00,0.8,90,0.0,0.0,158,1038.5,957.9,0.0,
INTA_POCITO,2026-07-02,1782963000,2026-07-02 00:30:00,0.9,90,0.0,0.0,154,1038.5,957.9,0.0,
INTA_POCITO,2026-07-02,1782963300,2026-07-02 00:35:00,0.9,90,0.0,0.0,141,1038.7,958.1,0.0,
INTA_POCITO,2026-07-02,1782963600,2026-07-02 00:40:00,0.9,90,0.0,0.0,136,1038.6,958.0,0.0,
INTA_POCITO,2026-07-02,1782963900,2026-07-02 00:45:00,0.9,90,0.0,0.0,145,1038.6,958.0,0.0,
INTA_POCITO,2026-07-02,1782964200,2026-07-02 00:50:00,0.9,91,0.0,0.0,143,1038.6,958.0,0.0,
INTA_POCITO,2026-07-02,1782964500,2026-07-02 00:55:00,0.9,91,0.0,0.0,146,1038.7,958.1,0.0,
INTA_POCITO,2026-07-02,1782964800,2026-07-02 01:00:00,0.9,91,0.0,0.0,157,1038.7,958.1,0.0,
INTA_POCITO,2026-07-02,1782965100,2026-07-02 01:05:00,0.9,91,0.0,0.0,150,1038.8,958.2,0.0,
INTA_POCITO,2026-07-02,1782965400,2026-07-02 01:10:00,0.9,91,0.0,0.0,143,1038.7,958.1,0.0,
INTA_POCITO,2026-07-02,1782965700,2026-07-02 01:15:00,0.9,91,0.0,0.0,150,1038.7,958.2,0.0,
INTA_POCITO,2026-07-02,1782966000,2026-07-02 01:20:00,0.8,91,0.0,0.0,146,1038.7,958.1,0.0,
INTA_POCITO,2026-07-02,1782966300,2026-07-02 01:25:00,0.8,91,0.2,1.8,105,1038.7,958.1,0.0,
INTA_POCITO,2026-07-02,1782966600,2026-07-02 01:30:00,0.8,91,0.4,3.6,182,1038.8,958.2,0.0,
INTA_POCITO,2026-07-02,1782966900,2026-07-02 01:35:00,0.8,91,0.0,0.0,158,1038.7,958.1,0.0,
INTA_POCITO,2026-07-02,1782967200,2026-07-02 01:40:00,0.8,91,0.0,0.0,158,1038.7,958.1,0.0,
INTA_POCITO,2026-07-02,1782967500,2026-07-02 01:45:00,0.9,91,0.0,0.0,163,1038.6,958.0,0.0,
INTA_POCITO,2026-07-02,1782967800,2026-07-02 01:50:00,0.8,91,0.0,0.0,158,1038.7,958.1,0.0,
INTA_POCITO,2026-07-02,1782968100,2026-07-02 01:55:00,0.8,91,0.0,0.0,154,1038.7,958.1,0.0,
INTA_POCITO,2026-07-02,1782968400,2026-07-02 02:00:00,0.8,90,0.0,0.0,165,1038.7,958.1,0.0,
INTA_POCITO,2026-07-02,1782968700,2026-07-02 02:05:00,0.8,90,0.0,0.0,155,1038.8,958.2,0.0,
INTA_POCITO,2026-07-02,1782969000,2026-07-02 02:10:00,0.8,90,0.0,0.0,156,1038.7,958.1,0.0,
INTA_POCITO,2026-07-02,1782969300,2026-07-02 02:15:00,0.8,90,0.0,0.0,156,1038.7,958.1,0.0,
INTA_POCITO,2026-07-02,1782969600,2026-07-02 02:20:00,0.8,90,0.0,0.0,150,1038.7,958.2,0.0,
INTA_POCITO,2026-07-02,1782969900,2026-07-02 02:25:00,0.8,90,0.0,0.0,149,1038.7,958.1,0.0,
INTA_POCITO,2026-07-02,1782970200,2026-07-02 02:30:00,0.8,90,0.0,0.0,149,1038.6,958.0,0.0,
INTA_POCITO,2026-07-02,1782970500,2026-07-02 02:35:00,0.8,91,0.0,0.0,149,1038.7,958.1,0.0,
INTA_POCITO,2026-07-02,1782970800,2026-07-02 02:40:00,0.8,91,0.0,0.0,143,1038.5,957.9,0.0,
INTA_POCITO,2026-07-02,1782971100,2026-07-02 02:45:00,0.7,91,0.0,0.0,131,1038.7,958.1,0.0,
INTA_POCITO,2026-07-02,1782971400,2026-07-02 02:50:00,0.7,91,0.0,0.0,149,1038.6,958.0,0.0,
INTA_POCITO,2026-07-02,1782971700,2026-07-02 02:55:00,0.7,91,0.0,0.0,152,1038.5,957.9,0.0,
INTA_POCITO,2026-07-02,1782972000,2026-07-02 03:00:00,0.6,91,0.0,0.0,146,1038.5,957.9,0.0,
INTA_POCITO,2026-07-02,1782972300,2026-07-02 03:05:00,0.6,91,0.0,0.0,154,1038.4,957.8,0.0,
INTA_POCITO,2026-07-02,1782972600,2026-07-02 03:10:00,0.6,91,0.0,0.0,152,1038.5,957.9,0.0,
INTA_POCITO,2026-07-02,1782972900,2026-07-02 03:15:00,0.5,92,0.0,0.0,158,1038.4,957.8,0.0,
INTA_POCITO,2026-07-02,1782973200,2026-07-02 03:20:00,0.5,92,0.0,0.0,163,1038.3,957.7,0.0,
INTA_POCITO,2026-07-02,1782973500,2026-07-02 03:25:00,0.6,92,0.0,0.0,165,1038.2,957.6,0.0,
INTA_POCITO,2026-07-02,1782973800,2026-07-02 03:30:00,0.5,92,0.0,0.0,162,1038.1,957.5,0.0,
INTA_POCITO,2026-07-02,1782974100,2026-07-02 03:35:00,0.5,92,0.0,0.0,159,1038.1,957.5,0.0,
INTA_POCITO,2026-07-02,1782974400,2026-07-02 03:40:00,0.5,92,0.0,0.0,164,1038.1,957.5,0.0,
INTA_POCITO,2026-07-02,1782974700,2026-07-02 03:45:00,0.5,92,0.0,0.0,160,1038.0,957.4,0.0,
INTA_POCITO,2026-07-02,1782975000,2026-07-02 03:50:00,0.5,92,0.2,1.8,168,1038.1,957.5,0.0,
INTA_POCITO,2026-07-02,1782975300,2026-07-02 03:55:00,0.5,93,0.1,1.8,171,1038.1,957.5,0.0,
INTA_POCITO,2026-07-02,1782975600,2026-07-02 04:00:00,0.5,93,0.0,0.0,175,1038.0,957.4,0.0,
INTA_POCITO,2026-07-02,1782975900,2026-07-02 04:05:00,0.5,93,0.0,0.0,165,1037.9,957.3,0.0,
INTA_POCITO,2026-07-02,1782976200,2026-07-02 04:10:00,0.5,93,0.1,1.8,193,1038.1,957.5,0.0,
INTA_POCITO,2026-07-02,1782976500,2026-07-02 04:15:00,0.5,93,0.0,0.0,162,1038.0,957.4,0.3,
INTA_POCITO,2026-07-02,1782976800,2026-07-02 04:20:00,0.5,93,0.0,0.0,167,1037.9,957.3,0.3,
INTA_POCITO,2026-07-02,1782977100,2026-07-02 04:25:00,0.5,93,0.0,0.0,167,1037.9,957.3,0.3,
INTA_POCITO,2026-07-02,1782977400,2026-07-02 04:30:00,0.5,93,0.0,0.0,169,1037.9,957.3,0.3,
INTA_POCITO,2026-07-02,1782977700,2026-07-02 04:35:00,0.5,93,0.0,0.0,168,1037.8,957.2,0.3,
INTA_POCITO,2026-07-02,1782978000,2026-07-02 04:40:00,0.6,93,0.4,3.6,170,1037.8,957.2,0.3,
INTA_POCITO,2026-07-02,1782978300,2026-07-02 04:45:00,0.5,93,0.0,0.0,159,1037.8,957.2,0.3,
INTA_POCITO,2026-07-02,1782978600,2026-07-02 04:50:00,0.6,93,0.0,0.0,164,1037.8,957.2,0.3,
INTA_POCITO,2026-07-02,1782978900,2026-07-02 04:55:00,0.6,93,0.0,0.0,158,1037.8,957.2,0.3,
INTA_POCITO,2026-07-02,1782979200,2026-07-02 05:00:00,0.6,93,0.0,0.0,158,1037.8,957.2,0.3,
INTA_POCITO,2026-07-02,1782979500,2026-07-02 05:05:00,0.5,93,0.0,0.0,150,1037.8,957.2,0.3,
INTA_POCITO,2026-07-02,1782979800,2026-07-02 05:10:00,0.5,93,0.0,0.0,155,1037.7,957.1,0.3,
INTA_POCITO,2026-07-02,1782980100,2026-07-02 05:15:00,0.5,93,0.0,0.0,160,1037.6,957.0,0.3,
INTA_POCITO,2026-07-02,1782980400,2026-07-02 05:20:00,0.5,93,0.0,0.0,164,1037.6,957.0,0.3,
INTA_POCITO,2026-07-02,1782980700,2026-07-02 05:25:00,0.5,93,0.0,0.0,165,1037.5,956.9,0.3,
INTA_POCITO,2026-07-02,1782981000,2026-07-02 05:30:00,0.5,93,0.0,0.0,162,1037.6,957.0,0.3,
INTA_POCITO,2026-07-02,1782981300,2026-07-02 05:35:00,0.5,93,0.0,0.0,162,1037.5,956.9,0.3,
INTA_POCITO,2026-07-02,1782981600,2026-07-02 05:40:00,0.5,93,0.0,0.0,170,1037.5,957.0,0.3,
INTA_POCITO,2026-07-02,1782981900,2026-07-02 05:45:00,0.6,93,0.0,0.0,166,1037.5,956.9,0.3,
INTA_POCITO,2026-07-02,1782982200,2026-07-02 05:50:00,0.6,93,0.0,0.0,161,1037.5,957.0,0.3,
INTA_POCITO,2026-07-02,1782982500,2026-07-02 05:55:00,0.7,93,0.0,0.0,159,1037.5,957.0,0.3,
INTA_POCITO,2026-07-02,1782982800,2026-07-02 06:00:00,0.7,93,0.0,0.0,163,1037.5,956.9,0.3,
INTA_POCITO,2026-07-02,1782983100,2026-07-02 06:05:00,0.6,93,0.0,0.0,162,1037.6,957.0,0.3,
INTA_POCITO,2026-07-02,1782983400,2026-07-02 06:10:00,0.7,93,0.0,0.0,162,1037.5,956.9,0.3,
INTA_POCITO,2026-07-02,1782983700,2026-07-02 06:15:00,0.7,93,0.0,0.0,161,1037.5,956.9,0.3,
INTA_POCITO,2026-07-02,1782984000,2026-07-02 06:20:00,0.7,93,0.0,0.0,162,1037.5,956.9,0.3,
INTA_POCITO,2026-07-02,1782984300,2026-07-02 06:25:00,0.7,93,0.0,0.0,162,1037.5,957.0,0.3,
INTA_POCITO,2026-07-02,1782984600,2026-07-02 06:30:00,0.7,93,0.0,0.0,162,1037.4,956.8,0.3,
INTA_POCITO,2026-07-02,1782984900,2026-07-02 06:35:00,0.7,93,0.0,0.0,158,1037.4,956.9,0.3,
INTA_POCITO,2026-07-02,1782985200,2026-07-02 06:40:00,0.6,93,0.0,0.0,159,1037.6,957.0,0.3,
INTA_POCITO,2026-07-02,1782985500,2026-07-02 06:45:00,0.7,93,0.0,0.0,157,1037.5,956.9,0.3,
INTA_POCITO,2026-07-02,1782985800,2026-07-02 06:50:00,0.7,93,0.0,0.0,157,1037.4,956.8,0.3,
INTA_POCITO,2026-07-02,1782986100,2026-07-02 06:55:00,0.7,93,0.0,0.0,156,1037.5,956.9,0.3,
INTA_POCITO,2026-07-02,1782986400,2026-07-02 07:00:00,0.7,93,0.0,0.0,145,1037.6,957.0,0.3,
INTA_POCITO,2026-07-02,1782986700,2026-07-02 07:05:00,0.7,93,0.0,0.0,154,1037.5,957.0,0.3,
INTA_POCITO,2026-07-02,1782987000,2026-07-02 07:10:00,0.7,93,0.0,0.0,143,1037.6,957.0,0.3,
INTA_POCITO,2026-07-02,1782987300,2026-07-02 07:15:00,0.6,93,0.0,0.0,147,1037.6,957.0,0.3,
INTA_POCITO,2026-07-02,1782987600,2026-07-02 07:20:00,0.7,93,0.0,0.0,142,1037.7,957.1,0.3,
INTA_POCITO,2026-07-02,1782987900,2026-07-02 07:25:00,0.7,93,0.0,0.0,145,1037.7,957.1,0.3,
INTA_POCITO,2026-07-02,1782988200,2026-07-02 07:30:00,0.7,93,0.0,0.0,148,1037.7,957.1,0.3,
INTA_POCITO,2026-07-02,1782988500,2026-07-02 07:35:00,0.7,93,0.0,0.0,155,1037.7,957.1,0.3,
INTA_POCITO,2026-07-02,1782988800,2026-07-02 07:40:00,0.7,93,0.0,0.0,150,1037.8,957.2,0.3,
INTA_POCITO,2026-07-02,1782989100,2026-07-02 07:45:00,0.6,93,0.0,0.0,151,1037.8,957.2,0.3,
INTA_POCITO,2026-07-02,1782989400,2026-07-02 07:50:00,0.6,93,0.0,0.0,152,1037.8,957.2,0.3,
INTA_POCITO,2026-07-02,1782989700,2026-07-02 07:55:00,0.6,93,0.0,0.0,138,1037.7,957.1,0.3,
INTA_POCITO,2026-07-02,1782990000,2026-07-02 08:00:00,0.6,93,0.0,0.0,144,1037.8,957.2,0.3,
INTA_POCITO,2026-07-02,1782990300,2026-07-02 08:05:00,0.6,93,0.0,0.0,141,1037.8,957.2,0.3,
INTA_POCITO,2026-07-02,1782990600,2026-07-02 08:10:00,0.6,93,0.0,0.0,142,1037.7,957.1,0.3,
INTA_POCITO,2026-07-02,1782990900,2026-07-02 08:15:00,0.6,93,0.0,0.0,140,1037.7,957.1,0.3,
INTA_POCITO,2026-07-02,1782991200,2026-07-02 08:20:00,0.6,93,0.0,0.0,150,1037.8,957.2,0.3,
INTA_POCITO,2026-07-02,1782991500,2026-07-02 08:25:00,0.5,93,0.0,0.0,149,1037.7,957.1,0.3,
INTA_POCITO,2026-07-02,1782991800,2026-07-02 08:30:00,0.5,93,0.0,0.0,142,1037.8,957.2,0.3,
INTA_POCITO,2026-07-02,1782992100,2026-07-02 08:35:00,0.5,94,0.0,0.0,140,1037.7,957.1,0.3,
INTA_POCITO,2026-07-02,1782992400,2026-07-02 08:40:00,0.6,94,0.0,0.0,147,1037.8,957.2,0.3,
INTA_POCITO,2026-07-02,1782992700,2026-07-02 08:45:00,0.6,94,0.0,0.0,151,1037.8,957.2,0.3,
INTA_POCITO,2026-07-02,1782993000,2026-07-02 08:50:00,0.7,94,0.0,0.0,151,1037.9,957.3,0.3,
INTA_POCITO,2026-07-02,1782993300,2026-07-02 08:55:00,0.7,94,0.0,0.0,151,1037.9,957.3,0.3,
INTA_POCITO,2026-07-02,1782993600,2026-07-02 09:00:00,0.7,94,0.0,0.0,145,1037.9,957.3,0.3,
INTA_POCITO,2026-07-02,1782993900,2026-07-02 09:05:00,0.6,94,0.0,0.0,132,1037.8,957.2,0.3,
INTA_POCITO,2026-07-02,1782994200,2026-07-02 09:10:00,0.7,93,0.0,0.0,141,1037.9,957.3,0.3,
INTA_POCITO,2026-07-02,1782994500,2026-07-02 09:15:00,0.7,93,0.0,0.0,146,1037.8,957.2,0.3,
INTA_POCITO,2026-07-02,1782994800,2026-07-02 09:20:00,0.8,93,0.0,0.0,138,1037.9,957.3,0.3,
INTA_POCITO,2026-07-02,1782995100,2026-07-02 09:25:00,0.7,93,0.0,0.0,162,1038.0,957.4,0.3,
INTA_POCITO,2026-07-02,1782995400,2026-07-02 09:30:00,0.8,93,0.0,0.0,140,1037.9,957.3,0.3,
INTA_POCITO,2026-07-02,1782995700,2026-07-02 09:35:00,0.9,93,0.0,0.0,136,1037.9,957.3,0.3,
INTA_POCITO,2026-07-02,1782996000,2026-07-02 09:40:00,0.8,93,0.0,0.0,141,1038.0,957.5,0.3,
INTA_POCITO,2026-07-02,1782996300,2026-07-02 09:45:00,0.9,93,0.0,0.0,133,1038.1,957.5,0.3,
INTA_POCITO,2026-07-02,1782996600,2026-07-02 09:50:00,1.0,93,0.0,0.0,140,1038.0,957.4,0.3,
INTA_POCITO,2026-07-02,1782996900,2026-07-02 09:55:00,1.1,93,0.0,0.0,184,1038.0,957.4,0.3,
INTA_POCITO,2026-07-02,1782997200,2026-07-02 10:00:00,1.2,93,0.0,0.0,134,1038.1,957.5,0.3,
INTA_POCITO,2026-07-02,1782997500,2026-07-02 10:05:00,1.2,93,0.0,0.0,168,1038.1,957.5,0.3,
INTA_POCITO,2026-07-02,1782997800,2026-07-02 10:10:00,1.3,93,0.0,0.0,244,1038.0,957.4,0.3,
INTA_POCITO,2026-07-02,1782998100,2026-07-02 10:15:00,1.2,92,0.0,0.0,184,1038.0,957.4,0.3,
INTA_POCITO,2026-07-02,1782998400,2026-07-02 10:20:00,1.4,92,0.0,0.0,139,1038.0,957.4,0.3,
INTA_POCITO,2026-07-02,1782998700,2026-07-02 10:25:00,1.7,92,0.0,0.0,140,1037.9,957.3,0.3,
INTA_POCITO,2026-07-02,1782999000,2026-07-02 10:30:00,1.6,92,0.0,0.0,138,1038.0,957.4,0.3,
INTA_POCITO,2026-07-02,1782999300,2026-07-02 10:35:00,1.5,91,0.0,0.0,151,1037.8,957.2,0.3,
INTA_POCITO,2026-07-02,1782999600,2026-07-02 10:40:00,1.7,91,0.0,0.0,135,1037.9,957.3,0.3,
INTA_POCITO,2026-07-02,1782999900,2026-07-02 10:45:00,2.0,91,0.0,0.0,148,1037.9,957.3,0.3,
INTA_POCITO,2026-07-02,1783000200,2026-07-02 10:50:00,2.0,90,0.0,0.0,159,1037.9,957.3,0.3,
INTA_POCITO,2026-07-02,1783000500,2026-07-02 10:55:00,2.1,89,0.0,0.0,138,1037.8,957.2,0.3,
INTA_POCITO,2026-07-02,1783000800,2026-07-02 11:00:00,2.1,88,0.1,1.8,161,1037.9,957.3,0.3,
INTA_POCITO,2026-07-02,1783001100,2026-07-02 11:05:00,2.4,87,0.0,0.0,160,1037.9,957.3,0.3,
INTA_POCITO,2026-07-02,1783001400,2026-07-02 11:10:00,2.6,86,0.2,1.8,245,1037.9,957.3,0.3,
INTA_POCITO,2026-07-02,1783001700,2026-07-02 11:15:00,2.5,85,0.0,0.0,183,1037.9,957.3,0.3,
INTA_POCITO,2026-07-02,1783002000,2026-07-02 11:20:00,2.8,85,0.1,1.8,179,1037.7,957.1,0.3,
INTA_POCITO,2026-07-02,1783002300,2026-07-02 11:25:00,2.9,85,0.0,0.0,203,1037.7,957.1,0.3,
INTA_POCITO,2026-07-02,1783002600,2026-07-02 11:30:00,3.0,84,0.1,1.8,215,1037.7,957.1,0.3,
INTA_POCITO,2026-07-02,1783002900,2026-07-02 11:35:00,2.8,84,0.0,0.0,188,1037.6,957.0,0.3,
INTA_POCITO,2026-07-02,1783003200,2026-07-02 11:40:00,3.0,84,0.4,3.6,170,1037.5,956.9,0.3,
INTA_POCITO,2026-07-02,1783003500,2026-07-02 11:45:00,3.0,84,0.9,3.6,168,1037.5,956.9,0.3,
INTA_POCITO,2026-07-02,1783003800,2026-07-02 11:50:00,2.7,84,0.3,3.6,173,1037.4,956.8,0.3,
INTA_POCITO,2026-07-02,1783004100,2026-07-02 11:55:00,3.0,84,0.0,0.0,167,1037.3,956.7,0.3,
INTA_POCITO,2026-07-02,1783004400,2026-07-02 12:00:00,3.0,84,0.0,0.0,164,1037.3,956.7,0.3,
INTA_POCITO,2026-07-02,1783004700,2026-07-02 12:05:00,2.8,84,0.1,1.8,143,1037.3,956.7,0.3,
INTA_POCITO,2026-07-02,1783005000,2026-07-02 12:10:00,2.9,84,0.0,0.0,176,1037.2,956.6,0.3,
INTA_POCITO,2026-07-02,1783005300,2026-07-02 12:15:00,2.9,84,0.1,1.8,148,1037.1,956.5,0.3,
INTA_POCITO,2026-07-02,1783005600,2026-07-02 12:20:00,3.0,84,0.7,3.6,158,1037.1,956.4,0.3,
INTA_POCITO,2026-07-02,1783005900,2026-07-02 12:25:00,3.0,84,0.2,3.6,164,1037.0,956.4,0.3,
INTA_POCITO,2026-07-02,1783006200,2026-07-02 12:30:00,3.1,84,1.3,7.2,161,1037.0,956.3,0.3,
INTA_POCITO,2026-07-02,1783006500,2026-07-02 12:35:00,3.3,83,0.3,3.6,150,1036.9,956.3,0.3,
INTA_POCITO,2026-07-02,1783006800,2026-07-02 12:40:00,3.2,83,0.7,3.6,164,1036.8,956.2,0.3,
INTA_POCITO,2026-07-02,1783007100,2026-07-02 12:45:00,3.4,82,0.1,1.8,146,1036.7,956.1,0.3,
INTA_POCITO,2026-07-02,1783007400,2026-07-02 12:50:00,3.8,82,0.0,0.0,169,1036.7,956.1,0.3,
INTA_POCITO,2026-07-02,1783007700,2026-07-02 12:55:00,3.8,81,1.5,5.4,171,1036.7,956.1,0.3,
INTA_POCITO,2026-07-02,1783008000,2026-07-02 13:00:00,3.7,81,0.3,3.6,169,1036.7,956.1,0.3,
INTA_POCITO,2026-07-02,1783008300,2026-07-02 13:05:00,3.8,80,0.0,0.0,159,1036.5,955.9,0.3,
INTA_POCITO,2026-07-02,1783008600,2026-07-02 13:10:00,4.0,80,0.7,5.4,181,1036.5,955.9,0.3,
INTA_POCITO,2026-07-02,1783008900,2026-07-02 13:15:00,4.1,79,0.0,0.0,176,1036.3,955.7,0.3,
INTA_POCITO,2026-07-02,1783009200,2026-07-02 13:20:00,4.2,79,0.1,3.6,185,1036.3,955.7,0.3,
INTA_POCITO,2026-07-02,1783009500,2026-07-02 13:25:00,4.1,79,0.9,5.4,172,1036.2,955.6,0.3,
INTA_POCITO,2026-07-02,1783009800,2026-07-02 13:30:00,4.0,79,0.4,1.8,164,1036.2,955.6,0.3,
INTA_POCITO,2026-07-02,1783010100,2026-07-02 13:35:00,3.8,79,1.2,5.4,168,1036.0,955.4,0.3,
INTA_POCITO,2026-07-02,1783010400,2026-07-02 13:40:00,3.9,79,1.3,5.4,167,1035.9,955.3,0.3,
INTA_POCITO,2026-07-02,1783010700,2026-07-02 13:45:00,4.2,79,0.8,3.6,187,1035.9,955.3,0.3,
INTA_POCITO,2026-07-02,1783011000,2026-07-02 13:50:00,4.3,78,0.0,0.0,168,1035.8,955.2,0.3,
INTA_POCITO,2026-07-02,1783011300,2026-07-02 13:55:00,4.2,77,3.5,9.4,163,1035.7,955.1,0.3,
INTA_POCITO,2026-07-02,1783011600,2026-07-02 14:00:00,4.1,77,2.4,7.2,153,1035.5,954.9,0.3,
INTA_POCITO,2026-07-02,1783011900,2026-07-02 14:05:00,4.4,77,0.9,3.6,189,1035.5,954.9,0.3,
INTA_POCITO,2026-07-02,1783012200,2026-07-02 14:10:00,4.6,77,1.8,9.4,157,1035.5,954.9,0.3,
INTA_POCITO,2026-07-02,1783012500,2026-07-02 14:15:00,4.7,77,0.4,3.6,168,1035.4,954.8,0.3,
INTA_POCITO,2026-07-02,1783012800,2026-07-02 14:20:00,4.6,77,1.0,5.4,184,1035.2,954.6,0.3,
INTA_POCITO,2026-07-02,1783013100,2026-07-02 14:25:00,4.9,76,0.4,5.4,224,1035.1,954.5,0.3,
INTA_POCITO,2026-07-02,1783013400,2026-07-02 14:30:00,5.0,76,0.0,0.0,187,1035.0,954.4,0.3,
INTA_POCITO,2026-07-02,1783013700,2026-07-02 14:35:00,4.8,76,1.6,7.2,203,1035.0,954.4,0.3,
INTA_POCITO,2026-07-02,1783014000,2026-07-02 14:40:00,4.5,76,1.3,7.2,175,1034.9,954.3,0.3,
INTA_POCITO,2026-07-02,1783014300,2026-07-02 14:45:00,4.5,77,0.1,1.8,172,1034.9,954.2,0.3,
INTA_POCITO,2026-07-02,1783014600,2026-07-02 14:50:00,4.5,76,1.7,7.2,177,1034.8,954.2,0.3,
INTA_POCITO,2026-07-02,1783014900,2026-07-02 14:55:00,4.4,76,1.9,5.4,161,1034.7,954.1,0.3,
INTA_POCITO,2026-07-02,1783015200,2026-07-02 15:00:00,4.4,77,0.6,3.6,200,1034.7,954.1,0.3,
INTA_POCITO,2026-07-02,1783015500,2026-07-02 15:05:00,4.5,76,3.1,9.4,167,1034.7,954.1,0.3,
INTA_POCITO,2026-07-02,1783015800,2026-07-02 15:10:00,4.4,76,1.4,5.4,172,1034.5,954.0,0.3,
INTA_POCITO,2026-07-02,1783016100,2026-07-02 15:15:00,4.5,76,0.2,1.8,203,1034.5,953.9,0.3,
INTA_POCITO,2026-07-02,1783016400,2026-07-02 15:20:00,4.4,76,2.9,13.0,177,1034.5,954.0,0.3,
INTA_POCITO,2026-07-02,1783016700,2026-07-02 15:25:00,4.3,76,0.4,5.4,174,1034.5,953.9,0.3,
INTA_POCITO,2026-07-02,1783017000,2026-07-02 15:30:00,4.2,76,2.2,9.4,163,1034.3,953.7,0.3,
INTA_POCITO,2026-07-02,1783017300,2026-07-02 15:35:00,4.3,76,1.7,7.2,178,1034.5,953.9,0.3,
INTA_POCITO,2026-07-02,1783017600,2026-07-02 15:40:00,4.2,76,2.1,7.2,155,1034.3,953.7,0.3,
INTA_POCITO,2026-07-02,1783017900,2026-07-02 15:45:00,4.3,76,1.0,7.2,174,1034.4,953.8,0.3,
INTA_POCITO,2026-07-02,1783018200,2026-07-02 15:50:00,4.4,75,0.4,3.6,168,1034.3,953.7,0.3,
INTA_POCITO,2026-07-02,1783018500,2026-07-02 15:55:00,4.3,75,0.9,5.4,173,1034.2,953.6,0.3,
INTA_POCITO,2026-07-02,1783018800,2026-07-02 16:00:00,4.3,75,1.9,11.2,175,1034.3,953.7,0.3,
INTA_POCITO,2026-07-02,1783019100,2026-07-02 16:05:00,4.2,76,0.2,3.6,163,1034.3,953.7,0.3,
INTA_POCITO,2026-07-02,1783019400,2026-07-02 16:10:00,4.3,75,1.8,7.2,166,1034.3,953.7,0.3,
INTA_POCITO,2026-07-02,1783019700,2026-07-02 16:15:00,4.2,75,0.9,5.4,162,1034.2,953.6,0.3,
INTA_POCITO,2026-07-02,1783020000,2026-07-02 16:20:00,4.6,75,2.0,7.2,187,1034.2,953.6,0.3,
INTA_POCITO,2026-07-02,1783020300,2026-07-02 16:25:00,4.8,73,3.7,14.8,163,1034.2,953.6,0.3,
INTA_POCITO,2026-07-02,1783020600,2026-07-02 16:30:00,4.7,73,5.8,14.8,159,1034.1,953.5,0.3,
INTA_POCITO,2026-07-02,1783020900,2026-07-02 16:35:00,4.4,74,5.2,11.2,182,1034.1,953.5,0.3,
INTA_POCITO,2026-07-02,1783021200,2026-07-02 16:40:00,4.1,75,2.3,7.2,170,1034.1,953.5,0.3,
INTA_POCITO,2026-07-02,1783021500,2026-07-02 16:45:00,4.2,75,0.6,3.6,149,1034.1,953.5,0.3,
INTA_POCITO,2026-07-02,1783021800,2026-07-02 16:50:00,4.2,75,2.3,5.4,190,1034.2,953.6,0.3,
INTA_POCITO,2026-07-02,1783022100,2026-07-02 16:55:00,4.1,75,1.9,7.2,180,1034.1,953.5,0.3,
INTA_POCITO,2026-07-02,1783022400,2026-07-02 17:00:00,4.2,75,0.5,3.6,158,1034.0,953.4,0.3,
INTA_POCITO,2026-07-02,1783022700,2026-07-02 17:05:00,4.2,76,1.1,7.2,164,1034.0,953.4,0.3,
INTA_POCITO,2026-07-02,1783023000,2026-07-02 17:10:00,4.2,76,0.7,5.4,157,1034.1,953.5,0.3,
INTA_POCITO,2026-07-02,1783023300,2026-07-02 17:15:00,4.1,75,1.7,7.2,176,1034.2,953.6,0.3,
INTA_POCITO,2026-07-02,1783023600,2026-07-02 17:20:00,4.0,74,3.8,13.0,149,1034.1,953.5,0.3,
INTA_POCITO,2026-07-02,1783023900,2026-07-02 17:25:00,3.8,74,1.8,7.2,168,1034.1,953.5,0.3,
INTA_POCITO,2026-07-02,1783024200,2026-07-02 17:30:00,4.0,74,2.5,9.4,174,1034.1,953.5,0.3,
INTA_POCITO,2026-07-02,1783024500,2026-07-02 17:35:00,4.1,75,0.1,1.8,230,1034.2,953.6,0.3,
INTA_POCITO,2026-07-02,1783024800,2026-07-02 17:40:00,4.0,75,0.7,5.4,173,1034.2,953.6,0.3,
INTA_POCITO,2026-07-02,1783025100,2026-07-02 17:45:00,4.0,75,1.5,11.2,182,1034.2,953.6,0.3,
INTA_POCITO,2026-07-02,1783025400,2026-07-02 17:50:00,3.8,75,1.9,9.4,207,1034.2,953.6,0.3,
INTA_POCITO,2026-07-02,1783025700,2026-07-02 17:55:00,3.7,75,0.6,5.4,172,1034.3,953.7,0.3,
INTA_POCITO,2026-07-02,1783026000,2026-07-02 18:00:00,3.7,76,0.1,1.8,184,1034.4,953.8,0.3,
INTA_POCITO,2026-07-02,1783026300,2026-07-02 18:05:00,3.6,76,0.8,5.4,168,1034.3,953.7,0.3,
INTA_POCITO,2026-07-02,1783026600,2026-07-02 18:10:00,3.6,76,0.0,0.0,167,1034.4,953.8,0.3,
INTA_POCITO,2026-07-02,1783026900,2026-07-02 18:15:00,3.5,76,0.0,0.0,176,1034.4,953.8,0.3,
INTA_POCITO,2026-07-02,1783027200,2026-07-02 18:20:00,3.5,76,0.9,3.6,169,1034.3,953.7,0.3,
INTA_POCITO,2026-07-02,1783027500,2026-07-02 18:25:00,3.3,76,2.2,9.4,177,1034.3,953.7,0.3,
INTA_POCITO,2026-07-02,1783027800,2026-07-02 18:30:00,3.4,76,0.4,3.6,180,1034.4,953.9,0.3,
INTA_POCITO,2026-07-02,1783028100,2026-07-02 18:35:00,3.4,76,0.4,3.6,177,1034.5,953.9,0.3,
INTA_POCITO,2026-07-02,1783028400,2026-07-02 18:40:00,3.3,77,0.6,3.6,159,1034.4,953.8,0.3,
INTA_POCITO,2026-07-02,1783028700,2026-07-02 18:45:00,3.2,77,0.8,5.4,162,1034.4,953.9,0.3,
INTA_POCITO,2026-07-02,1783029000,2026-07-02 18:50:00,3.2,77,1.2,7.2,182,1034.4,953.8,0.3,
INTA_POCITO,2026-07-02,1783029300,2026-07-02 18:55:00,3.2,77,0.1,1.8,163,1034.6,954.0,0.3,
INTA_POCITO,2026-07-02,1783029600,2026-07-02 19:00:00,3.2,77,0.3,1.8,153,1034.6,954.0,0.3,
INTA_POCITO,2026-07-02,1783029900,2026-07-02 19:05:00,3.2,77,0.0,0.0,174,1034.6,954.0,0.3,
INTA_POCITO,2026-07-02,1783030200,2026-07-02 19:10:00,3.2,77,0.0,0.0,172,1034.7,954.1,0.3,
INTA_POCITO,2026-07-02,1783030500,2026-07-02 19:15:00,3.2,77,0.0,0.0,165,1034.7,954.1,0.3,
INTA_POCITO,2026-07-02,1783030800,2026-07-02 19:20:00,3.2,77,0.1,1.8,159,1034.7,954.1,0.3,
INTA_POCITO,2026-07-02,1783031100,2026-07-02 19:25:00,3.2,77,0.0,0.0,163,1034.7,954.1,0.3,
INTA_POCITO,2026-07-02,1783031400,2026-07-02 19:30:00,3.2,77,0.1,1.8,158,1034.7,954.1,0.3,
INTA_POCITO,2026-07-02,1783031700,2026-07-02 19:35:00,3.2,77,0.0,0.0,170,1034.7,954.1,0.3,
INTA_POCITO,2026-07-02,1783032000,2026-07-02 19:40:00,3.1,77,0.0,0.0,164,1034.8,954.1,0.3,
INTA_POCITO,2026-07-02,1783032300,2026-07-02 19:45:00,3.2,77,0.0,0.0,164,1034.9,954.3,0.3,
INTA_POCITO,2026-07-02,1783032600,2026-07-02 19:50:00,3.2,77,0.0,0.0,158,1034.9,954.3,0.3,
INTA_POCITO,2026-07-02,1783032900,2026-07-02 19:55:00,3.2,77,0.0,0.0,162,1034.9,954.3,0.3,
INTA_POCITO,2026-07-02,1783033200,2026-07-02 20:00:00,3.1,77,0.0,0.0,154,1034.9,954.2,0.3,
INTA_POCITO,2026-07-02,1783033500,2026-07-02 20:05:00,3.1,77,0.1,1.8,166,1035.0,954.3,0.3,
INTA_POCITO,2026-07-02,1783033800,2026-07-02 20:10:00,3.2,77,0.0,0.0,164,1034.9,954.3,0.3,
INTA_POCITO,2026-07-02,1783034100,2026-07-02 20:15:00,3.2,76,0.4,3.6,182,1034.9,954.3,0.3,
INTA_POCITO,2026-07-02,1783034400,2026-07-02 20:20:00,3.2,76,0.0,0.0,169,1034.8,954.2,0.3,
INTA_POCITO,2026-07-02,1783034700,2026-07-02 20:25:00,3.2,76,0.0,0.0,161,1034.9,954.2,0.3,
INTA_POCITO,2026-07-02,1783035000,2026-07-02 20:30:00,3.2,76,0.0,0.0,155,1034.9,954.3,0.3,
INTA_POCITO,2026-07-02,1783035300,2026-07-02 20:35:00,3.2,76,0.0,0.0,165,1034.8,954.2,0.3,
INTA_POCITO,2026-07-02,1783035600,2026-07-02 20:40:00,3.1,76,0.0,0.0,168,1034.8,954.2,0.3,
INTA_POCITO,2026-07-02,1783035900,2026-07-02 20:45:00,3.1,76,0.1,1.8,168,1034.7,954.0,0.3,
INTA_POCITO,2026-07-02,1783036200,2026-07-02 20:50:00,3.1,76,0.0,0.0,160,1034.7,954.1,0.3,
INTA_POCITO,2026-07-02,1783036500,2026-07-02 20:55:00,3.1,76,0.0,0.0,161,1034.8,954.1,0.3,
INTA_POCITO,2026-07-02,1783036800,2026-07-02 21:00:00,3.1,76,0.0,0.0,166,1034.7,954.1,0.3,
INTA_POCITO,2026-07-02,1783037100,2026-07-02 21:05:00,3.2,76,0.0,0.0,162,1034.8,954.2,0.3,
INTA_POCITO,2026-07-02,1783037400,2026-07-02 21:10:00,3.2,76,0.0,0.0,166,1034.8,954.2,0.3,
INTA_POCITO,2026-07-02,1783037700,2026-07-02 21:15:00,3.2,76,0.0,0.0,158,1034.8,954.2,0.3,
INTA_POCITO,2026-07-02,1783038000,2026-07-02 21:20:00,3.2,76,0.0,0.0,159,1034.7,954.1,0.3,
INTA_POCITO,2026-07-02,1783038300,2026-07-02 21:25:00,3.2,76,0.0,0.0,169,1034.8,954.2,0.3,
INTA_POCITO,2026-07-02,1783038600,2026-07-02 21:30:00,3.2,76,0.0,0.0,165,1034.8,954.2,0.3,
INTA_POCITO,2026-07-02,1783038900,2026-07-02 21:35:00,3.2,76,0.0,0.0,164,1034.7,954.1,0.3,
INTA_POCITO,2026-07-02,1783039200,2026-07-02 21:40:00,3.2,76,0.0,0.0,166,1034.7,954.1,0.3,
INTA_POCITO,2026-07-02,1783039500,2026-07-02 21:45:00,3.2,76,0.0,0.0,158,1034.8,954.2,0.3,
INTA_POCITO,2026-07-02,1783039800,2026-07-02 21:50:00,3.2,76,0.0,0.0,159,1034.8,954.2,0.3,
INTA_POCITO,2026-07-02,1783040100,2026-07-02 21:55:00,3.2,76,0.0,0.0,159,1034.7,954.1,0.3,
INTA_POCITO,2026-07-02,1783040400,2026-07-02 22:00:00,3.2,76,0.0,0.0,162,1034.7,954.1,0.3,
INTA_POCITO,2026-07-02,1783040700,2026-07-02 22:05:00,3.2,76,0.0,0.0,159,1034.6,954.0,0.3,
INTA_POCITO,2026-07-02,1783041000,2026-07-02 22:10:00,3.2,76,0.0,0.0,162,1034.7,954.1,0.3,
INTA_POCITO,2026-07-02,1783041300,2026-07-02 22:15:00,3.2,76,0.0,0.0,165,1034.6,954.0,0.3,
INTA_POCITO,2026-07-02,1783041600,2026-07-02 22:20:00,3.2,76,0.0,0.0,166,1034.6,954.0,0.3,
INTA_POCITO,2026-07-02,1783041900,2026-07-02 22:25:00,3.2,77,0.0,0.0,165,1034.6,954.0,0.3,
INTA_POCITO,2026-07-02,1783042200,2026-07-02 22:30:00,3.2,77,0.0,0.0,168,1034.5,953.9,0.3,
INTA_POCITO,2026-07-02,1783042500,2026-07-02 22:35:00,3.2,78,0.0,0.0,168,1034.5,953.9,0.3,
INTA_POCITO,2026-07-02,1783042800,2026-07-02 22:40:00,3.1,78,0.0,0.0,168,1034.4,953.9,0.3,
INTA_POCITO,2026-07-02,1783043100,2026-07-02 22:45:00,3.1,79,0.0,0.0,172,1034.6,954.0,0.3,
INTA_POCITO,2026-07-02,1783043400,2026-07-02 22:50:00,3.0,79,0.0,0.0,172,1034.5,953.9,0.3,
INTA_POCITO,2026-07-02,1783043700,2026-07-02 22:55:00,3.0,80,0.0,0.0,170,1034.5,953.9,0.3,
INTA_POCITO,2026-07-02,1783044000,2026-07-02 23:00:00,3.0,80,0.0,0.0,170,1034.5,953.9,0.3,
INTA_POCITO,2026-07-02,1783044300,2026-07-02 23:05:00,2.9,80,0.0,0.0,168,1034.4,953.9,0.3,
INTA_POCITO,2026-07-02,1783044600,2026-07-02 23:10:00,2.9,80,0.0,0.0,167,1034.5,953.9,0.3,
INTA_POCITO,2026-07-02,1783044900,2026-07-02 23:15:00,2.9,80,0.0,0.0,167,1034.3,953.7,0.3,
INTA_POCITO,2026-07-02,1783045200,2026-07-02 23:20:00,2.9,80,0.0,0.0,167,1034.3,953.7,0.3,
INTA_POCITO,2026-07-02,1783045500,2026-07-02 23:25:00,2.9,80,0.0,0.0,167,1034.2,953.6,0.3,
INTA_POCITO,2026-07-02,1783045800,2026-07-02 23:30:00,2.9,80,0.0,0.0,165,1034.2,953.6,0.3,
INTA_POCITO,2026-07-02,1783046100,2026-07-02 23:35:00,2.9,79,0.0,0.0,161,1034.2,953.6,0.3,
INTA_POCITO,2026-07-02,1783046400,2026-07-02 23:40:00,3.0,79,0.0,0.0,161,1034.2,953.6,0.3,
INTA_POCITO,2026-07-02,1783046700,2026-07-02 23:45:00,3.0,79,0.0,0.0,163,1034.2,953.6,0.3,
INTA_POCITO,2026-07-02,1783047000,2026-07-02 23:50:00,3.0,79,0.0,0.0,163,1034.2,953.6,0.3,
INTA_POCITO,2026-07-02,1783047300,2026-07-02 23:55:00,2.9,79,0.0,0.0,163,1034.2,953.6,0.3,
VALLE_FERTIL,2026-07-02,1782961200,2026-07-02 00:00:00,-0.5,92,2.4,3.6,87,1025.1,928.4,0.0,
VALLE_FERTIL,2026-07-02,1782961500,2026-07-02 00:05:00,-0.5,93,3.2,5.4,84,1025.1,928.5,0.0,
VALLE_FERTIL,2026-07-02,1782961800,2026-07-02 00:10:00,-0.5,93,2.2,3.6,89,1025.1,928.5,0.0,
VALLE_FERTIL,2026-07-02,1782962100,2026-07-02 00:15:00,-0.5,93,1.7,5.4,65,1025.2,928.5,0.0,
VALLE_FERTIL,2026-07-02,1782962400,2026-07-02 00:20:00,-0.6,93,1.5,5.4,58,1025.2,928.5,0.0,
VALLE_FERTIL,2026-07-02,1782962700,2026-07-02 00:25:00,-0.5,93,3.7,5.4,95,1025.1,928.4,0.0,
VALLE_FERTIL,2026-07-02,1782963000,2026-07-02 00:30:00,-0.7,93,2.2,3.6,98,1025.2,928.5,0.0,
VALLE_FERTIL,2026-07-02,1782963300,2026-07-02 00:35:00,-0.5,93,3.2,5.4,65,1025.1,928.4,0.0,
VALLE_FERTIL,2026-07-02,1782963600,2026-07-02 00:40:00,-0.6,93,3.0,5.4,76,1025.2,928.5,0.0,
VALLE_FERTIL,2026-07-02,1782963900,2026-07-02 00:45:00,-0.6,93,3.1,3.6,75,1025.2,928.5,0.0,
VALLE_FERTIL,2026-07-02,1782964200,2026-07-02 00:50:00,-0.7,94,1.6,3.6,69,1025.2,928.5,0.0,
VALLE_FERTIL,2026-07-02,1782964500,2026-07-02 00:55:00,-0.7,94,1.2,1.8,85,1025.2,928.5,0.0,
VALLE_FERTIL,2026-07-02,1782964800,2026-07-02 01:00:00,-0.7,94,2.2,3.6,126,1025.2,928.6,0.0,
VALLE_FERTIL,2026-07-02,1782965100,2026-07-02 01:05:00,-0.7,94,1.5,3.6,103,1025.2,928.5,0.0,
VALLE_FERTIL,2026-07-02,1782965400,2026-07-02 01:10:00,-0.6,94,1.5,3.6,98,1025.2,928.5,0.0,
VALLE_FERTIL,2026-07-02,1782965700,2026-07-02 01:15:00,-0.7,95,2.5,3.6,90,1025.2,928.5,0.0,
VALLE_FERTIL,2026-07-02,1782966000,2026-07-02 01:20:00,-0.7,95,3.1,5.4,75,1025.2,928.5,0.0,
VALLE_FERTIL,2026-07-02,1782966300,2026-07-02 01:25:00,-0.7,95,2.7,5.4,79,1025.2,928.5,0.0,
VALLE_FERTIL,2026-07-02,1782966600,2026-07-02 01:30:00,-0.6,95,2.4,3.6,69,1025.4,928.7,0.0,
VALLE_FERTIL,2026-07-02,1782966900,2026-07-02 01:35:00,-0.7,95,2.2,5.4,74,1025.3,928.6,0.0,
VALLE_FERTIL,2026-07-02,1782967200,2026-07-02 01:40:00,-0.7,95,2.1,3.6,77,1025.2,928.6,0.0,
VALLE_FERTIL,2026-07-02,1782967500,2026-07-02 01:45:00,-0.7,95,2.9,3.6,81,1025.2,928.5,0.0,
VALLE_FERTIL,2026-07-02,1782967800,2026-07-02 01:50:00,-0.7,95,2.2,3.6,66,1025.2,928.5,0.0,
VALLE_FERTIL,2026-07-02,1782968100,2026-07-02 01:55:00,-0.7,95,1.7,5.4,113,1025.1,928.4,0.0,
VALLE_FERTIL,2026-07-02,1782968400,2026-07-02 02:00:00,-0.7,95,1.4,3.6,90,1025.3,928.6,0.0,
VALLE_FERTIL,2026-07-02,1782968700,2026-07-02 02:05:00,-0.7,95,2.5,3.6,88,1025.3,928.6,0.0,
VALLE_FERTIL,2026-07-02,1782969000,2026-07-02 02:10:00,-0.7,95,2.7,3.6,64,1025.3,928.6,0.0,
VALLE_FERTIL,2026-07-02,1782969300,2026-07-02 02:15:00,-0.6,96,1.4,3.6,69,1025.3,928.7,0.0,
VALLE_FERTIL,2026-07-02,1782969600,2026-07-02 02:20:00,-0.7,96,1.7,3.6,74,1025.4,928.7,0.0,
VALLE_FERTIL,2026-07-02,1782969900,2026-07-02 02:25:00,-0.7,96,1.9,3.6,76,1025.3,928.6,0.0,
VALLE_FERTIL,2026-07-02,1782970200,2026-07-02 02:30:00,-0.8,96,2.2,3.6,83,1025.3,928.6,0.0,
VALLE_FERTIL,2026-07-02,1782970500,2026-07-02 02:35:00,-0.8,96,2.7,3.6,91,1025.4,928.7,0.0,
VALLE_FERTIL,2026-07-02,1782970800,2026-07-02 02:40:00,-0.8,96,1.5,3.6,94,1025.3,928.6,0.0,
VALLE_FERTIL,2026-07-02,1782971100,2026-07-02 02:45:00,-0.8,96,1.5,3.6,89,1025.2,928.5,0.0,
VALLE_FERTIL,2026-07-02,1782971400,2026-07-02 02:50:00,-0.8,96,2.7,5.4,81,1025.2,928.5,0.0,
VALLE_FERTIL,2026-07-02,1782971700,2026-07-02 02:55:00,-0.8,96,3.1,5.4,91,1025.2,928.6,0.0,
VALLE_FERTIL,2026-07-02,1782972000,2026-07-02 03:00:00,-0.9,96,3.5,5.4,101,1025.1,928.5,0.0,
VALLE_FERTIL,2026-07-02,1782972300,2026-07-02 03:05:00,-0.8,96,2.1,3.6,88,1025.2,928.6,0.0,
VALLE_FERTIL,2026-07-02,1782972600,2026-07-02 03:10:00,-0.8,96,1.6,3.6,88,1025.2,928.5,0.0,
VALLE_FERTIL,2026-07-02,1782972900,2026-07-02 03:15:00,-0.8,96,2.4,3.6,84,1025.1,928.5,0.0,
VALLE_FERTIL,2026-07-02,1782973200,2026-07-02 03:20:00,-0.8,96,2.0,3.6,85,1025.1,928.4,0.0,
VALLE_FERTIL,2026-07-02,1782973500,2026-07-02 03:25:00,-0.8,96,1.4,3.6,78,1025.0,928.3,0.0,
VALLE_FERTIL,2026-07-02,1782973800,2026-07-02 03:30:00,-0.8,96,1.3,3.6,58,1025.0,928.3,0.0,
VALLE_FERTIL,2026-07-02,1782974100,2026-07-02 03:35:00,-0.9,96,0.9,1.8,56,1024.9,928.2,0.0,
VALLE_FERTIL,2026-07-02,1782974400,2026-07-02 03:40:00,-0.9,96,0.0,0.0,57,1024.9,928.2,0.0,
VALLE_FERTIL,2026-07-02,1782974700,2026-07-02 03:45:00,-0.9,96,0.0,0.0,58,1024.9,928.2,0.0,
VALLE_FERTIL,2026-07-02,1782975000,2026-07-02 03:50:00,-0.9,96,1.2,3.6,58,1024.8,928.1,0.0,
VALLE_FERTIL,2026-07-02,1782975300,2026-07-02 03:55:00,-0.9,96,1.7,3.6,53,1024.8,928.2,0.0,
VALLE_FERTIL,2026-07-02,1782975600,2026-07-02 04:00:00,-0.9,96,1.2,3.6,47,1024.7,928.0,0.0,
VALLE_FERTIL,2026-07-02,1782975900,2026-07-02 04:05:00,-0.9,96,1.0,1.8,59,1024.7,928.0,0.0,
VALLE_FERTIL,2026-07-02,1782976200,2026-07-02 04:10:00,-0.9,96,1.3,1.8,57,1024.7,928.0,0.0,
VALLE_FERTIL,2026-07-02,1782976500,2026-07-02 04:15:00,-0.9,96,1.7,3.6,59,1024.7,928.1,0.0,
VALLE_FERTIL,2026-07-02,1782976800,2026-07-02 04:20:00,-1.0,96,2.6,3.6,59,1024.6,927.9,0.0,
VALLE_FERTIL,2026-07-02,1782977100,2026-07-02 04:25:00,-0.9,96,2.1,5.4,80,1024.7,928.0,0.0,
VALLE_FERTIL,2026-07-02,1782977400,2026-07-02 04:30:00,-1.0,96,2.7,3.6,92,1024.7,928.0,0.0,
VALLE_FERTIL,2026-07-02,1782977700,2026-07-02 04:35:00,-1.0,96,2.9,5.4,74,1024.7,928.0,0.0,
VALLE_FERTIL,2026-07-02,1782978000,2026-07-02 04:40:00,-1.0,96,3.1,5.4,79,1024.7,928.0,0.0,
VALLE_FERTIL,2026-07-02,1782978300,2026-07-02 04:45:00,-1.1,96,2.7,3.6,70,1024.7,928.0,0.0,
VALLE_FERTIL,2026-07-02,1782978600,2026-07-02 04:50:00,-1.1,96,2.3,5.4,63,1024.6,927.9,0.0,
VALLE_FERTIL,2026-07-02,1782978900,2026-07-02 04:55:00,-1.1,96,1.1,3.6,74,1024.5,927.8,0.0,
VALLE_FERTIL,2026-07-02,1782979200,2026-07-02 05:00:00,-1.1,95,0.9,3.6,63,1024.4,927.7,0.0,
VALLE_FERTIL,2026-07-02,1782979500,2026-07-02 05:05:00,-1.1,95,1.4,3.6,66,1024.4,927.7,0.0,
VALLE_FERTIL,2026-07-02,1782979800,2026-07-02 05:10:00,-1.0,95,2.7,5.4,95,1024.5,927.8,0.0,
VALLE_FERTIL,2026-07-02,1782980100,2026-07-02 05:15:00,-1.1,95,1.7,3.6,91,1024.4,927.7,0.0,
VALLE_FERTIL,2026-07-02,1782980400,2026-07-02 05:20:00,-1.1,95,1.5,3.6,122,1024.5,927.8,0.0,
VALLE_FERTIL,2026-07-02,1782980700,2026-07-02 05:25:00,-1.1,95,1.8,3.6,81,1024.4,927.6,0.0,
VALLE_FERTIL,2026-07-02,1782981000,2026-07-02 05:30:00,-1.1,95,1.4,1.8,68,1024.4,927.7,0.0,
VALLE_FERTIL,2026-07-02,1782981300,2026-07-02 05:35:00,-1.0,95,0.7,3.6,119,1024.4,927.7,0.0,
VALLE_FERTIL,2026-07-02,1782981600,2026-07-02 05:40:00,-1.1,95,1.9,3.6,117,1024.4,927.7,0.0,
VALLE_FERTIL,2026-07-02,1782981900,2026-07-02 05:45:00,-1.1,95,1.3,1.8,130,1024.3,927.6,0.0,
VALLE_FERTIL,2026-07-02,1782982200,2026-07-02 05:50:00,-1.1,95,2.4,5.4,102,1024.4,927.7,0.0,
VALLE_FERTIL,2026-07-02,1782982500,2026-07-02 05:55:00,-1.1,95,3.3,5.4,93,1024.4,927.7,0.0,
VALLE_FERTIL,2026-07-02,1782982800,2026-07-02 06:00:00,-1.1,95,2.2,3.6,86,1024.3,927.6,0.0,
VALLE_FERTIL,2026-07-02,1782983100,2026-07-02 06:05:00,-1.0,95,2.0,3.6,104,1024.3,927.6,0.0,
VALLE_FERTIL,2026-07-02,1782983400,2026-07-02 06:10:00,-1.1,95,2.0,3.6,149,1024.3,927.6,0.0,
VALLE_FERTIL,2026-07-02,1782983700,2026-07-02 06:15:00,-1.1,95,1.7,3.6,123,1024.3,927.6,0.0,
VALLE_FERTIL,2026-07-02,1782984000,2026-07-02 06:20:00,-1.1,95,2.4,3.6,124,1024.4,927.7,0.0,
VALLE_FERTIL,2026-07-02,1782984300,2026-07-02 06:25:00,-1.2,95,1.4,3.6,131,1024.2,927.5,0.0,
VALLE_FERTIL,2026-07-02,1782984600,2026-07-02 06:30:00,-1.1,95,3.5,5.4,105,1024.3,927.6,0.0,
VALLE_FERTIL,2026-07-02,1782984900,2026-07-02 06:35:00,-1.2,95,3.1,5.4,115,1024.4,927.7,0.0,
VALLE_FERTIL,2026-07-02,1782985200,2026-07-02 06:40:00,-1.1,95,2.9,5.4,107,1024.4,927.6,0.0,
VALLE_FERTIL,2026-07-02,1782985500,2026-07-02 06:45:00,-1.2,95,2.1,3.6,104,1024.3,927.6,0.0,
VALLE_FERTIL,2026-07-02,1782985800,2026-07-02 06:50:00,-1.2,95,2.7,5.4,115,1024.5,927.8,0.0,
VALLE_FERTIL,2026-07-02,1782986100,2026-07-02 06:55:00,-1.2,95,3.3,5.4,96,1024.6,927.9,0.0,
VALLE_FERTIL,2026-07-02,1782986400,2026-07-02 07:00:00,-1.2,95,2.9,5.4,106,1024.5,927.8,0.0,
VALLE_FERTIL,2026-07-02,1782986700,2026-07-02 07:05:00,-1.2,95,3.1,5.4,94,1024.5,927.8,0.0,
VALLE_FERTIL,2026-07-02,1782987000,2026-07-02 07:10:00,-1.2,95,3.1,5.4,94,1024.5,927.8,0.0,
VALLE_FERTIL,2026-07-02,1782987300,2026-07-02 07:15:00,-1.3,95,4.0,7.2,88,1024.6,927.9,0.0,
VALLE_FERTIL,2026-07-02,1782987600,2026-07-02 07:20:00,-1.2,95,3.1,3.6,88,1024.8,928.1,0.0,
VALLE_FERTIL,2026-07-02,1782987900,2026-07-02 07:25:00,-1.2,95,2.8,5.4,102,1024.8,928.1,0.0,
VALLE_FERTIL,2026-07-02,1782988200,2026-07-02 07:30:00,-1.2,95,2.6,5.4,130,1024.8,928.2,0.0,
VALLE_FERTIL,2026-07-02,1782988500,2026-07-02 07:35:00,-1.2,95,1.9,3.6,118,1024.8,928.1,0.0,
VALLE_FERTIL,2026-07-02,1782988800,2026-07-02 07:40:00,-1.2,95,2.2,3.6,156,1024.8,928.1,0.0,
VALLE_FERTIL,2026-07-02,1782989100,2026-07-02 07:45:00,-1.2,95,3.2,5.4,120,1024.7,928.1,0.0,
VALLE_FERTIL,2026-07-02,1782989400,2026-07-02 07:50:00,-1.2,95,1.4,1.8,131,1024.8,928.1,0.0,
VALLE_FERTIL,2026-07-02,1782989700,2026-07-02 07:55:00,-1.2,95,1.4,3.6,134,1024.9,928.2,0.0,
VALLE_FERTIL,2026-07-02,1782990000,2026-07-02 08:00:00,-1.2,95,1.2,3.6,159,1024.9,928.2,0.0,
VALLE_FERTIL,2026-07-02,1782990300,2026-07-02 08:05:00,-1.2,95,0.4,1.8,154,1024.9,928.2,0.0,
VALLE_FERTIL,2026-07-02,1782990600,2026-07-02 08:10:00,-1.2,95,1.1,1.8,153,1025.0,928.3,0.0,
VALLE_FERTIL,2026-07-02,1782990900,2026-07-02 08:15:00,-1.2,95,0.8,1.8,133,1024.9,928.2,0.0,
VALLE_FERTIL,2026-07-02,1782991200,2026-07-02 08:20:00,-1.2,95,1.7,3.6,137,1024.9,928.2,0.0,
VALLE_FERTIL,2026-07-02,1782991500,2026-07-02 08:25:00,-1.2,95,1.1,1.8,142,1024.9,928.2,0.0,
VALLE_FERTIL,2026-07-02,1782991800,2026-07-02 08:30:00,-1.2,94,0.9,1.8,138,1024.8,928.1,0.0,
VALLE_FERTIL,2026-07-02,1782992100,2026-07-02 08:35:00,-1.1,94,0.3,1.8,137,1024.8,928.1,0.0,
VALLE_FERTIL,2026-07-02,1782992400,2026-07-02 08:40:00,-1.1,94,2.3,3.6,137,1025.0,928.3,0.0,
VALLE_FERTIL,2026-07-02,1782992700,2026-07-02 08:45:00,-1.2,94,2.0,3.6,143,1024.9,928.2,0.0,
VALLE_FERTIL,2026-07-02,1782993000,2026-07-02 08:50:00,-1.1,94,2.2,3.6,131,1025.0,928.3,0.0,
VALLE_FERTIL,2026-07-02,1782993300,2026-07-02 08:55:00,-1.1,94,2.2,5.4,122,1025.0,928.4,0.0,
VALLE_FERTIL,2026-07-02,1782993600,2026-07-02 09:00:00,-1.0,93,1.4,3.6,120,1025.1,928.4,0.0,
VALLE_FERTIL,2026-07-02,1782993900,2026-07-02 09:05:00,-1.0,93,1.4,3.6,142,1025.1,928.4,0.0,
VALLE_FERTIL,2026-07-02,1782994200,2026-07-02 09:10:00,-1.0,93,1.9,3.6,155,1025.2,928.5,0.0,
VALLE_FERTIL,2026-07-02,1782994500,2026-07-02 09:15:00,-1.0,93,2.3,3.6,174,1025.1,928.5,0.0,
VALLE_FERTIL,2026-07-02,1782994800,2026-07-02 09:20:00,-1.0,93,1.6,3.6,107,1025.1,928.4,0.0,
VALLE_FERTIL,2026-07-02,1782995100,2026-07-02 09:25:00,-0.9,93,1.0,3.6,152,1025.1,928.4,0.0,
VALLE_FERTIL,2026-07-02,1782995400,2026-07-02 09:30:00,-0.9,93,0.6,1.8,134,1025.2,928.5,0.0,
VALLE_FERTIL,2026-07-02,1782995700,2026-07-02 09:35:00,-0.8,92,1.9,3.6,148,1025.2,928.5,0.0,
VALLE_FERTIL,2026-07-02,1782996000,2026-07-02 09:40:00,-0.8,92,1.7,3.6,146,1025.3,928.6,0.0,
VALLE_FERTIL,2026-07-02,1782996300,2026-07-02 09:45:00,-0.8,92,1.3,3.6,132,1025.3,928.6,0.0,
VALLE_FERTIL,2026-07-02,1782996600,2026-07-02 09:50:00,-0.7,93,2.4,5.4,95,1025.3,928.6,0.0,
VALLE_FERTIL,2026-07-02,1782996900,2026-07-02 09:55:00,-0.7,93,1.7,3.6,109,1025.3,928.6,0.0,
VALLE_FERTIL,2026-07-02,1782997200,2026-07-02 10:00:00,-0.7,92,1.7,3.6,110,1025.3,928.6,0.0,
VALLE_FERTIL,2026-07-02,1782997500,2026-07-02 10:05:00,-0.5,92,0.4,1.8,104,1025.3,928.6,0.0,
VALLE_FERTIL,2026-07-02,1782997800,2026-07-02 10:10:00,-0.6,92,3.4,5.4,104,1025.2,928.5,0.0,
VALLE_FERTIL,2026-07-02,1782998100,2026-07-02 10:15:00,-0.6,92,2.5,3.6,111,1025.3,928.6,0.0,
VALLE_FERTIL,2026-07-02,1782998400,2026-07-02 10:20:00,-0.6,92,1.2,3.6,119,1025.4,928.7,0.0,
VALLE_FERTIL,2026-07-02,1782998700,2026-07-02 10:25:00,-0.5,92,2.5,3.6,115,1025.3,928.6,0.0,
VALLE_FERTIL,2026-07-02,1782999000,2026-07-02 10:30:00,-0.4,92,0.9,1.8,122,1025.3,928.6,0.0,
VALLE_FERTIL,2026-07-02,1782999300,2026-07-02 10:35:00,-0.3,91,2.2,3.6,170,1025.4,928.7,0.0,
VALLE_FERTIL,2026-07-02,1782999600,2026-07-02 10:40:00,-0.3,91,2.4,3.6,114,1025.5,928.8,0.0,
VALLE_FERTIL,2026-07-02,1782999900,2026-07-02 10:45:00,-0.3,91,2.4,5.4,169,1025.3,928.6,0.0,
VALLE_FERTIL,2026-07-02,1783000200,2026-07-02 10:50:00,-0.1,91,1.4,3.6,168,1025.5,928.8,0.0,
VALLE_FERTIL,2026-07-02,1783000500,2026-07-02 10:55:00,0.0,90,1.1,1.8,152,1025.4,928.7,0.0,
VALLE_FERTIL,2026-07-02,1783000800,2026-07-02 11:00:00,0.1,90,2.7,7.2,135,1025.4,928.7,0.0,
VALLE_FERTIL,2026-07-02,1783001100,2026-07-02 11:05:00,0.1,89,3.3,5.4,156,1025.5,928.8,0.0,
VALLE_FERTIL,2026-07-02,1783001400,2026-07-02 11:10:00,0.2,89,3.2,5.4,170,1025.5,928.8,0.0,
VALLE_FERTIL,2026-07-02,1783001700,2026-07-02 11:15:00,0.2,89,0.9,3.6,157,1025.5,928.8,0.0,
VALLE_FERTIL,2026-07-02,1783002000,2026-07-02 11:20:00,0.4,89,3.4,5.4,111,1025.5,928.8,0.0,
VALLE_FERTIL,2026-07-02,1783002300,2026-07-02 11:25:00,0.3,89,5.1,9.4,148,1025.4,928.7,0.0,
VALLE_FERTIL,2026-07-02,1783002600,2026-07-02 11:30:00,0.4,89,2.0,5.4,117,1025.4,928.7,0.0,
VALLE_FERTIL,2026-07-02,1783002900,2026-07-02 11:35:00,0.5,89,3.2,5.4,116,1025.5,928.8,0.0,
VALLE_FERTIL,2026-07-02,1783003200,2026-07-02 11:40:00,0.6,89,3.1,7.2,146,1025.4,928.8,0.0,
VALLE_FERTIL,2026-07-02,1783003500,2026-07-02 11:45:00,0.8,88,4.3,9.4,141,1025.4,928.7,0.0,
VALLE_FERTIL,2026-07-02,1783003800,2026-07-02 11:50:00,0.7,87,2.9,9.4,143,1025.3,928.6,0.0,
VALLE_FERTIL,2026-07-02,1783004100,2026-07-02 11:55:00,0.7,88,4.5,7.2,85,1025.3,928.6,0.0,
VALLE_FERTIL,2026-07-02,1783004400,2026-07-02 12:00:00,0.8,88,5.3,9.4,88,1025.3,928.6,0.0,
VALLE_FERTIL,2026-07-02,1783004700,2026-07-02 12:05:00,1.0,87,3.4,7.2,119,1025.3,928.6,0.0,
VALLE_FERTIL,2026-07-02,1783005000,2026-07-02 12:10:00,1.0,87,3.4,5.4,109,1025.3,928.6,0.0,
VALLE_FERTIL,2026-07-02,1783005300,2026-07-02 12:15:00,1.0,87,4.0,5.4,141,1025.1,928.4,0.0,
VALLE_FERTIL,2026-07-02,1783005600,2026-07-02 12:20:00,1.1,86,4.8,9.4,119,1025.1,928.4,0.0,
VALLE_FERTIL,2026-07-02,1783005900,2026-07-02 12:25:00,1.2,86,3.9,7.2,115,1025.1,928.4,0.0,
VALLE_FERTIL,2026-07-02,1783006200,2026-07-02 12:30:00,1.2,86,5.0,7.2,108,1025.1,928.5,0.0,
VALLE_FERTIL,2026-07-02,1783006500,2026-07-02 12:35:00,1.3,86,4.0,9.4,138,1025.1,928.4,0.0,
VALLE_FERTIL,2026-07-02,1783006800,2026-07-02 12:40:00,1.3,85,3.1,7.2,164,1024.9,928.2,0.0,
VALLE_FERTIL,2026-07-02,1783007100,2026-07-02 12:45:00,1.5,85,5.5,9.4,108,1025.1,928.4,0.0,
VALLE_FERTIL,2026-07-02,1783007400,2026-07-02 12:50:00,1.5,85,3.7,7.2,142,1024.9,928.2,0.0,
VALLE_FERTIL,2026-07-02,1783007700,2026-07-02 12:55:00,1.6,84,5.1,7.2,117,1024.8,928.1,0.0,
VALLE_FERTIL,2026-07-02,1783008000,2026-07-02 13:00:00,1.7,84,4.4,13.0,122,1024.7,928.1,0.0,
VALLE_FERTIL,2026-07-02,1783008300,2026-07-02 13:05:00,1.7,84,4.4,7.2,127,1024.6,927.9,0.0,
VALLE_FERTIL,2026-07-02,1783008600,2026-07-02 13:10:00,1.8,84,5.0,7.2,106,1024.6,927.9,0.0,
VALLE_FERTIL,2026-07-02,1783008900,2026-07-02 13:15:00,1.9,83,4.9,7.2,117,1024.5,927.8,0.0,
VALLE_FERTIL,2026-07-02,1783009200,2026-07-02 13:20:00,2.0,83,6.8,11.2,102,1024.5,927.8,0.0,
VALLE_FERTIL,2026-07-02,1783009500,2026-07-02 13:25:00,1.8,83,5.3,9.4,128,1024.4,927.7,0.0,
VALLE_FERTIL,2026-07-02,1783009800,2026-07-02 13:30:00,1.9,83,5.5,9.4,134,1024.2,927.5,0.0,
VALLE_FERTIL,2026-07-02,1783010100,2026-07-02 13:35:00,1.9,83,4.5,7.2,113,1024.2,927.5,0.0,
VALLE_FERTIL,2026-07-02,1783010400,2026-07-02 13:40:00,2.0,83,5.8,9.4,85,1024.3,927.6,0.0,
VALLE_FERTIL,2026-07-02,1783010700,2026-07-02 13:45:00,2.2,82,3.8,7.2,127,1024.1,927.4,0.0,
VALLE_FERTIL,2026-07-02,1783011000,2026-07-02 13:50:00,2.2,81,5.3,9.4,126,1024.1,927.4,0.0,
VALLE_FERTIL,2026-07-02,1783011300,2026-07-02 13:55:00,2.2,81,4.1,9.4,144,1023.9,927.2,0.0,
VALLE_FERTIL,2026-07-02,1783011600,2026-07-02 14:00:00,2.3,81,3.8,7.2,114,1023.8,927.1,0.0,
VALLE_FERTIL,2026-07-02,1783011900,2026-07-02 14:05:00,2.5,81,5.1,9.4,142,1023.7,927.0,0.0,
VALLE_FERTIL,2026-07-02,1783012200,2026-07-02 14:10:00,2.5,80,4.0,7.2,149,1023.6,926.9,0.0,
VALLE_FERTIL,2026-07-02,1783012500,2026-07-02 14:15:00,2.5,80,4.5,7.2,161,1023.6,926.8,0.0,
VALLE_FERTIL,2026-07-02,1783012800,2026-07-02 14:20:00,2.4,80,3.6,9.4,86,1023.6,926.9,0.0,
VALLE_FERTIL,2026-07-02,1783013100,2026-07-02 14:25:00,2.5,80,4.3,7.2,112,1023.5,926.8,0.0,
VALLE_FERTIL,2026-07-02,1783013400,2026-07-02 14:30:00,2.5,80,4.4,7.2,147,1023.5,926.8,0.0,
VALLE_FERTIL,2026-07-02,1783013700,2026-07-02 14:35:00,2.5,79,2.4,5.4,139,1023.4,926.7,0.0,
VALLE_FERTIL,2026-07-02,1783014000,2026-07-02 14:40:00,2.7,79,3.2,5.4,167,1023.3,926.6,0.0,
VALLE_FERTIL,2026-07-02,1783014300,2026-07-02 14:45:00,2.7,79,3.7,5.4,163,1023.3,926.6,0.0,
VALLE_FERTIL,2026-07-02,1783014600,2026-07-02 14:50:00,2.8,79,3.2,7.2,141,1023.1,926.4,0.0,
VALLE_FERTIL,2026-07-02,1783014900,2026-07-02 14:55:00,2.9,78,2.7,5.4,168,1022.9,926.2,0.0,
VALLE_FERTIL,2026-07-02,1783015200,2026-07-02 15:00:00,2.9,78,3.0,5.4,169,1022.9,926.3,0.0,
VALLE_FERTIL,2026-07-02,1783015500,2026-07-02 15:05:00,3.0,77,3.0,5.4,157,1022.9,926.2,0.0,
VALLE_FERTIL,2026-07-02,1783015800,2026-07-02 15:10:00,2.8,78,3.3,7.2,138,1022.9,926.2,0.0,
VALLE_FERTIL,2026-07-02,1783016100,2026-07-02 15:15:00,2.9,78,2.7,5.4,148,1022.9,926.2,0.0,
VALLE_FERTIL,2026-07-02,1783016400,2026-07-02 15:20:00,2.9,78,3.1,5.4,133,1022.7,926.0,0.0,
VALLE_FERTIL,2026-07-02,1783016700,2026-07-02 15:25:00,2.9,78,4.7,7.2,110,1022.7,926.0,0.0,
VALLE_FERTIL,2026-07-02,1783017000,2026-07-02 15:30:00,2.9,78,3.3,5.4,121,1022.8,926.1,0.0,
VALLE_FERTIL,2026-07-02,1783017300,2026-07-02 15:35:00,3.0,77,2.6,5.4,159,1022.5,925.9,0.0,
VALLE_FERTIL,2026-07-02,1783017600,2026-07-02 15:40:00,3.0,77,3.7,7.2,136,1022.5,925.9,0.0,
VALLE_FERTIL,2026-07-02,1783017900,2026-07-02 15:45:00,3.0,77,4.2,5.4,112,1022.5,925.8,0.0,
VALLE_FERTIL,2026-07-02,1783018200,2026-07-02 15:50:00,3.0,78,2.3,5.4,105,1022.5,925.9,0.0,
VALLE_FERTIL,2026-07-02,1783018500,2026-07-02 15:55:00,3.2,77,4.2,7.2,136,1022.5,925.8,0.0,
VALLE_FERTIL,2026-07-02,1783018800,2026-07-02 16:00:00,3.0,77,3.0,7.2,155,1022.5,925.8,0.0,
VALLE_FERTIL,2026-07-02,1783019100,2026-07-02 16:05:00,3.0,76,1.1,5.4,152,1022.5,925.8,0.0,
VALLE_FERTIL,2026-07-02,1783019400,2026-07-02 16:10:00,3.2,76,2.3,7.2,142,1022.5,925.8,0.0,
VALLE_FERTIL,2026-07-02,1783019700,2026-07-02 16:15:00,3.1,77,1.8,3.6,107,1022.5,925.8,0.0,
VALLE_FERTIL,2026-07-02,1783020000,2026-07-02 16:20:00,3.0,77,3.1,5.4,121,1022.5,925.8,0.0,
VALLE_FERTIL,2026-07-02,1783020300,2026-07-02 16:25:00,3.1,77,4.3,5.4,114,1022.5,925.8,0.0,
VALLE_FERTIL,2026-07-02,1783020600,2026-07-02 16:30:00,3.0,77,5.0,7.2,102,1022.5,925.9,0.0,
VALLE_FERTIL,2026-07-02,1783020900,2026-07-02 16:35:00,3.0,78,4.3,7.2,97,1022.5,925.8,0.0,
VALLE_FERTIL,2026-07-02,1783021200,2026-07-02 16:40:00,3.1,77,3.5,5.4,101,1022.5,925.8,0.0,
VALLE_FERTIL,2026-07-02,1783021500,2026-07-02 16:45:00,3.0,77,2.7,5.4,92,1022.5,925.8,0.0,
VALLE_FERTIL,2026-07-02,1783021800,2026-07-02 16:50:00,3.0,77,3.3,7.2,100,1022.5,925.9,0.0,
VALLE_FERTIL,2026-07-02,1783022100,2026-07-02 16:55:00,3.0,77,1.9,5.4,87,1022.6,925.9,0.0,
VALLE_FERTIL,2026-07-02,1783022400,2026-07-02 17:00:00,3.0,77,4.5,7.2,87,1022.6,925.9,0.0,
VALLE_FERTIL,2026-07-02,1783022700,2026-07-02 17:05:00,2.9,77,3.2,5.4,95,1022.6,925.9,0.0,
VALLE_FERTIL,2026-07-02,1783023000,2026-07-02 17:10:00,2.9,77,3.3,5.4,92,1022.6,926.0,0.0,
VALLE_FERTIL,2026-07-02,1783023300,2026-07-02 17:15:00,2.9,77,3.2,5.4,86,1022.6,925.9,0.0,
VALLE_FERTIL,2026-07-02,1783023600,2026-07-02 17:20:00,2.9,77,2.1,5.4,113,1022.7,926.0,0.0,
VALLE_FERTIL,2026-07-02,1783023900,2026-07-02 17:25:00,3.0,77,3.5,5.4,88,1022.8,926.1,0.0,
VALLE_FERTIL,2026-07-02,1783024200,2026-07-02 17:30:00,2.9,78,4.7,7.2,92,1022.8,926.1,0.0,
VALLE_FERTIL,2026-07-02,1783024500,2026-07-02 17:35:00,2.8,78,3.8,5.4,88,1022.8,926.2,0.0,
VALLE_FERTIL,2026-07-02,1783024800,2026-07-02 17:40:00,2.8,77,1.0,3.6,104,1022.9,926.2,0.0,
VALLE_FERTIL,2026-07-02,1783025100,2026-07-02 17:45:00,2.9,77,1.5,5.4,92,1022.8,926.1,0.0,
VALLE_FERTIL,2026-07-02,1783025400,2026-07-02 17:50:00,2.9,77,3.3,5.4,97,1022.9,926.2,0.0,
VALLE_FERTIL,2026-07-02,1783025700,2026-07-02 17:55:00,2.8,78,3.6,5.4,97,1022.9,926.2,0.0,
VALLE_FERTIL,2026-07-02,1783026000,2026-07-02 18:00:00,2.8,78,1.9,3.6,98,1022.9,926.2,0.0,
VALLE_FERTIL,2026-07-02,1783026300,2026-07-02 18:05:00,2.8,77,2.3,5.4,101,1022.8,926.2,0.0,
VALLE_FERTIL,2026-07-02,1783026600,2026-07-02 18:10:00,2.8,77,0.7,3.6,136,1022.9,926.2,0.0,
VALLE_FERTIL,2026-07-02,1783026900,2026-07-02 18:15:00,2.8,77,2.4,5.4,125,1023.0,926.3,0.0,
VALLE_FERTIL,2026-07-02,1783027200,2026-07-02 18:20:00,2.8,77,2.4,3.6,121,1022.9,926.2,0.0,
VALLE_FERTIL,2026-07-02,1783027500,2026-07-02 18:25:00,2.8,76,1.7,3.6,131,1022.9,926.3,0.0,
VALLE_FERTIL,2026-07-02,1783027800,2026-07-02 18:30:00,2.8,77,0.9,3.6,124,1023.1,926.4,0.0,
VALLE_FERTIL,2026-07-02,1783028100,2026-07-02 18:35:00,2.8,76,1.5,3.6,148,1023.1,926.4,0.0,
VALLE_FERTIL,2026-07-02,1783028400,2026-07-02 18:40:00,2.8,77,0.5,1.8,147,1023.1,926.4,0.0,
VALLE_FERTIL,2026-07-02,1783028700,2026-07-02 18:45:00,2.8,77,1.7,3.6,144,1023.1,926.4,0.0,
VALLE_FERTIL,2026-07-02,1783029000,2026-07-02 18:50:00,2.8,77,1.4,1.8,129,1023.1,926.4,0.0,
VALLE_FERTIL,2026-07-02,1783029300,2026-07-02 18:55:00,2.8,77,0.8,1.8,136,1023.1,926.4,0.0,
VALLE_FERTIL,2026-07-02,1783029600,2026-07-02 19:00:00,2.8,77,0.6,1.8,119,1023.1,926.4,0.0,
VALLE_FERTIL,2026-07-02,1783029900,2026-07-02 19:05:00,2.8,77,0.8,1.8,159,1023.1,926.4,0.0,
VALLE_FERTIL,2026-07-02,1783030200,2026-07-02 19:10:00,2.8,77,0.7,1.8,136,1023.2,926.5,0.0,
VALLE_FERTIL,2026-07-02,1783030500,2026-07-02 19:15:00,2.8,77,0.7,3.6,158,1023.2,926.5,0.0,
VALLE_FERTIL,2026-07-02,1783030800,2026-07-02 19:20:00,2.8,77,0.8,1.8,136,1023.1,926.4,0.0,
VALLE_FERTIL,2026-07-02,1783031100,2026-07-02 19:25:00,2.7,77,1.2,3.6,156,1023.1,926.4,0.0,
VALLE_FERTIL,2026-07-02,1783031400,2026-07-02 19:30:00,2.7,77,1.2,3.6,138,1023.1,926.4,0.0,
VALLE_FERTIL,2026-07-02,1783031700,2026-07-02 19:35:00,2.7,77,0.1,1.8,126,1023.2,926.5,0.0,
VALLE_FERTIL,2026-07-02,1783032000,2026-07-02 19:40:00,2.7,77,2.3,3.6,136,1023.2,926.5,0.0,
VALLE_FERTIL,2026-07-02,1783032300,2026-07-02 19:45:00,2.7,77,1.7,3.6,130,1023.2,926.5,0.0,
VALLE_FERTIL,2026-07-02,1783032600,2026-07-02 19:50:00,2.7,77,1.0,1.8,129,1023.3,926.6,0.0,
VALLE_FERTIL,2026-07-02,1783032900,2026-07-02 19:55:00,2.6,77,1.7,3.6,122,1023.3,926.6,0.0,
VALLE_FERTIL,2026-07-02,1783033200,2026-07-02 20:00:00,2.6,77,1.7,3.6,111,1023.4,926.7,0.0,
VALLE_FERTIL,2026-07-02,1783033500,2026-07-02 20:05:00,2.6,77,1.1,3.6,112,1023.4,926.7,0.0,
VALLE_FERTIL,2026-07-02,1783033800,2026-07-02 20:10:00,2.6,77,0.6,3.6,147,1023.3,926.6,0.0,
VALLE_FERTIL,2026-07-02,1783034100,2026-07-02 20:15:00,2.6,77,0.3,1.8,133,1023.4,926.6,0.0,
VALLE_FERTIL,2026-07-02,1783034400,2026-07-02 20:20:00,2.6,77,1.0,3.6,141,1023.4,926.7,0.0,
VALLE_FERTIL,2026-07-02,1783034700,2026-07-02 20:25:00,2.6,77,0.0,0.0,130,1023.4,926.7,0.0,
VALLE_FERTIL,2026-07-02,1783035000,2026-07-02 20:30:00,2.6,77,0.8,1.8,131,1023.4,926.7,0.0,
VALLE_FERTIL,2026-07-02,1783035300,2026-07-02 20:35:00,2.6,77,1.7,1.8,121,1023.3,926.6,0.0,
VALLE_FERTIL,2026-07-02,1783035600,2026-07-02 20:40:00,2.6,78,1.1,1.8,115,1023.4,926.7,0.0,
VALLE_FERTIL,2026-07-02,1783035900,2026-07-02 20:45:00,2.6,77,0.4,1.8,130,1023.4,926.7,0.0,
VALLE_FERTIL,2026-07-02,1783036200,2026-07-02 20:50:00,2.5,77,0.0,0.0,151,1023.3,926.6,0.0,
VALLE_FERTIL,2026-07-02,1783036500,2026-07-02 20:55:00,2.5,78,0.6,1.8,131,1023.5,926.7,0.0,
VALLE_FERTIL,2026-07-02,1783036800,2026-07-02 21:00:00,2.5,78,1.4,1.8,86,1023.5,926.7,0.0,
VALLE_FERTIL,2026-07-02,1783037100,2026-07-02 21:05:00,2.4,78,2.0,3.6,83,1023.6,926.8,0.0,
VALLE_FERTIL,2026-07-02,1783037400,2026-07-02 21:10:00,2.3,78,1.5,3.6,88,1023.6,926.9,0.0,
VALLE_FERTIL,2026-07-02,1783037700,2026-07-02 21:15:00,2.3,79,2.6,5.4,78,1023.6,926.9,0.0,
VALLE_FERTIL,2026-07-02,1783038000,2026-07-02 21:20:00,2.2,79,2.4,3.6,86,1023.7,927.0,0.0,
VALLE_FERTIL,2026-07-02,1783038300,2026-07-02 21:25:00,2.1,80,1.4,3.6,83,1023.7,926.9,0.0,
VALLE_FERTIL,2026-07-02,1783038600,2026-07-02 21:30:00,2.1,79,3.2,5.4,79,1023.7,927.0,0.0,
VALLE_FERTIL,2026-07-02,1783038900,2026-07-02 21:35:00,2.0,80,2.9,3.6,89,1023.6,926.9,0.0,
VALLE_FERTIL,2026-07-02,1783039200,2026-07-02 21:40:00,2.0,80,0.7,1.8,93,1023.7,927.0,0.0,
VALLE_FERTIL,2026-07-02,1783039500,2026-07-02 21:45:00,2.0,80,1.9,3.6,94,1023.7,927.0,0.0,
VALLE_FERTIL,2026-07-02,1783039800,2026-07-02 21:50:00,2.0,80,0.0,0.0,91,1023.7,926.9,0.0,
VALLE_FERTIL,2026-07-02,1783040100,2026-07-02 21:55:00,2.0,80,0.7,1.8,102,1023.7,927.0,0.0,
VALLE_FERTIL,2026-07-02,1783040400,2026-07-02 22:00:00,2.0,80,0.6,1.8,114,1023.6,926.9,0.0,
VALLE_FERTIL,2026-07-02,1783040700,2026-07-02 22:05:00,2.0,80,0.1,1.8,114,1023.6,926.9,0.0,
VALLE_FERTIL,2026-07-02,1783041000,2026-07-02 22:10:00,2.0,80,0.2,1.8,113,1023.5,926.8,0.0,
VALLE_FERTIL,2026-07-02,1783041300,2026-07-02 22:15:00,2.0,80,0.5,1.8,113,1023.6,926.9,0.0,
VALLE_FERTIL,2026-07-02,1783041600,2026-07-02 22:20:00,2.0,80,1.1,3.6,91,1023.6,926.9,0.0,
VALLE_FERTIL,2026-07-02,1783041900,2026-07-02 22:25:00,2.0,81,0.0,0.0,94,1023.6,926.9,0.0,
VALLE_FERTIL,2026-07-02,1783042200,2026-07-02 22:30:00,1.9,80,1.3,1.8,106,1023.5,926.8,0.0,
VALLE_FERTIL,2026-07-02,1783042500,2026-07-02 22:35:00,1.9,81,0.0,0.0,113,1023.5,926.8,0.0,
VALLE_FERTIL,2026-07-02,1783042800,2026-07-02 22:40:00,1.9,80,1.1,1.8,137,1023.6,926.9,0.0,
VALLE_FERTIL,2026-07-02,1783043100,2026-07-02 22:45:00,1.9,80,0.7,1.8,144,1023.5,926.8,0.0,
VALLE_FERTIL,2026-07-02,1783043400,2026-07-02 22:50:00,1.9,80,0.5,1.8,144,1023.5,926.8,0.0,
VALLE_FERTIL,2026-07-02,1783043700,2026-07-02 22:55:00,1.9,80,0.9,1.8,144,1023.4,926.7,0.0,
VALLE_FERTIL,2026-07-02,1783044000,2026-07-02 23:00:00,1.9,80,1.2,1.8,144,1023.4,926.7,0.0,
VALLE_FERTIL,2026-07-02,1783044300,2026-07-02 23:05:00,1.9,81,0.0,0.0,144,1023.3,926.6,0.0,
VALLE_FERTIL,2026-07-02,1783044600,2026-07-02 23:10:00,1.9,81,0.9,1.8,144,1023.2,926.5,0.0,
VALLE_FERTIL,2026-07-02,1783044900,2026-07-02 23:15:00,1.9,81,1.1,1.8,144,1023.2,926.5,0.0,
VALLE_FERTIL,2026-07-02,1783045200,2026-07-02 23:20:00,1.9,81,0.2,1.8,144,1023.3,926.6,0.0,
VALLE_FERTIL,2026-07-02,1783045500,2026-07-02 23:25:00,1.9,81,1.4,3.6,144,1023.3,926.6,0.0,
VALLE_FERTIL,2026-07-02,1783045800,2026-07-02 23:30:00,1.9,80,1.6,3.6,158,1023.2,926.5,0.0,
VALLE_FERTIL,2026-07-02,1783046100,2026-07-02 23:35:00,1.9,80,1.0,1.8,176,1023.2,926.5,0.0,
VALLE_FERTIL,2026-07-02,1783046400,2026-07-02 23:40:00,1.9,80,0.3,1.8,150,1023.2,926.5,0.0,
VALLE_FERTIL,2026-07-02,1783046700,2026-07-02 23:45:00,1.9,81,1.1,3.6,175,1023.2,926.5,0.0,
VALLE_FERTIL,2026-07-02,1783047000,2026-07-02 23:50:00,1.9,81,0.9,1.8,171,1023.2,926.5,0.0,
VALLE_FERTIL,2026-07-02,1783047300,2026-07-02 23:55:00,1.9,81,0.9,1.8,162,1023.2,926.5,0.0,
CUESTA_Viento,2026-07-02,1782961200,2026-07-02 00:00:00,-0.9,79,9.8,20.2,205,1025.9,862.3,0.0,
CUESTA_Viento,2026-07-02,1782961500,2026-07-02 00:05:00,-0.9,79,11.7,23.8,194,1025.9,862.3,0.0,
CUESTA_Viento,2026-07-02,1782961800,2026-07-02 00:10:00,-1.0,80,6.8,16.6,201,1025.8,862.2,0.0,
CUESTA_Viento,2026-07-02,1782962100,2026-07-02 00:15:00,-1.1,80,5.1,13.0,214,1025.8,862.2,0.0,
CUESTA_Viento,2026-07-02,1782962400,2026-07-02 00:20:00,-1.1,79,15.3,25.6,201,1025.8,862.2,0.0,
CUESTA_Viento,2026-07-02,1782962700,2026-07-02 00:25:00,-1.2,80,8.3,18.4,184,1025.9,862.3,0.0,
CUESTA_Viento,2026-07-02,1782963000,2026-07-02 00:30:00,-1.1,80,8.4,16.6,223,1025.8,862.2,0.0,
CUESTA_Viento,2026-07-02,1782963300,2026-07-02 00:35:00,-1.2,80,7.1,16.6,206,1025.8,862.2,0.0,
CUESTA_Viento,2026-07-02,1782963600,2026-07-02 00:40:00,-1.1,79,10.3,23.8,193,1025.8,862.2,0.0,
CUESTA_Viento,2026-07-02,1782963900,2026-07-02 00:45:00,-1.0,79,10.6,22.0,210,1025.8,862.2,0.0,
CUESTA_Viento,2026-07-02,1782964200,2026-07-02 00:50:00,-1.0,79,12.7,23.8,216,1025.9,862.3,0.0,
CUESTA_Viento,2026-07-02,1782964500,2026-07-02 00:55:00,-1.1,79,9.9,22.0,191,1025.8,862.2,0.0,
CUESTA_Viento,2026-07-02,1782964800,2026-07-02 01:00:00,-1.1,79,10.2,16.6,199,1025.8,862.2,0.0,
CUESTA_Viento,2026-07-02,1782965100,2026-07-02 01:05:00,-1.0,78,11.4,31.3,203,1025.9,862.3,0.0,
CUESTA_Viento,2026-07-02,1782965400,2026-07-02 01:10:00,-1.0,79,8.4,16.6,181,1025.8,862.2,0.0,
CUESTA_Viento,2026-07-02,1782965700,2026-07-02 01:15:00,-1.1,78,9.9,22.0,193,1025.8,862.2,0.0,
CUESTA_Viento,2026-07-02,1782966000,2026-07-02 01:20:00,-1.1,78,6.6,14.8,163,1025.8,862.2,0.0,
CUESTA_Viento,2026-07-02,1782966300,2026-07-02 01:25:00,-1.0,78,8.1,23.8,158,1025.7,862.1,0.0,
CUESTA_Viento,2026-07-02,1782966600,2026-07-02 01:30:00,-1.0,78,10.2,27.7,181,1025.7,862.1,0.0,
CUESTA_Viento,2026-07-02,1782966900,2026-07-02 01:35:00,-1.0,77,6.1,16.6,157,1025.8,862.2,0.0,
CUESTA_Viento,2026-07-02,1782967200,2026-07-02 01:40:00,-1.0,78,8.7,20.2,167,1025.7,862.1,0.0,
CUESTA_Viento,2026-07-02,1782967500,2026-07-02 01:45:00,-1.1,78,3.7,14.8,115,1025.7,862.1,0.0,
CUESTA_Viento,2026-07-02,1782967800,2026-07-02 01:50:00,-1.1,79,5.5,14.8,150,1025.8,862.2,0.0,
CUESTA_Viento,2026-07-02,1782968100,2026-07-02 01:55:00,-1.1,78,4.0,9.4,267,1025.6,862.0,0.0,
CUESTA_Viento,2026-07-02,1782968400,2026-07-02 02:00:00,-1.1,79,6.8,23.8,200,1025.6,862.0,0.0,
CUESTA_Viento,2026-07-02,1782968700,2026-07-02 02:05:00,-1.1,79,10.7,20.2,195,1025.7,862.1,0.0,
CUESTA_Viento,2026-07-02,1782969000,2026-07-02 02:10:00,-1.2,80,5.5,16.6,199,1025.6,862.0,0.0,
CUESTA_Viento,2026-07-02,1782969300,2026-07-02 02:15:00,-1.2,79,10.7,20.2,189,1025.7,862.1,0.0,
CUESTA_Viento,2026-07-02,1782969600,2026-07-02 02:20:00,-1.2,80,9.8,23.8,179,1025.7,862.1,0.0,
CUESTA_Viento,2026-07-02,1782969900,2026-07-02 02:25:00,-1.3,80,10.2,23.8,217,1025.6,862.0,0.0,
CUESTA_Viento,2026-07-02,1782970200,2026-07-02 02:30:00,-1.3,80,16.6,33.1,193,1025.5,861.9,0.0,
CUESTA_Viento,2026-07-02,1782970500,2026-07-02 02:35:00,-1.3,80,8.8,14.8,190,1025.7,862.1,0.0,
CUESTA_Viento,2026-07-02,1782970800,2026-07-02 02:40:00,-1.4,81,8.9,16.6,166,1025.6,862.0,0.0,
CUESTA_Viento,2026-07-02,1782971100,2026-07-02 02:45:00,-1.4,82,6.6,14.8,180,1025.6,862.0,0.0,
CUESTA_Viento,2026-07-02,1782971400,2026-07-02 02:50:00,-1.3,82,7.0,22.0,128,1025.7,862.1,0.0,
CUESTA_Viento,2026-07-02,1782971700,2026-07-02 02:55:00,-1.3,81,6.6,14.8,166,1025.7,862.1,0.0,
CUESTA_Viento,2026-07-02,1782972000,2026-07-02 03:00:00,-1.3,81,6.8,16.6,74,1025.5,861.9,0.0,
CUESTA_Viento,2026-07-02,1782972300,2026-07-02 03:05:00,-1.3,80,7.3,29.5,163,1025.5,861.9,0.0,
CUESTA_Viento,2026-07-02,1782972600,2026-07-02 03:10:00,-1.4,81,7.2,16.6,84,1025.5,861.9,0.0,
CUESTA_Viento,2026-07-02,1782972900,2026-07-02 03:15:00,-1.5,82,5.8,13.0,81,1025.4,861.9,0.0,
CUESTA_Viento,2026-07-02,1782973200,2026-07-02 03:20:00,-1.4,81,9.4,20.2,82,1025.4,861.8,0.0,
CUESTA_Viento,2026-07-02,1782973500,2026-07-02 03:25:00,-1.3,80,7.2,18.4,118,1025.4,861.8,0.0,
CUESTA_Viento,2026-07-02,1782973800,2026-07-02 03:30:00,-1.2,79,5.4,13.0,126,1025.4,861.8,0.0,
CUESTA_Viento,2026-07-02,1782974100,2026-07-02 03:35:00,-1.3,80,6.4,14.8,98,1025.4,861.8,0.0,
CUESTA_Viento,2026-07-02,1782974400,2026-07-02 03:40:00,-1.3,80,6.0,14.8,139,1025.3,861.7,0.0,
CUESTA_Viento,2026-07-02,1782974700,2026-07-02 03:45:00,-1.2,79,4.0,9.4,117,1025.3,861.7,0.0,
CUESTA_Viento,2026-07-02,1782975000,2026-07-02 03:50:00,-1.3,79,5.8,16.6,143,1025.3,861.7,0.0,
CUESTA_Viento,2026-07-02,1782975300,2026-07-02 03:55:00,-1.2,79,2.8,7.2,137,1025.2,861.6,0.0,
CUESTA_Viento,2026-07-02,1782975600,2026-07-02 04:00:00,-1.3,80,7.2,14.8,152,1025.3,861.7,0.0,
CUESTA_Viento,2026-07-02,1782975900,2026-07-02 04:05:00,-1.3,80,5.7,14.8,143,1025.1,861.5,0.0,
CUESTA_Viento,2026-07-02,1782976200,2026-07-02 04:10:00,-1.4,81,4.7,11.2,71,1025.3,861.7,0.0,
CUESTA_Viento,2026-07-02,1782976500,2026-07-02 04:15:00,-1.5,82,3.7,7.2,162,1025.2,861.6,0.0,
CUESTA_Viento,2026-07-02,1782976800,2026-07-02 04:20:00,-1.5,82,5.3,13.0,156,1025.2,861.6,0.0,
CUESTA_Viento,2026-07-02,1782977100,2026-07-02 04:25:00,-1.6,82,7.1,14.8,151,1025.3,861.7,0.0,
CUESTA_Viento,2026-07-02,1782977400,2026-07-02 04:30:00,-1.6,83,6.0,13.0,146,1025.1,861.5,0.0,
CUESTA_Viento,2026-07-02,1782977700,2026-07-02 04:35:00,-1.6,83,10.1,20.2,92,1025.2,861.6,0.0,
CUESTA_Viento,2026-07-02,1782978000,2026-07-02 04:40:00,-1.7,83,7.1,18.4,106,1025.3,861.7,0.0,
CUESTA_Viento,2026-07-02,1782978300,2026-07-02 04:45:00,-1.6,83,5.5,13.0,150,1025.2,861.6,0.0,
CUESTA_Viento,2026-07-02,1782978600,2026-07-02 04:50:00,-1.6,83,7.8,13.0,102,1025.1,861.5,0.0,
CUESTA_Viento,2026-07-02,1782978900,2026-07-02 04:55:00,-1.6,83,5.8,13.0,119,1025.1,861.5,0.0,
CUESTA_Viento,2026-07-02,1782979200,2026-07-02 05:00:00,-1.6,83,8.9,16.6,132,1025.3,861.7,0.0,
CUESTA_Viento,2026-07-02,1782979500,2026-07-02 05:05:00,-1.7,84,6.8,11.2,139,1025.2,861.6,0.0,
CUESTA_Viento,2026-07-02,1782979800,2026-07-02 05:10:00,-1.7,84,5.3,9.4,130,1025.2,861.6,0.0,
CUESTA_Viento,2026-07-02,1782980100,2026-07-02 05:15:00,-1.7,83,6.1,18.4,80,1025.0,861.4,0.0,
CUESTA_Viento,2026-07-02,1782980400,2026-07-02 05:20:00,-1.7,83,6.4,16.6,99,1025.1,861.5,0.0,
CUESTA_Viento,2026-07-02,1782980700,2026-07-02 05:25:00,-1.7,83,7.2,14.8,100,1025.1,861.5,0.0,
CUESTA_Viento,2026-07-02,1782981000,2026-07-02 05:30:00,-1.7,83,6.7,13.0,149,1025.0,861.4,0.0,
CUESTA_Viento,2026-07-02,1782981300,2026-07-02 05:35:00,-1.7,83,7.9,16.6,135,1025.0,861.4,0.0,
CUESTA_Viento,2026-07-02,1782981600,2026-07-02 05:40:00,-1.7,83,4.3,14.8,155,1025.0,861.4,0.0,
CUESTA_Viento,2026-07-02,1782981900,2026-07-02 05:45:00,-1.7,83,3.7,11.2,133,1025.0,861.4,0.0,
CUESTA_Viento,2026-07-02,1782982200,2026-07-02 05:50:00,-1.7,83,7.1,16.6,133,1024.9,861.3,0.0,
CUESTA_Viento,2026-07-02,1782982500,2026-07-02 05:55:00,-1.7,83,5.8,11.2,145,1025.0,861.4,0.0,
CUESTA_Viento,2026-07-02,1782982800,2026-07-02 06:00:00,-1.7,83,5.5,16.6,133,1025.0,861.4,0.0,
CUESTA_Viento,2026-07-02,1782983100,2026-07-02 06:05:00,-1.7,83,5.2,13.0,129,1025.0,861.4,0.0,
CUESTA_Viento,2026-07-02,1782983400,2026-07-02 06:10:00,-1.7,83,4.1,9.4,144,1024.9,861.3,0.0,
CUESTA_Viento,2026-07-02,1782983700,2026-07-02 06:15:00,-1.7,83,5.0,11.2,151,1024.8,861.3,0.0,
CUESTA_Viento,2026-07-02,1782984000,2026-07-02 06:20:00,-1.7,83,4.4,11.2,132,1024.9,861.3,0.0,
CUESTA_Viento,2026-07-02,1782984300,2026-07-02 06:25:00,-1.7,82,6.4,14.8,139,1024.9,861.3,0.0,
CUESTA_Viento,2026-07-02,1782984600,2026-07-02 06:30:00,-1.7,82,3.0,11.2,162,1024.9,861.3,0.0,
CUESTA_Viento,2026-07-02,1782984900,2026-07-02 06:35:00,-1.7,82,6.1,9.4,147,1025.0,861.4,0.0,
CUESTA_Viento,2026-07-02,1782985200,2026-07-02 06:40:00,-1.7,82,7.3,18.4,180,1025.0,861.4,0.0,
CUESTA_Viento,2026-07-02,1782985500,2026-07-02 06:45:00,-1.7,82,3.0,14.8,170,1025.0,861.4,0.0,
CUESTA_Viento,2026-07-02,1782985800,2026-07-02 06:50:00,-1.7,81,7.5,16.6,123,1025.0,861.4,0.0,
CUESTA_Viento,2026-07-02,1782986100,2026-07-02 06:55:00,-1.6,81,7.8,14.8,170,1025.1,861.5,0.0,
CUESTA_Viento,2026-07-02,1782986400,2026-07-02 07:00:00,-1.6,82,5.3,11.2,176,1025.1,861.5,0.0,
CUESTA_Viento,2026-07-02,1782986700,2026-07-02 07:05:00,-1.6,82,7.6,18.4,191,1025.2,861.6,0.0,
CUESTA_Viento,2026-07-02,1782987000,2026-07-02 07:10:00,-1.6,82,8.6,14.8,185,1025.2,861.6,0.0,
CUESTA_Viento,2026-07-02,1782987300,2026-07-02 07:15:00,-1.7,83,7.0,11.2,178,1025.2,861.6,0.0,
CUESTA_Viento,2026-07-02,1782987600,2026-07-02 07:20:00,-1.7,83,7.8,13.0,175,1025.3,861.7,0.0,
CUESTA_Viento,2026-07-02,1782987900,2026-07-02 07:25:00,-1.7,83,9.6,18.4,180,1025.3,861.7,0.0,
CUESTA_Viento,2026-07-02,1782988200,2026-07-02 07:30:00,-1.7,83,6.9,20.2,180,1025.3,861.7,0.0,
CUESTA_Viento,2026-07-02,1782988500,2026-07-02 07:35:00,-1.7,83,5.8,14.8,153,1025.4,861.8,0.0,
CUESTA_Viento,2026-07-02,1782988800,2026-07-02 07:40:00,-1.8,83,7.1,18.4,152,1025.4,861.8,0.0,
CUESTA_Viento,2026-07-02,1782989100,2026-07-02 07:45:00,-1.8,83,8.6,20.2,187,1025.3,861.7,0.0,
CUESTA_Viento,2026-07-02,1782989400,2026-07-02 07:50:00,-1.8,84,8.0,13.0,174,1025.4,861.8,0.0,
CUESTA_Viento,2026-07-02,1782989700,2026-07-02 07:55:00,-1.8,84,9.6,20.2,170,1025.3,861.7,0.0,
CUESTA_Viento,2026-07-02,1782990000,2026-07-02 08:00:00,-1.8,84,9.6,16.6,203,1025.4,861.8,0.0,
CUESTA_Viento,2026-07-02,1782990300,2026-07-02 08:05:00,-1.8,84,9.8,20.2,186,1025.4,861.8,0.0,
CUESTA_Viento,2026-07-02,1782990600,2026-07-02 08:10:00,-1.8,84,7.7,18.4,175,1025.5,861.9,0.0,
CUESTA_Viento,2026-07-02,1782990900,2026-07-02 08:15:00,-1.8,84,6.8,16.6,185,1025.4,861.8,0.0,
CUESTA_Viento,2026-07-02,1782991200,2026-07-02 08:20:00,-1.8,84,8.9,18.4,183,1025.5,861.9,0.0,
CUESTA_Viento,2026-07-02,1782991500,2026-07-02 08:25:00,-1.9,85,8.7,13.0,188,1025.5,861.9,0.0,
CUESTA_Viento,2026-07-02,1782991800,2026-07-02 08:30:00,-1.9,85,7.9,14.8,183,1025.5,861.9,0.0,
CUESTA_Viento,2026-07-02,1782992100,2026-07-02 08:35:00,-1.8,85,10.0,22.0,185,1025.5,861.9,0.0,
CUESTA_Viento,2026-07-02,1782992400,2026-07-02 08:40:00,-1.8,84,7.3,14.8,188,1025.6,862.0,0.0,
CUESTA_Viento,2026-07-02,1782992700,2026-07-02 08:45:00,-1.8,84,8.0,14.8,196,1025.6,862.0,0.0,
CUESTA_Viento,2026-07-02,1782993000,2026-07-02 08:50:00,-1.8,84,8.8,14.8,187,1025.6,862.0,0.0,
CUESTA_Viento,2026-07-02,1782993300,2026-07-02 08:55:00,-1.8,84,10.4,18.4,203,1025.6,862.0,0.0,
CUESTA_Viento,2026-07-02,1782993600,2026-07-02 09:00:00,-1.7,83,6.5,11.2,175,1025.7,862.1,0.0,
CUESTA_Viento,2026-07-02,1782993900,2026-07-02 09:05:00,-1.7,83,8.1,13.0,197,1025.7,862.1,0.0,
CUESTA_Viento,2026-07-02,1782994200,2026-07-02 09:10:00,-1.6,83,5.1,11.2,201,1025.6,862.0,0.0,
CUESTA_Viento,2026-07-02,1782994500,2026-07-02 09:15:00,-1.6,83,10.4,16.6,186,1025.7,862.1,0.0,
CUESTA_Viento,2026-07-02,1782994800,2026-07-02 09:20:00,-1.6,83,8.5,13.0,199,1025.8,862.2,0.0,
CUESTA_Viento,2026-07-02,1782995100,2026-07-02 09:25:00,-1.5,83,8.5,14.8,193,1025.6,862.0,0.0,
CUESTA_Viento,2026-07-02,1782995400,2026-07-02 09:30:00,-1.5,82,9.9,16.6,189,1025.8,862.2,0.0,
CUESTA_Viento,2026-07-02,1782995700,2026-07-02 09:35:00,-1.5,82,7.6,13.0,188,1025.7,862.1,0.0,
CUESTA_Viento,2026-07-02,1782996000,2026-07-02 09:40:00,-1.4,82,8.3,14.8,192,1025.7,862.1,0.0,
CUESTA_Viento,2026-07-02,1782996300,2026-07-02 09:45:00,-1.4,82,9.1,13.0,192,1025.7,862.1,0.0,
CUESTA_Viento,2026-07-02,1782996600,2026-07-02 09:50:00,-1.4,82,7.6,13.0,197,1025.7,862.1,0.0,
CUESTA_Viento,2026-07-02,1782996900,2026-07-02 09:55:00,-1.3,82,8.3,13.0,183,1025.7,862.1,0.0,
CUESTA_Viento,2026-07-02,1782997200,2026-07-02 10:00:00,-1.3,82,6.6,13.0,181,1025.8,862.2,0.0,
CUESTA_Viento,2026-07-02,1782997500,2026-07-02 10:05:00,-1.2,81,9.7,13.0,198,1025.7,862.1,0.0,
CUESTA_Viento,2026-07-02,1782997800,2026-07-02 10:10:00,-1.2,81,7.9,13.0,184,1025.7,862.1,0.0,
CUESTA_Viento,2026-07-02,1782998100,2026-07-02 10:15:00,-1.1,81,6.1,11.2,187,1025.7,862.1,0.0,
CUESTA_Viento,2026-07-02,1782998400,2026-07-02 10:20:00,-1.0,81,4.5,7.2,200,1025.7,862.1,0.0,
CUESTA_Viento,2026-07-02,1782998700,2026-07-02 10:25:00,-0.9,81,6.2,11.2,196,1025.7,862.1,0.0,
CUESTA_Viento,2026-07-02,1782999000,2026-07-02 10:30:00,-0.8,81,8.2,14.8,185,1025.8,862.2,0.0,
CUESTA_Viento,2026-07-02,1782999300,2026-07-02 10:35:00,-0.7,80,6.3,11.2,202,1025.6,862.0,0.0,
CUESTA_Viento,2026-07-02,1782999600,2026-07-02 10:40:00,-0.5,80,5.2,9.4,185,1025.6,862.0,0.0,
CUESTA_Viento,2026-07-02,1782999900,2026-07-02 10:45:00,-0.3,79,6.3,9.4,190,1025.6,862.0,0.0,
CUESTA_Viento,2026-07-02,1783000200,2026-07-02 10:50:00,-0.3,79,6.7,9.4,172,1025.5,861.9,0.0,
CUESTA_Viento,2026-07-02,1783000500,2026-07-02 10:55:00,-0.1,78,5.0,11.2,167,1025.5,861.9,0.0,
CUESTA_Viento,2026-07-02,1783000800,2026-07-02 11:00:00,0.1,77,5.7,9.4,195,1025.5,861.9,0.0,
CUESTA_Viento,2026-07-02,1783001100,2026-07-02 11:05:00,0.3,77,5.5,11.2,184,1025.5,861.9,0.0,
CUESTA_Viento,2026-07-02,1783001400,2026-07-02 11:10:00,0.5,75,5.5,13.0,176,1025.4,861.8,0.0,
CUESTA_Viento,2026-07-02,1783001700,2026-07-02 11:15:00,0.6,75,3.1,7.2,185,1025.4,861.8,0.0,
CUESTA_Viento,2026-07-02,1783002000,2026-07-02 11:20:00,0.6,74,4.3,7.2,189,1025.3,861.7,0.0,
CUESTA_Viento,2026-07-02,1783002300,2026-07-02 11:25:00,0.6,74,2.7,7.2,198,1025.3,861.7,0.0,
CUESTA_Viento,2026-07-02,1783002600,2026-07-02 11:30:00,0.6,74,4.5,9.4,184,1025.3,861.7,0.0,
CUESTA_Viento,2026-07-02,1783002900,2026-07-02 11:35:00,0.7,73,3.7,7.2,177,1025.2,861.6,0.0,
CUESTA_Viento,2026-07-02,1783003200,2026-07-02 11:40:00,0.9,72,4.1,7.2,193,1025.2,861.6,0.0,
CUESTA_Viento,2026-07-02,1783003500,2026-07-02 11:45:00,0.8,72,3.2,9.4,176,1024.9,861.3,0.0,
CUESTA_Viento,2026-07-02,1783003800,2026-07-02 11:50:00,1.2,71,2.5,5.4,179,1024.9,861.3,0.0,
CUESTA_Viento,2026-07-02,1783004100,2026-07-02 11:55:00,1.5,70,2.2,5.4,180,1024.8,861.2,0.0,
CUESTA_Viento,2026-07-02,1783004400,2026-07-02 12:00:00,1.6,70,3.2,7.2,167,1024.7,861.1,0.0,
CUESTA_Viento,2026-07-02,1783004700,2026-07-02 12:05:00,1.7,70,3.2,7.2,182,1024.6,861.1,0.0,
CUESTA_Viento,2026-07-02,1783005000,2026-07-02 12:10:00,1.7,70,4.6,9.4,156,1024.6,861.0,0.0,
CUESTA_Viento,2026-07-02,1783005300,2026-07-02 12:15:00,1.9,69,3.3,11.2,199,1024.4,860.8,0.0,
CUESTA_Viento,2026-07-02,1783005600,2026-07-02 12:20:00,1.7,69,5.6,13.0,188,1024.5,860.9,0.0,
CUESTA_Viento,2026-07-02,1783005900,2026-07-02 12:25:00,1.7,69,7.0,13.0,193,1024.4,860.8,0.0,
CUESTA_Viento,2026-07-02,1783006200,2026-07-02 12:30:00,1.7,69,5.9,13.0,198,1024.3,860.7,0.0,
CUESTA_Viento,2026-07-02,1783006500,2026-07-02 12:35:00,1.6,69,8.2,16.6,195,1024.2,860.6,0.0,
CUESTA_Viento,2026-07-02,1783006800,2026-07-02 12:40:00,1.7,68,9.2,14.8,194,1024.1,860.5,0.0,
CUESTA_Viento,2026-07-02,1783007100,2026-07-02 12:45:00,1.8,68,7.6,16.6,194,1024.1,860.5,0.0,
CUESTA_Viento,2026-07-02,1783007400,2026-07-02 12:50:00,1.8,68,10.2,20.2,200,1023.9,860.4,0.0,
CUESTA_Viento,2026-07-02,1783007700,2026-07-02 12:55:00,1.7,68,12.4,20.2,181,1023.9,860.3,0.0,
CUESTA_Viento,2026-07-02,1783008000,2026-07-02 13:00:00,1.8,67,8.7,13.0,201,1023.9,860.3,0.0,
CUESTA_Viento,2026-07-02,1783008300,2026-07-02 13:05:00,1.9,67,11.1,16.6,196,1023.7,860.1,0.0,
CUESTA_Viento,2026-07-02,1783008600,2026-07-02 13:10:00,2.0,67,13.5,23.8,187,1023.6,860.0,0.0,
CUESTA_Viento,2026-07-02,1783008900,2026-07-02 13:15:00,2.0,67,9.8,16.6,201,1023.5,859.9,0.0,
CUESTA_Viento,2026-07-02,1783009200,2026-07-02 13:20:00,2.1,67,11.0,18.4,189,1023.5,859.9,0.0,
CUESTA_Viento,2026-07-02,1783009500,2026-07-02 13:25:00,2.2,67,10.5,22.0,187,1023.3,859.7,0.0,
CUESTA_Viento,2026-07-02,1783009800,2026-07-02 13:30:00,2.0,66,11.4,20.2,203,1023.2,859.6,0.0,
CUESTA_Viento,2026-07-02,1783010100,2026-07-02 13:35:00,2.4,66,10.3,16.6,202,1022.9,859.3,0.0,
CUESTA_Viento,2026-07-02,1783010400,2026-07-02 13:40:00,2.2,66,13.4,18.4,208,1023.0,859.4,0.0,
CUESTA_Viento,2026-07-02,1783010700,2026-07-02 13:45:00,2.3,66,9.2,18.4,196,1022.8,859.2,0.0,
CUESTA_Viento,2026-07-02,1783011000,2026-07-02 13:50:00,2.2,66,14.8,25.6,189,1022.8,859.2,0.0,
CUESTA_Viento,2026-07-02,1783011300,2026-07-02 13:55:00,2.2,66,12.2,23.8,201,1022.6,859.0,0.0,
CUESTA_Viento,2026-07-02,1783011600,2026-07-02 14:00:00,2.2,66,13.7,22.0,181,1022.5,858.9,0.0,
CUESTA_Viento,2026-07-02,1783011900,2026-07-02 14:05:00,2.3,66,14.8,22.0,189,1022.4,858.8,0.0,
CUESTA_Viento,2026-07-02,1783012200,2026-07-02 14:10:00,2.2,66,14.8,22.0,192,1022.3,858.7,0.0,
CUESTA_Viento,2026-07-02,1783012500,2026-07-02 14:15:00,2.1,67,14.9,27.7,191,1022.3,858.6,0.0,
CUESTA_Viento,2026-07-02,1783012800,2026-07-02 14:20:00,2.0,67,11.4,20.2,202,1022.2,858.6,0.0,
CUESTA_Viento,2026-07-02,1783013100,2026-07-02 14:25:00,2.1,67,15.6,23.8,190,1022.1,858.5,0.0,
CUESTA_Viento,2026-07-02,1783013400,2026-07-02 14:30:00,1.8,68,11.0,20.2,165,1022.1,858.5,0.0,
CUESTA_Viento,2026-07-02,1783013700,2026-07-02 14:35:00,2.1,67,11.5,25.6,191,1022.0,858.4,0.0,
CUESTA_Viento,2026-07-02,1783014000,2026-07-02 14:40:00,2.2,67,17.3,29.5,195,1021.9,858.3,0.0,
CUESTA_Viento,2026-07-02,1783014300,2026-07-02 14:45:00,2.1,66,11.1,22.0,184,1021.7,858.1,0.0,
CUESTA_Viento,2026-07-02,1783014600,2026-07-02 14:50:00,2.2,66,14.7,23.8,188,1021.6,858.0,0.0,
CUESTA_Viento,2026-07-02,1783014900,2026-07-02 14:55:00,2.2,66,10.7,18.4,193,1021.7,858.1,0.0,
CUESTA_Viento,2026-07-02,1783015200,2026-07-02 15:00:00,2.3,66,7.9,22.0,165,1021.7,858.1,0.0,
CUESTA_Viento,2026-07-02,1783015500,2026-07-02 15:05:00,2.5,65,8.5,16.6,176,1021.7,858.1,0.0,
CUESTA_Viento,2026-07-02,1783015800,2026-07-02 15:10:00,2.0,67,14.3,33.1,167,1021.5,857.9,0.0,
CUESTA_Viento,2026-07-02,1783016100,2026-07-02 15:15:00,1.8,68,13.0,29.5,183,1021.5,857.9,0.0,
CUESTA_Viento,2026-07-02,1783016400,2026-07-02 15:20:00,1.7,68,17.4,31.3,200,1021.6,858.0,0.0,
CUESTA_Viento,2026-07-02,1783016700,2026-07-02 15:25:00,1.5,69,14.0,22.0,193,1021.4,857.8,0.0,
CUESTA_Viento,2026-07-02,1783017000,2026-07-02 15:30:00,1.6,69,15.5,33.1,183,1021.4,857.8,0.0,
CUESTA_Viento,2026-07-02,1783017300,2026-07-02 15:35:00,1.5,69,9.0,20.2,172,1021.5,857.9,0.0,
CUESTA_Viento,2026-07-02,1783017600,2026-07-02 15:40:00,1.3,71,10.7,29.5,175,1021.5,857.9,0.0,
CUESTA_Viento,2026-07-02,1783017900,2026-07-02 15:45:00,1.1,71,12.2,34.9,179,1021.5,857.9,0.0,
CUESTA_Viento,2026-07-02,1783018200,2026-07-02 15:50:00,1.0,72,16.5,34.9,171,1021.5,857.9,0.0,
CUESTA_Viento,2026-07-02,1783018500,2026-07-02 15:55:00,0.8,73,15.3,31.3,169,1021.6,858.0,0.0,
CUESTA_Viento,2026-07-02,1783018800,2026-07-02 16:00:00,0.9,73,12.2,22.0,121,1021.5,857.9,0.0,
CUESTA_Viento,2026-07-02,1783019100,2026-07-02 16:05:00,0.9,73,15.0,36.7,161,1021.5,857.9,0.0,
CUESTA_Viento,2026-07-02,1783019400,2026-07-02 16:10:00,0.7,74,17.6,36.7,199,1021.4,857.8,0.0,
CUESTA_Viento,2026-07-02,1783019700,2026-07-02 16:15:00,0.5,75,7.0,13.0,157,1021.5,857.9,0.0,
CUESTA_Viento,2026-07-02,1783020000,2026-07-02 16:20:00,0.6,75,10.2,20.2,132,1021.5,857.9,0.0,
CUESTA_Viento,2026-07-02,1783020300,2026-07-02 16:25:00,0.7,75,7.7,22.0,192,1021.7,858.1,0.0,
CUESTA_Viento,2026-07-02,1783020600,2026-07-02 16:30:00,0.8,74,9.4,18.4,80,1021.5,857.9,0.0,
CUESTA_Viento,2026-07-02,1783020900,2026-07-02 16:35:00,0.6,75,8.4,20.2,145,1021.6,858.0,0.0,
CUESTA_Viento,2026-07-02,1783021200,2026-07-02 16:40:00,0.6,75,12.2,27.7,119,1021.5,857.9,0.0,
CUESTA_Viento,2026-07-02,1783021500,2026-07-02 16:45:00,0.5,75,9.9,22.0,102,1021.3,857.7,0.0,
CUESTA_Viento,2026-07-02,1783021800,2026-07-02 16:50:00,0.7,74,8.2,16.6,91,1021.4,857.8,0.0,
CUESTA_Viento,2026-07-02,1783022100,2026-07-02 16:55:00,0.6,74,9.1,22.0,79,1021.4,857.8,0.0,
CUESTA_Viento,2026-07-02,1783022400,2026-07-02 17:00:00,0.6,74,12.5,27.7,93,1021.2,857.6,0.0,
CUESTA_Viento,2026-07-02,1783022700,2026-07-02 17:05:00,0.7,74,10.8,23.8,146,1021.4,857.8,0.0,
CUESTA_Viento,2026-07-02,1783023000,2026-07-02 17:10:00,0.5,74,12.5,27.7,85,1021.4,857.8,0.0,
CUESTA_Viento,2026-07-02,1783023300,2026-07-02 17:15:00,0.5,75,15.8,31.3,70,1021.4,857.8,0.0,
CUESTA_Viento,2026-07-02,1783023600,2026-07-02 17:20:00,0.2,76,14.5,34.9,84,1021.4,857.8,0.0,
CUESTA_Viento,2026-07-02,1783023900,2026-07-02 17:25:00,0.3,76,8.6,20.2,90,1021.4,857.8,0.0,
CUESTA_Viento,2026-07-02,1783024200,2026-07-02 17:30:00,0.1,77,14.8,36.7,179,1021.4,857.8,0.0,
CUESTA_Viento,2026-07-02,1783024500,2026-07-02 17:35:00,0.1,77,14.5,33.1,187,1021.5,857.9,0.0,
CUESTA_Viento,2026-07-02,1783024800,2026-07-02 17:40:00,0.0,77,10.5,22.0,162,1021.4,857.8,0.0,
CUESTA_Viento,2026-07-02,1783025100,2026-07-02 17:45:00,0.0,77,9.1,22.0,173,1021.6,858.0,0.0,
CUESTA_Viento,2026-07-02,1783025400,2026-07-02 17:50:00,-0.1,78,13.5,23.8,217,1021.6,858.0,0.0,
CUESTA_Viento,2026-07-02,1783025700,2026-07-02 17:55:00,-0.1,78,15.3,23.8,192,1021.6,858.0,0.0,
CUESTA_Viento,2026-07-02,1783026000,2026-07-02 18:00:00,-0.2,78,21.7,34.9,196,1021.8,858.2,0.0,
CUESTA_Viento,2026-07-02,1783026300,2026-07-02 18:05:00,-0.3,79,23.3,46.1,220,1021.8,858.2,0.0,
CUESTA_Viento,2026-07-02,1783026600,2026-07-02 18:10:00,-0.3,79,21.7,36.7,180,1021.7,858.1,0.0,
CUESTA_Viento,2026-07-02,1783026900,2026-07-02 18:15:00,-0.3,79,22.1,38.5,199,1021.9,858.3,0.0,
CUESTA_Viento,2026-07-02,1783027200,2026-07-02 18:20:00,-0.4,79,20.1,31.3,202,1022.1,858.5,0.0,
CUESTA_Viento,2026-07-02,1783027500,2026-07-02 18:25:00,-0.4,79,21.3,40.3,212,1022.0,858.4,0.0,
CUESTA_Viento,2026-07-02,1783027800,2026-07-02 18:30:00,-0.4,78,25.9,36.7,193,1022.0,858.4,0.0,
CUESTA_Viento,2026-07-02,1783028100,2026-07-02 18:35:00,-0.3,78,17.1,34.9,190,1022.2,858.6,0.0,
CUESTA_Viento,2026-07-02,1783028400,2026-07-02 18:40:00,-0.4,78,16.5,34.9,222,1022.1,858.5,0.0,
CUESTA_Viento,2026-07-02,1783028700,2026-07-02 18:45:00,-0.3,78,16.4,40.3,199,1022.1,858.5,0.0,
CUESTA_Viento,2026-07-02,1783029000,2026-07-02 18:50:00,-0.4,78,27.2,42.1,214,1022.2,858.5,0.0,
CUESTA_Viento,2026-07-02,1783029300,2026-07-02 18:55:00,-0.4,78,18.5,34.9,219,1022.1,858.5,0.0,
CUESTA_Viento,2026-07-02,1783029600,2026-07-02 19:00:00,-0.3,78,21.9,34.9,175,1022.2,858.5,0.0,
CUESTA_Viento,2026-07-02,1783029900,2026-07-02 19:05:00,-0.3,77,23.0,38.5,197,1022.2,858.6,0.0,
CUESTA_Viento,2026-07-02,1783030200,2026-07-02 19:10:00,-0.3,77,18.4,27.7,190,1022.1,858.5,0.0,
CUESTA_Viento,2026-07-02,1783030500,2026-07-02 19:15:00,-0.3,77,15.3,31.3,194,1022.3,858.6,0.0,
CUESTA_Viento,2026-07-02,1783030800,2026-07-02 19:20:00,-0.3,77,13.0,42.1,196,1022.1,858.4,0.0,
CUESTA_Viento,2026-07-02,1783031100,2026-07-02 19:25:00,-0.4,78,15.8,43.9,211,1022.2,858.6,0.0,
CUESTA_Viento,2026-07-02,1783031400,2026-07-02 19:30:00,-0.4,78,20.6,34.9,169,1022.3,858.7,0.0,
CUESTA_Viento,2026-07-02,1783031700,2026-07-02 19:35:00,-0.4,77,12.8,23.8,180,1022.2,858.6,0.0,
CUESTA_Viento,2026-07-02,1783032000,2026-07-02 19:40:00,-0.5,78,20.3,38.5,195,1022.2,858.5,0.0,
CUESTA_Viento,2026-07-02,1783032300,2026-07-02 19:45:00,-0.4,77,11.6,25.6,158,1022.3,858.7,0.0,
CUESTA_Viento,2026-07-02,1783032600,2026-07-02 19:50:00,-0.5,78,12.3,33.1,179,1022.2,858.6,0.0,
CUESTA_Viento,2026-07-02,1783032900,2026-07-02 19:55:00,-0.5,77,12.4,27.7,163,1022.3,858.7,0.0,
CUESTA_Viento,2026-07-02,1783033200,2026-07-02 20:00:00,-0.5,77,12.3,27.7,113,1022.2,858.6,0.0,
CUESTA_Viento,2026-07-02,1783033500,2026-07-02 20:05:00,-0.5,77,8.5,22.0,164,1022.2,858.6,0.0,
CUESTA_Viento,2026-07-02,1783033800,2026-07-02 20:10:00,-0.5,77,12.5,27.7,128,1022.3,858.7,0.0,
CUESTA_Viento,2026-07-02,1783034100,2026-07-02 20:15:00,-0.5,77,13.3,18.4,75,1022.3,858.7,0.0,
CUESTA_Viento,2026-07-02,1783034400,2026-07-02 20:20:00,-0.5,77,10.8,29.5,116,1022.3,858.7,0.0,
CUESTA_Viento,2026-07-02,1783034700,2026-07-02 20:25:00,-0.6,77,11.1,27.7,102,1022.4,858.8,0.0,
CUESTA_Viento,2026-07-02,1783035000,2026-07-02 20:30:00,-0.6,77,13.7,22.0,125,1022.4,858.7,0.0,
CUESTA_Viento,2026-07-02,1783035300,2026-07-02 20:35:00,-0.6,77,11.5,23.8,100,1022.4,858.7,0.0,
CUESTA_Viento,2026-07-02,1783035600,2026-07-02 20:40:00,-0.5,77,9.2,16.6,147,1022.4,858.7,0.0,
CUESTA_Viento,2026-07-02,1783035900,2026-07-02 20:45:00,-0.5,76,12.8,22.0,114,1022.3,858.7,0.0,
CUESTA_Viento,2026-07-02,1783036200,2026-07-02 20:50:00,-0.5,76,6.8,18.4,133,1022.4,858.7,0.0,
CUESTA_Viento,2026-07-02,1783036500,2026-07-02 20:55:00,-0.5,76,7.6,23.8,93,1022.3,858.7,0.0,
CUESTA_Viento,2026-07-02,1783036800,2026-07-02 21:00:00,-0.5,76,13.1,27.7,115,1022.5,858.9,0.0,
CUESTA_Viento,2026-07-02,1783037100,2026-07-02 21:05:00,-0.7,76,4.2,13.0,90,1022.6,859.0,0.0,
CUESTA_Viento,2026-07-02,1783037400,2026-07-02 21:10:00,-0.7,77,11.0,23.8,123,1022.5,858.9,0.0,
CUESTA_Viento,2026-07-02,1783037700,2026-07-02 21:15:00,-0.7,77,9.6,29.5,77,1022.4,858.8,0.0,
CUESTA_Viento,2026-07-02,1783038000,2026-07-02 21:20:00,-0.7,77,9.9,25.6,114,1022.5,858.9,0.0,
CUESTA_Viento,2026-07-02,1783038300,2026-07-02 21:25:00,-0.7,78,10.5,27.7,158,1022.6,859.0,0.0,
CUESTA_Viento,2026-07-02,1783038600,2026-07-02 21:30:00,-0.8,78,6.3,18.4,183,1022.5,858.9,0.0,
CUESTA_Viento,2026-07-02,1783038900,2026-07-02 21:35:00,-0.8,78,7.8,18.4,152,1022.6,859.0,0.0,
CUESTA_Viento,2026-07-02,1783039200,2026-07-02 21:40:00,-0.7,78,12.2,27.7,100,1022.6,859.0,0.0,
CUESTA_Viento,2026-07-02,1783039500,2026-07-02 21:45:00,-0.8,78,12.0,23.8,230,1022.7,859.1,0.0,
CUESTA_Viento,2026-07-02,1783039800,2026-07-02 21:50:00,-0.8,79,5.8,16.6,154,1022.6,859.0,0.0,
CUESTA_Viento,2026-07-02,1783040100,2026-07-02 21:55:00,-0.8,79,11.0,22.0,186,1022.7,859.1,0.0,
CUESTA_Viento,2026-07-02,1783040400,2026-07-02 22:00:00,-0.8,79,7.2,18.4,91,1022.7,859.1,0.0,
CUESTA_Viento,2026-07-02,1783040700,2026-07-02 22:05:00,-0.8,78,4.5,16.6,174,1022.6,859.1,0.0,
CUESTA_Viento,2026-07-02,1783041000,2026-07-02 22:10:00,-0.8,78,12.0,27.7,193,1022.6,859.0,0.0,
CUESTA_Viento,2026-07-02,1783041300,2026-07-02 22:15:00,-0.8,78,11.8,20.2,181,1022.6,859.1,0.0,
CUESTA_Viento,2026-07-02,1783041600,2026-07-02 22:20:00,-0.8,77,13.8,31.3,181,1022.5,858.9,0.0,
CUESTA_Viento,2026-07-02,1783041900,2026-07-02 22:25:00,-0.8,77,7.4,16.6,161,1022.6,859.0,0.0,
CUESTA_Viento,2026-07-02,1783042200,2026-07-02 22:30:00,-0.8,77,5.7,14.8,106,1022.6,859.0,0.0,
CUESTA_Viento,2026-07-02,1783042500,2026-07-02 22:35:00,-0.7,77,10.1,23.8,146,1022.5,858.9,0.0,
CUESTA_Viento,2026-07-02,1783042800,2026-07-02 22:40:00,-0.7,77,6.8,16.6,150,1022.6,859.0,0.0,
CUESTA_Viento,2026-07-02,1783043100,2026-07-02 22:45:00,-0.7,77,7.3,14.8,126,1022.5,858.9,0.0,
CUESTA_Viento,2026-07-02,1783043400,2026-07-02 22:50:00,-0.7,77,9.0,16.6,167,1022.6,859.0,0.0,
CUESTA_Viento,2026-07-02,1783043700,2026-07-02 22:55:00,-0.7,77,5.1,16.6,183,1022.5,859.0,0.0,
CUESTA_Viento,2026-07-02,1783044000,2026-07-02 23:00:00,-0.7,77,7.8,16.6,143,1022.6,859.0,0.0,
CUESTA_Viento,2026-07-02,1783044300,2026-07-02 23:05:00,-0.7,77,4.2,11.2,183,1022.6,859.0,0.0,
CUESTA_Viento,2026-07-02,1783044600,2026-07-02 23:10:00,-0.7,77,4.9,11.2,155,1022.6,859.0,0.0,
CUESTA_Viento,2026-07-02,1783044900,2026-07-02 23:15:00,-0.7,77,4.8,14.8,185,1022.6,859.0,0.0,
CUESTA_Viento,2026-07-02,1783045200,2026-07-02 23:20:00,-0.7,76,6.7,13.0,166,1022.5,858.9,0.0,
CUESTA_Viento,2026-07-02,1783045500,2026-07-02 23:25:00,-0.7,76,6.2,13.0,143,1022.6,859.0,0.0,
CUESTA_Viento,2026-07-02,1783045800,2026-07-02 23:30:00,-0.6,76,7.1,18.4,187,1022.5,858.9,0.0,
CUESTA_Viento,2026-07-02,1783046100,2026-07-02 23:35:00,-0.5,75,9.6,20.2,212,1022.4,858.7,0.0,
CUESTA_Viento,2026-07-02,1783046400,2026-07-02 23:40:00,-0.5,76,10.4,31.3,178,1022.5,858.9,0.0,
CUESTA_Viento,2026-07-02,1783046700,2026-07-02 23:45:00,-0.6,76,2.7,7.2,189,1022.4,858.8,0.0,
CUESTA_Viento,2026-07-02,1783047000,2026-07-02 23:50:00,-0.7,76,8.2,23.8,160,1022.5,858.8,0.0,
CUESTA_Viento,2026-07-02,1783047300,2026-07-02 23:55:00,-0.6,76,5.4,14.8,189,1022.5,858.8,0.0,
ULLUM_EMBALSE,2026-07-02,1782961200,2026-07-02 00:00:00,0.1,93,9.0,11.2,192,1026.0,940.3,0.0,
ULLUM_EMBALSE,2026-07-02,1782961500,2026-07-02 00:05:00,0.0,93,7.8,13.0,184,1026.1,940.4,0.0,
ULLUM_EMBALSE,2026-07-02,1782961800,2026-07-02 00:10:00,0.1,93,7.2,11.2,188,1025.9,940.1,0.0,
ULLUM_EMBALSE,2026-07-02,1782962100,2026-07-02 00:15:00,0.1,93,8.0,11.2,185,1026.1,940.4,0.0,
ULLUM_EMBALSE,2026-07-02,1782962400,2026-07-02 00:20:00,0.0,93,9.4,14.8,165,1026.0,940.3,0.0,
ULLUM_EMBALSE,2026-07-02,1782962700,2026-07-02 00:25:00,0.0,93,9.4,14.8,176,1025.8,940.1,0.0,
ULLUM_EMBALSE,2026-07-02,1782963000,2026-07-02 00:30:00,0.0,93,10.6,14.8,167,1026.0,940.3,0.0,
ULLUM_EMBALSE,2026-07-02,1782963300,2026-07-02 00:35:00,-0.1,93,9.3,16.6,171,1026.0,940.3,0.0,
ULLUM_EMBALSE,2026-07-02,1782963600,2026-07-02 00:40:00,0.0,93,9.5,14.8,174,1026.0,940.3,0.0,
ULLUM_EMBALSE,2026-07-02,1782963900,2026-07-02 00:45:00,-0.1,93,9.0,13.0,176,1026.0,940.3,0.0,
ULLUM_EMBALSE,2026-07-02,1782964200,2026-07-02 00:50:00,0.0,93,10.1,13.0,169,1026.1,940.4,0.0,
ULLUM_EMBALSE,2026-07-02,1782964500,2026-07-02 00:55:00,0.0,93,7.5,11.2,158,1026.1,940.4,0.0,
ULLUM_EMBALSE,2026-07-02,1782964800,2026-07-02 01:00:00,0.2,93,9.4,13.0,175,1026.1,940.4,0.0,
ULLUM_EMBALSE,2026-07-02,1782965100,2026-07-02 01:05:00,0.1,93,9.6,14.8,182,1026.2,940.5,0.0,
ULLUM_EMBALSE,2026-07-02,1782965400,2026-07-02 01:10:00,0.0,93,10.3,14.8,175,1026.2,940.5,0.0,
ULLUM_EMBALSE,2026-07-02,1782965700,2026-07-02 01:15:00,0.0,93,11.0,16.6,167,1026.2,940.5,0.0,
ULLUM_EMBALSE,2026-07-02,1782966000,2026-07-02 01:20:00,0.0,93,10.1,16.6,175,1026.1,940.4,0.0,
ULLUM_EMBALSE,2026-07-02,1782966300,2026-07-02 01:25:00,-0.1,93,10.8,14.8,171,1026.2,940.4,0.0,
ULLUM_EMBALSE,2026-07-02,1782966600,2026-07-02 01:30:00,0.0,93,8.9,13.0,174,1026.2,940.5,0.0,
ULLUM_EMBALSE,2026-07-02,1782966900,2026-07-02 01:35:00,0.0,93,11.3,14.8,166,1026.1,940.4,0.0,
ULLUM_EMBALSE,2026-07-02,1782967200,2026-07-02 01:40:00,0.0,93,8.0,13.0,165,1026.1,940.4,0.0,
ULLUM_EMBALSE,2026-07-02,1782967500,2026-07-02 01:45:00,-0.1,93,10.2,14.8,175,1026.2,940.5,0.0,
ULLUM_EMBALSE,2026-07-02,1782967800,2026-07-02 01:50:00,-0.1,93,9.1,16.6,169,1026.2,940.5,0.0,
ULLUM_EMBALSE,2026-07-02,1782968100,2026-07-02 01:55:00,-0.2,93,10.2,14.8,173,1026.2,940.5,0.0,
ULLUM_EMBALSE,2026-07-02,1782968400,2026-07-02 02:00:00,-0.1,93,7.7,13.0,173,1026.3,940.6,0.0,
ULLUM_EMBALSE,2026-07-02,1782968700,2026-07-02 02:05:00,-0.1,92,10.7,14.8,169,1026.1,940.4,0.0,
ULLUM_EMBALSE,2026-07-02,1782969000,2026-07-02 02:10:00,-0.1,92,10.1,16.6,171,1026.2,940.5,0.0,
ULLUM_EMBALSE,2026-07-02,1782969300,2026-07-02 02:15:00,-0.1,92,9.0,14.8,181,1026.1,940.4,0.0,
ULLUM_EMBALSE,2026-07-02,1782969600,2026-07-02 02:20:00,-0.2,92,9.4,14.8,180,1026.1,940.4,0.0,
ULLUM_EMBALSE,2026-07-02,1782969900,2026-07-02 02:25:00,-0.1,92,9.1,13.0,180,1026.0,940.3,0.0,
ULLUM_EMBALSE,2026-07-02,1782970200,2026-07-02 02:30:00,-0.2,92,10.4,16.6,172,1026.0,940.3,0.0,
ULLUM_EMBALSE,2026-07-02,1782970500,2026-07-02 02:35:00,-0.2,92,9.0,14.8,186,1026.1,940.4,0.0,
ULLUM_EMBALSE,2026-07-02,1782970800,2026-07-02 02:40:00,-0.2,92,9.2,13.0,180,1026.0,940.3,0.0,
ULLUM_EMBALSE,2026-07-02,1782971100,2026-07-02 02:45:00,-0.2,92,8.8,13.0,168,1026.0,940.3,0.0,
ULLUM_EMBALSE,2026-07-02,1782971400,2026-07-02 02:50:00,-0.2,92,9.4,13.0,175,1026.0,940.3,0.0,
ULLUM_EMBALSE,2026-07-02,1782971700,2026-07-02 02:55:00,-0.3,93,10.7,16.6,169,1026.0,940.3,0.0,
ULLUM_EMBALSE,2026-07-02,1782972000,2026-07-02 03:00:00,-0.3,93,9.4,13.0,176,1025.9,940.2,0.0,
ULLUM_EMBALSE,2026-07-02,1782972300,2026-07-02 03:05:00,-0.2,93,8.4,13.0,188,1025.8,940.1,0.0,
ULLUM_EMBALSE,2026-07-02,1782972600,2026-07-02 03:10:00,-0.2,93,8.6,13.0,184,1025.8,940.1,0.0,
ULLUM_EMBALSE,2026-07-02,1782972900,2026-07-02 03:15:00,-0.2,93,8.0,13.0,182,1025.8,940.1,0.0,
ULLUM_EMBALSE,2026-07-02,1782973200,2026-07-02 03:20:00,-0.3,93,7.2,11.2,184,1025.7,940.0,0.0,
ULLUM_EMBALSE,2026-07-02,1782973500,2026-07-02 03:25:00,-0.2,94,6.6,11.2,181,1025.6,939.9,0.0,
ULLUM_EMBALSE,2026-07-02,1782973800,2026-07-02 03:30:00,-0.2,94,6.6,9.4,192,1025.6,939.9,0.0,
ULLUM_EMBALSE,2026-07-02,1782974100,2026-07-02 03:35:00,-0.4,94,7.8,13.0,191,1025.5,939.8,0.0,
ULLUM_EMBALSE,2026-07-02,1782974400,2026-07-02 03:40:00,-0.3,94,8.1,13.0,191,1025.6,939.9,0.0,
ULLUM_EMBALSE,2026-07-02,1782974700,2026-07-02 03:45:00,-0.2,94,6.3,9.4,182,1025.6,939.9,0.0,
ULLUM_EMBALSE,2026-07-02,1782975000,2026-07-02 03:50:00,-0.3,94,6.8,13.0,184,1025.6,939.9,0.0,
ULLUM_EMBALSE,2026-07-02,1782975300,2026-07-02 03:55:00,-0.3,94,8.6,11.2,172,1025.6,939.9,0.0,
ULLUM_EMBALSE,2026-07-02,1782975600,2026-07-02 04:00:00,-0.3,94,7.1,9.4,178,1025.5,939.8,0.0,
ULLUM_EMBALSE,2026-07-02,1782975900,2026-07-02 04:05:00,-0.2,94,7.7,11.2,175,1025.4,939.7,0.0,
ULLUM_EMBALSE,2026-07-02,1782976200,2026-07-02 04:10:00,-0.3,94,6.0,11.2,168,1025.5,939.8,0.0,
ULLUM_EMBALSE,2026-07-02,1782976500,2026-07-02 04:15:00,-0.3,94,8.2,13.0,172,1025.4,939.7,0.0,
ULLUM_EMBALSE,2026-07-02,1782976800,2026-07-02 04:20:00,-0.3,94,7.7,11.2,180,1025.4,939.7,0.0,
ULLUM_EMBALSE,2026-07-02,1782977100,2026-07-02 04:25:00,-0.3,94,6.3,11.2,186,1025.4,939.7,0.0,
ULLUM_EMBALSE,2026-07-02,1782977400,2026-07-02 04:30:00,-0.4,94,6.8,11.2,180,1025.3,939.6,0.0,
ULLUM_EMBALSE,2026-07-02,1782977700,2026-07-02 04:35:00,-0.3,95,7.4,11.2,183,1025.3,939.6,0.0,
ULLUM_EMBALSE,2026-07-02,1782978000,2026-07-02 04:40:00,-0.4,95,5.8,9.4,188,1025.3,939.6,0.0,
ULLUM_EMBALSE,2026-07-02,1782978300,2026-07-02 04:45:00,-0.4,95,7.0,13.0,174,1025.3,939.5,0.0,
ULLUM_EMBALSE,2026-07-02,1782978600,2026-07-02 04:50:00,-0.4,95,6.9,9.4,167,1025.3,939.6,0.0,
ULLUM_EMBALSE,2026-07-02,1782978900,2026-07-02 04:55:00,-0.4,95,7.2,9.4,176,1025.2,939.5,0.0,
ULLUM_EMBALSE,2026-07-02,1782979200,2026-07-02 05:00:00,-0.5,95,7.9,11.2,171,1025.3,939.5,0.0,
ULLUM_EMBALSE,2026-07-02,1782979500,2026-07-02 05:05:00,-0.6,95,6.7,9.4,168,1025.3,939.6,0.0,
ULLUM_EMBALSE,2026-07-02,1782979800,2026-07-02 05:10:00,-0.7,95,7.8,11.2,166,1025.2,939.5,0.0,
ULLUM_EMBALSE,2026-07-02,1782980100,2026-07-02 05:15:00,-0.6,95,6.5,9.4,167,1025.2,939.5,0.0,
ULLUM_EMBALSE,2026-07-02,1782980400,2026-07-02 05:20:00,-0.5,95,5.0,9.4,174,1025.2,939.5,0.0,
ULLUM_EMBALSE,2026-07-02,1782980700,2026-07-02 05:25:00,-0.5,95,6.0,9.4,171,1025.2,939.5,0.0,
ULLUM_EMBALSE,2026-07-02,1782981000,2026-07-02 05:30:00,-0.6,95,4.0,7.2,171,1025.2,939.5,0.0,
ULLUM_EMBALSE,2026-07-02,1782981300,2026-07-02 05:35:00,-0.5,95,2.2,5.4,171,1025.2,939.4,0.0,
ULLUM_EMBALSE,2026-07-02,1782981600,2026-07-02 05:40:00,-0.5,95,2.7,5.4,171,1025.1,939.4,0.0,
ULLUM_EMBALSE,2026-07-02,1782981900,2026-07-02 05:45:00,-0.5,95,4.2,7.2,174,1025.1,939.4,0.0,
ULLUM_EMBALSE,2026-07-02,1782982200,2026-07-02 05:50:00,-0.5,95,4.1,7.2,174,1025.1,939.4,0.0,
ULLUM_EMBALSE,2026-07-02,1782982500,2026-07-02 05:55:00,-0.5,95,3.1,5.4,175,1025.0,939.3,0.0,
ULLUM_EMBALSE,2026-07-02,1782982800,2026-07-02 06:00:00,-0.4,95,5.4,7.2,175,1025.1,939.4,0.0,
ULLUM_EMBALSE,2026-07-02,1782983100,2026-07-02 06:05:00,-0.5,95,2.4,7.2,175,1025.1,939.4,0.0,
ULLUM_EMBALSE,2026-07-02,1782983400,2026-07-02 06:10:00,-0.4,95,4.7,7.2,175,1025.1,939.4,0.0,
ULLUM_EMBALSE,2026-07-02,1782983700,2026-07-02 06:15:00,-0.5,95,4.9,9.4,173,1025.0,939.3,0.0,
ULLUM_EMBALSE,2026-07-02,1782984000,2026-07-02 06:20:00,-0.4,95,4.5,7.2,178,1025.2,939.5,0.0,
ULLUM_EMBALSE,2026-07-02,1782984300,2026-07-02 06:25:00,-0.5,95,5.5,9.4,175,1025.1,939.4,0.0,
ULLUM_EMBALSE,2026-07-02,1782984600,2026-07-02 06:30:00,-0.4,95,4.8,7.2,170,1025.0,939.3,0.0,
ULLUM_EMBALSE,2026-07-02,1782984900,2026-07-02 06:35:00,-0.4,95,3.7,7.2,170,1025.0,939.3,0.0,
ULLUM_EMBALSE,2026-07-02,1782985200,2026-07-02 06:40:00,-0.4,95,3.5,5.4,170,1025.0,939.3,0.0,
ULLUM_EMBALSE,2026-07-02,1782985500,2026-07-02 06:45:00,-0.4,95,4.0,7.2,170,1025.0,939.3,0.0,
ULLUM_EMBALSE,2026-07-02,1782985800,2026-07-02 06:50:00,-0.5,95,5.8,7.2,170,1025.0,939.3,0.0,
ULLUM_EMBALSE,2026-07-02,1782986100,2026-07-02 06:55:00,-0.4,95,5.3,7.2,170,1025.0,939.3,0.0,
ULLUM_EMBALSE,2026-07-02,1782986400,2026-07-02 07:00:00,-0.3,95,4.9,9.4,169,1025.1,939.4,0.0,
ULLUM_EMBALSE,2026-07-02,1782986700,2026-07-02 07:05:00,-0.3,95,4.3,9.4,165,1024.9,939.3,0.0,
ULLUM_EMBALSE,2026-07-02,1782987000,2026-07-02 07:10:00,-0.3,95,4.3,7.2,166,1024.9,939.2,0.0,
ULLUM_EMBALSE,2026-07-02,1782987300,2026-07-02 07:15:00,-0.3,95,2.9,7.2,166,1025.0,939.3,0.0,
ULLUM_EMBALSE,2026-07-02,1782987600,2026-07-02 07:20:00,-0.3,95,4.4,5.4,166,1025.2,939.5,0.0,
ULLUM_EMBALSE,2026-07-02,1782987900,2026-07-02 07:25:00,-0.4,95,3.5,5.4,166,1025.2,939.5,0.0,
ULLUM_EMBALSE,2026-07-02,1782988200,2026-07-02 07:30:00,-0.4,96,2.5,5.4,166,1025.3,939.5,0.0,
ULLUM_EMBALSE,2026-07-02,1782988500,2026-07-02 07:35:00,-0.4,95,4.0,7.2,166,1025.3,939.6,0.0,
ULLUM_EMBALSE,2026-07-02,1782988800,2026-07-02 07:40:00,-0.4,96,3.5,5.4,166,1025.2,939.5,0.0,
ULLUM_EMBALSE,2026-07-02,1782989100,2026-07-02 07:45:00,-0.4,96,4.0,5.4,166,1025.3,939.6,0.0,
ULLUM_EMBALSE,2026-07-02,1782989400,2026-07-02 07:50:00,-0.4,96,4.0,5.4,166,1025.2,939.5,0.0,
ULLUM_EMBALSE,2026-07-02,1782989700,2026-07-02 07:55:00,-0.3,96,2.5,3.6,166,1025.2,939.5,0.0,
ULLUM_EMBALSE,2026-07-02,1782990000,2026-07-02 08:00:00,-0.3,95,1.4,1.8,166,1025.2,939.5,0.0,
ULLUM_EMBALSE,2026-07-02,1782990300,2026-07-02 08:05:00,-0.3,96,0.0,0.0,166,1025.2,939.5,0.0,
ULLUM_EMBALSE,2026-07-02,1782990600,2026-07-02 08:10:00,-0.3,95,0.1,1.8,166,1025.3,939.6,0.0,
ULLUM_EMBALSE,2026-07-02,1782990900,2026-07-02 08:15:00,-0.3,95,0.8,3.6,166,1025.3,939.5,0.0,
ULLUM_EMBALSE,2026-07-02,1782991200,2026-07-02 08:20:00,-0.2,95,0.9,1.8,166,1025.2,939.5,0.0,
ULLUM_EMBALSE,2026-07-02,1782991500,2026-07-02 08:25:00,-0.3,95,1.3,3.6,165,1025.1,939.4,0.0,
ULLUM_EMBALSE,2026-07-02,1782991800,2026-07-02 08:30:00,-0.2,95,0.4,1.8,166,1025.2,939.5,0.0,
ULLUM_EMBALSE,2026-07-02,1782992100,2026-07-02 08:35:00,-0.1,95,0.3,1.8,166,1025.1,939.4,0.0,
ULLUM_EMBALSE,2026-07-02,1782992400,2026-07-02 08:40:00,-0.1,95,2.8,3.6,166,1025.1,939.4,0.0,
ULLUM_EMBALSE,2026-07-02,1782992700,2026-07-02 08:45:00,-0.2,95,1.7,3.6,166,1025.2,939.5,0.0,
ULLUM_EMBALSE,2026-07-02,1782993000,2026-07-02 08:50:00,-0.2,95,1.8,3.6,166,1025.2,939.5,0.0,
ULLUM_EMBALSE,2026-07-02,1782993300,2026-07-02 08:55:00,-0.2,95,2.3,3.6,165,1025.2,939.5,0.0,
ULLUM_EMBALSE,2026-07-02,1782993600,2026-07-02 09:00:00,-0.2,95,1.7,3.6,165,1025.3,939.6,0.0,
ULLUM_EMBALSE,2026-07-02,1782993900,2026-07-02 09:05:00,-0.2,95,2.8,5.4,165,1025.3,939.6,0.0,
ULLUM_EMBALSE,2026-07-02,1782994200,2026-07-02 09:10:00,-0.1,95,2.4,5.4,165,1025.3,939.6,0.0,
ULLUM_EMBALSE,2026-07-02,1782994500,2026-07-02 09:15:00,0.0,95,1.9,3.6,165,1025.2,939.5,0.0,
ULLUM_EMBALSE,2026-07-02,1782994800,2026-07-02 09:20:00,0.1,95,3.0,5.4,165,1025.3,939.6,0.0,
ULLUM_EMBALSE,2026-07-02,1782995100,2026-07-02 09:25:00,0.1,95,3.5,5.4,165,1025.3,939.6,0.0,
ULLUM_EMBALSE,2026-07-02,1782995400,2026-07-02 09:30:00,0.1,95,2.6,5.4,165,1025.3,939.5,0.0,
ULLUM_EMBALSE,2026-07-02,1782995700,2026-07-02 09:35:00,0.1,95,4.0,5.4,165,1025.3,939.6,0.0,
ULLUM_EMBALSE,2026-07-02,1782996000,2026-07-02 09:40:00,0.0,95,4.6,7.2,165,1025.4,939.7,0.0,
ULLUM_EMBALSE,2026-07-02,1782996300,2026-07-02 09:45:00,0.0,94,3.3,5.4,165,1025.3,939.6,0.0,
ULLUM_EMBALSE,2026-07-02,1782996600,2026-07-02 09:50:00,0.1,94,1.0,5.4,165,1025.4,939.7,0.0,
ULLUM_EMBALSE,2026-07-02,1782996900,2026-07-02 09:55:00,0.4,94,0.7,3.6,165,1025.4,939.7,0.0,
ULLUM_EMBALSE,2026-07-02,1782997200,2026-07-02 10:00:00,0.3,94,2.7,7.2,165,1025.4,939.7,0.0,
ULLUM_EMBALSE,2026-07-02,1782997500,2026-07-02 10:05:00,0.3,93,2.5,3.6,165,1025.3,939.5,0.0,
ULLUM_EMBALSE,2026-07-02,1782997800,2026-07-02 10:10:00,0.4,93,2.6,5.4,165,1025.3,939.6,0.0,
ULLUM_EMBALSE,2026-07-02,1782998100,2026-07-02 10:15:00,0.4,92,4.5,7.2,165,1025.2,939.5,0.0,
ULLUM_EMBALSE,2026-07-02,1782998400,2026-07-02 10:20:00,0.5,92,2.5,5.4,165,1025.2,939.4,0.0,
ULLUM_EMBALSE,2026-07-02,1782998700,2026-07-02 10:25:00,0.6,91,2.4,5.4,165,1025.3,939.6,0.0,
ULLUM_EMBALSE,2026-07-02,1782999000,2026-07-02 10:30:00,0.7,91,2.2,3.6,165,1025.3,939.6,0.0,
ULLUM_EMBALSE,2026-07-02,1782999300,2026-07-02 10:35:00,0.7,90,1.9,3.6,165,1025.3,939.5,0.0,
ULLUM_EMBALSE,2026-07-02,1782999600,2026-07-02 10:40:00,0.9,89,0.6,1.8,165,1025.3,939.5,0.0,
ULLUM_EMBALSE,2026-07-02,1782999900,2026-07-02 10:45:00,1.2,89,0.3,1.8,166,1025.3,939.6,0.0,
ULLUM_EMBALSE,2026-07-02,1783000200,2026-07-02 10:50:00,1.4,88,0.9,1.8,165,1025.2,939.5,0.0,
ULLUM_EMBALSE,2026-07-02,1783000500,2026-07-02 10:55:00,1.3,87,0.9,3.6,165,1025.1,939.4,0.0,
ULLUM_EMBALSE,2026-07-02,1783000800,2026-07-02 11:00:00,1.8,86,0.1,1.8,165,1025.2,939.5,0.0,
ULLUM_EMBALSE,2026-07-02,1783001100,2026-07-02 11:05:00,1.9,85,0.6,1.8,166,1025.3,939.5,0.0,
ULLUM_EMBALSE,2026-07-02,1783001400,2026-07-02 11:10:00,1.8,84,1.2,3.6,165,1025.2,939.5,0.0,
ULLUM_EMBALSE,2026-07-02,1783001700,2026-07-02 11:15:00,1.9,82,1.2,3.6,165,1025.1,939.4,0.0,
ULLUM_EMBALSE,2026-07-02,1783002000,2026-07-02 11:20:00,2.1,81,1.3,3.6,166,1025.1,939.4,0.0,
ULLUM_EMBALSE,2026-07-02,1783002300,2026-07-02 11:25:00,2.2,80,1.9,3.6,165,1025.1,939.4,0.0,
ULLUM_EMBALSE,2026-07-02,1783002600,2026-07-02 11:30:00,2.3,79,2.4,7.2,125,1025.0,939.3,0.0,
ULLUM_EMBALSE,2026-07-02,1783002900,2026-07-02 11:35:00,2.0,79,4.8,7.2,32,1024.9,939.2,0.0,
ULLUM_EMBALSE,2026-07-02,1783003200,2026-07-02 11:40:00,2.0,78,4.8,7.2,17,1024.9,939.2,0.0,
ULLUM_EMBALSE,2026-07-02,1783003500,2026-07-02 11:45:00,2.1,78,3.0,5.4,340,1024.8,939.1,0.0,
ULLUM_EMBALSE,2026-07-02,1783003800,2026-07-02 11:50:00,2.2,78,4.3,5.4,344,1024.8,939.1,0.0,
ULLUM_EMBALSE,2026-07-02,1783004100,2026-07-02 11:55:00,2.2,78,3.8,7.2,315,1024.7,939.0,0.0,
ULLUM_EMBALSE,2026-07-02,1783004400,2026-07-02 12:00:00,2.2,78,2.7,5.4,353,1024.6,938.9,0.0,
ULLUM_EMBALSE,2026-07-02,1783004700,2026-07-02 12:05:00,2.5,78,1.9,3.6,353,1024.5,938.9,0.0,
ULLUM_EMBALSE,2026-07-02,1783005000,2026-07-02 12:10:00,2.5,77,6.6,9.4,49,1024.4,938.7,0.0,
ULLUM_EMBALSE,2026-07-02,1783005300,2026-07-02 12:15:00,2.3,77,6.6,9.4,72,1024.4,938.7,0.0,
ULLUM_EMBALSE,2026-07-02,1783005600,2026-07-02 12:20:00,2.3,77,7.1,11.2,91,1024.3,938.6,0.0,
ULLUM_EMBALSE,2026-07-02,1783005900,2026-07-02 12:25:00,2.3,77,6.8,9.4,81,1024.3,938.5,0.0,
ULLUM_EMBALSE,2026-07-02,1783006200,2026-07-02 12:30:00,2.6,76,3.5,7.2,114,1024.1,938.3,0.0,
ULLUM_EMBALSE,2026-07-02,1783006500,2026-07-02 12:35:00,3.0,76,1.7,5.4,105,1024.2,938.5,0.0,
ULLUM_EMBALSE,2026-07-02,1783006800,2026-07-02 12:40:00,3.3,74,1.9,3.6,123,1024.0,938.3,0.0,
ULLUM_EMBALSE,2026-07-02,1783007100,2026-07-02 12:45:00,3.1,74,1.0,3.6,136,1024.0,938.3,0.0,
ULLUM_EMBALSE,2026-07-02,1783007400,2026-07-02 12:50:00,3.3,74,2.3,5.4,35,1024.0,938.3,0.0,
ULLUM_EMBALSE,2026-07-02,1783007700,2026-07-02 12:55:00,3.4,74,0.5,3.6,63,1024.0,938.3,0.0,
ULLUM_EMBALSE,2026-07-02,1783008000,2026-07-02 13:00:00,3.8,73,0.4,3.6,88,1023.8,938.1,0.0,
ULLUM_EMBALSE,2026-07-02,1783008300,2026-07-02 13:05:00,4.1,72,1.6,5.4,140,1023.8,938.1,0.0,
ULLUM_EMBALSE,2026-07-02,1783008600,2026-07-02 13:10:00,4.1,71,0.9,3.6,153,1023.6,937.9,0.0,
ULLUM_EMBALSE,2026-07-02,1783008900,2026-07-02 13:15:00,4.1,71,1.4,3.6,153,1023.6,937.9,0.0,
ULLUM_EMBALSE,2026-07-02,1783009200,2026-07-02 13:20:00,3.9,72,4.8,9.4,195,1023.5,937.8,0.0,
ULLUM_EMBALSE,2026-07-02,1783009500,2026-07-02 13:25:00,3.8,73,3.7,13.0,183,1023.4,937.7,0.0,
ULLUM_EMBALSE,2026-07-02,1783009800,2026-07-02 13:30:00,3.7,73,6.5,13.0,178,1023.5,937.7,0.0,
ULLUM_EMBALSE,2026-07-02,1783010100,2026-07-02 13:35:00,3.3,74,5.9,13.0,170,1023.2,937.5,0.0,
ULLUM_EMBALSE,2026-07-02,1783010400,2026-07-02 13:40:00,3.3,74,7.9,13.0,178,1023.2,937.4,0.0,
ULLUM_EMBALSE,2026-07-02,1783010700,2026-07-02 13:45:00,3.3,74,4.6,11.2,174,1023.0,937.3,0.0,
ULLUM_EMBALSE,2026-07-02,1783011000,2026-07-02 13:50:00,3.3,74,7.8,11.2,171,1023.0,937.3,0.0,
ULLUM_EMBALSE,2026-07-02,1783011300,2026-07-02 13:55:00,3.4,73,9.1,14.8,160,1022.9,937.2,0.0,
ULLUM_EMBALSE,2026-07-02,1783011600,2026-07-02 14:00:00,3.3,73,8.0,11.2,174,1022.8,937.1,0.0,
ULLUM_EMBALSE,2026-07-02,1783011900,2026-07-02 14:05:00,3.6,73,6.4,9.4,174,1022.8,937.1,0.0,
ULLUM_EMBALSE,2026-07-02,1783012200,2026-07-02 14:10:00,3.7,73,1.7,5.4,187,1022.6,936.9,0.0,
ULLUM_EMBALSE,2026-07-02,1783012500,2026-07-02 14:15:00,3.8,72,6.4,13.0,172,1022.5,936.9,0.0,
ULLUM_EMBALSE,2026-07-02,1783012800,2026-07-02 14:20:00,3.7,72,5.8,11.2,176,1022.5,936.8,0.0,
ULLUM_EMBALSE,2026-07-02,1783013100,2026-07-02 14:25:00,3.8,72,6.5,14.8,159,1022.3,936.6,0.0,
ULLUM_EMBALSE,2026-07-02,1783013400,2026-07-02 14:30:00,3.5,71,7.3,13.0,165,1022.2,936.5,0.0,
ULLUM_EMBALSE,2026-07-02,1783013700,2026-07-02 14:35:00,3.3,72,8.7,14.8,167,1022.2,936.5,0.0,
ULLUM_EMBALSE,2026-07-02,1783014000,2026-07-02 14:40:00,3.7,72,6.8,13.0,178,1022.2,936.4,0.0,
ULLUM_EMBALSE,2026-07-02,1783014300,2026-07-02 14:45:00,3.7,71,6.0,11.2,177,1022.1,936.3,0.0,
ULLUM_EMBALSE,2026-07-02,1783014600,2026-07-02 14:50:00,3.7,72,7.2,13.0,179,1022.0,936.3,0.0,
ULLUM_EMBALSE,2026-07-02,1783014900,2026-07-02 14:55:00,3.8,72,8.1,16.6,182,1022.0,936.2,0.0,
ULLUM_EMBALSE,2026-07-02,1783015200,2026-07-02 15:00:00,3.7,72,8.8,14.8,177,1022.0,936.3,0.0,
ULLUM_EMBALSE,2026-07-02,1783015500,2026-07-02 15:05:00,3.5,73,9.7,18.4,193,1021.7,936.0,0.0,
ULLUM_EMBALSE,2026-07-02,1783015800,2026-07-02 15:10:00,3.3,73,9.2,16.6,199,1021.8,936.1,0.0,
ULLUM_EMBALSE,2026-07-02,1783016100,2026-07-02 15:15:00,3.5,74,5.7,13.0,179,1021.7,936.0,0.0,
ULLUM_EMBALSE,2026-07-02,1783016400,2026-07-02 15:20:00,3.4,73,9.7,14.8,192,1021.7,936.0,0.0,
ULLUM_EMBALSE,2026-07-02,1783016700,2026-07-02 15:25:00,3.3,74,11.4,16.6,201,1021.6,935.9,0.0,
ULLUM_EMBALSE,2026-07-02,1783017000,2026-07-02 15:30:00,3.4,75,10.9,20.2,196,1021.5,935.8,0.0,
ULLUM_EMBALSE,2026-07-02,1783017300,2026-07-02 15:35:00,3.4,75,10.9,22.0,187,1021.6,935.9,0.0,
ULLUM_EMBALSE,2026-07-02,1783017600,2026-07-02 15:40:00,3.2,75,10.4,18.4,200,1021.7,936.0,0.0,
ULLUM_EMBALSE,2026-07-02,1783017900,2026-07-02 15:45:00,3.3,74,7.9,14.8,185,1021.6,935.9,0.0,
ULLUM_EMBALSE,2026-07-02,1783018200,2026-07-02 15:50:00,3.4,75,9.3,14.8,182,1021.5,935.8,0.0,
ULLUM_EMBALSE,2026-07-02,1783018500,2026-07-02 15:55:00,3.3,75,9.9,14.8,168,1021.5,935.8,0.0,
ULLUM_EMBALSE,2026-07-02,1783018800,2026-07-02 16:00:00,3.3,75,11.7,20.2,187,1021.5,935.8,0.0,
ULLUM_EMBALSE,2026-07-02,1783019100,2026-07-02 16:05:00,3.4,75,6.1,14.8,176,1021.5,935.8,0.0,
ULLUM_EMBALSE,2026-07-02,1783019400,2026-07-02 16:10:00,3.6,75,8.2,16.6,171,1021.5,935.8,0.0,
ULLUM_EMBALSE,2026-07-02,1783019700,2026-07-02 16:15:00,3.4,75,10.2,16.6,184,1021.4,935.7,0.0,
ULLUM_EMBALSE,2026-07-02,1783020000,2026-07-02 16:20:00,3.5,75,5.9,13.0,173,1021.5,935.8,0.0,
ULLUM_EMBALSE,2026-07-02,1783020300,2026-07-02 16:25:00,3.5,75,7.7,14.8,175,1021.4,935.7,0.0,
ULLUM_EMBALSE,2026-07-02,1783020600,2026-07-02 16:30:00,3.3,76,10.9,18.4,188,1021.5,935.8,0.0,
ULLUM_EMBALSE,2026-07-02,1783020900,2026-07-02 16:35:00,3.1,77,11.0,20.2,178,1021.4,935.7,0.0,
ULLUM_EMBALSE,2026-07-02,1783021200,2026-07-02 16:40:00,3.1,77,8.9,14.8,176,1021.6,935.9,0.0,
ULLUM_EMBALSE,2026-07-02,1783021500,2026-07-02 16:45:00,3.2,77,9.1,16.6,175,1021.4,935.7,0.0,
ULLUM_EMBALSE,2026-07-02,1783021800,2026-07-02 16:50:00,3.2,77,9.0,14.8,193,1021.3,935.6,0.0,
ULLUM_EMBALSE,2026-07-02,1783022400,2026-07-02 17:00:00,3.2,77,11.2,14.8,183,1021.4,935.7,0.0,
ULLUM_EMBALSE,2026-07-02,1783022700,2026-07-02 17:05:00,3.1,77,10.4,16.6,172,1021.5,935.8,0.0,
ULLUM_EMBALSE,2026-07-02,1783023000,2026-07-02 17:10:00,3.0,77,12.0,20.2,176,1021.4,935.7,0.0,
ULLUM_EMBALSE,2026-07-02,1783023300,2026-07-02 17:15:00,2.9,78,8.6,20.2,185,1021.5,935.8,0.0,
ULLUM_EMBALSE,2026-07-02,1783023600,2026-07-02 17:20:00,2.9,78,7.3,13.0,175,1021.5,935.8,0.0,
ULLUM_EMBALSE,2026-07-02,1783023900,2026-07-02 17:25:00,2.9,78,9.6,20.2,188,1021.5,935.8,0.0,
ULLUM_EMBALSE,2026-07-02,1783024200,2026-07-02 17:30:00,2.8,78,12.9,20.2,200,1021.5,935.8,0.0,
ULLUM_EMBALSE,2026-07-02,1783024500,2026-07-02 17:35:00,2.7,78,9.8,16.6,191,1021.5,935.8,0.0,
ULLUM_EMBALSE,2026-07-02,1783024800,2026-07-02 17:40:00,2.7,78,9.2,18.4,185,1021.7,936.0,0.0,
ULLUM_EMBALSE,2026-07-02,1783025100,2026-07-02 17:45:00,2.7,78,10.0,18.4,186,1021.7,936.0,0.0,
ULLUM_EMBALSE,2026-07-02,1783025400,2026-07-02 17:50:00,2.7,79,11.8,23.8,184,1021.6,935.9,0.0,
ULLUM_EMBALSE,2026-07-02,1783025700,2026-07-02 17:55:00,2.5,79,12.0,22.0,193,1021.7,936.0,0.0,
ULLUM_EMBALSE,2026-07-02,1783026000,2026-07-02 18:00:00,2.7,79,11.0,20.2,187,1021.7,936.0,0.0,
ULLUM_EMBALSE,2026-07-02,1783026300,2026-07-02 18:05:00,2.6,79,13.0,20.2,196,1021.8,936.1,0.0,
ULLUM_EMBALSE,2026-07-02,1783026600,2026-07-02 18:10:00,2.5,79,13.0,22.0,190,1021.7,936.0,0.0,
ULLUM_EMBALSE,2026-07-02,1783026900,2026-07-02 18:15:00,2.4,79,11.7,22.0,178,1021.8,936.1,0.0,
ULLUM_EMBALSE,2026-07-02,1783027200,2026-07-02 18:20:00,2.4,80,11.2,16.6,184,1021.8,936.1,0.0,
ULLUM_EMBALSE,2026-07-02,1783027500,2026-07-02 18:25:00,2.4,79,10.7,18.4,191,1021.7,936.0,0.0,
ULLUM_EMBALSE,2026-07-02,1783027800,2026-07-02 18:30:00,2.5,79,9.1,16.6,189,1022.0,936.3,0.0,
ULLUM_EMBALSE,2026-07-02,1783028100,2026-07-02 18:35:00,2.5,79,9.9,18.4,192,1022.0,936.3,0.0,
ULLUM_EMBALSE,2026-07-02,1783028400,2026-07-02 18:40:00,2.3,79,10.9,16.6,190,1022.0,936.3,0.0,
ULLUM_EMBALSE,2026-07-02,1783028700,2026-07-02 18:45:00,2.3,79,9.0,14.8,179,1022.1,936.3,0.0,
ULLUM_EMBALSE,2026-07-02,1783029000,2026-07-02 18:50:00,2.3,79,10.0,18.4,190,1022.0,936.2,0.0,
ULLUM_EMBALSE,2026-07-02,1783029300,2026-07-02 18:55:00,2.3,79,11.1,18.4,194,1022.0,936.3,0.0,
ULLUM_EMBALSE,2026-07-02,1783029600,2026-07-02 19:00:00,2.3,79,7.7,14.8,184,1022.1,936.4,0.0,
ULLUM_EMBALSE,2026-07-02,1783029900,2026-07-02 19:05:00,2.3,80,8.6,13.0,181,1022.2,936.4,0.0,
ULLUM_EMBALSE,2026-07-02,1783030200,2026-07-02 19:10:00,2.3,80,9.7,16.6,175,1022.2,936.4,0.0,
ULLUM_EMBALSE,2026-07-02,1783030500,2026-07-02 19:15:00,2.2,80,11.3,18.4,194,1022.2,936.4,0.0,
ULLUM_EMBALSE,2026-07-02,1783030800,2026-07-02 19:20:00,2.2,80,11.2,18.4,191,1022.4,936.7,0.0,
ULLUM_EMBALSE,2026-07-02,1783031100,2026-07-02 19:25:00,2.2,80,7.1,13.0,178,1022.3,936.5,0.0,
ULLUM_EMBALSE,2026-07-02,1783031400,2026-07-02 19:30:00,2.2,80,9.6,14.8,191,1022.2,936.5,0.0,
ULLUM_EMBALSE,2026-07-02,1783031700,2026-07-02 19:35:00,2.2,80,9.4,14.8,181,1022.3,936.5,0.0,
ULLUM_EMBALSE,2026-07-02,1783032000,2026-07-02 19:40:00,2.2,80,6.5,13.0,183,1022.4,936.7,0.0,
ULLUM_EMBALSE,2026-07-02,1783032300,2026-07-02 19:45:00,2.1,80,7.3,13.0,183,1022.4,936.7,0.0,
ULLUM_EMBALSE,2026-07-02,1783032600,2026-07-02 19:50:00,2.0,80,9.6,18.4,191,1022.4,936.7,0.0,
ULLUM_EMBALSE,2026-07-02,1783032900,2026-07-02 19:55:00,2.1,80,9.6,14.8,188,1022.4,936.7,0.0,
ULLUM_EMBALSE,2026-07-02,1783033200,2026-07-02 20:00:00,2.1,80,7.9,16.6,183,1022.3,936.6,0.0,
ULLUM_EMBALSE,2026-07-02,1783033500,2026-07-02 20:05:00,2.1,80,6.9,11.2,175,1022.4,936.7,0.0,
ULLUM_EMBALSE,2026-07-02,1783033800,2026-07-02 20:10:00,2.1,80,6.6,13.0,189,1022.4,936.7,0.0,
ULLUM_EMBALSE,2026-07-02,1783034100,2026-07-02 20:15:00,2.1,80,5.8,13.0,188,1022.4,936.7,0.0,
ULLUM_EMBALSE,2026-07-02,1783034400,2026-07-02 20:20:00,2.1,80,9.2,13.0,181,1022.4,936.7,0.0,
ULLUM_EMBALSE,2026-07-02,1783034700,2026-07-02 20:25:00,2.1,80,8.0,13.0,169,1022.6,937.0,0.0,
ULLUM_EMBALSE,2026-07-02,1783035000,2026-07-02 20:30:00,2.1,80,8.2,13.0,178,1022.5,936.8,0.0,
ULLUM_EMBALSE,2026-07-02,1783035300,2026-07-02 20:35:00,2.1,79,7.4,11.2,185,1022.4,936.7,0.0,
ULLUM_EMBALSE,2026-07-02,1783035600,2026-07-02 20:40:00,2.1,79,7.1,9.4,188,1022.4,936.8,0.0,
ULLUM_EMBALSE,2026-07-02,1783035900,2026-07-02 20:45:00,2.1,79,8.4,11.2,184,1022.4,936.7,0.0,
ULLUM_EMBALSE,2026-07-02,1783036200,2026-07-02 20:50:00,2.1,79,8.2,11.2,189,1022.4,936.7,0.0,
ULLUM_EMBALSE,2026-07-02,1783036500,2026-07-02 20:55:00,2.0,79,7.1,11.2,171,1022.4,936.7,0.0,
ULLUM_EMBALSE,2026-07-02,1783036800,2026-07-02 21:00:00,2.0,78,8.6,13.0,172,1022.3,936.6,0.0,
ULLUM_EMBALSE,2026-07-02,1783037100,2026-07-02 21:05:00,2.0,78,8.2,13.0,167,1022.4,936.7,0.0,
ULLUM_EMBALSE,2026-07-02,1783037400,2026-07-02 21:10:00,2.1,78,7.9,11.2,172,1022.5,936.8,0.0,
ULLUM_EMBALSE,2026-07-02,1783037700,2026-07-02 21:15:00,2.1,78,7.4,11.2,172,1022.3,936.6,0.0,
ULLUM_EMBALSE,2026-07-02,1783038000,2026-07-02 21:20:00,2.1,78,7.8,11.2,164,1022.4,936.7,0.0,
ULLUM_EMBALSE,2026-07-02,1783038300,2026-07-02 21:25:00,2.0,77,6.7,11.2,167,1022.4,936.7,0.0,
ULLUM_EMBALSE,2026-07-02,1783038600,2026-07-02 21:30:00,2.0,77,7.4,13.0,167,1022.4,936.7,0.0,
ULLUM_EMBALSE,2026-07-02,1783038900,2026-07-02 21:35:00,2.0,77,7.4,13.0,170,1022.4,936.7,0.0,
ULLUM_EMBALSE,2026-07-02,1783039200,2026-07-02 21:40:00,2.1,77,8.1,11.2,167,1022.3,936.6,0.0,
ULLUM_EMBALSE,2026-07-02,1783039500,2026-07-02 21:45:00,2.1,77,6.2,11.2,173,1022.4,936.7,0.0,
ULLUM_EMBALSE,2026-07-02,1783039800,2026-07-02 21:50:00,2.1,77,6.4,9.4,176,1022.4,936.7,0.0,
ULLUM_EMBALSE,2026-07-02,1783040100,2026-07-02 21:55:00,2.1,77,6.6,9.4,169,1022.3,936.6,0.0,
ULLUM_EMBALSE,2026-07-02,1783040400,2026-07-02 22:00:00,2.2,77,6.3,9.4,169,1022.4,936.7,0.0,
ULLUM_EMBALSE,2026-07-02,1783040700,2026-07-02 22:05:00,2.1,77,6.0,9.4,174,1022.3,936.6,0.0,
ULLUM_EMBALSE,2026-07-02,1783041000,2026-07-02 22:10:00,2.2,77,3.6,7.2,171,1022.2,936.5,0.0,
ULLUM_EMBALSE,2026-07-02,1783041300,2026-07-02 22:15:00,2.2,77,2.5,5.4,169,1022.3,936.6,0.0,
ULLUM_EMBALSE,2026-07-02,1783041600,2026-07-02 22:20:00,2.2,77,4.3,7.2,175,1022.3,936.6,0.0,
ULLUM_EMBALSE,2026-07-02,1783041900,2026-07-02 22:25:00,2.2,77,8.0,11.2,172,1022.3,936.5,0.0,
ULLUM_EMBALSE,2026-07-02,1783042200,2026-07-02 22:30:00,2.1,77,5.0,9.4,168,1022.1,936.4,0.0,
ULLUM_EMBALSE,2026-07-02,1783042500,2026-07-02 22:35:00,2.2,77,5.5,9.4,175,1022.2,936.4,0.0,
ULLUM_EMBALSE,2026-07-02,1783042800,2026-07-02 22:40:00,2.2,77,5.3,9.4,185,1022.2,936.5,0.0,
ULLUM_EMBALSE,2026-07-02,1783043100,2026-07-02 22:45:00,2.2,77,3.0,5.4,185,1022.2,936.5,0.0,
ULLUM_EMBALSE,2026-07-02,1783043400,2026-07-02 22:50:00,2.2,77,3.6,9.4,182,1022.2,936.5,0.0,
ULLUM_EMBALSE,2026-07-02,1783043700,2026-07-02 22:55:00,2.2,77,4.5,9.4,179,1022.2,936.4,0.0,
ULLUM_EMBALSE,2026-07-02,1783044000,2026-07-02 23:00:00,2.2,77,4.2,7.2,186,1022.2,936.4,0.0,
ULLUM_EMBALSE,2026-07-02,1783044300,2026-07-02 23:05:00,2.2,77,4.5,7.2,180,1022.2,936.4,0.0,
ULLUM_EMBALSE,2026-07-02,1783044600,2026-07-02 23:10:00,2.2,77,3.9,7.2,178,1022.1,936.4,0.0,
ULLUM_EMBALSE,2026-07-02,1783044900,2026-07-02 23:15:00,2.2,77,4.7,7.2,179,1022.1,936.3,0.0,
ULLUM_EMBALSE,2026-07-02,1783045200,2026-07-02 23:20:00,2.2,77,4.7,7.2,184,1022.1,936.4,0.0,
ULLUM_EMBALSE,2026-07-02,1783045500,2026-07-02 23:25:00,2.2,77,5.5,9.4,188,1021.9,936.2,0.0,
ULLUM_EMBALSE,2026-07-02,1783045800,2026-07-02 23:30:00,2.2,77,5.2,9.4,187,1021.8,936.1,0.0,
ULLUM_EMBALSE,2026-07-02,1783046100,2026-07-02 23:35:00,2.2,77,5.7,9.4,186,1021.9,936.2,0.0,
ULLUM_EMBALSE,2026-07-02,1783046400,2026-07-02 23:40:00,2.2,77,5.0,9.4,191,1022.0,936.3,0.0,
ULLUM_EMBALSE,2026-07-02,1783046700,2026-07-02 23:45:00,2.2,77,5.3,7.2,190,1021.9,936.2,0.0,
ULLUM_EMBALSE,2026-07-02,1783047000,2026-07-02 23:50:00,2.2,77,4.9,7.2,188,1021.8,936.1,0.0,
ULLUM_EMBALSE,2026-07-02,1783047300,2026-07-02 23:55:00,2.2,77,6.3,9.4,187,1021.9,936.2,0.0,
PUNTA_NEGRA,2026-07-02,1782961200,2026-07-02 00:00:00,0.3,93,0.7,1.8,159,1024.4,932.0,0.0,
PUNTA_NEGRA,2026-07-02,1782961500,2026-07-02 00:05:00,0.3,93,0.6,3.6,159,1024.4,932.0,0.0,
PUNTA_NEGRA,2026-07-02,1782961800,2026-07-02 00:10:00,0.3,93,1.3,3.6,133,1024.4,932.0,0.0,
PUNTA_NEGRA,2026-07-02,1782962100,2026-07-02 00:15:00,0.4,93,0.8,3.6,128,1024.3,931.9,0.0,
PUNTA_NEGRA,2026-07-02,1782962400,2026-07-02 00:20:00,0.3,93,1.0,1.8,146,1024.4,932.0,0.0,
PUNTA_NEGRA,2026-07-02,1782962700,2026-07-02 00:25:00,0.2,93,2.6,3.6,131,1024.4,931.9,0.0,
PUNTA_NEGRA,2026-07-02,1782963000,2026-07-02 00:30:00,0.2,93,1.9,5.4,124,1024.4,932.0,0.0,
PUNTA_NEGRA,2026-07-02,1782963300,2026-07-02 00:35:00,0.2,94,2.1,7.2,154,1024.5,932.1,0.0,
PUNTA_NEGRA,2026-07-02,1782963600,2026-07-02 00:40:00,0.2,94,1.7,3.6,138,1024.4,932.0,0.0,
PUNTA_NEGRA,2026-07-02,1782963900,2026-07-02 00:45:00,0.2,94,0.9,1.8,131,1024.5,932.1,0.0,
PUNTA_NEGRA,2026-07-02,1782964200,2026-07-02 00:50:00,0.2,94,0.8,3.6,142,1024.4,932.0,0.0,
PUNTA_NEGRA,2026-07-02,1782964500,2026-07-02 00:55:00,0.1,94,0.7,1.8,185,1024.5,932.1,0.0,
PUNTA_NEGRA,2026-07-02,1782964800,2026-07-02 01:00:00,0.2,94,0.8,1.8,140,1024.5,932.1,0.0,
PUNTA_NEGRA,2026-07-02,1782965100,2026-07-02 01:05:00,0.2,94,1.9,3.6,154,1024.5,932.1,0.0,
PUNTA_NEGRA,2026-07-02,1782965400,2026-07-02 01:10:00,0.1,94,1.1,3.6,157,1024.5,932.1,0.0,
PUNTA_NEGRA,2026-07-02,1782965700,2026-07-02 01:15:00,0.1,94,2.1,5.4,104,1024.5,932.1,0.0,
PUNTA_NEGRA,2026-07-02,1782966000,2026-07-02 01:20:00,0.1,94,1.5,3.6,93,1024.5,932.1,0.0,
PUNTA_NEGRA,2026-07-02,1782966300,2026-07-02 01:25:00,0.1,94,1.9,5.4,108,1024.5,932.1,0.0,
PUNTA_NEGRA,2026-07-02,1782966600,2026-07-02 01:30:00,0.2,94,1.0,1.8,152,1024.6,932.2,0.0,
PUNTA_NEGRA,2026-07-02,1782966900,2026-07-02 01:35:00,0.1,94,0.7,1.8,122,1024.5,932.1,0.0,
PUNTA_NEGRA,2026-07-02,1782967200,2026-07-02 01:40:00,0.0,94,0.4,1.8,106,1024.5,932.2,0.0,
PUNTA_NEGRA,2026-07-02,1782967500,2026-07-02 01:45:00,0.0,94,0.2,1.8,157,1024.6,932.2,0.0,
PUNTA_NEGRA,2026-07-02,1782967800,2026-07-02 01:50:00,-0.1,94,0.2,1.8,49,1024.6,932.2,0.0,
PUNTA_NEGRA,2026-07-02,1782968100,2026-07-02 01:55:00,-0.1,94,0.6,1.8,171,1024.5,932.1,0.0,
PUNTA_NEGRA,2026-07-02,1782968400,2026-07-02 02:00:00,-0.1,94,0.7,1.8,106,1024.6,932.2,0.0,
PUNTA_NEGRA,2026-07-02,1782968700,2026-07-02 02:05:00,-0.1,94,0.4,1.8,149,1024.5,932.1,0.0,
PUNTA_NEGRA,2026-07-02,1782969000,2026-07-02 02:10:00,-0.2,94,0.3,1.8,186,1024.6,932.2,0.0,
PUNTA_NEGRA,2026-07-02,1782969300,2026-07-02 02:15:00,-0.2,94,0.7,3.6,135,1024.5,932.1,0.0,
PUNTA_NEGRA,2026-07-02,1782969600,2026-07-02 02:20:00,-0.2,94,0.8,3.6,150,1024.5,932.1,0.0,
PUNTA_NEGRA,2026-07-02,1782969900,2026-07-02 02:25:00,-0.2,94,1.4,1.8,150,1024.5,932.1,0.0,
PUNTA_NEGRA,2026-07-02,1782970200,2026-07-02 02:30:00,-0.2,94,0.7,1.8,160,1024.4,931.9,0.0,
PUNTA_NEGRA,2026-07-02,1782970500,2026-07-02 02:35:00,-0.3,94,0.5,1.8,75,1024.4,932.0,0.0,
PUNTA_NEGRA,2026-07-02,1782970800,2026-07-02 02:40:00,-0.2,94,0.2,1.8,177,1024.4,932.0,0.0,
PUNTA_NEGRA,2026-07-02,1782971100,2026-07-02 02:45:00,-0.2,94,1.1,3.6,173,1024.5,932.1,0.0,
PUNTA_NEGRA,2026-07-02,1782971400,2026-07-02 02:50:00,-0.2,95,0.1,1.8,162,1024.5,932.1,0.0,
PUNTA_NEGRA,2026-07-02,1782971700,2026-07-02 02:55:00,-0.3,95,0.4,3.6,185,1024.5,932.1,0.0,
PUNTA_NEGRA,2026-07-02,1782972000,2026-07-02 03:00:00,-0.3,95,0.6,1.8,149,1024.4,932.0,0.0,
PUNTA_NEGRA,2026-07-02,1782972300,2026-07-02 03:05:00,-0.3,95,0.1,1.8,180,1024.4,932.0,0.0,
PUNTA_NEGRA,2026-07-02,1782972600,2026-07-02 03:10:00,-0.3,95,0.5,1.8,154,1024.3,931.9,0.0,
PUNTA_NEGRA,2026-07-02,1782972900,2026-07-02 03:15:00,-0.3,95,0.4,1.8,182,1024.3,931.9,0.0,
PUNTA_NEGRA,2026-07-02,1782973200,2026-07-02 03:20:00,-0.3,95,0.5,1.8,159,1024.2,931.7,0.0,
PUNTA_NEGRA,2026-07-02,1782973500,2026-07-02 03:25:00,-0.3,95,1.4,3.6,161,1024.0,931.6,0.0,
PUNTA_NEGRA,2026-07-02,1782973800,2026-07-02 03:30:00,-0.3,95,0.2,1.8,116,1023.9,931.5,0.0,
PUNTA_NEGRA,2026-07-02,1782974100,2026-07-02 03:35:00,-0.4,95,0.6,1.8,145,1023.9,931.5,0.0,
PUNTA_NEGRA,2026-07-02,1782974400,2026-07-02 03:40:00,-0.4,95,0.1,1.8,178,1023.9,931.5,0.0,
PUNTA_NEGRA,2026-07-02,1782974700,2026-07-02 03:45:00,-0.4,95,1.3,3.6,124,1024.0,931.6,0.0,
PUNTA_NEGRA,2026-07-02,1782975000,2026-07-02 03:50:00,-0.4,95,1.5,3.6,139,1023.9,931.5,0.0,
PUNTA_NEGRA,2026-07-02,1782975300,2026-07-02 03:55:00,-0.4,95,0.5,1.8,161,1023.9,931.5,0.0,
PUNTA_NEGRA,2026-07-02,1782975600,2026-07-02 04:00:00,-0.3,95,0.8,3.6,151,1023.9,931.5,0.0,
PUNTA_NEGRA,2026-07-02,1782975900,2026-07-02 04:05:00,-0.3,95,0.9,3.6,155,1023.9,931.5,0.0,
PUNTA_NEGRA,2026-07-02,1782976200,2026-07-02 04:10:00,-0.4,95,0.5,1.8,130,1023.8,931.4,0.0,
PUNTA_NEGRA,2026-07-02,1782976500,2026-07-02 04:15:00,-0.4,95,0.8,5.4,136,1023.9,931.5,0.0,
PUNTA_NEGRA,2026-07-02,1782976800,2026-07-02 04:20:00,-0.4,95,1.7,3.6,138,1023.9,931.5,0.0,
PUNTA_NEGRA,2026-07-02,1782977100,2026-07-02 04:25:00,-0.6,95,0.4,1.8,173,1023.8,931.4,0.0,
PUNTA_NEGRA,2026-07-02,1782977400,2026-07-02 04:30:00,-0.4,95,0.4,1.8,173,1023.8,931.4,0.0,
PUNTA_NEGRA,2026-07-02,1782977700,2026-07-02 04:35:00,-0.5,95,0.4,3.6,144,1023.8,931.4,0.0,
PUNTA_NEGRA,2026-07-02,1782978000,2026-07-02 04:40:00,-0.5,95,0.3,1.8,170,1023.7,931.3,0.0,
PUNTA_NEGRA,2026-07-02,1782978300,2026-07-02 04:45:00,-0.5,95,0.4,1.8,132,1023.6,931.2,0.0,
PUNTA_NEGRA,2026-07-02,1782978600,2026-07-02 04:50:00,-0.4,95,0.9,3.6,125,1023.7,931.3,0.0,
PUNTA_NEGRA,2026-07-02,1782978900,2026-07-02 04:55:00,-0.5,95,0.4,1.8,80,1023.5,931.1,0.0,
PUNTA_NEGRA,2026-07-02,1782979200,2026-07-02 05:00:00,-0.4,95,1.0,3.6,130,1023.5,931.1,0.0,
PUNTA_NEGRA,2026-07-02,1782979500,2026-07-02 05:05:00,-0.4,95,1.4,3.6,142,1023.7,931.3,0.0,
PUNTA_NEGRA,2026-07-02,1782979800,2026-07-02 05:10:00,-0.5,94,2.0,3.6,153,1023.6,931.2,0.0,
PUNTA_NEGRA,2026-07-02,1782980100,2026-07-02 05:15:00,-0.5,95,1.3,7.2,151,1023.6,931.2,0.0,
PUNTA_NEGRA,2026-07-02,1782980400,2026-07-02 05:20:00,-0.5,94,0.8,1.8,125,1023.6,931.2,0.0,
PUNTA_NEGRA,2026-07-02,1782980700,2026-07-02 05:25:00,-0.5,94,0.9,1.8,174,1023.5,931.1,0.0,
PUNTA_NEGRA,2026-07-02,1782981000,2026-07-02 05:30:00,-0.5,94,0.9,3.6,116,1023.5,931.1,0.0,
PUNTA_NEGRA,2026-07-02,1782981300,2026-07-02 05:35:00,-0.5,94,1.2,3.6,138,1023.5,931.1,0.0,
PUNTA_NEGRA,2026-07-02,1782981600,2026-07-02 05:40:00,-0.6,94,1.6,3.6,132,1023.4,931.0,0.0,
PUNTA_NEGRA,2026-07-02,1782981900,2026-07-02 05:45:00,-0.4,95,0.9,1.8,155,1023.5,931.1,0.0,
PUNTA_NEGRA,2026-07-02,1782982200,2026-07-02 05:50:00,-0.4,95,1.5,3.6,140,1023.5,931.1,0.0,
PUNTA_NEGRA,2026-07-02,1782982500,2026-07-02 05:55:00,-0.5,95,1.0,3.6,180,1023.5,931.1,0.0,
PUNTA_NEGRA,2026-07-02,1782982800,2026-07-02 06:00:00,-0.5,95,0.4,1.8,168,1023.5,931.1,0.0,
PUNTA_NEGRA,2026-07-02,1782983100,2026-07-02 06:05:00,-0.5,95,0.6,1.8,172,1023.4,931.0,0.0,
PUNTA_NEGRA,2026-07-02,1782983400,2026-07-02 06:10:00,-0.5,95,0.7,3.6,207,1023.5,931.1,0.0,
PUNTA_NEGRA,2026-07-02,1782983700,2026-07-02 06:15:00,-0.5,95,0.5,3.6,268,1023.5,931.1,0.0,
PUNTA_NEGRA,2026-07-02,1782984000,2026-07-02 06:20:00,-0.5,95,0.3,1.8,188,1023.5,931.1,0.0,
PUNTA_NEGRA,2026-07-02,1782984300,2026-07-02 06:25:00,-0.5,95,0.2,1.8,154,1023.5,931.1,0.0,
PUNTA_NEGRA,2026-07-02,1782984600,2026-07-02 06:30:00,-0.6,95,0.4,1.8,162,1023.5,931.1,0.0,
PUNTA_NEGRA,2026-07-02,1782984900,2026-07-02 06:35:00,-0.6,95,0.4,1.8,142,1023.5,931.1,0.0,
PUNTA_NEGRA,2026-07-02,1782985200,2026-07-02 06:40:00,-0.6,95,0.6,1.8,140,1023.4,931.0,0.0,
PUNTA_NEGRA,2026-07-02,1782985500,2026-07-02 06:45:00,-0.6,95,0.8,1.8,151,1023.5,931.0,0.0,
PUNTA_NEGRA,2026-07-02,1782985800,2026-07-02 06:50:00,-0.7,95,1.3,1.8,136,1023.4,931.0,0.0,
PUNTA_NEGRA,2026-07-02,1782986100,2026-07-02 06:55:00,-0.7,95,0.4,1.8,178,1023.5,931.1,0.0,
PUNTA_NEGRA,2026-07-02,1782986400,2026-07-02 07:00:00,-0.6,95,0.6,1.8,147,1023.5,931.1,0.0,
PUNTA_NEGRA,2026-07-02,1782986700,2026-07-02 07:05:00,-0.7,95,0.7,1.8,162,1023.4,931.0,0.0,
PUNTA_NEGRA,2026-07-02,1782987000,2026-07-02 07:10:00,-0.7,95,1.9,3.6,144,1023.5,931.1,0.0,
PUNTA_NEGRA,2026-07-02,1782987300,2026-07-02 07:15:00,-0.7,95,0.9,3.6,146,1023.6,931.1,0.0,
PUNTA_NEGRA,2026-07-02,1782987600,2026-07-02 07:20:00,-0.6,95,0.1,1.8,152,1023.5,931.1,0.0,
PUNTA_NEGRA,2026-07-02,1782987900,2026-07-02 07:25:00,-0.6,95,1.6,3.6,116,1023.6,931.2,0.0,
PUNTA_NEGRA,2026-07-02,1782988200,2026-07-02 07:30:00,-0.7,95,0.8,1.8,139,1023.7,931.3,0.0,
PUNTA_NEGRA,2026-07-02,1782988500,2026-07-02 07:35:00,-0.6,95,1.1,1.8,147,1023.6,931.2,0.0,
PUNTA_NEGRA,2026-07-02,1782988800,2026-07-02 07:40:00,-0.7,95,0.6,1.8,158,1023.6,931.2,0.0,
PUNTA_NEGRA,2026-07-02,1782989100,2026-07-02 07:45:00,-0.6,95,0.4,1.8,178,1023.8,931.4,0.0,
PUNTA_NEGRA,2026-07-02,1782989400,2026-07-02 07:50:00,-0.6,95,0.0,0.0,167,1023.6,931.2,0.0,
PUNTA_NEGRA,2026-07-02,1782989700,2026-07-02 07:55:00,-0.6,95,0.0,0.0,177,1023.7,931.3,0.0,
PUNTA_NEGRA,2026-07-02,1782990000,2026-07-02 08:00:00,-0.5,95,0.2,1.8,44,1023.7,931.3,0.0,
PUNTA_NEGRA,2026-07-02,1782990300,2026-07-02 08:05:00,-0.6,95,0.3,1.8,105,1023.7,931.3,0.0,
PUNTA_NEGRA,2026-07-02,1782990600,2026-07-02 08:10:00,-0.5,95,0.3,1.8,169,1023.7,931.3,0.0,
PUNTA_NEGRA,2026-07-02,1782990900,2026-07-02 08:15:00,-0.5,95,0.4,1.8,167,1023.7,931.3,0.0,
PUNTA_NEGRA,2026-07-02,1782991200,2026-07-02 08:20:00,-0.5,95,0.0,0.0,180,1023.6,931.2,0.0,
PUNTA_NEGRA,2026-07-02,1782991500,2026-07-02 08:25:00,-0.5,95,0.6,3.6,329,1023.6,931.2,0.0,
PUNTA_NEGRA,2026-07-02,1782991800,2026-07-02 08:30:00,-0.5,95,0.1,1.8,157,1023.7,931.3,0.0,
PUNTA_NEGRA,2026-07-02,1782992100,2026-07-02 08:35:00,-0.5,95,0.0,0.0,182,1023.6,931.2,0.0,
PUNTA_NEGRA,2026-07-02,1782992400,2026-07-02 08:40:00,-0.5,95,0.1,1.8,105,1023.6,931.1,0.0,
PUNTA_NEGRA,2026-07-02,1782992700,2026-07-02 08:45:00,-0.5,94,0.1,1.8,97,1023.6,931.2,0.0,
PUNTA_NEGRA,2026-07-02,1782993000,2026-07-02 08:50:00,-0.4,94,0.3,1.8,157,1023.5,931.1,0.0,
PUNTA_NEGRA,2026-07-02,1782993300,2026-07-02 08:55:00,-0.4,94,0.8,1.8,167,1023.7,931.3,0.0,
PUNTA_NEGRA,2026-07-02,1782993600,2026-07-02 09:00:00,-0.3,94,0.7,1.8,170,1023.7,931.3,0.0,
PUNTA_NEGRA,2026-07-02,1782993900,2026-07-02 09:05:00,-0.4,94,1.6,5.4,132,1023.6,931.2,0.0,
PUNTA_NEGRA,2026-07-02,1782994200,2026-07-02 09:10:00,-0.4,94,0.8,3.6,129,1023.6,931.2,0.0,
PUNTA_NEGRA,2026-07-02,1782994500,2026-07-02 09:15:00,-0.3,94,0.6,3.6,168,1023.7,931.3,0.0,
PUNTA_NEGRA,2026-07-02,1782994800,2026-07-02 09:20:00,-0.3,94,0.9,1.8,165,1023.7,931.3,0.0,
PUNTA_NEGRA,2026-07-02,1782995100,2026-07-02 09:25:00,-0.3,94,0.5,1.8,167,1023.6,931.2,0.0,
PUNTA_NEGRA,2026-07-02,1782995400,2026-07-02 09:30:00,-0.3,93,0.4,1.8,153,1023.8,931.4,0.0,
PUNTA_NEGRA,2026-07-02,1782995700,2026-07-02 09:35:00,-0.3,93,1.1,1.8,150,1023.7,931.3,0.0,
PUNTA_NEGRA,2026-07-02,1782996000,2026-07-02 09:40:00,-0.1,93,0.1,1.8,134,1023.9,931.5,0.0,
PUNTA_NEGRA,2026-07-02,1782996300,2026-07-02 09:45:00,0.0,92,0.6,1.8,163,1023.9,931.5,0.0,
PUNTA_NEGRA,2026-07-02,1782996600,2026-07-02 09:50:00,0.0,92,0.5,3.6,109,1023.9,931.5,0.0,
PUNTA_NEGRA,2026-07-02,1782996900,2026-07-02 09:55:00,0.0,92,0.9,1.8,143,1023.9,931.5,0.0,
PUNTA_NEGRA,2026-07-02,1782997200,2026-07-02 10:00:00,0.1,91,1.7,3.6,115,1023.9,931.5,0.0,
PUNTA_NEGRA,2026-07-02,1782997500,2026-07-02 10:05:00,0.1,91,1.0,3.6,166,1023.9,931.5,0.0,
PUNTA_NEGRA,2026-07-02,1782997800,2026-07-02 10:10:00,0.2,90,0.7,1.8,157,1023.8,931.4,0.0,
PUNTA_NEGRA,2026-07-02,1782998100,2026-07-02 10:15:00,0.3,90,0.8,1.8,142,1023.7,931.3,0.0,
PUNTA_NEGRA,2026-07-02,1782998400,2026-07-02 10:20:00,0.3,89,0.2,1.8,94,1023.6,931.2,0.0,
PUNTA_NEGRA,2026-07-02,1782998700,2026-07-02 10:25:00,0.5,89,0.1,1.8,185,1023.7,931.3,0.0,
PUNTA_NEGRA,2026-07-02,1782999000,2026-07-02 10:30:00,0.5,89,0.5,1.8,197,1023.7,931.3,0.0,
PUNTA_NEGRA,2026-07-02,1782999300,2026-07-02 10:35:00,0.6,88,0.4,1.8,208,1023.7,931.3,0.0,
PUNTA_NEGRA,2026-07-02,1782999600,2026-07-02 10:40:00,0.7,88,0.3,1.8,36,1023.7,931.3,0.0,
PUNTA_NEGRA,2026-07-02,1782999900,2026-07-02 10:45:00,0.9,87,0.1,1.8,173,1023.7,931.3,0.0,
PUNTA_NEGRA,2026-07-02,1783000200,2026-07-02 10:50:00,1.1,87,0.0,0.0,182,1023.6,931.2,0.0,
PUNTA_NEGRA,2026-07-02,1783000500,2026-07-02 10:55:00,1.2,86,0.4,1.8,218,1023.7,931.3,0.0,
PUNTA_NEGRA,2026-07-02,1783000800,2026-07-02 11:00:00,1.5,85,1.2,3.6,191,1023.7,931.3,0.0,
PUNTA_NEGRA,2026-07-02,1783001100,2026-07-02 11:05:00,1.3,84,0.6,1.8,49,1023.7,931.3,0.2,
PUNTA_NEGRA,2026-07-02,1783001400,2026-07-02 11:10:00,1.2,84,1.4,3.6,215,1023.6,931.2,0.2,
PUNTA_NEGRA,2026-07-02,1783001700,2026-07-02 11:15:00,1.5,84,1.3,3.6,170,1023.6,931.2,0.2,
PUNTA_NEGRA,2026-07-02,1783002000,2026-07-02 11:20:00,1.6,83,0.7,1.8,174,1023.5,931.1,0.2,
PUNTA_NEGRA,2026-07-02,1783002300,2026-07-02 11:25:00,1.6,82,1.4,3.6,173,1023.5,931.1,0.2,
PUNTA_NEGRA,2026-07-02,1783002600,2026-07-02 11:30:00,1.6,82,1.2,3.6,167,1023.4,931.0,0.2,
PUNTA_NEGRA,2026-07-02,1783002900,2026-07-02 11:35:00,1.7,81,0.4,1.8,278,1023.5,931.1,0.2,
PUNTA_NEGRA,2026-07-02,1783003200,2026-07-02 11:40:00,1.8,80,1.7,3.6,164,1023.3,930.9,0.5,
PUNTA_NEGRA,2026-07-02,1783003500,2026-07-02 11:45:00,2.0,79,0.3,1.8,191,1023.2,930.8,0.5,
PUNTA_NEGRA,2026-07-02,1783003800,2026-07-02 11:50:00,2.1,79,0.8,1.8,184,1023.2,930.8,0.5,
PUNTA_NEGRA,2026-07-02,1783004100,2026-07-02 11:55:00,2.3,80,1.3,3.6,179,1023.0,930.7,0.5,
PUNTA_NEGRA,2026-07-02,1783004400,2026-07-02 12:00:00,2.2,80,1.9,5.4,140,1023.2,930.8,0.5,
PUNTA_NEGRA,2026-07-02,1783004700,2026-07-02 12:05:00,2.2,79,0.7,3.6,99,1023.0,930.6,0.5,
PUNTA_NEGRA,2026-07-02,1783005000,2026-07-02 12:10:00,2.3,78,0.9,3.6,60,1022.9,930.5,0.5,
PUNTA_NEGRA,2026-07-02,1783005300,2026-07-02 12:15:00,2.3,79,0.6,1.8,125,1022.9,930.5,0.5,
PUNTA_NEGRA,2026-07-02,1783005600,2026-07-02 12:20:00,2.6,78,1.4,3.6,151,1022.8,930.4,0.5,
PUNTA_NEGRA,2026-07-02,1783005900,2026-07-02 12:25:00,2.5,78,1.8,3.6,76,1022.8,930.4,0.5,
PUNTA_NEGRA,2026-07-02,1783006200,2026-07-02 12:30:00,2.3,78,1.4,5.4,178,1022.6,930.2,0.5,
PUNTA_NEGRA,2026-07-02,1783006500,2026-07-02 12:35:00,2.5,78,2.1,5.4,127,1022.5,930.2,0.5,
PUNTA_NEGRA,2026-07-02,1783006800,2026-07-02 12:40:00,2.6,78,1.7,3.6,141,1022.5,930.1,0.5,
PUNTA_NEGRA,2026-07-02,1783007100,2026-07-02 12:45:00,2.6,77,1.9,5.4,89,1022.5,930.1,0.5,
PUNTA_NEGRA,2026-07-02,1783007400,2026-07-02 12:50:00,2.7,76,0.3,1.8,125,1022.5,930.1,0.5,
PUNTA_NEGRA,2026-07-02,1783007700,2026-07-02 12:55:00,2.7,77,2.2,5.4,130,1022.5,930.1,0.5,
PUNTA_NEGRA,2026-07-02,1783008000,2026-07-02 13:00:00,2.8,77,1.5,3.6,132,1022.4,930.0,0.5,
PUNTA_NEGRA,2026-07-02,1783008300,2026-07-02 13:05:00,2.8,76,0.9,1.8,194,1022.4,930.0,0.5,
PUNTA_NEGRA,2026-07-02,1783008600,2026-07-02 13:10:00,2.9,76,0.9,3.6,196,1022.2,929.8,0.5,
PUNTA_NEGRA,2026-07-02,1783008900,2026-07-02 13:15:00,3.0,75,1.7,3.6,114,1022.2,929.8,0.5,
PUNTA_NEGRA,2026-07-02,1783009200,2026-07-02 13:20:00,3.0,75,1.7,3.6,136,1022.1,929.7,0.5,
PUNTA_NEGRA,2026-07-02,1783009500,2026-07-02 13:25:00,3.1,75,1.2,5.4,150,1022.0,929.6,0.5,
PUNTA_NEGRA,2026-07-02,1783009800,2026-07-02 13:30:00,3.5,74,1.4,3.6,120,1021.9,929.5,0.5,
PUNTA_NEGRA,2026-07-02,1783010100,2026-07-02 13:35:00,3.5,73,1.4,3.6,161,1021.9,929.5,0.5,
PUNTA_NEGRA,2026-07-02,1783010400,2026-07-02 13:40:00,3.5,73,2.2,5.4,163,1021.6,929.2,0.5,
PUNTA_NEGRA,2026-07-02,1783010700,2026-07-02 13:45:00,3.6,72,0.6,1.8,150,1021.5,929.1,0.5,
PUNTA_NEGRA,2026-07-02,1783011000,2026-07-02 13:50:00,3.6,72,1.0,3.6,178,1021.4,929.0,0.5,
PUNTA_NEGRA,2026-07-02,1783011300,2026-07-02 13:55:00,3.7,71,0.8,3.6,191,1021.4,928.9,0.5,
PUNTA_NEGRA,2026-07-02,1783011600,2026-07-02 14:00:00,3.8,71,2.3,3.6,54,1021.4,928.9,0.5,
PUNTA_NEGRA,2026-07-02,1783011900,2026-07-02 14:05:00,3.8,71,0.9,3.6,238,1021.3,928.9,0.5,
PUNTA_NEGRA,2026-07-02,1783012200,2026-07-02 14:10:00,3.5,71,0.7,1.8,134,1021.2,928.8,0.5,
PUNTA_NEGRA,2026-07-02,1783012500,2026-07-02 14:15:00,3.6,70,0.6,1.8,156,1021.1,928.7,0.5,
PUNTA_NEGRA,2026-07-02,1783012800,2026-07-02 14:20:00,3.7,70,1.3,3.6,271,1021.0,928.6,0.5,
PUNTA_NEGRA,2026-07-02,1783013100,2026-07-02 14:25:00,3.7,71,0.1,1.8,161,1020.9,928.6,0.5,
PUNTA_NEGRA,2026-07-02,1783013400,2026-07-02 14:30:00,3.9,70,2.1,5.4,168,1020.8,928.4,0.5,
PUNTA_NEGRA,2026-07-02,1783013700,2026-07-02 14:35:00,3.8,70,1.4,3.6,157,1020.6,928.2,0.5,
PUNTA_NEGRA,2026-07-02,1783014000,2026-07-02 14:40:00,3.8,70,1.2,1.8,149,1020.5,928.1,0.5,
PUNTA_NEGRA,2026-07-02,1783014300,2026-07-02 14:45:00,3.8,69,1.4,3.6,168,1020.5,928.1,0.5,
PUNTA_NEGRA,2026-07-02,1783014600,2026-07-02 14:50:00,3.7,70,1.5,3.6,147,1020.5,928.1,0.5,
PUNTA_NEGRA,2026-07-02,1783014900,2026-07-02 14:55:00,3.7,70,2.2,3.6,82,1020.4,928.0,0.5,
PUNTA_NEGRA,2026-07-02,1783015200,2026-07-02 15:00:00,3.5,71,4.3,9.4,115,1020.3,927.9,0.5,
PUNTA_NEGRA,2026-07-02,1783015500,2026-07-02 15:05:00,3.6,72,2.9,7.2,111,1020.3,927.9,0.5,
PUNTA_NEGRA,2026-07-02,1783015800,2026-07-02 15:10:00,3.5,73,1.6,3.6,138,1020.2,927.8,0.5,
PUNTA_NEGRA,2026-07-02,1783016100,2026-07-02 15:15:00,3.5,73,1.9,5.4,107,1020.3,927.9,0.5,
PUNTA_NEGRA,2026-07-02,1783016400,2026-07-02 15:20:00,3.4,73,1.5,3.6,90,1020.2,927.8,0.5,
PUNTA_NEGRA,2026-07-02,1783016700,2026-07-02 15:25:00,3.3,73,1.0,3.6,166,1020.2,927.8,0.5,
PUNTA_NEGRA,2026-07-02,1783017000,2026-07-02 15:30:00,3.3,73,2.8,7.2,104,1020.1,927.7,0.5,
PUNTA_NEGRA,2026-07-02,1783017300,2026-07-02 15:35:00,3.3,72,1.4,3.6,92,1020.1,927.7,0.5,
PUNTA_NEGRA,2026-07-02,1783017600,2026-07-02 15:40:00,3.3,73,1.2,3.6,120,1020.0,927.6,0.5,
PUNTA_NEGRA,2026-07-02,1783017900,2026-07-02 15:45:00,3.3,73,1.2,3.6,128,1020.1,927.6,0.5,
PUNTA_NEGRA,2026-07-02,1783018200,2026-07-02 15:50:00,3.5,72,0.7,3.6,145,1020.0,927.6,0.5,
PUNTA_NEGRA,2026-07-02,1783018500,2026-07-02 15:55:00,3.4,72,1.0,1.8,162,1020.0,927.5,0.5,
PUNTA_NEGRA,2026-07-02,1783018800,2026-07-02 16:00:00,3.3,72,1.2,1.8,198,1020.0,927.6,0.5,
PUNTA_NEGRA,2026-07-02,1783019100,2026-07-02 16:05:00,3.3,72,0.7,1.8,100,1020.0,927.5,0.5,
PUNTA_NEGRA,2026-07-02,1783019400,2026-07-02 16:10:00,3.4,72,0.7,3.6,142,1020.0,927.6,0.5,
PUNTA_NEGRA,2026-07-02,1783019700,2026-07-02 16:15:00,3.5,72,0.6,1.8,149,1020.0,927.6,0.5,
PUNTA_NEGRA,2026-07-02,1783020000,2026-07-02 16:20:00,3.5,72,0.4,1.8,199,1019.9,927.5,0.5,
PUNTA_NEGRA,2026-07-02,1783020300,2026-07-02 16:25:00,3.4,71,0.5,1.8,148,1020.0,927.5,0.5,
PUNTA_NEGRA,2026-07-02,1783020600,2026-07-02 16:30:00,3.3,72,0.8,1.8,165,1019.9,927.4,0.5,
PUNTA_NEGRA,2026-07-02,1783020900,2026-07-02 16:35:00,3.4,72,0.3,1.8,114,1019.9,927.5,0.5,
PUNTA_NEGRA,2026-07-02,1783021200,2026-07-02 16:40:00,3.4,72,0.6,3.6,82,1020.0,927.6,0.5,
PUNTA_NEGRA,2026-07-02,1783021500,2026-07-02 16:45:00,3.4,72,0.5,3.6,115,1019.9,927.5,0.5,
PUNTA_NEGRA,2026-07-02,1783021800,2026-07-02 16:50:00,3.5,72,0.8,1.8,132,1019.9,927.5,0.5,
PUNTA_NEGRA,2026-07-02,1783022100,2026-07-02 16:55:00,3.4,72,0.9,1.8,137,1019.9,927.5,0.5,
PUNTA_NEGRA,2026-07-02,1783022400,2026-07-02 17:00:00,3.3,73,0.7,1.8,99,1019.9,927.5,0.5,
PUNTA_NEGRA,2026-07-02,1783022700,2026-07-02 17:05:00,3.3,73,0.9,3.6,147,1020.0,927.5,0.5,
PUNTA_NEGRA,2026-07-02,1783023000,2026-07-02 17:10:00,3.2,73,1.4,3.6,111,1019.9,927.5,0.5,
PUNTA_NEGRA,2026-07-02,1783023300,2026-07-02 17:15:00,3.1,74,1.7,7.2,121,1020.0,927.5,0.5,
PUNTA_NEGRA,2026-07-02,1783023600,2026-07-02 17:20:00,3.1,74,1.2,3.6,56,1020.0,927.6,0.5,
PUNTA_NEGRA,2026-07-02,1783023900,2026-07-02 17:25:00,3.1,74,0.1,1.8,173,1020.1,927.7,0.5,
PUNTA_NEGRA,2026-07-02,1783024200,2026-07-02 17:30:00,3.1,74,1.9,5.4,110,1020.0,927.6,0.5,
PUNTA_NEGRA,2026-07-02,1783024500,2026-07-02 17:35:00,3.0,74,0.5,1.8,170,1020.0,927.6,0.5,
PUNTA_NEGRA,2026-07-02,1783024800,2026-07-02 17:40:00,3.0,75,1.7,5.4,131,1020.1,927.7,0.5,
PUNTA_NEGRA,2026-07-02,1783025100,2026-07-02 17:45:00,2.9,75,0.9,3.6,93,1020.2,927.8,0.5,
PUNTA_NEGRA,2026-07-02,1783025400,2026-07-02 17:50:00,2.9,75,0.9,3.6,179,1020.2,927.8,0.5,
PUNTA_NEGRA,2026-07-02,1783025700,2026-07-02 17:55:00,2.8,76,0.9,3.6,176,1020.2,927.8,0.5,
PUNTA_NEGRA,2026-07-02,1783026000,2026-07-02 18:00:00,2.8,76,1.3,3.6,29,1020.3,927.9,0.5,
PUNTA_NEGRA,2026-07-02,1783026300,2026-07-02 18:05:00,2.7,76,0.1,1.8,145,1020.3,927.9,0.5,
PUNTA_NEGRA,2026-07-02,1783026600,2026-07-02 18:10:00,2.7,76,0.8,1.8,118,1020.3,927.9,0.5,
PUNTA_NEGRA,2026-07-02,1783026900,2026-07-02 18:15:00,2.6,76,0.9,1.8,160,1020.3,927.9,0.5,
PUNTA_NEGRA,2026-07-02,1783027200,2026-07-02 18:20:00,2.6,76,0.3,1.8,113,1020.2,927.8,0.5,
PUNTA_NEGRA,2026-07-02,1783027500,2026-07-02 18:25:00,2.6,76,0.4,1.8,159,1020.3,927.9,0.5,
PUNTA_NEGRA,2026-07-02,1783027800,2026-07-02 18:30:00,2.5,77,0.2,1.8,200,1020.3,927.9,0.5,
PUNTA_NEGRA,2026-07-02,1783028100,2026-07-02 18:35:00,2.5,77,0.0,0.0,167,1020.4,928.0,0.5,
PUNTA_NEGRA,2026-07-02,1783028400,2026-07-02 18:40:00,2.5,77,0.9,1.8,86,1020.5,928.1,0.5,
PUNTA_NEGRA,2026-07-02,1783028700,2026-07-02 18:45:00,2.4,77,0.3,1.8,187,1020.5,928.2,0.5,
PUNTA_NEGRA,2026-07-02,1783029000,2026-07-02 18:50:00,2.4,77,0.4,1.8,185,1020.6,928.2,0.5,
PUNTA_NEGRA,2026-07-02,1783029300,2026-07-02 18:55:00,2.4,77,0.9,3.6,102,1020.6,928.2,0.5,
PUNTA_NEGRA,2026-07-02,1783029600,2026-07-02 19:00:00,2.4,77,0.1,1.8,84,1020.5,928.1,0.5,
PUNTA_NEGRA,2026-07-02,1783029900,2026-07-02 19:05:00,2.4,77,0.2,1.8,179,1020.5,928.2,0.5,
PUNTA_NEGRA,2026-07-02,1783030200,2026-07-02 19:10:00,2.4,77,0.1,1.8,160,1020.7,928.4,0.5,
PUNTA_NEGRA,2026-07-02,1783030500,2026-07-02 19:15:00,2.3,77,0.5,1.8,167,1020.8,928.4,0.5,
PUNTA_NEGRA,2026-07-02,1783030800,2026-07-02 19:20:00,2.3,77,0.3,1.8,99,1020.7,928.4,0.5,
PUNTA_NEGRA,2026-07-02,1783031100,2026-07-02 19:25:00,2.3,77,0.4,3.6,166,1020.7,928.3,0.5,
PUNTA_NEGRA,2026-07-02,1783031400,2026-07-02 19:30:00,2.2,77,0.4,1.8,103,1020.7,928.3,0.5,
PUNTA_NEGRA,2026-07-02,1783031700,2026-07-02 19:35:00,2.2,77,0.2,1.8,267,1020.8,928.4,0.5,
PUNTA_NEGRA,2026-07-02,1783032000,2026-07-02 19:40:00,2.2,77,0.2,1.8,131,1020.8,928.4,0.5,
PUNTA_NEGRA,2026-07-02,1783032300,2026-07-02 19:45:00,2.2,78,0.0,0.0,200,1020.8,928.4,0.5,
PUNTA_NEGRA,2026-07-02,1783032600,2026-07-02 19:50:00,2.2,77,0.1,1.8,205,1020.8,928.5,0.5,
PUNTA_NEGRA,2026-07-02,1783032900,2026-07-02 19:55:00,2.1,77,0.1,1.8,118,1020.7,928.4,0.5,
PUNTA_NEGRA,2026-07-02,1783033200,2026-07-02 20:00:00,2.1,78,0.7,1.8,16,1020.9,928.5,0.5,
PUNTA_NEGRA,2026-07-02,1783033500,2026-07-02 20:05:00,2.1,78,0.0,0.0,188,1020.9,928.5,0.5,
PUNTA_NEGRA,2026-07-02,1783033800,2026-07-02 20:10:00,2.2,78,0.0,0.0,176,1020.9,928.5,0.5,
PUNTA_NEGRA,2026-07-02,1783034100,2026-07-02 20:15:00,2.2,78,0.4,1.8,184,1020.9,928.5,0.5,
PUNTA_NEGRA,2026-07-02,1783034400,2026-07-02 20:20:00,2.1,78,0.4,1.8,74,1020.9,928.6,0.5,
PUNTA_NEGRA,2026-07-02,1783034700,2026-07-02 20:25:00,2.1,78,0.6,1.8,148,1020.9,928.5,0.5,
PUNTA_NEGRA,2026-07-02,1783035000,2026-07-02 20:30:00,2.0,78,2.0,5.4,80,1020.9,928.5,0.5,
PUNTA_NEGRA,2026-07-02,1783035300,2026-07-02 20:35:00,1.9,77,0.8,1.8,103,1021.0,928.6,0.5,
PUNTA_NEGRA,2026-07-02,1783035600,2026-07-02 20:40:00,1.9,77,1.5,5.4,92,1020.9,928.6,0.5,
PUNTA_NEGRA,2026-07-02,1783035900,2026-07-02 20:45:00,1.9,77,0.9,3.6,109,1020.9,928.5,0.5,
PUNTA_NEGRA,2026-07-02,1783036200,2026-07-02 20:50:00,1.9,78,0.0,0.0,177,1021.0,928.6,0.5,
PUNTA_NEGRA,2026-07-02,1783036500,2026-07-02 20:55:00,1.9,77,0.1,1.8,147,1020.9,928.5,0.5,
PUNTA_NEGRA,2026-07-02,1783036800,2026-07-02 21:00:00,1.9,77,0.3,1.8,142,1021.0,928.6,0.5,
PUNTA_NEGRA,2026-07-02,1783037100,2026-07-02 21:05:00,1.9,78,0.8,3.6,114,1021.0,928.7,0.5,
PUNTA_NEGRA,2026-07-02,1783037400,2026-07-02 21:10:00,1.9,78,0.0,0.0,191,1021.0,928.6,0.5,
PUNTA_NEGRA,2026-07-02,1783037700,2026-07-02 21:15:00,1.9,78,0.2,1.8,196,1021.0,928.6,0.5,
PUNTA_NEGRA,2026-07-02,1783038000,2026-07-02 21:20:00,1.8,78,0.1,1.8,221,1020.9,928.6,0.5,
PUNTA_NEGRA,2026-07-02,1783038300,2026-07-02 21:25:00,1.8,78,0.9,3.6,35,1021.0,928.6,0.5,
PUNTA_NEGRA,2026-07-02,1783038600,2026-07-02 21:30:00,1.7,78,0.2,1.8,180,1020.9,928.6,0.5,
PUNTA_NEGRA,2026-07-02,1783038900,2026-07-02 21:35:00,1.8,78,0.2,1.8,175,1020.9,928.5,0.5,
PUNTA_NEGRA,2026-07-02,1783039200,2026-07-02 21:40:00,1.7,78,0.4,1.8,169,1021.0,928.6,0.5,
PUNTA_NEGRA,2026-07-02,1783039500,2026-07-02 21:45:00,1.7,78,0.3,1.8,161,1021.0,928.6,0.5,
PUNTA_NEGRA,2026-07-02,1783039800,2026-07-02 21:50:00,1.8,78,0.6,3.6,173,1020.9,928.5,0.5,
PUNTA_NEGRA,2026-07-02,1783040100,2026-07-02 21:55:00,1.8,78,0.2,1.8,174,1020.9,928.5,0.5,
PUNTA_NEGRA,2026-07-02,1783040400,2026-07-02 22:00:00,1.8,78,0.1,1.8,163,1020.9,928.5,0.5,
PUNTA_NEGRA,2026-07-02,1783040700,2026-07-02 22:05:00,1.8,78,0.0,0.0,194,1020.9,928.5,0.5,
PUNTA_NEGRA,2026-07-02,1783041000,2026-07-02 22:10:00,1.8,78,0.5,1.8,109,1020.9,928.5,0.5,
PUNTA_NEGRA,2026-07-02,1783041300,2026-07-02 22:15:00,1.8,79,0.1,1.8,130,1020.8,928.5,0.5,
PUNTA_NEGRA,2026-07-02,1783041600,2026-07-02 22:20:00,1.8,79,0.3,1.8,161,1020.8,928.4,0.5,
PUNTA_NEGRA,2026-07-02,1783041900,2026-07-02 22:25:00,1.8,79,0.3,1.8,101,1020.8,928.4,0.5,
PUNTA_NEGRA,2026-07-02,1783042200,2026-07-02 22:30:00,1.8,79,0.5,1.8,180,1020.8,928.4,0.5,
PUNTA_NEGRA,2026-07-02,1783042500,2026-07-02 22:35:00,1.8,79,0.0,0.0,175,1020.7,928.4,0.5,
PUNTA_NEGRA,2026-07-02,1783042800,2026-07-02 22:40:00,1.8,79,0.1,1.8,191,1020.7,928.3,0.5,
PUNTA_NEGRA,2026-07-02,1783043100,2026-07-02 22:45:00,1.8,79,0.0,0.0,176,1020.7,928.3,0.5,
PUNTA_NEGRA,2026-07-02,1783043400,2026-07-02 22:50:00,1.8,79,0.1,1.8,133,1020.7,928.3,0.5,
PUNTA_NEGRA,2026-07-02,1783043700,2026-07-02 22:55:00,1.8,79,0.1,1.8,139,1020.6,928.2,0.5,
PUNTA_NEGRA,2026-07-02,1783044000,2026-07-02 23:00:00,1.8,79,0.0,0.0,177,1020.7,928.3,0.5,
PUNTA_NEGRA,2026-07-02,1783044300,2026-07-02 23:05:00,1.8,79,0.1,1.8,146,1020.6,928.2,0.5,
PUNTA_NEGRA,2026-07-02,1783044600,2026-07-02 23:10:00,1.8,78,0.1,1.8,155,1020.6,928.2,0.5,
PUNTA_NEGRA,2026-07-02,1783044900,2026-07-02 23:15:00,1.8,78,0.0,0.0,185,1020.5,928.1,0.5,
PUNTA_NEGRA,2026-07-02,1783045200,2026-07-02 23:20:00,1.8,78,0.0,0.0,188,1020.5,928.1,0.5,
PUNTA_NEGRA,2026-07-02,1783045500,2026-07-02 23:25:00,1.8,79,0.2,1.8,166,1020.4,928.0,0.5,
PUNTA_NEGRA,2026-07-02,1783045800,2026-07-02 23:30:00,1.8,78,0.0,0.0,188,1020.4,928.1,0.5,
PUNTA_NEGRA,2026-07-02,1783046100,2026-07-02 23:35:00,1.8,79,0.0,0.0,187,1020.4,928.0,0.5,
PUNTA_NEGRA,2026-07-02,1783046400,2026-07-02 23:40:00,1.8,78,0.0,0.0,176,1020.4,928.0,0.5,
PUNTA_NEGRA,2026-07-02,1783046700,2026-07-02 23:45:00,1.8,78,0.0,0.0,191,1020.4,928.0,0.5,
PUNTA_NEGRA,2026-07-02,1783047000,2026-07-02 23:50:00,1.8,78,0.4,1.8,171,1020.4,928.0,0.5,
PUNTA_NEGRA,2026-07-02,1783047300,2026-07-02 23:55:00,1.8,78,0.2,1.8,180,1020.4,928.1,0.5,
CARACOLES,2026-07-02,1782961200,2026-07-02 00:00:00,0.8,87,1.5,3.6,87,1020.8,918.0,0.0,
CARACOLES,2026-07-02,1782961500,2026-07-02 00:05:00,0.9,87,2.2,7.2,76,1020.8,918.0,0.0,
CARACOLES,2026-07-02,1782961800,2026-07-02 00:10:00,0.8,87,1.5,7.2,80,1020.8,918.0,0.0,
CARACOLES,2026-07-02,1782962100,2026-07-02 00:15:00,0.8,87,2.3,5.4,67,1020.7,917.9,0.0,
CARACOLES,2026-07-02,1782962400,2026-07-02 00:20:00,0.9,87,2.2,5.4,71,1020.8,918.0,0.0,
CARACOLES,2026-07-02,1782962700,2026-07-02 00:25:00,0.9,87,2.2,5.4,82,1020.8,918.0,0.0,
CARACOLES,2026-07-02,1782963000,2026-07-02 00:30:00,0.8,88,3.0,7.2,71,1020.7,917.9,0.0,
CARACOLES,2026-07-02,1782963300,2026-07-02 00:35:00,0.8,88,3.0,7.2,71,1020.7,917.9,0.0,
CARACOLES,2026-07-02,1782963600,2026-07-02 00:40:00,0.7,88,1.4,3.6,80,1020.7,917.9,0.0,
CARACOLES,2026-07-02,1782963900,2026-07-02 00:45:00,0.8,88,2.3,5.4,82,1020.7,917.9,0.0,
CARACOLES,2026-07-02,1782964200,2026-07-02 00:50:00,0.8,88,2.1,5.4,79,1020.7,917.9,0.0,
CARACOLES,2026-07-02,1782964500,2026-07-02 00:55:00,0.7,88,2.7,7.2,106,1020.8,918.0,0.0,
CARACOLES,2026-07-02,1782964800,2026-07-02 01:00:00,0.7,88,2.3,3.6,83,1020.9,918.1,0.0,
CARACOLES,2026-07-02,1782965100,2026-07-02 01:05:00,0.7,89,2.8,5.4,116,1020.8,918.0,0.0,
CARACOLES,2026-07-02,1782965400,2026-07-02 01:10:00,0.6,89,3.5,7.2,69,1020.8,918.0,0.0,
CARACOLES,2026-07-02,1782965700,2026-07-02 01:15:00,0.6,89,2.8,5.4,81,1020.8,918.0,0.0,
CARACOLES,2026-07-02,1782966000,2026-07-02 01:20:00,0.6,89,2.9,7.2,77,1020.8,918.0,0.0,
CARACOLES,2026-07-02,1782966300,2026-07-02 01:25:00,0.5,90,2.4,5.4,68,1020.8,918.0,0.0,
CARACOLES,2026-07-02,1782966600,2026-07-02 01:30:00,0.5,90,2.9,7.2,76,1020.8,918.0,0.0,
CARACOLES,2026-07-02,1782966900,2026-07-02 01:35:00,0.4,90,3.1,9.4,76,1020.8,918.0,0.0,
CARACOLES,2026-07-02,1782967200,2026-07-02 01:40:00,0.5,90,2.6,7.2,83,1020.8,918.0,0.0,
CARACOLES,2026-07-02,1782967500,2026-07-02 01:45:00,0.4,90,6.8,16.6,121,1020.9,918.1,0.0,
CARACOLES,2026-07-02,1782967800,2026-07-02 01:50:00,0.3,90,3.9,5.4,111,1020.8,918.0,0.0,
CARACOLES,2026-07-02,1782968100,2026-07-02 01:55:00,0.3,90,4.9,13.0,138,1020.7,917.9,0.0,
CARACOLES,2026-07-02,1782968400,2026-07-02 02:00:00,0.3,90,2.6,5.4,91,1020.8,918.0,0.0,
CARACOLES,2026-07-02,1782968700,2026-07-02 02:05:00,0.2,90,3.8,7.2,111,1020.9,918.1,0.0,
CARACOLES,2026-07-02,1782969000,2026-07-02 02:10:00,0.2,90,4.5,14.8,104,1020.9,918.1,0.0,
CARACOLES,2026-07-02,1782969300,2026-07-02 02:15:00,0.2,91,4.3,7.2,103,1020.8,918.0,0.0,
CARACOLES,2026-07-02,1782969600,2026-07-02 02:20:00,0.1,91,3.5,13.0,102,1020.7,918.0,0.0,
CARACOLES,2026-07-02,1782969900,2026-07-02 02:25:00,0.1,91,1.7,5.4,86,1020.7,918.0,0.0,
CARACOLES,2026-07-02,1782970200,2026-07-02 02:30:00,0.1,91,2.6,3.6,118,1020.7,917.9,0.0,
CARACOLES,2026-07-02,1782970500,2026-07-02 02:35:00,0.1,91,2.5,5.4,104,1020.7,917.9,0.0,
CARACOLES,2026-07-02,1782970800,2026-07-02 02:40:00,0.1,91,1.9,5.4,128,1020.7,917.9,0.0,
CARACOLES,2026-07-02,1782971100,2026-07-02 02:45:00,0.1,91,1.9,5.4,75,1020.8,918.0,0.0,
CARACOLES,2026-07-02,1782971400,2026-07-02 02:50:00,0.1,91,2.2,7.2,97,1020.8,918.0,0.0,
CARACOLES,2026-07-02,1782971700,2026-07-02 02:55:00,0.1,91,1.6,3.6,99,1020.8,918.0,0.0,
CARACOLES,2026-07-02,1782972000,2026-07-02 03:00:00,0.0,91,2.0,5.4,82,1020.8,918.0,0.0,
CARACOLES,2026-07-02,1782972300,2026-07-02 03:05:00,-0.1,91,2.2,5.4,67,1020.7,917.9,0.0,
CARACOLES,2026-07-02,1782972600,2026-07-02 03:10:00,-0.2,91,3.2,9.4,73,1020.7,917.9,0.0,
CARACOLES,2026-07-02,1782972900,2026-07-02 03:15:00,-0.3,92,2.1,7.2,81,1020.6,917.8,0.0,
CARACOLES,2026-07-02,1782973200,2026-07-02 03:20:00,-0.3,92,2.7,5.4,77,1020.7,917.9,0.0,
CARACOLES,2026-07-02,1782973500,2026-07-02 03:25:00,-0.3,92,3.0,9.4,109,1020.5,917.7,0.0,
CARACOLES,2026-07-02,1782973800,2026-07-02 03:30:00,-0.3,92,3.1,7.2,72,1020.4,917.6,0.0,
CARACOLES,2026-07-02,1782974100,2026-07-02 03:35:00,-0.3,92,1.1,3.6,75,1020.4,917.6,0.0,
CARACOLES,2026-07-02,1782974400,2026-07-02 03:40:00,-0.3,92,3.1,9.4,66,1020.3,917.5,0.0,
CARACOLES,2026-07-02,1782974700,2026-07-02 03:45:00,-0.3,91,2.2,7.2,71,1020.3,917.5,0.0,
CARACOLES,2026-07-02,1782975000,2026-07-02 03:50:00,-0.2,91,2.6,7.2,95,1020.3,917.5,0.0,
CARACOLES,2026-07-02,1782975300,2026-07-02 03:55:00,-0.2,91,1.6,5.4,69,1020.4,917.6,0.0,
CARACOLES,2026-07-02,1782975600,2026-07-02 04:00:00,-0.2,91,2.4,9.4,85,1020.3,917.5,0.0,
CARACOLES,2026-07-02,1782975900,2026-07-02 04:05:00,-0.3,91,2.3,5.4,81,1020.4,917.6,0.0,
CARACOLES,2026-07-02,1782976200,2026-07-02 04:10:00,-0.3,91,3.5,9.4,72,1020.4,917.6,0.0,
CARACOLES,2026-07-02,1782976500,2026-07-02 04:15:00,-0.4,92,1.5,5.4,93,1020.4,917.7,0.0,
CARACOLES,2026-07-02,1782976800,2026-07-02 04:20:00,-0.4,92,2.4,5.4,73,1020.3,917.5,0.0,
CARACOLES,2026-07-02,1782977100,2026-07-02 04:25:00,-0.3,92,2.4,5.4,94,1020.2,917.4,0.0,
CARACOLES,2026-07-02,1782977400,2026-07-02 04:30:00,-0.4,92,1.6,5.4,57,1020.2,917.4,0.0,
CARACOLES,2026-07-02,1782977700,2026-07-02 04:35:00,-0.4,92,1.4,3.6,86,1020.2,917.4,0.0,
CARACOLES,2026-07-02,1782978000,2026-07-02 04:40:00,-0.3,92,1.3,3.6,103,1020.1,917.3,0.0,
CARACOLES,2026-07-02,1782978300,2026-07-02 04:45:00,-0.3,92,1.7,5.4,75,1020.1,917.3,0.0,
CARACOLES,2026-07-02,1782978600,2026-07-02 04:50:00,-0.3,91,1.5,5.4,76,1020.1,917.3,0.0,
CARACOLES,2026-07-02,1782978900,2026-07-02 04:55:00,-0.3,91,1.6,5.4,78,1020.0,917.2,0.0,
CARACOLES,2026-07-02,1782979200,2026-07-02 05:00:00,-0.3,91,3.1,9.4,69,1020.0,917.2,0.0,
CARACOLES,2026-07-02,1782979500,2026-07-02 05:05:00,-0.3,92,1.0,5.4,78,1020.0,917.2,0.0,
CARACOLES,2026-07-02,1782979800,2026-07-02 05:10:00,-0.3,92,2.2,9.4,52,1020.0,917.2,0.0,
CARACOLES,2026-07-02,1782980100,2026-07-02 05:15:00,-0.3,92,2.2,5.4,72,1020.0,917.2,0.0,
CARACOLES,2026-07-02,1782980400,2026-07-02 05:20:00,-0.3,92,2.3,7.2,58,1020.0,917.2,0.0,
CARACOLES,2026-07-02,1782980700,2026-07-02 05:25:00,-0.4,92,2.4,5.4,78,1020.0,917.2,0.0,
CARACOLES,2026-07-02,1782981000,2026-07-02 05:30:00,-0.4,92,2.7,5.4,86,1020.0,917.1,0.0,
CARACOLES,2026-07-02,1782981300,2026-07-02 05:35:00,-0.3,92,2.2,7.2,105,1020.0,917.2,0.0,
CARACOLES,2026-07-02,1782981600,2026-07-02 05:40:00,-0.4,92,2.6,5.4,93,1019.9,917.1,0.0,
CARACOLES,2026-07-02,1782981900,2026-07-02 05:45:00,-0.5,93,2.4,5.4,95,1019.9,917.1,0.0,
CARACOLES,2026-07-02,1782982200,2026-07-02 05:50:00,-0.5,93,1.7,5.4,88,1020.0,917.2,0.0,
CARACOLES,2026-07-02,1782982500,2026-07-02 05:55:00,-0.5,93,3.6,7.2,109,1020.0,917.2,0.0,
CARACOLES,2026-07-02,1782982800,2026-07-02 06:00:00,-0.5,93,4.8,11.2,80,1019.9,917.0,0.0,
CARACOLES,2026-07-02,1782983100,2026-07-02 06:05:00,-0.5,93,4.6,11.2,101,1020.0,917.1,0.0,
CARACOLES,2026-07-02,1782983400,2026-07-02 06:10:00,-0.5,93,3.0,7.2,106,1020.0,917.2,0.0,
CARACOLES,2026-07-02,1782983700,2026-07-02 06:15:00,-0.5,93,3.5,11.2,121,1019.9,917.1,0.0,
CARACOLES,2026-07-02,1782984000,2026-07-02 06:20:00,-0.6,93,4.1,11.2,115,1019.9,917.1,0.0,
CARACOLES,2026-07-02,1782984300,2026-07-02 06:25:00,-0.6,93,6.7,16.6,111,1020.0,917.2,0.0,
CARACOLES,2026-07-02,1782984600,2026-07-02 06:30:00,-0.6,93,4.6,16.6,101,1020.0,917.2,0.0,
CARACOLES,2026-07-02,1782984900,2026-07-02 06:35:00,-0.6,93,3.2,11.2,122,1019.9,917.1,0.0,
CARACOLES,2026-07-02,1782985200,2026-07-02 06:40:00,-0.6,93,5.4,13.0,92,1020.0,917.1,0.0,
CARACOLES,2026-07-02,1782985500,2026-07-02 06:45:00,-0.7,93,4.3,13.0,135,1019.9,917.1,0.0,
CARACOLES,2026-07-02,1782985800,2026-07-02 06:50:00,-0.7,93,4.4,9.4,117,1020.1,917.2,0.0,
CARACOLES,2026-07-02,1782986100,2026-07-02 06:55:00,-0.7,94,2.8,11.2,112,1020.0,917.2,0.0,
CARACOLES,2026-07-02,1782986400,2026-07-02 07:00:00,-0.7,94,2.5,5.4,122,1019.9,917.1,0.0,
CARACOLES,2026-07-02,1782986700,2026-07-02 07:05:00,-0.6,94,2.7,5.4,100,1020.0,917.1,0.0,
CARACOLES,2026-07-02,1782987000,2026-07-02 07:10:00,-0.7,94,1.9,5.4,93,1019.9,917.1,0.0,
CARACOLES,2026-07-02,1782987300,2026-07-02 07:15:00,-0.6,94,2.2,5.4,116,1020.0,917.1,0.0,
CARACOLES,2026-07-02,1782987600,2026-07-02 07:20:00,-0.6,94,4.4,9.4,117,1020.1,917.2,0.0,
CARACOLES,2026-07-02,1782987900,2026-07-02 07:25:00,-0.7,94,2.2,5.4,109,1020.1,917.3,0.0,
CARACOLES,2026-07-02,1782988200,2026-07-02 07:30:00,-0.6,94,3.1,7.2,104,1020.1,917.3,0.0,
CARACOLES,2026-07-02,1782988500,2026-07-02 07:35:00,-0.6,94,1.5,3.6,97,1020.1,917.3,0.0,
CARACOLES,2026-07-02,1782988800,2026-07-02 07:40:00,-0.6,94,2.3,7.2,76,1020.1,917.3,0.0,
CARACOLES,2026-07-02,1782989100,2026-07-02 07:45:00,-0.6,94,2.2,5.4,84,1020.2,917.4,0.0,
CARACOLES,2026-07-02,1782989400,2026-07-02 07:50:00,-0.6,94,1.1,5.4,76,1020.2,917.4,0.0,
CARACOLES,2026-07-02,1782989700,2026-07-02 07:55:00,-0.6,94,2.4,5.4,74,1020.1,917.3,0.0,
CARACOLES,2026-07-02,1782990000,2026-07-02 08:00:00,-0.6,94,1.9,5.4,83,1020.1,917.3,0.0,
CARACOLES,2026-07-02,1782990300,2026-07-02 08:05:00,-0.6,94,1.4,5.4,106,1020.2,917.4,0.0,
CARACOLES,2026-07-02,1782990600,2026-07-02 08:10:00,-0.6,94,1.8,5.4,72,1020.3,917.5,0.0,
CARACOLES,2026-07-02,1782990900,2026-07-02 08:15:00,-0.6,94,0.6,3.6,80,1020.2,917.4,0.0,
CARACOLES,2026-07-02,1782991200,2026-07-02 08:20:00,-0.5,93,2.4,5.4,106,1020.2,917.3,0.0,
CARACOLES,2026-07-02,1782991500,2026-07-02 08:25:00,-0.6,93,1.4,5.4,95,1020.2,917.4,0.0,
CARACOLES,2026-07-02,1782991800,2026-07-02 08:30:00,-0.5,93,2.1,5.4,105,1020.2,917.4,0.0,
CARACOLES,2026-07-02,1782992100,2026-07-02 08:35:00,-0.5,93,1.4,3.6,125,1020.3,917.4,0.0,
CARACOLES,2026-07-02,1782992400,2026-07-02 08:40:00,-0.5,93,2.2,3.6,116,1020.2,917.4,0.0,
CARACOLES,2026-07-02,1782992700,2026-07-02 08:45:00,-0.5,93,1.7,5.4,97,1020.3,917.5,0.0,
CARACOLES,2026-07-02,1782993000,2026-07-02 08:50:00,-0.4,93,2.7,7.2,120,1020.3,917.5,0.0,
CARACOLES,2026-07-02,1782993300,2026-07-02 08:55:00,-0.4,93,4.2,9.4,111,1020.2,917.4,0.0,
CARACOLES,2026-07-02,1782993600,2026-07-02 09:00:00,-0.4,92,2.5,7.2,93,1020.2,917.4,0.0,
CARACOLES,2026-07-02,1782993900,2026-07-02 09:05:00,-0.4,92,3.2,7.2,113,1020.2,917.4,0.0,
CARACOLES,2026-07-02,1782994200,2026-07-02 09:10:00,-0.4,92,2.8,7.2,115,1020.2,917.4,0.0,
CARACOLES,2026-07-02,1782994500,2026-07-02 09:15:00,-0.3,92,1.3,5.4,124,1020.2,917.4,0.0,
CARACOLES,2026-07-02,1782994800,2026-07-02 09:20:00,-0.3,92,1.1,3.6,86,1020.2,917.4,0.0,
CARACOLES,2026-07-02,1782995100,2026-07-02 09:25:00,-0.2,92,2.2,5.4,105,1020.3,917.5,0.0,
CARACOLES,2026-07-02,1782995400,2026-07-02 09:30:00,-0.2,92,1.3,5.4,82,1020.3,917.6,0.0,
CARACOLES,2026-07-02,1782995700,2026-07-02 09:35:00,-0.3,92,2.0,5.4,62,1020.4,917.6,0.0,
CARACOLES,2026-07-02,1782996000,2026-07-02 09:40:00,-0.2,92,2.8,7.2,107,1020.4,917.6,0.0,
CARACOLES,2026-07-02,1782996300,2026-07-02 09:45:00,-0.2,91,1.6,5.4,97,1020.4,917.6,0.0,
CARACOLES,2026-07-02,1782996600,2026-07-02 09:50:00,-0.1,91,3.2,11.2,98,1020.4,917.6,0.0,
CARACOLES,2026-07-02,1782996900,2026-07-02 09:55:00,-0.1,91,1.8,9.4,62,1020.4,917.6,0.0,
CARACOLES,2026-07-02,1782997200,2026-07-02 10:00:00,0.0,90,1.8,5.4,94,1020.4,917.6,0.0,
CARACOLES,2026-07-02,1782997500,2026-07-02 10:05:00,0.1,90,1.4,3.6,86,1020.4,917.6,0.0,
CARACOLES,2026-07-02,1782997800,2026-07-02 10:10:00,0.2,90,2.1,3.6,80,1020.4,917.6,0.0,
CARACOLES,2026-07-02,1782998100,2026-07-02 10:15:00,0.2,90,0.7,3.6,108,1020.4,917.6,0.0,
CARACOLES,2026-07-02,1782998400,2026-07-02 10:20:00,0.3,89,1.3,5.4,69,1020.3,917.6,0.0,
CARACOLES,2026-07-02,1782998700,2026-07-02 10:25:00,0.3,89,1.7,9.4,98,1020.2,917.4,0.0,
CARACOLES,2026-07-02,1782999000,2026-07-02 10:30:00,0.3,89,2.5,7.2,70,1020.3,917.5,0.0,
CARACOLES,2026-07-02,1782999300,2026-07-02 10:35:00,0.3,89,2.2,7.2,65,1020.2,917.4,0.0,
CARACOLES,2026-07-02,1782999600,2026-07-02 10:40:00,0.4,89,0.9,5.4,83,1020.3,917.6,0.0,
CARACOLES,2026-07-02,1782999900,2026-07-02 10:45:00,0.6,88,1.4,3.6,87,1020.3,917.5,0.0,
CARACOLES,2026-07-02,1783000200,2026-07-02 10:50:00,0.6,87,1.7,5.4,68,1020.3,917.6,0.0,
CARACOLES,2026-07-02,1783000500,2026-07-02 10:55:00,0.6,87,0.9,5.4,55,1020.3,917.5,0.0,
CARACOLES,2026-07-02,1783000800,2026-07-02 11:00:00,0.7,87,2.6,7.2,82,1020.3,917.5,0.0,
CARACOLES,2026-07-02,1783001100,2026-07-02 11:05:00,0.8,87,1.3,5.4,81,1020.3,917.5,0.0,
CARACOLES,2026-07-02,1783001400,2026-07-02 11:10:00,0.9,87,2.7,7.2,82,1020.3,917.5,0.0,
CARACOLES,2026-07-02,1783001700,2026-07-02 11:15:00,0.9,87,2.2,5.4,76,1020.3,917.5,0.0,
CARACOLES,2026-07-02,1783002000,2026-07-02 11:20:00,0.9,86,1.7,5.4,70,1020.2,917.4,0.0,
CARACOLES,2026-07-02,1783002300,2026-07-02 11:25:00,1.0,86,2.2,7.2,66,1020.1,917.3,0.0,
CARACOLES,2026-07-02,1783002600,2026-07-02 11:30:00,1.0,86,2.1,5.4,64,1020.1,917.3,0.0,
CARACOLES,2026-07-02,1783002900,2026-07-02 11:35:00,1.2,85,2.5,9.4,81,1020.1,917.3,0.0,
CARACOLES,2026-07-02,1783003200,2026-07-02 11:40:00,1.3,85,2.7,7.2,77,1020.1,917.3,0.0,
CARACOLES,2026-07-02,1783003500,2026-07-02 11:45:00,1.3,84,1.6,9.4,73,1020.0,917.1,0.0,
CARACOLES,2026-07-02,1783003800,2026-07-02 11:50:00,1.4,84,3.1,7.2,59,1019.8,917.0,0.0,
CARACOLES,2026-07-02,1783004100,2026-07-02 11:55:00,1.5,83,2.8,5.4,71,1019.9,917.1,0.0,
CARACOLES,2026-07-02,1783004400,2026-07-02 12:00:00,1.6,83,1.7,5.4,65,1019.6,916.8,0.0,
CARACOLES,2026-07-02,1783004700,2026-07-02 12:05:00,1.6,83,2.7,5.4,65,1019.7,916.9,0.0,
CARACOLES,2026-07-02,1783005000,2026-07-02 12:10:00,1.7,83,1.7,5.4,72,1019.5,916.7,0.0,
CARACOLES,2026-07-02,1783005300,2026-07-02 12:15:00,1.8,83,2.4,5.4,97,1019.4,916.6,0.0,
CARACOLES,2026-07-02,1783005600,2026-07-02 12:20:00,1.9,82,2.8,5.4,65,1019.4,916.6,0.0,
CARACOLES,2026-07-02,1783005900,2026-07-02 12:25:00,2.0,81,2.8,7.2,73,1019.3,916.5,0.0,
CARACOLES,2026-07-02,1783006200,2026-07-02 12:30:00,2.3,80,2.7,5.4,84,1019.2,916.4,0.0,
CARACOLES,2026-07-02,1783006500,2026-07-02 12:35:00,2.4,80,3.7,9.4,86,1019.2,916.4,0.0,
CARACOLES,2026-07-02,1783006800,2026-07-02 12:40:00,2.2,81,4.4,9.4,64,1019.1,916.3,0.0,
CARACOLES,2026-07-02,1783007100,2026-07-02 12:45:00,2.5,80,5.3,13.0,72,1019.1,916.2,0.0,
CARACOLES,2026-07-02,1783007400,2026-07-02 12:50:00,2.4,80,5.3,14.8,57,1019.1,916.3,0.0,
CARACOLES,2026-07-02,1783007700,2026-07-02 12:55:00,2.2,81,4.2,9.4,58,1019.1,916.2,0.0,
CARACOLES,2026-07-02,1783008000,2026-07-02 13:00:00,2.2,80,7.3,14.8,59,1018.9,916.1,0.0,
CARACOLES,2026-07-02,1783008300,2026-07-02 13:05:00,2.2,80,8.4,20.2,49,1019.0,916.1,0.0,
CARACOLES,2026-07-02,1783008600,2026-07-02 13:10:00,2.2,79,7.3,13.0,54,1018.8,916.0,0.0,
CARACOLES,2026-07-02,1783008900,2026-07-02 13:15:00,2.3,79,7.5,16.6,64,1018.8,916.0,0.0,
CARACOLES,2026-07-02,1783009200,2026-07-02 13:20:00,2.3,78,2.7,9.4,67,1018.7,915.9,0.0,
CARACOLES,2026-07-02,1783009500,2026-07-02 13:25:00,2.4,77,3.7,11.2,45,1018.6,915.8,0.0,
CARACOLES,2026-07-02,1783009800,2026-07-02 13:30:00,2.4,77,5.6,11.2,77,1018.5,915.8,0.0,
CARACOLES,2026-07-02,1783010100,2026-07-02 13:35:00,2.5,77,4.8,9.4,66,1018.5,915.7,0.0,
CARACOLES,2026-07-02,1783010400,2026-07-02 13:40:00,2.5,78,5.7,13.0,62,1018.4,915.6,0.0,
CARACOLES,2026-07-02,1783010700,2026-07-02 13:45:00,2.6,77,3.6,11.2,75,1018.2,915.4,0.0,
CARACOLES,2026-07-02,1783011000,2026-07-02 13:50:00,2.7,77,2.4,5.4,98,1018.2,915.4,0.0,
CARACOLES,2026-07-02,1783011300,2026-07-02 13:55:00,2.9,76,3.4,13.0,73,1018.0,915.2,0.0,
CARACOLES,2026-07-02,1783011600,2026-07-02 14:00:00,2.8,77,4.3,11.2,73,1018.0,915.2,0.0,
CARACOLES,2026-07-02,1783011900,2026-07-02 14:05:00,2.7,76,4.4,9.4,55,1017.8,915.0,0.0,
CARACOLES,2026-07-02,1783012200,2026-07-02 14:10:00,2.9,76,3.8,9.4,71,1017.9,915.0,0.0,
CARACOLES,2026-07-02,1783012500,2026-07-02 14:15:00,2.6,77,2.7,7.2,67,1017.7,914.9,0.0,
CARACOLES,2026-07-02,1783012800,2026-07-02 14:20:00,2.6,77,3.0,7.2,77,1017.8,914.9,0.0,
CARACOLES,2026-07-02,1783013100,2026-07-02 14:25:00,2.7,77,2.7,7.2,67,1017.7,914.9,0.0,
CARACOLES,2026-07-02,1783013400,2026-07-02 14:30:00,2.8,76,2.9,7.2,68,1017.4,914.6,0.0,
CARACOLES,2026-07-02,1783013700,2026-07-02 14:35:00,2.7,76,4.2,7.2,93,1017.5,914.7,0.0,
CARACOLES,2026-07-02,1783014000,2026-07-02 14:40:00,2.8,76,5.5,13.0,72,1017.5,914.7,0.0,
CARACOLES,2026-07-02,1783014300,2026-07-02 14:45:00,2.8,76,4.0,11.2,103,1017.4,914.6,0.0,
CARACOLES,2026-07-02,1783014600,2026-07-02 14:50:00,2.8,77,4.3,9.4,77,1017.3,914.5,0.0,
CARACOLES,2026-07-02,1783014900,2026-07-02 14:55:00,2.8,76,4.5,14.8,66,1017.2,914.4,0.0,
CARACOLES,2026-07-02,1783015200,2026-07-02 15:00:00,2.8,76,4.3,11.2,82,1017.2,914.4,0.0,
CARACOLES,2026-07-02,1783015500,2026-07-02 15:05:00,2.7,76,4.0,11.2,65,1017.1,914.3,0.0,
CARACOLES,2026-07-02,1783015800,2026-07-02 15:10:00,2.7,76,4.3,11.2,64,1017.1,914.3,0.0,
CARACOLES,2026-07-02,1783016100,2026-07-02 15:15:00,2.8,76,4.1,11.2,63,1016.9,914.1,0.0,
CARACOLES,2026-07-02,1783016400,2026-07-02 15:20:00,2.8,76,3.5,9.4,61,1016.9,914.1,0.0,
CARACOLES,2026-07-02,1783016700,2026-07-02 15:25:00,2.9,76,3.5,9.4,66,1016.9,914.1,0.0,
CARACOLES,2026-07-02,1783017000,2026-07-02 15:30:00,2.9,76,4.3,11.2,93,1017.0,914.1,0.0,
CARACOLES,2026-07-02,1783017300,2026-07-02 15:35:00,2.9,76,5.0,13.0,69,1016.9,914.0,0.0,
CARACOLES,2026-07-02,1783017600,2026-07-02 15:40:00,2.9,76,5.5,14.8,71,1016.9,914.1,0.0,
CARACOLES,2026-07-02,1783017900,2026-07-02 15:45:00,2.8,76,2.9,7.2,69,1016.8,914.0,0.0,
CARACOLES,2026-07-02,1783018200,2026-07-02 15:50:00,2.8,76,6.6,14.8,70,1016.7,913.9,0.0,
CARACOLES,2026-07-02,1783018500,2026-07-02 15:55:00,2.9,76,3.3,11.2,69,1016.8,914.0,0.0,
CARACOLES,2026-07-02,1783018800,2026-07-02 16:00:00,2.8,76,3.6,7.2,80,1016.7,913.9,0.0,
CARACOLES,2026-07-02,1783019100,2026-07-02 16:05:00,2.9,76,4.0,9.4,74,1016.6,913.8,0.0,
CARACOLES,2026-07-02,1783019400,2026-07-02 16:10:00,2.8,76,4.0,11.2,86,1016.7,913.9,0.0,
CARACOLES,2026-07-02,1783019700,2026-07-02 16:15:00,2.7,77,2.7,9.4,96,1016.7,913.9,0.0,
CARACOLES,2026-07-02,1783020000,2026-07-02 16:20:00,2.6,77,4.7,14.8,95,1016.6,913.8,0.0,
CARACOLES,2026-07-02,1783020300,2026-07-02 16:25:00,2.6,77,3.8,9.4,69,1016.7,913.9,0.0,
CARACOLES,2026-07-02,1783020600,2026-07-02 16:30:00,2.6,77,3.3,7.2,80,1016.7,913.9,0.0,
CARACOLES,2026-07-02,1783020900,2026-07-02 16:35:00,2.7,77,2.4,5.4,91,1016.7,913.9,0.0,
CARACOLES,2026-07-02,1783021200,2026-07-02 16:40:00,2.7,77,3.8,7.2,99,1016.7,913.9,0.0,
CARACOLES,2026-07-02,1783021500,2026-07-02 16:45:00,2.6,77,5.1,9.4,112,1016.7,913.9,0.0,
CARACOLES,2026-07-02,1783021800,2026-07-02 16:50:00,2.5,77,5.1,11.2,94,1016.6,913.8,0.0,
CARACOLES,2026-07-02,1783022100,2026-07-02 16:55:00,2.5,78,4.0,9.4,81,1016.6,913.8,0.0,
CARACOLES,2026-07-02,1783022400,2026-07-02 17:00:00,2.4,78,5.5,14.8,93,1016.6,913.8,0.0,
CARACOLES,2026-07-02,1783022700,2026-07-02 17:05:00,2.4,78,5.3,13.0,88,1016.7,913.9,0.0,
CARACOLES,2026-07-02,1783023000,2026-07-02 17:10:00,2.4,78,4.6,11.2,82,1016.7,913.9,0.0,
CARACOLES,2026-07-02,1783023300,2026-07-02 17:15:00,2.4,78,3.8,11.2,83,1016.6,913.8,0.0,
CARACOLES,2026-07-02,1783023600,2026-07-02 17:20:00,2.4,78,3.8,7.2,52,1016.7,913.9,0.0,
CARACOLES,2026-07-02,1783023900,2026-07-02 17:25:00,2.4,78,4.5,9.4,85,1016.7,913.9,0.0,
CARACOLES,2026-07-02,1783024200,2026-07-02 17:30:00,2.4,78,4.2,9.4,88,1016.8,914.0,0.0,
CARACOLES,2026-07-02,1783024500,2026-07-02 17:35:00,2.3,78,5.5,11.2,71,1016.7,913.9,0.0,
CARACOLES,2026-07-02,1783024800,2026-07-02 17:40:00,2.4,78,3.5,7.2,79,1016.8,914.0,0.0,
CARACOLES,2026-07-02,1783025100,2026-07-02 17:45:00,2.3,78,3.7,7.2,83,1016.9,914.1,0.0,
CARACOLES,2026-07-02,1783025400,2026-07-02 17:50:00,2.3,79,4.6,11.2,72,1016.8,914.0,0.0,
CARACOLES,2026-07-02,1783025700,2026-07-02 17:55:00,2.3,78,3.5,11.2,80,1016.9,914.0,0.0,
CARACOLES,2026-07-02,1783026000,2026-07-02 18:00:00,2.3,79,2.2,7.2,92,1016.9,914.1,0.0,
CARACOLES,2026-07-02,1783026300,2026-07-02 18:05:00,2.4,78,3.4,7.2,84,1016.9,914.1,0.0,
CARACOLES,2026-07-02,1783026600,2026-07-02 18:10:00,2.4,78,4.0,13.0,73,1016.9,914.1,0.0,
CARACOLES,2026-07-02,1783026900,2026-07-02 18:15:00,2.3,79,3.2,7.2,86,1016.8,914.0,0.0,
CARACOLES,2026-07-02,1783027200,2026-07-02 18:20:00,2.3,79,3.6,11.2,69,1017.0,914.2,0.0,
CARACOLES,2026-07-02,1783027500,2026-07-02 18:25:00,2.2,79,3.1,7.2,101,1016.9,914.1,0.0,
CARACOLES,2026-07-02,1783027800,2026-07-02 18:30:00,2.2,79,5.0,13.0,87,1017.0,914.2,0.0,
CARACOLES,2026-07-02,1783028100,2026-07-02 18:35:00,2.3,78,4.5,9.4,85,1017.0,914.2,0.0,
CARACOLES,2026-07-02,1783028400,2026-07-02 18:40:00,2.2,79,3.5,9.4,77,1017.1,914.3,0.0,
CARACOLES,2026-07-02,1783028700,2026-07-02 18:45:00,2.1,80,4.1,11.2,77,1017.2,914.4,0.0,
CARACOLES,2026-07-02,1783029000,2026-07-02 18:50:00,2.1,80,2.9,7.2,92,1017.1,914.3,0.0,
CARACOLES,2026-07-02,1783029300,2026-07-02 18:55:00,2.1,80,2.7,9.4,68,1017.2,914.4,0.0,
CARACOLES,2026-07-02,1783029600,2026-07-02 19:00:00,2.1,80,3.7,9.4,74,1017.1,914.3,0.0,
CARACOLES,2026-07-02,1783029900,2026-07-02 19:05:00,2.1,80,2.7,11.2,72,1017.2,914.4,0.0,
CARACOLES,2026-07-02,1783030200,2026-07-02 19:10:00,2.1,80,3.5,7.2,69,1017.2,914.4,0.0,
CARACOLES,2026-07-02,1783030500,2026-07-02 19:15:00,2.1,80,2.7,9.4,75,1017.3,914.5,0.0,
CARACOLES,2026-07-02,1783030800,2026-07-02 19:20:00,2.1,79,2.2,11.2,64,1017.3,914.5,0.0,
CARACOLES,2026-07-02,1783031100,2026-07-02 19:25:00,2.1,80,3.3,9.4,86,1017.3,914.5,0.0,
CARACOLES,2026-07-02,1783031400,2026-07-02 19:30:00,2.1,80,3.8,13.0,54,1017.3,914.5,0.0,
CARACOLES,2026-07-02,1783031700,2026-07-02 19:35:00,2.1,80,3.6,11.2,92,1017.4,914.6,0.0,
CARACOLES,2026-07-02,1783032000,2026-07-02 19:40:00,2.1,80,5.2,14.8,54,1017.5,914.7,0.0,
CARACOLES,2026-07-02,1783032300,2026-07-02 19:45:00,2.1,80,5.5,14.8,71,1017.4,914.6,0.0,
CARACOLES,2026-07-02,1783032600,2026-07-02 19:50:00,2.1,80,2.8,9.4,89,1017.4,914.6,0.0,
CARACOLES,2026-07-02,1783032900,2026-07-02 19:55:00,2.1,80,4.3,7.2,62,1017.5,914.7,0.0,
CARACOLES,2026-07-02,1783033200,2026-07-02 20:00:00,2.0,80,3.4,9.4,65,1017.5,914.7,0.0,
CARACOLES,2026-07-02,1783033500,2026-07-02 20:05:00,2.0,81,4.2,9.4,82,1017.4,914.6,0.0,
CARACOLES,2026-07-02,1783033800,2026-07-02 20:10:00,1.9,81,2.4,9.4,70,1017.5,914.7,0.0,
CARACOLES,2026-07-02,1783034100,2026-07-02 20:15:00,1.9,81,2.7,5.4,90,1017.6,914.8,0.0,
CARACOLES,2026-07-02,1783034400,2026-07-02 20:20:00,1.9,81,3.3,13.0,89,1017.4,914.6,0.0,
CARACOLES,2026-07-02,1783034700,2026-07-02 20:25:00,1.9,81,2.1,9.4,83,1017.6,914.8,0.0,
CARACOLES,2026-07-02,1783035000,2026-07-02 20:30:00,1.9,81,3.1,7.2,82,1017.5,914.7,0.0,
CARACOLES,2026-07-02,1783035300,2026-07-02 20:35:00,1.9,81,3.0,13.0,72,1017.5,914.7,0.0,
CARACOLES,2026-07-02,1783035600,2026-07-02 20:40:00,1.9,81,2.7,9.4,71,1017.4,914.6,0.0,
CARACOLES,2026-07-02,1783035900,2026-07-02 20:45:00,1.8,82,3.7,7.2,79,1017.5,914.7,0.0,
CARACOLES,2026-07-02,1783036200,2026-07-02 20:50:00,1.8,82,3.7,11.2,73,1017.5,914.7,0.0,
CARACOLES,2026-07-02,1783036500,2026-07-02 20:55:00,1.8,82,5.0,13.0,98,1017.5,914.7,0.0,
CARACOLES,2026-07-02,1783036800,2026-07-02 21:00:00,1.7,82,3.5,7.2,81,1017.5,914.7,0.0,
CARACOLES,2026-07-02,1783037100,2026-07-02 21:05:00,1.7,82,4.1,13.0,99,1017.5,914.7,0.0,
CARACOLES,2026-07-02,1783037400,2026-07-02 21:10:00,1.7,82,4.3,9.4,95,1017.5,914.7,0.0,
CARACOLES,2026-07-02,1783037700,2026-07-02 21:15:00,1.6,82,3.0,9.4,78,1017.5,914.7,0.0,
CARACOLES,2026-07-02,1783038000,2026-07-02 21:20:00,1.7,82,2.4,7.2,80,1017.5,914.7,0.0,
CARACOLES,2026-07-02,1783038300,2026-07-02 21:25:00,1.6,82,3.9,9.4,73,1017.6,914.8,0.0,
CARACOLES,2026-07-02,1783038600,2026-07-02 21:30:00,1.6,82,3.6,9.4,76,1017.5,914.7,0.0,
CARACOLES,2026-07-02,1783038900,2026-07-02 21:35:00,1.5,82,4.5,11.2,76,1017.5,914.7,0.0,
CARACOLES,2026-07-02,1783039200,2026-07-02 21:40:00,1.5,82,4.2,11.2,62,1017.5,914.7,0.0,
CARACOLES,2026-07-02,1783039500,2026-07-02 21:45:00,1.5,82,3.1,7.2,79,1017.5,914.7,0.0,
CARACOLES,2026-07-02,1783039800,2026-07-02 21:50:00,1.5,82,3.3,9.4,80,1017.5,914.7,0.0,
CARACOLES,2026-07-02,1783040100,2026-07-02 21:55:00,1.5,82,1.7,5.4,73,1017.6,914.8,0.0,
CARACOLES,2026-07-02,1783040400,2026-07-02 22:00:00,1.5,82,1.7,5.4,104,1017.6,914.8,0.0,
CARACOLES,2026-07-02,1783040700,2026-07-02 22:05:00,1.5,82,2.7,7.2,92,1017.5,914.7,0.0,
CARACOLES,2026-07-02,1783041000,2026-07-02 22:10:00,1.4,82,1.5,5.4,61,1017.7,914.8,0.0,
CARACOLES,2026-07-02,1783041300,2026-07-02 22:15:00,1.4,82,3.3,9.4,74,1017.6,914.8,0.0,
CARACOLES,2026-07-02,1783041600,2026-07-02 22:20:00,1.4,82,3.0,9.4,92,1017.4,914.6,0.0,
CARACOLES,2026-07-02,1783041900,2026-07-02 22:25:00,1.4,82,1.0,5.4,105,1017.5,914.6,0.0,
CARACOLES,2026-07-02,1783042200,2026-07-02 22:30:00,1.4,82,2.1,5.4,68,1017.5,914.7,0.0,
CARACOLES,2026-07-02,1783042500,2026-07-02 22:35:00,1.4,82,3.5,7.2,69,1017.4,914.6,0.0,
CARACOLES,2026-07-02,1783042800,2026-07-02 22:40:00,1.3,82,2.8,9.4,86,1017.4,914.6,0.0,
CARACOLES,2026-07-02,1783043100,2026-07-02 22:45:00,1.3,82,1.7,5.4,75,1017.5,914.7,0.0,
CARACOLES,2026-07-02,1783043400,2026-07-02 22:50:00,1.3,82,2.3,7.2,76,1017.4,914.6,0.0,
CARACOLES,2026-07-02,1783043700,2026-07-02 22:55:00,1.3,82,2.1,9.4,89,1017.4,914.6,0.0,
CARACOLES,2026-07-02,1783044000,2026-07-02 23:00:00,1.3,81,1.7,5.4,82,1017.4,914.6,0.0,
CARACOLES,2026-07-02,1783044300,2026-07-02 23:05:00,1.3,82,1.6,5.4,87,1017.3,914.5,0.0,
CARACOLES,2026-07-02,1783044600,2026-07-02 23:10:00,1.3,82,2.2,5.4,87,1017.3,914.5,0.0,
CARACOLES,2026-07-02,1783044900,2026-07-02 23:15:00,1.3,82,2.3,5.4,85,1017.2,914.4,0.0,
CARACOLES,2026-07-02,1783045200,2026-07-02 23:20:00,1.3,82,1.7,5.4,99,1017.1,914.3,0.0,
CARACOLES,2026-07-02,1783045500,2026-07-02 23:25:00,1.3,81,1.3,5.4,93,1017.1,914.3,0.0,
CARACOLES,2026-07-02,1783045800,2026-07-02 23:30:00,1.4,81,2.0,5.4,69,1017.2,914.4,0.0,
CARACOLES,2026-07-02,1783046100,2026-07-02 23:35:00,1.4,81,1.5,3.6,101,1017.1,914.3,0.0,
CARACOLES,2026-07-02,1783046400,2026-07-02 23:40:00,1.5,81,0.7,3.6,100,1017.1,914.3,0.0,
CARACOLES,2026-07-02,1783046700,2026-07-02 23:45:00,1.4,81,1.7,5.4,114,1017.1,914.3,0.0,
CARACOLES,2026-07-02,1783047000,2026-07-02 23:50:00,1.5,81,2.1,9.4,61,1017.2,914.4,0.0,
CARACOLES,2026-07-02,1783047300,2026-07-02 23:55:00,1.4,82,3.2,7.2,79,1017.1,914.3,0.0,
ECOHUMUS,2026-07-02,1782961200,2026-07-02 00:00:00,0.8,94,5.1,7.2,188,966.1,966.1,2.0,
ECOHUMUS,2026-07-02,1782961500,2026-07-02 00:05:00,0.8,94,5.3,9.4,186,966.1,966.1,2.0,
ECOHUMUS,2026-07-02,1782961800,2026-07-02 00:10:00,0.7,94,4.4,11.2,193,966.1,966.1,2.0,
ECOHUMUS,2026-07-02,1782962100,2026-07-02 00:15:00,0.8,94,4.0,7.2,181,966.1,966.1,2.0,
ECOHUMUS,2026-07-02,1782962400,2026-07-02 00:20:00,0.8,94,3.3,7.2,171,966.2,966.2,2.0,
ECOHUMUS,2026-07-02,1782962700,2026-07-02 00:25:00,0.8,94,3.5,5.4,172,966.2,966.2,2.0,
ECOHUMUS,2026-07-02,1782963000,2026-07-02 00:30:00,0.8,94,3.6,9.4,171,966.2,966.2,2.0,
ECOHUMUS,2026-07-02,1782963300,2026-07-02 00:35:00,0.8,94,2.9,7.2,176,966.4,966.4,2.0,
ECOHUMUS,2026-07-02,1782963600,2026-07-02 00:40:00,0.8,94,3.5,7.2,187,966.4,966.4,2.0,
ECOHUMUS,2026-07-02,1782963900,2026-07-02 00:45:00,0.8,94,1.9,5.4,176,966.3,966.3,2.0,
ECOHUMUS,2026-07-02,1782964200,2026-07-02 00:50:00,0.8,94,2.3,5.4,164,966.4,966.4,2.0,
ECOHUMUS,2026-07-02,1782964500,2026-07-02 00:55:00,0.8,95,2.5,5.4,173,966.4,966.4,2.0,
ECOHUMUS,2026-07-02,1782964800,2026-07-02 01:00:00,0.7,95,1.9,5.4,179,966.4,966.4,2.0,
ECOHUMUS,2026-07-02,1782965100,2026-07-02 01:05:00,0.7,95,2.5,5.4,191,966.4,966.4,2.0,
ECOHUMUS,2026-07-02,1782965400,2026-07-02 01:10:00,0.7,95,2.1,7.2,186,966.3,966.3,2.2,
ECOHUMUS,2026-07-02,1782965700,2026-07-02 01:15:00,0.7,95,2.7,7.2,193,966.4,966.4,2.2,
ECOHUMUS,2026-07-02,1782966000,2026-07-02 01:20:00,0.7,95,3.9,5.4,197,966.3,966.3,2.2,
ECOHUMUS,2026-07-02,1782966300,2026-07-02 01:25:00,0.6,95,2.3,5.4,195,966.3,966.3,2.2,
ECOHUMUS,2026-07-02,1782966600,2026-07-02 01:30:00,0.6,95,3.6,5.4,196,966.3,966.3,2.2,
ECOHUMUS,2026-07-02,1782966900,2026-07-02 01:35:00,0.6,95,3.0,5.4,193,966.4,966.4,2.2,
ECOHUMUS,2026-07-02,1782967200,2026-07-02 01:40:00,0.6,95,3.9,5.4,198,966.3,966.3,2.2,
ECOHUMUS,2026-07-02,1782967500,2026-07-02 01:45:00,0.6,95,3.3,5.4,194,966.3,966.3,2.2,
ECOHUMUS,2026-07-02,1782967800,2026-07-02 01:50:00,0.6,95,3.6,7.2,187,966.2,966.2,2.2,
ECOHUMUS,2026-07-02,1782968100,2026-07-02 01:55:00,0.6,95,3.4,7.2,196,966.3,966.3,2.2,
ECOHUMUS,2026-07-02,1782968400,2026-07-02 02:00:00,0.6,95,3.0,5.4,186,966.4,966.4,2.2,
ECOHUMUS,2026-07-02,1782968700,2026-07-02 02:05:00,0.6,95,3.2,5.4,192,966.3,966.3,2.2,
ECOHUMUS,2026-07-02,1782969000,2026-07-02 02:10:00,0.6,96,3.8,7.2,193,966.3,966.3,2.2,
ECOHUMUS,2026-07-02,1782969300,2026-07-02 02:15:00,0.5,96,4.3,7.2,190,966.3,966.3,2.2,
ECOHUMUS,2026-07-02,1782969600,2026-07-02 02:20:00,0.5,96,3.9,9.4,184,966.3,966.3,2.2,
ECOHUMUS,2026-07-02,1782969900,2026-07-02 02:25:00,0.5,96,3.2,5.4,188,966.4,966.4,2.2,
ECOHUMUS,2026-07-02,1782970200,2026-07-02 02:30:00,0.5,96,4.1,5.4,191,966.3,966.3,2.2,
ECOHUMUS,2026-07-02,1782970500,2026-07-02 02:35:00,0.5,96,2.9,5.4,194,966.2,966.2,2.2,
ECOHUMUS,2026-07-02,1782970800,2026-07-02 02:40:00,0.5,96,3.7,7.2,193,966.2,966.2,2.2,
ECOHUMUS,2026-07-02,1782971100,2026-07-02 02:45:00,0.5,96,3.0,7.2,190,966.1,966.1,2.2,
ECOHUMUS,2026-07-02,1782971400,2026-07-02 02:50:00,0.5,96,3.1,7.2,194,966.2,966.2,2.2,
ECOHUMUS,2026-07-02,1782971700,2026-07-02 02:55:00,0.5,96,2.6,5.4,192,966.2,966.2,2.2,
ECOHUMUS,2026-07-02,1782972000,2026-07-02 03:00:00,0.4,96,2.9,5.4,197,966.1,966.1,2.2,
ECOHUMUS,2026-07-02,1782972300,2026-07-02 03:05:00,0.4,96,3.1,5.4,189,966.2,966.2,2.2,
ECOHUMUS,2026-07-02,1782972600,2026-07-02 03:10:00,0.4,96,2.8,5.4,185,966.1,966.1,2.2,
ECOHUMUS,2026-07-02,1782972900,2026-07-02 03:15:00,0.4,96,3.7,7.2,181,965.9,965.9,2.2,
ECOHUMUS,2026-07-02,1782973200,2026-07-02 03:20:00,0.4,96,4.4,7.2,183,966.0,966.0,2.2,
ECOHUMUS,2026-07-02,1782973500,2026-07-02 03:25:00,0.4,96,3.7,7.2,187,965.8,965.8,2.2,
ECOHUMUS,2026-07-02,1782973800,2026-07-02 03:30:00,0.4,96,3.0,5.4,187,965.9,965.9,2.2,
ECOHUMUS,2026-07-02,1782974100,2026-07-02 03:35:00,0.4,96,3.0,7.2,181,965.9,965.9,2.2,
ECOHUMUS,2026-07-02,1782974400,2026-07-02 03:40:00,0.4,96,2.8,5.4,182,965.8,965.8,2.2,
ECOHUMUS,2026-07-02,1782974700,2026-07-02 03:45:00,0.4,96,2.4,5.4,180,965.7,965.7,2.2,
ECOHUMUS,2026-07-02,1782975000,2026-07-02 03:50:00,0.3,96,2.5,5.4,188,965.7,965.7,2.2,
ECOHUMUS,2026-07-02,1782975300,2026-07-02 03:55:00,0.3,96,2.5,5.4,183,965.7,965.7,2.2,
ECOHUMUS,2026-07-02,1782975600,2026-07-02 04:00:00,0.3,96,4.0,5.4,200,965.7,965.7,0.0,
ECOHUMUS,2026-07-02,1782975900,2026-07-02 04:05:00,0.4,96,2.7,5.4,177,965.7,965.7,0.0,
ECOHUMUS,2026-07-02,1782976200,2026-07-02 04:10:00,0.3,96,2.9,7.2,185,965.7,965.7,0.0,
ECOHUMUS,2026-07-02,1782976500,2026-07-02 04:15:00,0.4,96,2.6,5.4,171,965.6,965.6,0.0,
ECOHUMUS,2026-07-02,1782976800,2026-07-02 04:20:00,0.4,96,3.0,5.4,179,965.5,965.5,0.0,
ECOHUMUS,2026-07-02,1782977100,2026-07-02 04:25:00,0.4,96,3.2,7.2,181,965.6,965.6,0.0,
ECOHUMUS,2026-07-02,1782977400,2026-07-02 04:30:00,0.4,96,2.4,7.2,178,965.6,965.6,0.0,
ECOHUMUS,2026-07-02,1782977700,2026-07-02 04:35:00,0.4,96,1.8,5.4,177,965.5,965.5,0.0,
ECOHUMUS,2026-07-02,1782978000,2026-07-02 04:40:00,0.4,96,1.6,3.6,177,965.4,965.4,0.0,
ECOHUMUS,2026-07-02,1782978300,2026-07-02 04:45:00,0.4,96,2.5,5.4,169,965.4,965.4,0.0,
ECOHUMUS,2026-07-02,1782978600,2026-07-02 04:50:00,0.4,96,2.7,5.4,168,965.4,965.4,0.0,
ECOHUMUS,2026-07-02,1782978900,2026-07-02 04:55:00,0.4,96,1.1,5.4,178,965.3,965.3,0.0,
ECOHUMUS,2026-07-02,1782979200,2026-07-02 05:00:00,0.4,96,1.6,3.6,176,965.4,965.4,0.0,
ECOHUMUS,2026-07-02,1782979500,2026-07-02 05:05:00,0.4,96,0.6,3.6,182,965.3,965.3,0.0,
ECOHUMUS,2026-07-02,1782979800,2026-07-02 05:10:00,0.4,96,0.7,1.8,182,965.4,965.4,0.0,
ECOHUMUS,2026-07-02,1782980100,2026-07-02 05:15:00,0.4,96,0.6,3.6,182,965.3,965.3,0.0,
ECOHUMUS,2026-07-02,1782980400,2026-07-02 05:20:00,0.4,96,0.1,1.8,182,965.4,965.4,0.0,
ECOHUMUS,2026-07-02,1782980700,2026-07-02 05:25:00,0.4,96,0.1,1.8,182,965.3,965.3,0.0,
ECOHUMUS,2026-07-02,1782981000,2026-07-02 05:30:00,0.4,96,0.2,1.8,182,965.3,965.3,0.0,
ECOHUMUS,2026-07-02,1782981300,2026-07-02 05:35:00,0.4,96,0.4,1.8,182,965.2,965.2,0.0,
ECOHUMUS,2026-07-02,1782981600,2026-07-02 05:40:00,0.4,96,0.2,1.8,182,965.2,965.2,0.0,
ECOHUMUS,2026-07-02,1782981900,2026-07-02 05:45:00,0.4,96,0.1,1.8,182,965.2,965.2,0.0,
ECOHUMUS,2026-07-02,1782982200,2026-07-02 05:50:00,0.4,96,0.6,1.8,182,965.2,965.2,0.0,
ECOHUMUS,2026-07-02,1782982500,2026-07-02 05:55:00,0.3,96,0.1,1.8,182,965.3,965.3,0.0,
ECOHUMUS,2026-07-02,1782982800,2026-07-02 06:00:00,0.3,96,0.2,1.8,182,965.2,965.2,0.0,
ECOHUMUS,2026-07-02,1782983100,2026-07-02 06:05:00,0.3,96,0.0,3.6,182,965.2,965.2,0.0,
ECOHUMUS,2026-07-02,1782983400,2026-07-02 06:10:00,0.3,96,0.6,1.8,182,965.1,965.1,0.0,
ECOHUMUS,2026-07-02,1782983700,2026-07-02 06:15:00,0.3,96,0.0,1.8,182,965.2,965.2,0.0,
ECOHUMUS,2026-07-02,1782984000,2026-07-02 06:20:00,0.2,96,0.8,1.8,182,965.2,965.2,0.0,
ECOHUMUS,2026-07-02,1782984300,2026-07-02 06:25:00,0.2,96,0.0,1.8,182,965.2,965.2,0.0,
ECOHUMUS,2026-07-02,1782984600,2026-07-02 06:30:00,0.2,96,1.3,1.8,182,965.1,965.1,0.0,
ECOHUMUS,2026-07-02,1782984900,2026-07-02 06:35:00,0.2,96,0.4,1.8,182,965.2,965.2,0.0,
ECOHUMUS,2026-07-02,1782985200,2026-07-02 06:40:00,0.2,96,0.9,3.6,181,965.3,965.3,0.0,
ECOHUMUS,2026-07-02,1782985500,2026-07-02 06:45:00,0.2,96,1.0,3.6,180,965.2,965.2,0.0,
ECOHUMUS,2026-07-02,1782985800,2026-07-02 06:50:00,0.2,96,0.6,1.8,179,965.2,965.2,0.0,
ECOHUMUS,2026-07-02,1782986100,2026-07-02 06:55:00,0.2,96,1.2,3.6,167,965.2,965.2,0.0,
ECOHUMUS,2026-07-02,1782986400,2026-07-02 07:00:00,0.2,96,0.8,3.6,167,965.2,965.2,0.0,
ECOHUMUS,2026-07-02,1782986700,2026-07-02 07:05:00,0.2,96,1.2,3.6,183,965.2,965.2,0.0,
ECOHUMUS,2026-07-02,1782987000,2026-07-02 07:10:00,0.2,96,0.6,3.6,182,965.3,965.3,0.0,
ECOHUMUS,2026-07-02,1782987300,2026-07-02 07:15:00,0.2,96,0.0,3.6,182,965.3,965.3,0.0,
ECOHUMUS,2026-07-02,1782987600,2026-07-02 07:20:00,0.2,96,0.5,1.8,181,965.2,965.2,0.0,
ECOHUMUS,2026-07-02,1782987900,2026-07-02 07:25:00,0.2,96,0.0,1.8,181,965.2,965.2,0.0,
ECOHUMUS,2026-07-02,1782988200,2026-07-02 07:30:00,0.3,96,0.0,0.0,181,965.2,965.2,0.0,
ECOHUMUS,2026-07-02,1782988500,2026-07-02 07:35:00,0.2,96,0.0,0.0,181,965.4,965.4,0.0,
ECOHUMUS,2026-07-02,1782988800,2026-07-02 07:40:00,0.2,96,0.0,1.8,181,965.4,965.4,0.0,
ECOHUMUS,2026-07-02,1782989100,2026-07-02 07:45:00,0.2,96,0.4,1.8,181,965.4,965.4,0.0,
ECOHUMUS,2026-07-02,1782989400,2026-07-02 07:50:00,0.2,96,0.0,1.8,181,965.4,965.4,0.0,
ECOHUMUS,2026-07-02,1782989700,2026-07-02 07:55:00,0.2,96,0.0,0.0,181,965.5,965.5,0.0,
ECOHUMUS,2026-07-02,1782990000,2026-07-02 08:00:00,0.3,96,0.1,1.8,181,965.4,965.4,0.0,
ECOHUMUS,2026-07-02,1782990300,2026-07-02 08:05:00,0.3,96,0.0,1.8,181,965.4,965.4,0.0,
ECOHUMUS,2026-07-02,1782990600,2026-07-02 08:10:00,0.4,96,0.0,0.0,181,965.5,965.5,0.0,
ECOHUMUS,2026-07-02,1782990900,2026-07-02 08:15:00,0.4,96,0.0,0.0,181,965.5,965.5,0.0,
ECOHUMUS,2026-07-02,1782991200,2026-07-02 08:20:00,0.4,96,0.0,0.0,181,965.4,965.4,0.0,
ECOHUMUS,2026-07-02,1782991500,2026-07-02 08:25:00,0.4,96,0.1,1.8,181,965.4,965.4,0.0,
ECOHUMUS,2026-07-02,1782991800,2026-07-02 08:30:00,0.4,96,0.0,1.8,181,965.3,965.3,0.0,
ECOHUMUS,2026-07-02,1782992100,2026-07-02 08:35:00,0.4,96,0.0,0.0,181,965.3,965.3,0.0,
ECOHUMUS,2026-07-02,1782992400,2026-07-02 08:40:00,0.4,96,0.0,0.0,181,965.3,965.3,0.0,
ECOHUMUS,2026-07-02,1782992700,2026-07-02 08:45:00,0.5,96,0.0,0.0,181,965.4,965.4,0.0,
ECOHUMUS,2026-07-02,1782993000,2026-07-02 08:50:00,0.5,96,0.0,0.0,181,965.4,965.4,0.0,
ECOHUMUS,2026-07-02,1782993300,2026-07-02 08:55:00,0.4,96,0.0,0.0,181,965.5,965.5,0.0,
ECOHUMUS,2026-07-02,1782993600,2026-07-02 09:00:00,0.5,96,0.0,0.0,181,965.5,965.5,0.0,
ECOHUMUS,2026-07-02,1782993900,2026-07-02 09:05:00,0.4,96,0.0,0.0,181,965.5,965.5,0.0,
ECOHUMUS,2026-07-02,1782994200,2026-07-02 09:10:00,0.4,96,0.0,0.0,181,965.4,965.4,0.0,
ECOHUMUS,2026-07-02,1782994500,2026-07-02 09:15:00,0.4,96,0.0,0.0,181,965.4,965.4,0.0,
ECOHUMUS,2026-07-02,1782994800,2026-07-02 09:20:00,0.5,96,0.0,0.0,182,965.5,965.5,0.0,
ECOHUMUS,2026-07-02,1782995100,2026-07-02 09:25:00,0.5,96,0.1,1.8,182,965.4,965.4,0.0,
ECOHUMUS,2026-07-02,1782995400,2026-07-02 09:30:00,0.6,96,0.1,1.8,182,965.4,965.4,0.0,
ECOHUMUS,2026-07-02,1782995700,2026-07-02 09:35:00,0.6,96,0.1,1.8,182,965.5,965.5,0.0,
ECOHUMUS,2026-07-02,1782996000,2026-07-02 09:40:00,0.7,96,0.6,1.8,182,965.5,965.5,0.0,
ECOHUMUS,2026-07-02,1782996300,2026-07-02 09:45:00,0.7,95,0.4,1.8,183,965.6,965.6,0.0,
ECOHUMUS,2026-07-02,1782996600,2026-07-02 09:50:00,0.6,95,1.4,3.6,181,965.6,965.6,0.0,
ECOHUMUS,2026-07-02,1782996900,2026-07-02 09:55:00,0.6,95,0.9,1.8,180,965.7,965.7,0.0,
ECOHUMUS,2026-07-02,1782997200,2026-07-02 10:00:00,0.8,95,0.2,1.8,180,965.8,965.8,0.0,
ECOHUMUS,2026-07-02,1782997500,2026-07-02 10:05:00,0.7,94,1.1,1.8,180,965.7,965.7,0.0,
ECOHUMUS,2026-07-02,1782997800,2026-07-02 10:10:00,0.6,94,0.2,1.8,180,965.5,965.5,0.0,
ECOHUMUS,2026-07-02,1782998100,2026-07-02 10:15:00,0.7,93,0.0,1.8,180,965.6,965.6,0.0,
ECOHUMUS,2026-07-02,1782998400,2026-07-02 10:20:00,0.9,92,0.0,0.0,180,965.6,965.6,0.0,
ECOHUMUS,2026-07-02,1782998700,2026-07-02 10:25:00,1.0,92,0.0,0.0,186,965.6,965.6,0.0,
ECOHUMUS,2026-07-02,1782999000,2026-07-02 10:30:00,1.1,91,1.0,3.6,191,965.6,965.6,0.0,
ECOHUMUS,2026-07-02,1782999300,2026-07-02 10:35:00,1.1,90,0.7,3.6,193,965.6,965.6,0.0,
ECOHUMUS,2026-07-02,1782999600,2026-07-02 10:40:00,1.2,90,0.4,3.6,177,965.6,965.6,0.0,
ECOHUMUS,2026-07-02,1782999900,2026-07-02 10:45:00,1.4,89,0.0,1.8,178,965.7,965.7,0.0,
ECOHUMUS,2026-07-02,1783000200,2026-07-02 10:50:00,1.6,89,1.1,3.6,187,965.6,965.6,0.0,
ECOHUMUS,2026-07-02,1783000500,2026-07-02 10:55:00,1.5,88,0.4,3.6,175,965.5,965.5,0.0,
ECOHUMUS,2026-07-02,1783000800,2026-07-02 11:00:00,1.6,87,1.4,3.6,180,965.5,965.5,0.0,
ECOHUMUS,2026-07-02,1783001100,2026-07-02 11:05:00,1.7,87,0.5,3.6,186,965.5,965.5,0.0,
ECOHUMUS,2026-07-02,1783001400,2026-07-02 11:10:00,1.8,86,1.4,5.4,194,965.4,965.4,0.0,
ECOHUMUS,2026-07-02,1783001700,2026-07-02 11:15:00,1.7,86,0.9,3.6,182,965.5,965.5,0.0,
ECOHUMUS,2026-07-02,1783002000,2026-07-02 11:20:00,2.0,86,1.2,5.4,198,965.4,965.4,0.0,
ECOHUMUS,2026-07-02,1783002300,2026-07-02 11:25:00,2.0,86,1.9,5.4,206,965.3,965.3,0.0,
ECOHUMUS,2026-07-02,1783002600,2026-07-02 11:30:00,2.2,86,2.5,5.4,197,965.2,965.2,0.0,
ECOHUMUS,2026-07-02,1783002900,2026-07-02 11:35:00,2.2,86,1.1,7.2,203,965.2,965.2,0.0,
ECOHUMUS,2026-07-02,1783003200,2026-07-02 11:40:00,2.3,86,2.1,9.4,212,965.2,965.2,0.0,
ECOHUMUS,2026-07-02,1783003500,2026-07-02 11:45:00,2.2,85,2.9,7.2,205,965.1,965.1,0.0,
ECOHUMUS,2026-07-02,1783003800,2026-07-02 11:50:00,2.2,85,1.4,5.4,198,965.1,965.1,0.0,
ECOHUMUS,2026-07-02,1783004100,2026-07-02 11:55:00,2.2,84,4.1,7.2,203,965.0,965.0,0.0,
ECOHUMUS,2026-07-02,1783004400,2026-07-02 12:00:00,2.2,84,4.7,7.2,206,964.9,964.9,0.0,
ECOHUMUS,2026-07-02,1783004700,2026-07-02 12:05:00,2.2,84,3.8,9.4,188,964.9,964.9,0.0,
ECOHUMUS,2026-07-02,1783005000,2026-07-02 12:10:00,2.1,84,0.3,7.2,189,964.9,964.9,0.0,
ECOHUMUS,2026-07-02,1783005300,2026-07-02 12:15:00,2.5,84,3.5,7.2,173,964.9,964.9,0.0,
ECOHUMUS,2026-07-02,1783005600,2026-07-02 12:20:00,2.5,84,2.0,7.2,174,964.8,964.8,0.0,
ECOHUMUS,2026-07-02,1783005900,2026-07-02 12:25:00,2.6,83,3.9,7.2,170,964.7,964.7,0.0,
ECOHUMUS,2026-07-02,1783006200,2026-07-02 12:30:00,2.6,83,3.7,7.2,178,964.5,964.5,0.0,
ECOHUMUS,2026-07-02,1783006500,2026-07-02 12:35:00,2.8,82,2.9,5.4,175,964.6,964.6,0.0,
ECOHUMUS,2026-07-02,1783006800,2026-07-02 12:40:00,2.8,83,3.8,9.4,178,964.4,964.4,0.0,
ECOHUMUS,2026-07-02,1783007100,2026-07-02 12:45:00,2.8,81,4.5,7.2,171,964.3,964.3,0.0,
ECOHUMUS,2026-07-02,1783007400,2026-07-02 12:50:00,3.0,81,3.9,7.2,185,964.2,964.2,0.0,
ECOHUMUS,2026-07-02,1783007700,2026-07-02 12:55:00,3.3,81,4.8,11.2,171,964.2,964.2,0.0,
ECOHUMUS,2026-07-02,1783008000,2026-07-02 13:00:00,2.9,79,2.7,9.4,181,964.2,964.2,0.0,
ECOHUMUS,2026-07-02,1783008300,2026-07-02 13:05:00,3.5,79,5.9,11.2,183,964.1,964.1,0.0,
ECOHUMUS,2026-07-02,1783008600,2026-07-02 13:10:00,3.4,80,6.7,9.4,194,964.1,964.1,0.0,
ECOHUMUS,2026-07-02,1783008900,2026-07-02 13:15:00,3.2,80,4.8,11.2,186,964.0,964.0,0.0,
ECOHUMUS,2026-07-02,1783009200,2026-07-02 13:20:00,3.4,80,6.3,11.2,161,964.0,964.0,0.0,
ECOHUMUS,2026-07-02,1783009500,2026-07-02 13:25:00,3.8,80,5.6,11.2,159,963.9,963.9,0.0,
ECOHUMUS,2026-07-02,1783009800,2026-07-02 13:30:00,3.7,79,6.5,13.0,156,963.7,963.7,0.0,
ECOHUMUS,2026-07-02,1783010100,2026-07-02 13:35:00,3.7,79,6.2,11.2,176,963.7,963.7,0.0,
ECOHUMUS,2026-07-02,1783010400,2026-07-02 13:40:00,3.7,79,5.8,11.2,178,963.6,963.6,0.0,
ECOHUMUS,2026-07-02,1783010700,2026-07-02 13:45:00,3.9,79,6.3,11.2,158,963.5,963.5,0.0,
ECOHUMUS,2026-07-02,1783011000,2026-07-02 13:50:00,3.8,78,4.0,11.2,183,963.4,963.4,0.0,
ECOHUMUS,2026-07-02,1783011300,2026-07-02 13:55:00,3.9,78,5.8,9.4,162,963.3,963.3,0.0,
ECOHUMUS,2026-07-02,1783011600,2026-07-02 14:00:00,4.2,78,6.4,14.8,165,963.1,963.1,0.0,
ECOHUMUS,2026-07-02,1783011900,2026-07-02 14:05:00,3.9,78,7.4,11.2,155,963.1,963.1,0.0,
ECOHUMUS,2026-07-02,1783012200,2026-07-02 14:10:00,4.1,78,7.3,11.2,146,963.0,963.0,0.0,
ECOHUMUS,2026-07-02,1783012500,2026-07-02 14:15:00,4.1,79,6.9,13.0,152,962.8,962.8,0.0,
ECOHUMUS,2026-07-02,1783012800,2026-07-02 14:20:00,4.1,78,8.2,16.6,142,962.9,962.9,0.0,
ECOHUMUS,2026-07-02,1783013100,2026-07-02 14:25:00,4.0,78,6.1,13.0,168,962.8,962.8,0.0,
ECOHUMUS,2026-07-02,1783013400,2026-07-02 14:30:00,4.0,78,7.3,13.0,150,962.7,962.7,0.0,
ECOHUMUS,2026-07-02,1783013700,2026-07-02 14:35:00,4.1,79,5.7,13.0,153,962.6,962.6,0.0,
ECOHUMUS,2026-07-02,1783014000,2026-07-02 14:40:00,4.1,78,4.6,11.2,163,962.5,962.5,0.0,
ECOHUMUS,2026-07-02,1783014300,2026-07-02 14:45:00,4.1,78,7.5,13.0,146,962.4,962.4,0.0,
ECOHUMUS,2026-07-02,1783014600,2026-07-02 14:50:00,3.9,79,8.4,13.0,151,962.4,962.4,0.0,
ECOHUMUS,2026-07-02,1783014900,2026-07-02 14:55:00,4.0,78,6.9,13.0,164,962.4,962.4,0.0,
ECOHUMUS,2026-07-02,1783015200,2026-07-02 15:00:00,3.9,79,6.7,13.0,168,962.2,962.2,0.0,
ECOHUMUS,2026-07-02,1783015500,2026-07-02 15:05:00,4.1,78,6.0,9.4,182,962.1,962.1,0.0,
ECOHUMUS,2026-07-02,1783015800,2026-07-02 15:10:00,4.2,78,6.7,11.2,156,962.2,962.2,0.0,
ECOHUMUS,2026-07-02,1783016100,2026-07-02 15:15:00,4.1,77,7.0,11.2,171,962.2,962.2,0.0,
ECOHUMUS,2026-07-02,1783016400,2026-07-02 15:20:00,4.1,77,6.8,13.0,160,962.1,962.1,0.0,
ECOHUMUS,2026-07-02,1783016700,2026-07-02 15:25:00,4.1,77,6.6,11.2,162,961.9,961.9,0.0,
ECOHUMUS,2026-07-02,1783017000,2026-07-02 15:30:00,4.2,76,6.6,13.0,177,961.9,961.9,0.0,
ECOHUMUS,2026-07-02,1783017300,2026-07-02 15:35:00,4.1,76,6.3,13.0,154,961.9,961.9,0.0,
ECOHUMUS,2026-07-02,1783017600,2026-07-02 15:40:00,4.2,75,6.9,13.0,152,961.9,961.9,0.0,
ECOHUMUS,2026-07-02,1783017900,2026-07-02 15:45:00,4.3,75,6.8,11.2,151,961.9,961.9,0.0,
ECOHUMUS,2026-07-02,1783018200,2026-07-02 15:50:00,4.5,74,5.7,9.4,174,961.8,961.8,0.0,
ECOHUMUS,2026-07-02,1783018500,2026-07-02 15:55:00,4.3,74,5.8,11.2,180,961.8,961.8,0.0,
ECOHUMUS,2026-07-02,1783018800,2026-07-02 16:00:00,4.7,74,5.8,11.2,175,961.8,961.8,0.0,
ECOHUMUS,2026-07-02,1783019100,2026-07-02 16:05:00,5.0,73,6.8,14.8,188,961.6,961.6,0.0,
ECOHUMUS,2026-07-02,1783019400,2026-07-02 16:10:00,4.8,74,7.9,14.8,186,961.7,961.7,0.0,
ECOHUMUS,2026-07-02,1783019700,2026-07-02 16:15:00,4.7,74,6.5,13.0,163,961.8,961.8,0.0,
ECOHUMUS,2026-07-02,1783020000,2026-07-02 16:20:00,4.7,74,7.6,13.0,164,961.7,961.7,0.0,
ECOHUMUS,2026-07-02,1783020300,2026-07-02 16:25:00,4.7,74,7.1,14.8,175,961.8,961.8,0.0,
ECOHUMUS,2026-07-02,1783020600,2026-07-02 16:30:00,4.7,74,6.6,13.0,186,961.7,961.7,0.0,
ECOHUMUS,2026-07-02,1783020900,2026-07-02 16:35:00,4.7,74,8.5,14.8,190,961.5,961.5,0.0,
ECOHUMUS,2026-07-02,1783021200,2026-07-02 16:40:00,4.7,75,6.6,14.8,186,961.6,961.6,0.0,
ECOHUMUS,2026-07-02,1783021500,2026-07-02 16:45:00,4.7,75,7.3,13.0,198,961.6,961.6,0.0,
ECOHUMUS,2026-07-02,1783021800,2026-07-02 16:50:00,4.6,76,6.8,14.8,180,961.7,961.7,0.0,
ECOHUMUS,2026-07-02,1783022100,2026-07-02 16:55:00,4.7,76,7.1,14.8,198,961.6,961.6,0.0,
ECOHUMUS,2026-07-02,1783022400,2026-07-02 17:00:00,4.5,75,7.9,14.8,193,961.6,961.6,0.0,
ECOHUMUS,2026-07-02,1783022700,2026-07-02 17:05:00,4.4,75,7.2,16.6,176,961.6,961.6,0.0,
ECOHUMUS,2026-07-02,1783023000,2026-07-02 17:10:00,4.4,75,8.2,13.0,188,961.7,961.7,0.0,
ECOHUMUS,2026-07-02,1783023300,2026-07-02 17:15:00,4.5,75,7.1,13.0,185,961.6,961.6,0.0,
ECOHUMUS,2026-07-02,1783023600,2026-07-02 17:20:00,4.3,76,7.5,13.0,184,961.6,961.6,0.0,
ECOHUMUS,2026-07-02,1783023900,2026-07-02 17:25:00,4.3,76,7.2,13.0,178,961.7,961.7,0.0,
ECOHUMUS,2026-07-02,1783024200,2026-07-02 17:30:00,4.3,76,6.8,13.0,192,961.7,961.7,0.0,
ECOHUMUS,2026-07-02,1783024500,2026-07-02 17:35:00,4.2,77,6.4,14.8,202,961.7,961.7,0.0,
ECOHUMUS,2026-07-02,1783024800,2026-07-02 17:40:00,4.2,77,7.4,14.8,197,961.8,961.8,0.0,
ECOHUMUS,2026-07-02,1783025100,2026-07-02 17:45:00,4.1,77,7.0,11.2,192,961.9,961.9,0.0,
ECOHUMUS,2026-07-02,1783025400,2026-07-02 17:50:00,4.2,77,6.0,11.2,189,961.8,961.8,0.0,
ECOHUMUS,2026-07-02,1783025700,2026-07-02 17:55:00,4.1,76,8.1,13.0,190,961.9,961.9,0.0,
ECOHUMUS,2026-07-02,1783026000,2026-07-02 18:00:00,4.1,76,7.3,13.0,207,961.9,961.9,0.0,
ECOHUMUS,2026-07-02,1783026300,2026-07-02 18:05:00,4.1,76,6.6,11.2,187,961.9,961.9,0.0,
ECOHUMUS,2026-07-02,1783026600,2026-07-02 18:10:00,4.1,77,5.6,11.2,176,961.9,961.9,0.0,
ECOHUMUS,2026-07-02,1783026900,2026-07-02 18:15:00,4.1,76,7.6,11.2,189,961.9,961.9,0.0,
ECOHUMUS,2026-07-02,1783027200,2026-07-02 18:20:00,4.0,76,5.5,11.2,184,961.8,961.8,0.0,
ECOHUMUS,2026-07-02,1783027500,2026-07-02 18:25:00,4.0,76,7.4,13.0,187,961.9,961.9,0.0,
ECOHUMUS,2026-07-02,1783027800,2026-07-02 18:30:00,3.9,76,6.0,13.0,200,961.9,961.9,0.0,
ECOHUMUS,2026-07-02,1783028100,2026-07-02 18:35:00,3.9,77,6.4,11.2,187,961.9,961.9,0.0,
ECOHUMUS,2026-07-02,1783028400,2026-07-02 18:40:00,3.9,77,6.3,11.2,184,962.0,962.0,0.0,
ECOHUMUS,2026-07-02,1783028700,2026-07-02 18:45:00,3.9,77,5.8,11.2,183,962.0,962.0,0.0,
ECOHUMUS,2026-07-02,1783029000,2026-07-02 18:50:00,3.8,77,5.6,9.4,176,962.0,962.0,0.0,
ECOHUMUS,2026-07-02,1783029300,2026-07-02 18:55:00,3.8,77,6.3,11.2,184,962.1,962.1,0.0,
ECOHUMUS,2026-07-02,1783029600,2026-07-02 19:00:00,3.8,77,5.7,11.2,188,962.1,962.1,0.0,
ECOHUMUS,2026-07-02,1783029900,2026-07-02 19:05:00,3.8,77,6.8,11.2,185,962.1,962.1,0.0,
ECOHUMUS,2026-07-02,1783030200,2026-07-02 19:10:00,3.8,77,5.0,11.2,180,962.1,962.1,0.0,
ECOHUMUS,2026-07-02,1783030500,2026-07-02 19:15:00,3.8,78,4.0,9.4,191,962.1,962.1,0.0,
ECOHUMUS,2026-07-02,1783030800,2026-07-02 19:20:00,3.7,78,6.2,9.4,185,962.1,962.1,0.0,
ECOHUMUS,2026-07-02,1783031100,2026-07-02 19:25:00,3.8,78,5.1,11.2,182,962.1,962.1,0.0,
ECOHUMUS,2026-07-02,1783031400,2026-07-02 19:30:00,3.7,77,4.9,11.2,180,962.1,962.1,0.0,
ECOHUMUS,2026-07-02,1783031700,2026-07-02 19:35:00,3.7,77,6.4,9.4,191,962.2,962.2,0.0,
ECOHUMUS,2026-07-02,1783032000,2026-07-02 19:40:00,3.7,78,3.7,9.4,166,962.3,962.3,0.0,
ECOHUMUS,2026-07-02,1783032300,2026-07-02 19:45:00,3.7,78,5.0,9.4,192,962.2,962.2,0.0,
ECOHUMUS,2026-07-02,1783032600,2026-07-02 19:50:00,3.7,78,5.2,9.4,191,962.4,962.4,0.0,
ECOHUMUS,2026-07-02,1783032900,2026-07-02 19:55:00,3.7,78,4.3,9.4,182,962.4,962.4,0.0,
ECOHUMUS,2026-07-02,1783033200,2026-07-02 20:00:00,3.7,78,3.8,7.2,180,962.3,962.3,0.0,
ECOHUMUS,2026-07-02,1783033500,2026-07-02 20:05:00,3.7,78,5.6,9.4,183,962.4,962.4,0.0,
ECOHUMUS,2026-07-02,1783033800,2026-07-02 20:10:00,3.6,78,4.1,9.4,183,962.3,962.3,0.0,
ECOHUMUS,2026-07-02,1783034100,2026-07-02 20:15:00,3.6,79,3.5,7.2,178,962.3,962.3,0.0,
ECOHUMUS,2026-07-02,1783034400,2026-07-02 20:20:00,3.6,79,3.0,7.2,186,962.2,962.2,0.0,
ECOHUMUS,2026-07-02,1783034700,2026-07-02 20:25:00,3.6,79,4.5,9.4,190,962.4,962.4,0.0,
ECOHUMUS,2026-07-02,1783035000,2026-07-02 20:30:00,3.6,79,3.7,7.2,190,962.3,962.3,0.0,
ECOHUMUS,2026-07-02,1783035300,2026-07-02 20:35:00,3.6,79,3.1,7.2,185,962.4,962.4,0.0,
ECOHUMUS,2026-07-02,1783035600,2026-07-02 20:40:00,3.6,79,3.6,7.2,184,962.3,962.3,0.0,
ECOHUMUS,2026-07-02,1783035900,2026-07-02 20:45:00,3.6,79,4.1,9.4,184,962.2,962.2,0.0,
ECOHUMUS,2026-07-02,1783036200,2026-07-02 20:50:00,3.6,79,3.5,5.4,186,962.3,962.3,0.0,
ECOHUMUS,2026-07-02,1783036500,2026-07-02 20:55:00,3.6,79,3.5,5.4,192,962.2,962.2,0.0,
ECOHUMUS,2026-07-02,1783036800,2026-07-02 21:00:00,3.6,79,2.2,5.4,189,962.2,962.2,0.0,
ECOHUMUS,2026-07-02,1783037100,2026-07-02 21:05:00,3.5,80,2.9,5.4,190,962.3,962.3,0.0,
ECOHUMUS,2026-07-02,1783037400,2026-07-02 21:10:00,3.5,80,3.3,5.4,189,962.3,962.3,0.0,
ECOHUMUS,2026-07-02,1783037700,2026-07-02 21:15:00,3.5,80,3.5,5.4,192,962.3,962.3,0.0,
ECOHUMUS,2026-07-02,1783038000,2026-07-02 21:20:00,3.5,79,4.0,5.4,195,962.3,962.3,0.0,
ECOHUMUS,2026-07-02,1783038300,2026-07-02 21:25:00,3.5,79,4.5,7.2,192,962.4,962.4,0.0,
ECOHUMUS,2026-07-02,1783038600,2026-07-02 21:30:00,3.5,80,3.9,7.2,190,962.4,962.4,0.0,
ECOHUMUS,2026-07-02,1783038900,2026-07-02 21:35:00,3.4,80,4.6,7.2,192,962.2,962.2,0.0,
ECOHUMUS,2026-07-02,1783039200,2026-07-02 21:40:00,3.4,80,5.1,9.4,195,962.3,962.3,0.0,
ECOHUMUS,2026-07-02,1783039500,2026-07-02 21:45:00,3.4,80,4.6,7.2,192,962.4,962.4,0.0,
ECOHUMUS,2026-07-02,1783039800,2026-07-02 21:50:00,3.4,80,4.3,7.2,188,962.3,962.3,0.0,
ECOHUMUS,2026-07-02,1783040100,2026-07-02 21:55:00,3.4,79,5.5,9.4,191,962.2,962.2,0.0,
ECOHUMUS,2026-07-02,1783040400,2026-07-02 22:00:00,3.4,80,3.7,9.4,203,962.2,962.2,0.0,
ECOHUMUS,2026-07-02,1783040700,2026-07-02 22:05:00,3.2,81,4.0,7.2,202,962.1,962.1,0.0,
ECOHUMUS,2026-07-02,1783041000,2026-07-02 22:10:00,3.1,81,4.9,7.2,198,962.1,962.1,0.0,
ECOHUMUS,2026-07-02,1783041300,2026-07-02 22:15:00,3.1,81,4.8,7.2,194,962.0,962.0,0.0,
ECOHUMUS,2026-07-02,1783041600,2026-07-02 22:20:00,3.1,81,4.5,7.2,202,962.0,962.0,0.0,
ECOHUMUS,2026-07-02,1783041900,2026-07-02 22:25:00,3.1,80,4.3,7.2,200,962.0,962.0,0.0,
ECOHUMUS,2026-07-02,1783042200,2026-07-02 22:30:00,3.0,80,5.6,9.4,204,962.0,962.0,0.0,
ECOHUMUS,2026-07-02,1783042500,2026-07-02 22:35:00,3.0,80,4.9,9.4,203,962.0,962.0,0.0,
ECOHUMUS,2026-07-02,1783042800,2026-07-02 22:40:00,3.0,80,5.2,9.4,198,962.1,962.1,0.0,
ECOHUMUS,2026-07-02,1783043100,2026-07-02 22:45:00,2.9,80,4.0,9.4,204,961.9,961.9,0.0,
ECOHUMUS,2026-07-02,1783043400,2026-07-02 22:50:00,2.9,80,5.0,7.2,197,962.0,962.0,0.0,
ECOHUMUS,2026-07-02,1783043700,2026-07-02 22:55:00,2.9,81,4.0,7.2,191,961.9,961.9,0.0,
ECOHUMUS,2026-07-02,1783044000,2026-07-02 23:00:00,2.9,81,2.9,5.4,193,961.9,961.9,0.0,
ECOHUMUS,2026-07-02,1783044300,2026-07-02 23:05:00,2.8,81,4.2,7.2,204,961.8,961.8,0.0,
ECOHUMUS,2026-07-02,1783044600,2026-07-02 23:10:00,2.8,81,3.2,7.2,202,961.9,961.9,0.0,
ECOHUMUS,2026-07-02,1783044900,2026-07-02 23:15:00,2.8,81,4.1,7.2,203,961.8,961.8,0.0,
ECOHUMUS,2026-07-02,1783045200,2026-07-02 23:20:00,2.8,81,4.4,7.2,198,961.8,961.8,0.0,
ECOHUMUS,2026-07-02,1783045500,2026-07-02 23:25:00,2.8,81,4.5,7.2,201,961.8,961.8,0.0,
ECOHUMUS,2026-07-02,1783045800,2026-07-02 23:30:00,2.8,81,3.5,7.2,199,961.8,961.8,0.0,
ECOHUMUS,2026-07-02,1783046100,2026-07-02 23:35:00,2.7,81,3.2,5.4,188,961.7,961.7,0.0,
ECOHUMUS,2026-07-02,1783046400,2026-07-02 23:40:00,2.7,81,3.5,7.2,194,961.7,961.7,0.0,
ECOHUMUS,2026-07-02,1783046700,2026-07-02 23:45:00,2.7,81,3.0,5.4,199,961.7,961.7,0.0,
ECOHUMUS,2026-07-02,1783047000,2026-07-02 23:50:00,2.7,81,3.0,5.4,192,961.6,961.6,0.0,
ECOHUMUS,2026-07-02,1783047300,2026-07-02 23:55:00,2.7,81,2.4,5.4,192,961.6,961.6,0.0,
