estacion,fecha,hora_unix,fecha_hora,temp_c,humedad_pct,viento_kmh,viento_rafaga_kmh,direcc_grados,presion_relativa_hpa,presion_absoluta_hpa,lluvia_diaria_mm,solar_wm2
INTA_POCITO,2026-07-05,1783220400,2026-07-05 00:00:00,2.2,83,0.0,0.0,164,1027.2,946.6,0.0,
INTA_POCITO,2026-07-05,1783220700,2026-07-05 00:05:00,2.0,84,0.0,0.0,164,1027.2,946.6,0.0,
INTA_POCITO,2026-07-05,1783221000,2026-07-05 00:10:00,1.8,84,0.0,0.0,155,1027.2,946.6,0.0,
INTA_POCITO,2026-07-05,1783221300,2026-07-05 00:15:00,1.6,85,0.0,0.0,156,1027.1,946.5,0.0,
INTA_POCITO,2026-07-05,1783221600,2026-07-05 00:20:00,1.6,85,0.0,0.0,134,1027.3,946.7,0.0,
INTA_POCITO,2026-07-05,1783221900,2026-07-05 00:25:00,1.6,85,0.0,0.0,159,1027.3,946.7,0.0,
INTA_POCITO,2026-07-05,1783222200,2026-07-05 00:30:00,1.0,86,0.0,0.0,169,1027.2,946.6,0.0,
INTA_POCITO,2026-07-05,1783222500,2026-07-05 00:35:00,0.6,86,0.0,0.0,165,1027.3,946.7,0.0,
INTA_POCITO,2026-07-05,1783222800,2026-07-05 00:40:00,0.5,86,0.0,0.0,157,1027.3,946.7,0.0,
INTA_POCITO,2026-07-05,1783223100,2026-07-05 00:45:00,0.9,86,0.0,0.0,132,1027.3,946.7,0.0,
INTA_POCITO,2026-07-05,1783223400,2026-07-05 00:50:00,1.3,87,0.0,0.0,134,1027.3,946.7,0.0,
INTA_POCITO,2026-07-05,1783223700,2026-07-05 00:55:00,1.3,87,0.0,0.0,137,1027.1,946.5,0.0,
INTA_POCITO,2026-07-05,1783224000,2026-07-05 01:00:00,1.1,87,0.0,0.0,137,1027.2,946.6,0.0,
INTA_POCITO,2026-07-05,1783224300,2026-07-05 01:05:00,0.8,87,0.0,0.0,137,1027.2,946.6,0.0,
INTA_POCITO,2026-07-05,1783224600,2026-07-05 01:10:00,0.6,87,0.0,0.0,137,1027.2,946.6,0.0,
INTA_POCITO,2026-07-05,1783224900,2026-07-05 01:15:00,0.8,87,0.0,0.0,137,1027.3,946.7,0.0,
INTA_POCITO,2026-07-05,1783225200,2026-07-05 01:20:00,1.2,87,0.0,0.0,130,1027.2,946.6,0.0,
INTA_POCITO,2026-07-05,1783225500,2026-07-05 01:25:00,0.6,87,0.0,0.0,136,1027.3,946.7,0.0,
INTA_POCITO,2026-07-05,1783225800,2026-07-05 01:30:00,0.5,87,0.0,0.0,137,1027.3,946.7,0.0,
INTA_POCITO,2026-07-05,1783226100,2026-07-05 01:35:00,0.5,87,0.0,0.0,154,1027.2,946.6,0.0,
INTA_POCITO,2026-07-05,1783226400,2026-07-05 01:40:00,1.0,88,0.0,0.0,159,1027.1,946.5,0.0,
INTA_POCITO,2026-07-05,1783226700,2026-07-05 01:45:00,1.2,88,0.0,0.0,143,1027.3,946.7,0.0,
INTA_POCITO,2026-07-05,1783227000,2026-07-05 01:50:00,1.0,88,0.0,0.0,140,1027.2,946.6,0.0,
INTA_POCITO,2026-07-05,1783227300,2026-07-05 01:55:00,1.0,88,0.0,0.0,133,1027.0,946.4,0.0,
INTA_POCITO,2026-07-05,1783227600,2026-07-05 02:00:00,0.5,88,0.0,0.0,156,1027.1,946.5,0.0,
INTA_POCITO,2026-07-05,1783227900,2026-07-05 02:05:00,0.2,88,0.0,0.0,132,1027.2,946.6,0.0,
INTA_POCITO,2026-07-05,1783228200,2026-07-05 02:10:00,0.0,88,0.0,0.0,132,1027.1,946.5,0.0,
INTA_POCITO,2026-07-05,1783228500,2026-07-05 02:15:00,0.0,88,0.0,0.0,135,1027.2,946.6,0.0,
INTA_POCITO,2026-07-05,1783228800,2026-07-05 02:20:00,0.0,88,0.0,0.0,135,1027.1,946.5,0.0,
INTA_POCITO,2026-07-05,1783229100,2026-07-05 02:25:00,0.0,88,0.0,0.0,133,1027.1,946.5,0.0,
INTA_POCITO,2026-07-05,1783229400,2026-07-05 02:30:00,0.1,88,0.0,0.0,163,1027.2,946.6,0.0,
INTA_POCITO,2026-07-05,1783229700,2026-07-05 02:35:00,-0.4,88,0.0,0.0,163,1027.0,946.4,0.0,
INTA_POCITO,2026-07-05,1783230000,2026-07-05 02:40:00,-0.3,89,0.0,0.0,165,1027.1,946.5,0.0,
INTA_POCITO,2026-07-05,1783230300,2026-07-05 02:45:00,-0.6,89,0.0,0.0,157,1027.1,946.5,0.0,
INTA_POCITO,2026-07-05,1783230600,2026-07-05 02:50:00,-0.2,89,0.0,0.0,128,1027.0,946.4,0.0,
INTA_POCITO,2026-07-05,1783230900,2026-07-05 02:55:00,0.0,89,0.0,0.0,151,1026.9,946.3,0.0,
INTA_POCITO,2026-07-05,1783231200,2026-07-05 03:00:00,0.6,89,0.0,0.0,253,1026.9,946.3,0.0,
INTA_POCITO,2026-07-05,1783231500,2026-07-05 03:05:00,0.8,89,0.0,0.0,272,1026.9,946.3,0.0,
INTA_POCITO,2026-07-05,1783231800,2026-07-05 03:10:00,0.3,89,0.0,0.0,272,1026.9,946.3,0.0,
INTA_POCITO,2026-07-05,1783232100,2026-07-05 03:15:00,0.2,89,0.0,0.0,273,1026.7,946.2,0.0,
INTA_POCITO,2026-07-05,1783232400,2026-07-05 03:20:00,0.5,89,0.0,0.0,272,1026.7,946.2,0.0,
INTA_POCITO,2026-07-05,1783232700,2026-07-05 03:25:00,0.4,89,0.0,0.0,272,1026.8,946.2,0.0,
INTA_POCITO,2026-07-05,1783233000,2026-07-05 03:30:00,0.3,89,0.0,0.0,272,1026.8,946.2,0.0,
INTA_POCITO,2026-07-05,1783233300,2026-07-05 03:35:00,0.2,89,0.0,0.0,272,1026.8,946.2,0.0,
INTA_POCITO,2026-07-05,1783233600,2026-07-05 03:40:00,-0.2,89,0.0,0.0,272,1026.7,946.1,0.0,
INTA_POCITO,2026-07-05,1783233900,2026-07-05 03:45:00,0.0,89,0.2,3.6,330,1027.0,946.4,0.0,
INTA_POCITO,2026-07-05,1783234200,2026-07-05 03:50:00,0.6,89,0.0,0.0,326,1026.9,946.3,0.0,
INTA_POCITO,2026-07-05,1783234500,2026-07-05 03:55:00,0.4,89,0.0,0.0,327,1026.7,946.1,0.0,
INTA_POCITO,2026-07-05,1783234800,2026-07-05 04:00:00,0.1,89,0.1,1.8,337,1026.6,946.0,0.0,
INTA_POCITO,2026-07-05,1783235100,2026-07-05 04:05:00,0.4,89,0.0,0.0,333,1026.5,945.9,0.0,
INTA_POCITO,2026-07-05,1783235400,2026-07-05 04:10:00,0.3,89,0.0,0.0,328,1026.6,946.0,0.0,
INTA_POCITO,2026-07-05,1783235700,2026-07-05 04:15:00,0.3,89,0.0,0.0,324,1026.5,945.9,0.0,
INTA_POCITO,2026-07-05,1783236000,2026-07-05 04:20:00,0.3,88,0.0,0.0,290,1026.5,945.8,0.0,
INTA_POCITO,2026-07-05,1783236300,2026-07-05 04:25:00,0.1,88,0.0,0.0,272,1026.5,945.9,0.0,
INTA_POCITO,2026-07-05,1783236600,2026-07-05 04:30:00,0.4,88,0.0,0.0,327,1026.5,945.8,0.0,
INTA_POCITO,2026-07-05,1783236900,2026-07-05 04:35:00,0.4,88,0.0,0.0,339,1026.3,945.7,0.0,
INTA_POCITO,2026-07-05,1783237200,2026-07-05 04:40:00,0.5,88,0.0,0.0,340,1026.4,945.7,0.0,
INTA_POCITO,2026-07-05,1783237500,2026-07-05 04:45:00,0.3,88,0.0,0.0,342,1026.4,945.8,0.0,
INTA_POCITO,2026-07-05,1783237800,2026-07-05 04:50:00,-0.6,87,0.0,0.0,345,1026.4,945.8,0.0,
INTA_POCITO,2026-07-05,1783238100,2026-07-05 04:55:00,-1.1,87,0.0,0.0,345,1026.4,945.8,0.0,
INTA_POCITO,2026-07-05,1783238400,2026-07-05 05:00:00,-1.2,88,0.0,0.0,344,1026.4,945.8,0.0,
INTA_POCITO,2026-07-05,1783238700,2026-07-05 05:05:00,-1.0,88,0.0,0.0,345,1026.3,945.7,0.0,
INTA_POCITO,2026-07-05,1783239000,2026-07-05 05:10:00,-1.4,88,0.0,0.0,345,1026.3,945.7,0.0,
INTA_POCITO,2026-07-05,1783239300,2026-07-05 05:15:00,-1.8,88,0.0,0.0,344,1026.5,945.9,0.0,
INTA_POCITO,2026-07-05,1783239600,2026-07-05 05:20:00,-2.0,88,0.0,0.0,344,1026.4,945.8,0.0,
INTA_POCITO,2026-07-05,1783239900,2026-07-05 05:25:00,-2.2,89,0.0,0.0,344,1026.4,945.8,0.0,
INTA_POCITO,2026-07-05,1783240200,2026-07-05 05:30:00,-2.5,89,0.0,0.0,341,1026.4,945.8,0.0,
INTA_POCITO,2026-07-05,1783240500,2026-07-05 05:35:00,-2.2,89,0.0,0.0,339,1026.5,945.9,0.0,
INTA_POCITO,2026-07-05,1783240800,2026-07-05 05:40:00,-2.0,89,0.0,0.0,335,1026.5,945.8,0.0,
INTA_POCITO,2026-07-05,1783241100,2026-07-05 05:45:00,-1.7,89,0.0,0.0,336,1026.5,945.9,0.0,
INTA_POCITO,2026-07-05,1783241400,2026-07-05 05:50:00,-1.7,89,0.0,0.0,337,1026.5,945.9,0.0,
INTA_POCITO,2026-07-05,1783241700,2026-07-05 05:55:00,-2.5,89,0.0,0.0,337,1026.5,945.9,0.0,
INTA_POCITO,2026-07-05,1783242000,2026-07-05 06:00:00,-2.7,90,0.0,0.0,337,1026.5,945.8,0.0,
INTA_POCITO,2026-07-05,1783242300,2026-07-05 06:05:00,-2.9,90,0.0,0.0,337,1026.5,945.8,0.0,
INTA_POCITO,2026-07-05,1783242600,2026-07-05 06:10:00,-3.0,90,0.0,0.0,337,1026.5,945.8,0.0,
INTA_POCITO,2026-07-05,1783242900,2026-07-05 06:15:00,-2.5,90,0.0,0.0,343,1026.4,945.8,0.0,
INTA_POCITO,2026-07-05,1783243200,2026-07-05 06:20:00,-1.4,90,0.0,0.0,345,1026.5,945.9,0.0,
INTA_POCITO,2026-07-05,1783243500,2026-07-05 06:25:00,-1.0,90,0.0,0.0,346,1026.6,946.0,0.0,
INTA_POCITO,2026-07-05,1783243800,2026-07-05 06:30:00,-0.8,90,0.5,3.6,304,1026.4,945.8,0.0,
INTA_POCITO,2026-07-05,1783244100,2026-07-05 06:35:00,-0.6,90,0.1,1.8,1,1026.5,945.9,0.0,
INTA_POCITO,2026-07-05,1783244400,2026-07-05 06:40:00,-0.4,90,0.0,0.0,24,1026.5,945.9,0.0,
INTA_POCITO,2026-07-05,1783244700,2026-07-05 06:45:00,-0.3,90,0.0,0.0,23,1026.6,946.0,0.0,
INTA_POCITO,2026-07-05,1783245000,2026-07-05 06:50:00,-0.8,90,0.0,0.0,25,1026.5,945.9,0.0,
INTA_POCITO,2026-07-05,1783245300,2026-07-05 06:55:00,-1.5,90,0.0,0.0,25,1026.7,946.1,0.0,
INTA_POCITO,2026-07-05,1783245600,2026-07-05 07:00:00,-1.6,90,0.0,0.0,25,1026.7,946.2,0.0,
INTA_POCITO,2026-07-05,1783245900,2026-07-05 07:05:00,-1.7,90,0.0,0.0,25,1026.8,946.2,0.0,
INTA_POCITO,2026-07-05,1783246200,2026-07-05 07:10:00,-2.0,90,0.0,0.0,25,1026.8,946.2,0.0,
INTA_POCITO,2026-07-05,1783246500,2026-07-05 07:15:00,-1.5,90,0.0,0.0,31,1026.8,946.3,0.0,
INTA_POCITO,2026-07-05,1783246800,2026-07-05 07:20:00,-1.1,90,0.0,0.0,36,1026.8,946.2,0.0,
INTA_POCITO,2026-07-05,1783247100,2026-07-05 07:25:00,-0.8,90,0.0,0.0,38,1026.9,946.4,0.0,
INTA_POCITO,2026-07-05,1783247400,2026-07-05 07:30:00,-0.8,90,0.0,0.0,38,1027.1,946.5,0.0,
INTA_POCITO,2026-07-05,1783247700,2026-07-05 07:35:00,-0.7,90,0.0,0.0,45,1027.1,946.5,0.0,
INTA_POCITO,2026-07-05,1783248000,2026-07-05 07:40:00,-0.7,90,0.0,0.0,45,1027.2,946.6,0.0,
INTA_POCITO,2026-07-05,1783248300,2026-07-05 07:45:00,-1.0,90,0.0,0.0,45,1027.1,946.5,0.0,
INTA_POCITO,2026-07-05,1783248600,2026-07-05 07:50:00,-1.3,90,0.0,0.0,45,1027.2,946.6,0.0,
INTA_POCITO,2026-07-05,1783248900,2026-07-05 07:55:00,-0.8,90,0.0,0.0,45,1027.2,946.6,0.0,
INTA_POCITO,2026-07-05,1783249200,2026-07-05 08:00:00,-1.0,90,0.0,0.0,45,1027.3,946.7,0.0,
INTA_POCITO,2026-07-05,1783249500,2026-07-05 08:05:00,-1.2,90,0.0,0.0,45,1027.4,946.8,0.0,
INTA_POCITO,2026-07-05,1783249800,2026-07-05 08:10:00,-1.2,90,0.0,0.0,42,1027.5,946.9,0.0,
INTA_POCITO,2026-07-05,1783250100,2026-07-05 08:15:00,-0.9,91,0.0,0.0,338,1027.5,946.9,0.0,
INTA_POCITO,2026-07-05,1783250400,2026-07-05 08:20:00,-0.8,91,0.0,0.0,273,1027.5,946.9,0.0,
INTA_POCITO,2026-07-05,1783250700,2026-07-05 08:25:00,-0.8,91,0.0,0.0,273,1027.5,946.9,0.0,
INTA_POCITO,2026-07-05,1783251000,2026-07-05 08:30:00,-1.1,91,0.0,0.0,273,1027.5,946.9,0.0,
INTA_POCITO,2026-07-05,1783251300,2026-07-05 08:35:00,-1.3,91,0.0,0.0,273,1027.8,947.2,0.0,
INTA_POCITO,2026-07-05,1783251600,2026-07-05 08:40:00,-1.5,91,0.0,0.0,272,1027.8,947.2,0.0,
INTA_POCITO,2026-07-05,1783251900,2026-07-05 08:45:00,-1.8,91,0.0,0.0,273,1027.8,947.2,0.0,
INTA_POCITO,2026-07-05,1783252200,2026-07-05 08:50:00,-2.0,91,0.0,0.0,273,1027.9,947.3,0.0,
INTA_POCITO,2026-07-05,1783252500,2026-07-05 08:55:00,-1.7,91,0.0,0.0,273,1028.0,947.4,0.0,
INTA_POCITO,2026-07-05,1783252800,2026-07-05 09:00:00,-1.5,91,0.0,0.0,273,1027.9,947.3,0.0,
INTA_POCITO,2026-07-05,1783253100,2026-07-05 09:05:00,-1.3,91,0.0,0.0,273,1028.0,947.4,0.0,
INTA_POCITO,2026-07-05,1783253400,2026-07-05 09:10:00,-1.0,91,0.0,0.0,273,1028.0,947.4,0.0,
INTA_POCITO,2026-07-05,1783253700,2026-07-05 09:15:00,-0.9,91,0.0,0.0,274,1027.9,947.3,0.0,
INTA_POCITO,2026-07-05,1783254000,2026-07-05 09:20:00,-0.8,91,0.1,1.8,40,1028.0,947.4,0.0,
INTA_POCITO,2026-07-05,1783254300,2026-07-05 09:25:00,-0.6,91,0.0,0.0,40,1028.1,947.5,0.0,
INTA_POCITO,2026-07-05,1783254600,2026-07-05 09:30:00,-0.4,91,0.0,0.0,40,1028.1,947.5,0.0,
INTA_POCITO,2026-07-05,1783254900,2026-07-05 09:35:00,0.3,91,0.0,0.0,39,1028.0,947.4,0.0,
INTA_POCITO,2026-07-05,1783255200,2026-07-05 09:40:00,0.8,91,0.0,0.0,40,1028.1,947.5,0.0,
INTA_POCITO,2026-07-05,1783255500,2026-07-05 09:45:00,1.2,90,0.0,0.0,43,1028.2,947.7,0.0,
INTA_POCITO,2026-07-05,1783255800,2026-07-05 09:50:00,1.9,90,0.0,0.0,41,1028.4,947.8,0.0,
INTA_POCITO,2026-07-05,1783256100,2026-07-05 09:55:00,1.9,89,0.0,0.0,41,1028.3,947.7,0.0,
INTA_POCITO,2026-07-05,1783256400,2026-07-05 10:00:00,2.4,88,0.0,0.0,42,1028.3,947.7,0.0,
INTA_POCITO,2026-07-05,1783256700,2026-07-05 10:05:00,3.7,87,0.0,0.0,52,1028.4,947.8,0.0,
INTA_POCITO,2026-07-05,1783257000,2026-07-05 10:10:00,4.4,84,0.2,3.6,22,1028.3,947.7,0.0,
INTA_POCITO,2026-07-05,1783257300,2026-07-05 10:15:00,4.9,79,0.2,1.8,64,1028.5,947.8,0.0,
INTA_POCITO,2026-07-05,1783257600,2026-07-05 10:20:00,5.3,74,0.6,3.6,106,1028.7,948.0,0.0,
INTA_POCITO,2026-07-05,1783257900,2026-07-05 10:25:00,5.2,72,0.6,3.6,356,1028.6,948.0,0.0,
INTA_POCITO,2026-07-05,1783258200,2026-07-05 10:30:00,5.3,71,1.2,3.6,18,1028.7,948.1,0.0,
INTA_POCITO,2026-07-05,1783258500,2026-07-05 10:35:00,5.6,69,0.9,3.6,335,1028.8,948.2,0.0,
INTA_POCITO,2026-07-05,1783258800,2026-07-05 10:40:00,6.0,67,0.9,5.4,355,1028.9,948.3,0.0,
INTA_POCITO,2026-07-05,1783259100,2026-07-05 10:45:00,6.4,65,1.4,5.4,323,1028.9,948.3,0.0,
INTA_POCITO,2026-07-05,1783259400,2026-07-05 10:50:00,7.0,63,1.7,7.2,54,1029.0,948.4,0.0,
INTA_POCITO,2026-07-05,1783259700,2026-07-05 10:55:00,7.4,61,0.9,5.4,50,1029.0,948.4,0.0,
INTA_POCITO,2026-07-05,1783260000,2026-07-05 11:00:00,7.5,60,3.8,9.4,20,1029.0,948.4,0.0,
INTA_POCITO,2026-07-05,1783260300,2026-07-05 11:05:00,7.5,59,4.0,11.2,12,1029.1,948.5,0.0,
INTA_POCITO,2026-07-05,1783260600,2026-07-05 11:10:00,7.6,58,2.0,7.2,8,1029.1,948.5,0.0,
INTA_POCITO,2026-07-05,1783260900,2026-07-05 11:15:00,7.8,57,2.5,9.4,27,1029.2,948.6,0.0,
INTA_POCITO,2026-07-05,1783261200,2026-07-05 11:20:00,8.1,57,2.8,9.4,94,1029.3,948.7,0.0,
INTA_POCITO,2026-07-05,1783261500,2026-07-05 11:25:00,8.0,57,2.9,11.2,36,1029.3,948.7,0.0,
INTA_POCITO,2026-07-05,1783261800,2026-07-05 11:30:00,8.3,56,3.0,7.2,359,1029.2,948.6,0.0,
INTA_POCITO,2026-07-05,1783262100,2026-07-05 11:35:00,8.3,57,1.9,7.2,15,1029.3,948.7,0.0,
INTA_POCITO,2026-07-05,1783262400,2026-07-05 11:40:00,8.2,56,3.5,9.4,41,1029.3,948.7,0.0,
INTA_POCITO,2026-07-05,1783262700,2026-07-05 11:45:00,8.3,56,3.0,13.0,43,1029.3,948.7,0.0,
INTA_POCITO,2026-07-05,1783263000,2026-07-05 11:50:00,8.3,57,3.5,11.2,10,1029.4,948.8,0.0,
INTA_POCITO,2026-07-05,1783263300,2026-07-05 11:55:00,8.8,55,0.6,5.4,24,1029.4,948.8,0.0,
INTA_POCITO,2026-07-05,1783263600,2026-07-05 12:00:00,8.9,55,1.6,5.4,20,1029.4,948.8,0.0,
INTA_POCITO,2026-07-05,1783263900,2026-07-05 12:05:00,8.8,55,1.0,5.4,41,1029.4,948.8,0.0,
INTA_POCITO,2026-07-05,1783264200,2026-07-05 12:10:00,9.2,54,3.3,5.4,40,1029.4,948.8,0.0,
INTA_POCITO,2026-07-05,1783264500,2026-07-05 12:15:00,9.5,53,2.2,9.4,63,1029.4,948.8,0.0,
INTA_POCITO,2026-07-05,1783264800,2026-07-05 12:20:00,9.4,53,1.6,7.2,37,1029.4,948.8,0.0,
INTA_POCITO,2026-07-05,1783265100,2026-07-05 12:25:00,9.5,52,2.2,5.4,20,1029.3,948.7,0.0,
INTA_POCITO,2026-07-05,1783265400,2026-07-05 12:30:00,9.5,53,1.2,7.2,298,1029.3,948.7,0.0,
INTA_POCITO,2026-07-05,1783265700,2026-07-05 12:35:00,10.4,50,1.5,7.2,314,1029.3,948.7,0.0,
INTA_POCITO,2026-07-05,1783266000,2026-07-05 12:40:00,9.7,51,2.6,7.2,348,1029.1,948.5,0.0,
INTA_POCITO,2026-07-05,1783266300,2026-07-05 12:45:00,9.5,51,1.8,7.2,347,1029.0,948.5,0.0,
INTA_POCITO,2026-07-05,1783266600,2026-07-05 12:50:00,9.8,51,2.6,9.4,47,1028.9,948.3,0.0,
INTA_POCITO,2026-07-05,1783266900,2026-07-05 12:55:00,10.0,50,1.8,7.2,352,1028.7,948.1,0.0,
INTA_POCITO,2026-07-05,1783267200,2026-07-05 13:00:00,10.1,49,1.1,7.2,357,1028.8,948.2,0.0,
INTA_POCITO,2026-07-05,1783267500,2026-07-05 13:05:00,10.4,48,1.2,5.4,12,1028.6,948.0,0.0,
INTA_POCITO,2026-07-05,1783267800,2026-07-05 13:10:00,10.8,47,0.4,1.8,37,1028.6,948.0,0.0,
INTA_POCITO,2026-07-05,1783268100,2026-07-05 13:15:00,10.7,48,0.1,1.8,12,1028.5,947.9,0.0,
INTA_POCITO,2026-07-05,1783268400,2026-07-05 13:20:00,10.9,47,3.1,11.2,35,1028.2,947.6,0.0,
INTA_POCITO,2026-07-05,1783268700,2026-07-05 13:25:00,11.2,46,0.8,1.8,354,1028.1,947.6,0.0,
INTA_POCITO,2026-07-05,1783269000,2026-07-05 13:30:00,11.6,45,1.2,7.2,7,1028.1,947.5,0.0,
INTA_POCITO,2026-07-05,1783269300,2026-07-05 13:35:00,11.5,45,1.2,7.2,11,1028.0,947.4,0.0,
INTA_POCITO,2026-07-05,1783269600,2026-07-05 13:40:00,11.7,44,1.0,5.4,66,1027.8,947.2,0.0,
INTA_POCITO,2026-07-05,1783269900,2026-07-05 13:45:00,11.3,43,3.3,11.2,12,1027.7,947.1,0.0,
INTA_POCITO,2026-07-05,1783270200,2026-07-05 13:50:00,11.5,44,0.5,3.6,299,1027.6,947.0,0.0,
INTA_POCITO,2026-07-05,1783270500,2026-07-05 13:55:00,11.8,43,0.7,5.4,314,1027.6,947.0,0.0,
INTA_POCITO,2026-07-05,1783270800,2026-07-05 14:00:00,11.6,43,1.3,3.6,306,1027.4,946.8,0.0,
INTA_POCITO,2026-07-05,1783271100,2026-07-05 14:05:00,11.9,43,0.7,5.4,37,1027.2,946.6,0.0,
INTA_POCITO,2026-07-05,1783271400,2026-07-05 14:10:00,12.3,43,0.1,1.8,112,1027.2,946.6,0.0,
INTA_POCITO,2026-07-05,1783271700,2026-07-05 14:15:00,12.9,42,0.3,3.6,27,1027.1,946.5,0.0,
INTA_POCITO,2026-07-05,1783272000,2026-07-05 14:20:00,12.8,41,0.5,3.6,36,1027.0,946.4,0.0,
INTA_POCITO,2026-07-05,1783272300,2026-07-05 14:25:00,13.2,40,2.0,5.4,22,1027.0,946.4,0.0,
INTA_POCITO,2026-07-05,1783272600,2026-07-05 14:30:00,12.8,40,1.4,5.4,337,1026.9,946.3,0.0,
INTA_POCITO,2026-07-05,1783272900,2026-07-05 14:35:00,13.0,38,0.6,3.6,350,1026.8,946.2,0.0,
INTA_POCITO,2026-07-05,1783273200,2026-07-05 14:40:00,13.3,38,0.5,3.6,131,1026.6,946.0,0.0,
INTA_POCITO,2026-07-05,1783273500,2026-07-05 14:45:00,13.2,38,1.1,5.4,342,1026.6,946.0,0.0,
INTA_POCITO,2026-07-05,1783273800,2026-07-05 14:50:00,13.0,38,1.5,7.2,39,1026.6,946.0,0.0,
INTA_POCITO,2026-07-05,1783274100,2026-07-05 14:55:00,12.8,37,1.9,7.2,36,1026.6,946.0,0.0,
INTA_POCITO,2026-07-05,1783274400,2026-07-05 15:00:00,12.7,38,1.1,5.4,332,1026.5,945.9,0.0,
INTA_POCITO,2026-07-05,1783274700,2026-07-05 15:05:00,12.9,37,0.6,3.6,320,1026.5,945.9,0.0,
INTA_POCITO,2026-07-05,1783275000,2026-07-05 15:10:00,13.3,37,0.3,3.6,142,1026.5,945.9,0.0,
INTA_POCITO,2026-07-05,1783275300,2026-07-05 15:15:00,13.5,37,1.0,3.6,138,1026.4,945.7,0.0,
INTA_POCITO,2026-07-05,1783275600,2026-07-05 15:20:00,13.3,36,0.6,3.6,347,1026.4,945.7,0.0,
INTA_POCITO,2026-07-05,1783275900,2026-07-05 15:25:00,13.1,36,0.6,3.6,1,1026.3,945.7,0.0,
INTA_POCITO,2026-07-05,1783276200,2026-07-05 15:30:00,13.3,36,0.4,3.6,78,1026.4,945.8,0.0,
INTA_POCITO,2026-07-05,1783276500,2026-07-05 15:35:00,13.4,35,0.4,3.6,77,1026.3,945.7,0.0,
INTA_POCITO,2026-07-05,1783276800,2026-07-05 15:40:00,13.5,34,0.0,0.0,140,1026.2,945.6,0.0,
INTA_POCITO,2026-07-05,1783277100,2026-07-05 15:45:00,14.0,33,0.8,3.6,343,1026.3,945.7,0.0,
INTA_POCITO,2026-07-05,1783277400,2026-07-05 15:50:00,13.6,34,0.1,1.8,56,1026.2,945.6,0.0,
INTA_POCITO,2026-07-05,1783277700,2026-07-05 15:55:00,13.5,36,0.0,0.0,111,1026.2,945.6,0.0,
INTA_POCITO,2026-07-05,1783278000,2026-07-05 16:00:00,13.9,34,0.0,0.0,197,1026.3,945.7,0.0,
INTA_POCITO,2026-07-05,1783278300,2026-07-05 16:05:00,14.1,34,1.4,7.2,30,1026.3,945.7,0.0,
INTA_POCITO,2026-07-05,1783278600,2026-07-05 16:10:00,13.8,34,0.0,0.0,152,1026.2,945.6,0.0,
INTA_POCITO,2026-07-05,1783278900,2026-07-05 16:15:00,14.1,34,0.0,0.0,169,1026.2,945.6,0.0,
INTA_POCITO,2026-07-05,1783279200,2026-07-05 16:20:00,14.2,33,0.0,0.0,69,1026.2,945.6,0.0,
INTA_POCITO,2026-07-05,1783279500,2026-07-05 16:25:00,14.0,33,0.4,3.6,80,1026.0,945.4,0.0,
INTA_POCITO,2026-07-05,1783279800,2026-07-05 16:30:00,13.8,33,0.1,1.8,16,1026.1,945.5,0.0,
INTA_POCITO,2026-07-05,1783280100,2026-07-05 16:35:00,14.1,33,1.2,5.4,47,1026.1,945.5,0.0,
INTA_POCITO,2026-07-05,1783280400,2026-07-05 16:40:00,13.8,32,0.3,1.8,50,1026.0,945.4,0.0,
INTA_POCITO,2026-07-05,1783280700,2026-07-05 16:45:00,13.8,32,0.0,0.0,176,1026.0,945.5,0.0,
INTA_POCITO,2026-07-05,1783281000,2026-07-05 16:50:00,14.0,33,0.0,0.0,96,1026.0,945.5,0.0,
INTA_POCITO,2026-07-05,1783281300,2026-07-05 16:55:00,13.9,32,0.3,1.8,19,1026.1,945.5,0.0,
INTA_POCITO,2026-07-05,1783281600,2026-07-05 17:00:00,13.8,33,0.0,0.0,117,1026.0,945.5,0.0,
INTA_POCITO,2026-07-05,1783281900,2026-07-05 17:05:00,13.8,34,0.1,1.8,352,1026.0,945.4,0.0,
INTA_POCITO,2026-07-05,1783282200,2026-07-05 17:10:00,13.7,34,0.0,0.0,104,1026.0,945.4,0.0,
INTA_POCITO,2026-07-05,1783282500,2026-07-05 17:15:00,13.5,34,0.0,0.0,120,1026.0,945.4,0.0,
INTA_POCITO,2026-07-05,1783282800,2026-07-05 17:20:00,13.3,34,0.0,0.0,146,1026.0,945.4,0.0,
INTA_POCITO,2026-07-05,1783283100,2026-07-05 17:25:00,13.2,35,0.0,0.0,262,1026.0,945.4,0.0,
INTA_POCITO,2026-07-05,1783283400,2026-07-05 17:30:00,12.6,37,0.4,3.6,42,1026.0,945.4,0.0,
INTA_POCITO,2026-07-05,1783283700,2026-07-05 17:35:00,12.4,37,0.6,5.4,339,1026.0,945.4,0.0,
INTA_POCITO,2026-07-05,1783284000,2026-07-05 17:40:00,12.5,37,0.1,1.8,38,1026.1,945.5,0.0,
INTA_POCITO,2026-07-05,1783284300,2026-07-05 17:45:00,12.4,37,0.1,1.8,343,1026.1,945.5,0.0,
INTA_POCITO,2026-07-05,1783284600,2026-07-05 17:50:00,12.1,38,0.1,1.8,55,1025.9,945.4,0.0,
INTA_POCITO,2026-07-05,1783284900,2026-07-05 17:55:00,11.9,38,0.1,1.8,96,1026.0,945.4,0.0,
INTA_POCITO,2026-07-05,1783285200,2026-07-05 18:00:00,11.8,38,0.1,1.8,64,1026.0,945.5,0.0,
INTA_POCITO,2026-07-05,1783285500,2026-07-05 18:05:00,11.6,39,0.0,0.0,140,1026.0,945.4,0.0,
INTA_POCITO,2026-07-05,1783285800,2026-07-05 18:10:00,11.1,40,0.0,0.0,121,1025.9,945.3,0.0,
INTA_POCITO,2026-07-05,1783286100,2026-07-05 18:15:00,10.7,41,0.0,0.0,135,1026.0,945.4,0.0,
INTA_POCITO,2026-07-05,1783286400,2026-07-05 18:20:00,10.3,42,0.0,0.0,135,1026.0,945.4,0.0,
INTA_POCITO,2026-07-05,1783286700,2026-07-05 18:25:00,9.5,47,0.0,0.0,136,1026.1,945.5,0.0,
INTA_POCITO,2026-07-05,1783287000,2026-07-05 18:30:00,8.9,48,0.0,0.0,136,1026.2,945.6,0.0,
INTA_POCITO,2026-07-05,1783287300,2026-07-05 18:35:00,8.1,50,0.0,0.0,136,1026.2,945.6,0.0,
INTA_POCITO,2026-07-05,1783287600,2026-07-05 18:40:00,7.5,52,0.0,0.0,136,1026.2,945.6,0.0,
INTA_POCITO,2026-07-05,1783287900,2026-07-05 18:45:00,7.2,52,0.0,0.0,136,1026.3,945.7,0.0,
INTA_POCITO,2026-07-05,1783288200,2026-07-05 18:50:00,7.1,53,0.0,0.0,136,1026.3,945.7,0.0,
INTA_POCITO,2026-07-05,1783288500,2026-07-05 18:55:00,7.1,51,0.0,0.0,136,1026.4,945.8,0.0,
INTA_POCITO,2026-07-05,1783288800,2026-07-05 19:00:00,7.1,51,0.0,0.0,136,1026.5,945.9,0.0,
INTA_POCITO,2026-07-05,1783289100,2026-07-05 19:05:00,6.9,52,0.0,0.0,136,1026.6,945.9,0.0,
INTA_POCITO,2026-07-05,1783289400,2026-07-05 19:10:00,6.5,54,0.0,0.0,136,1026.6,945.9,0.0,
INTA_POCITO,2026-07-05,1783289700,2026-07-05 19:15:00,5.9,58,0.0,0.0,168,1026.5,945.9,0.0,
INTA_POCITO,2026-07-05,1783290000,2026-07-05 19:20:00,5.6,58,0.0,0.0,177,1026.6,945.9,0.0,
INTA_POCITO,2026-07-05,1783290300,2026-07-05 19:25:00,5.1,59,0.0,0.0,173,1026.6,945.9,0.0,
INTA_POCITO,2026-07-05,1783290600,2026-07-05 19:30:00,5.2,58,0.0,0.0,150,1026.7,946.1,0.0,
INTA_POCITO,2026-07-05,1783290900,2026-07-05 19:35:00,5.3,58,0.0,0.0,138,1026.8,946.2,0.0,
INTA_POCITO,2026-07-05,1783291200,2026-07-05 19:40:00,5.6,57,0.0,0.0,127,1026.8,946.3,0.0,
INTA_POCITO,2026-07-05,1783291500,2026-07-05 19:45:00,5.3,58,0.0,0.0,150,1026.9,946.3,0.0,
INTA_POCITO,2026-07-05,1783291800,2026-07-05 19:50:00,4.9,59,0.0,0.0,150,1027.0,946.4,0.0,
INTA_POCITO,2026-07-05,1783292100,2026-07-05 19:55:00,5.0,58,0.0,0.0,134,1027.0,946.4,0.0,
INTA_POCITO,2026-07-05,1783292400,2026-07-05 20:00:00,4.8,59,0.0,0.0,114,1027.1,946.5,0.0,
INTA_POCITO,2026-07-05,1783292700,2026-07-05 20:05:00,4.3,60,0.0,0.0,128,1027.1,946.5,0.0,
INTA_POCITO,2026-07-05,1783293000,2026-07-05 20:10:00,4.6,60,0.0,0.0,142,1027.1,946.5,0.0,
INTA_POCITO,2026-07-05,1783293300,2026-07-05 20:15:00,4.2,61,0.0,0.0,146,1027.1,946.5,0.0,
INTA_POCITO,2026-07-05,1783293600,2026-07-05 20:20:00,3.9,61,0.0,0.0,146,1027.2,946.6,0.0,
INTA_POCITO,2026-07-05,1783293900,2026-07-05 20:25:00,3.5,62,0.0,0.0,175,1027.4,946.8,0.0,
INTA_POCITO,2026-07-05,1783294200,2026-07-05 20:30:00,3.5,62,0.0,0.0,177,1027.3,946.7,0.0,
INTA_POCITO,2026-07-05,1783294500,2026-07-05 20:35:00,3.9,60,0.0,0.0,176,1027.3,946.7,0.0,
INTA_POCITO,2026-07-05,1783294800,2026-07-05 20:40:00,4.9,55,0.6,3.6,250,1027.3,946.7,0.0,
INTA_POCITO,2026-07-05,1783295100,2026-07-05 20:45:00,6.2,50,0.0,0.0,264,1027.3,946.7,0.0,
INTA_POCITO,2026-07-05,1783295400,2026-07-05 20:50:00,5.9,51,0.1,1.8,265,1027.3,946.7,0.0,
INTA_POCITO,2026-07-05,1783295700,2026-07-05 20:55:00,5.7,51,0.1,1.8,265,1027.3,946.7,0.0,
INTA_POCITO,2026-07-05,1783296000,2026-07-05 21:00:00,5.4,54,0.0,0.0,265,1027.4,946.8,0.0,
INTA_POCITO,2026-07-05,1783296300,2026-07-05 21:05:00,4.3,57,0.0,0.0,265,1027.4,946.8,0.0,
INTA_POCITO,2026-07-05,1783296600,2026-07-05 21:10:00,3.9,57,0.0,0.0,265,1027.4,946.8,0.0,
INTA_POCITO,2026-07-05,1783296900,2026-07-05 21:15:00,4.7,54,0.0,0.0,265,1027.4,946.8,0.0,
INTA_POCITO,2026-07-05,1783297200,2026-07-05 21:20:00,5.1,53,0.0,0.0,266,1027.4,946.8,0.0,
INTA_POCITO,2026-07-05,1783297500,2026-07-05 21:25:00,4.9,54,0.0,0.0,266,1027.4,946.8,0.0,
INTA_POCITO,2026-07-05,1783297800,2026-07-05 21:30:00,5.1,53,0.0,0.0,294,1027.4,946.8,0.0,
INTA_POCITO,2026-07-05,1783298100,2026-07-05 21:35:00,5.2,52,0.0,0.0,6,1027.4,946.8,0.0,
INTA_POCITO,2026-07-05,1783298400,2026-07-05 21:40:00,4.6,55,0.0,0.0,15,1027.4,946.8,0.0,
INTA_POCITO,2026-07-05,1783298700,2026-07-05 21:45:00,4.2,56,0.0,0.0,18,1027.5,946.9,0.0,
INTA_POCITO,2026-07-05,1783299000,2026-07-05 21:50:00,4.5,55,0.0,0.0,19,1027.5,946.9,0.0,
INTA_POCITO,2026-07-05,1783299300,2026-07-05 21:55:00,3.8,58,0.0,0.0,19,1027.5,946.9,0.0,
INTA_POCITO,2026-07-05,1783299600,2026-07-05 22:00:00,2.9,61,0.0,0.0,19,1027.4,946.8,0.0,
INTA_POCITO,2026-07-05,1783299900,2026-07-05 22:05:00,2.1,66,0.0,0.0,19,1027.6,947.0,0.0,
INTA_POCITO,2026-07-05,1783300200,2026-07-05 22:10:00,1.6,68,0.0,0.0,19,1027.5,946.9,0.0,
INTA_POCITO,2026-07-05,1783300500,2026-07-05 22:15:00,1.5,69,0.0,0.0,19,1027.5,946.9,0.0,
INTA_POCITO,2026-07-05,1783300800,2026-07-05 22:20:00,1.1,69,0.0,0.0,19,1027.4,946.8,0.0,
INTA_POCITO,2026-07-05,1783301100,2026-07-05 22:25:00,0.8,71,0.0,0.0,19,1027.6,947.0,0.0,
INTA_POCITO,2026-07-05,1783301400,2026-07-05 22:30:00,0.6,71,0.0,0.0,19,1027.6,947.0,0.0,
INTA_POCITO,2026-07-05,1783301700,2026-07-05 22:35:00,0.9,71,0.0,0.0,19,1027.7,947.1,0.0,
INTA_POCITO,2026-07-05,1783302000,2026-07-05 22:40:00,1.3,70,0.0,0.0,19,1027.7,947.1,0.0,
INTA_POCITO,2026-07-05,1783302300,2026-07-05 22:45:00,1.2,69,0.0,0.0,19,1027.7,947.1,0.0,
INTA_POCITO,2026-07-05,1783302600,2026-07-05 22:50:00,1.0,69,0.0,0.0,19,1027.7,947.1,0.0,
INTA_POCITO,2026-07-05,1783302900,2026-07-05 22:55:00,0.8,69,0.0,0.0,19,1027.8,947.2,0.0,
INTA_POCITO,2026-07-05,1783303200,2026-07-05 23:00:00,0.7,70,0.0,0.0,19,1027.9,947.3,0.0,
INTA_POCITO,2026-07-05,1783303500,2026-07-05 23:05:00,1.1,70,0.0,0.0,19,1027.8,947.2,0.0,
INTA_POCITO,2026-07-05,1783303800,2026-07-05 23:10:00,1.3,69,0.0,0.0,20,1027.8,947.2,0.0,
INTA_POCITO,2026-07-05,1783304100,2026-07-05 23:15:00,1.2,68,0.0,0.0,20,1027.9,947.3,0.0,
INTA_POCITO,2026-07-05,1783304400,2026-07-05 23:20:00,1.0,68,0.0,0.0,21,1027.9,947.3,0.0,
INTA_POCITO,2026-07-05,1783304700,2026-07-05 23:25:00,1.1,68,0.0,0.0,24,1028.0,947.4,0.0,
INTA_POCITO,2026-07-05,1783305000,2026-07-05 23:30:00,1.1,68,0.0,0.0,24,1027.8,947.2,0.0,
INTA_POCITO,2026-07-05,1783305300,2026-07-05 23:35:00,1.5,68,0.0,0.0,10,1027.8,947.2,0.0,
INTA_POCITO,2026-07-05,1783305600,2026-07-05 23:40:00,1.5,66,0.0,0.0,268,1027.8,947.2,0.0,
INTA_POCITO,2026-07-05,1783305900,2026-07-05 23:45:00,2.3,63,1.7,5.4,336,1027.7,947.1,0.0,
INTA_POCITO,2026-07-05,1783306200,2026-07-05 23:50:00,3.2,60,0.5,3.6,327,1027.7,947.1,0.0,
INTA_POCITO,2026-07-05,1783306500,2026-07-05 23:55:00,3.0,60,0.0,0.0,1,1027.7,947.1,0.0,
ULLUM_EMBALSE,2026-07-05,1783220400,2026-07-05 00:00:00,4.0,76,6.6,9.4,174,1015.1,929.4,0.0,
ULLUM_EMBALSE,2026-07-05,1783220700,2026-07-05 00:05:00,4.0,76,5.3,7.2,180,1015.3,929.6,0.0,
ULLUM_EMBALSE,2026-07-05,1783221000,2026-07-05 00:10:00,4.0,76,5.3,7.2,168,1015.4,929.7,0.0,
ULLUM_EMBALSE,2026-07-05,1783221300,2026-07-05 00:15:00,4.0,76,6.1,7.2,173,1015.3,929.6,0.0,
ULLUM_EMBALSE,2026-07-05,1783221600,2026-07-05 00:20:00,3.9,76,7.7,9.4,166,1015.4,929.7,0.0,
ULLUM_EMBALSE,2026-07-05,1783221900,2026-07-05 00:25:00,3.9,76,8.3,9.4,171,1015.3,929.6,0.0,
ULLUM_EMBALSE,2026-07-05,1783222200,2026-07-05 00:30:00,3.9,76,8.1,11.2,166,1015.3,929.6,0.0,
ULLUM_EMBALSE,2026-07-05,1783222500,2026-07-05 00:35:00,3.9,76,7.0,9.4,170,1015.3,929.6,0.0,
ULLUM_EMBALSE,2026-07-05,1783222800,2026-07-05 00:40:00,3.9,76,7.7,13.0,173,1015.2,929.5,0.0,
ULLUM_EMBALSE,2026-07-05,1783223100,2026-07-05 00:45:00,3.9,76,6.5,11.2,176,1015.2,929.5,0.0,
ULLUM_EMBALSE,2026-07-05,1783223400,2026-07-05 00:50:00,3.8,77,7.4,11.2,174,1015.1,929.4,0.0,
ULLUM_EMBALSE,2026-07-05,1783223700,2026-07-05 00:55:00,3.8,77,5.5,9.4,183,1015.2,929.5,0.0,
ULLUM_EMBALSE,2026-07-05,1783224000,2026-07-05 01:00:00,3.8,77,5.1,9.4,179,1015.3,929.6,0.0,
ULLUM_EMBALSE,2026-07-05,1783224300,2026-07-05 01:05:00,3.8,78,5.8,9.4,182,1015.1,929.4,0.0,
ULLUM_EMBALSE,2026-07-05,1783224600,2026-07-05 01:10:00,3.8,78,4.4,7.2,185,1015.3,929.6,0.0,
ULLUM_EMBALSE,2026-07-05,1783224900,2026-07-05 01:15:00,3.7,78,3.7,7.2,184,1015.3,929.6,0.0,
ULLUM_EMBALSE,2026-07-05,1783225200,2026-07-05 01:20:00,3.7,78,3.4,5.4,184,1015.5,929.8,0.0,
ULLUM_EMBALSE,2026-07-05,1783225500,2026-07-05 01:25:00,3.7,79,4.8,9.4,184,1015.4,929.7,0.0,
ULLUM_EMBALSE,2026-07-05,1783225800,2026-07-05 01:30:00,3.7,79,0.0,0.0,185,1015.6,929.8,0.0,
ULLUM_EMBALSE,2026-07-05,1783226100,2026-07-05 01:35:00,3.7,79,0.8,1.8,185,1015.4,929.7,0.0,
ULLUM_EMBALSE,2026-07-05,1783226400,2026-07-05 01:40:00,3.7,79,0.7,3.6,185,1015.3,929.6,0.0,
ULLUM_EMBALSE,2026-07-05,1783226700,2026-07-05 01:45:00,3.6,79,0.0,0.0,185,1015.3,929.6,0.0,
ULLUM_EMBALSE,2026-07-05,1783227000,2026-07-05 01:50:00,3.6,79,0.0,0.0,185,1015.2,929.5,0.0,
ULLUM_EMBALSE,2026-07-05,1783227300,2026-07-05 01:55:00,3.6,79,0.1,1.8,185,1015.2,929.5,0.0,
ULLUM_EMBALSE,2026-07-05,1783227600,2026-07-05 02:00:00,3.5,78,2.8,3.6,183,1015.3,929.6,0.0,
ULLUM_EMBALSE,2026-07-05,1783227900,2026-07-05 02:05:00,3.5,78,1.4,3.6,170,1015.2,929.5,0.0,
ULLUM_EMBALSE,2026-07-05,1783228200,2026-07-05 02:10:00,3.5,78,0.4,1.8,170,1015.3,929.6,0.0,
ULLUM_EMBALSE,2026-07-05,1783228500,2026-07-05 02:15:00,3.4,78,0.0,0.0,170,1015.2,929.5,0.0,
ULLUM_EMBALSE,2026-07-05,1783228800,2026-07-05 02:20:00,3.2,78,0.0,0.0,170,1015.2,929.5,0.0,
ULLUM_EMBALSE,2026-07-05,1783229100,2026-07-05 02:25:00,3.0,79,0.5,3.6,170,1015.2,929.5,0.0,
ULLUM_EMBALSE,2026-07-05,1783229400,2026-07-05 02:30:00,3.2,79,2.9,3.6,170,1015.1,929.4,0.0,
ULLUM_EMBALSE,2026-07-05,1783229700,2026-07-05 02:35:00,3.2,79,2.7,3.6,170,1015.1,929.4,0.0,
ULLUM_EMBALSE,2026-07-05,1783230000,2026-07-05 02:40:00,2.9,79,4.5,5.4,135,1015.2,929.5,0.0,
ULLUM_EMBALSE,2026-07-05,1783230300,2026-07-05 02:45:00,3.0,79,3.7,5.4,118,1015.2,929.5,0.0,
ULLUM_EMBALSE,2026-07-05,1783230600,2026-07-05 02:50:00,2.9,79,4.5,5.4,117,1015.1,929.4,0.0,
ULLUM_EMBALSE,2026-07-05,1783230900,2026-07-05 02:55:00,2.5,79,4.8,7.2,56,1015.1,929.4,0.0,
ULLUM_EMBALSE,2026-07-05,1783231200,2026-07-05 03:00:00,2.5,79,3.6,3.6,55,1015.0,929.3,0.0,
ULLUM_EMBALSE,2026-07-05,1783231500,2026-07-05 03:05:00,2.5,79,4.6,7.2,49,1014.9,929.2,0.0,
ULLUM_EMBALSE,2026-07-05,1783231800,2026-07-05 03:10:00,2.3,80,3.9,5.4,51,1015.0,929.3,0.0,
ULLUM_EMBALSE,2026-07-05,1783232100,2026-07-05 03:15:00,2.2,80,3.7,5.4,61,1015.0,929.3,0.0,
ULLUM_EMBALSE,2026-07-05,1783232400,2026-07-05 03:20:00,2.1,80,5.0,7.2,50,1014.9,929.2,0.0,
ULLUM_EMBALSE,2026-07-05,1783232700,2026-07-05 03:25:00,2.1,80,3.5,5.4,55,1014.9,929.2,0.0,
ULLUM_EMBALSE,2026-07-05,1783233000,2026-07-05 03:30:00,2.0,80,5.5,7.2,67,1014.9,929.2,0.0,
ULLUM_EMBALSE,2026-07-05,1783233300,2026-07-05 03:35:00,2.0,80,5.9,7.2,63,1015.0,929.3,0.0,
ULLUM_EMBALSE,2026-07-05,1783233600,2026-07-05 03:40:00,1.9,81,4.5,5.4,62,1014.9,929.2,0.0,
ULLUM_EMBALSE,2026-07-05,1783233900,2026-07-05 03:45:00,2.0,81,5.0,7.2,62,1014.9,929.2,0.0,
ULLUM_EMBALSE,2026-07-05,1783234200,2026-07-05 03:50:00,1.9,81,2.5,5.4,67,1015.0,929.3,0.0,
ULLUM_EMBALSE,2026-07-05,1783234500,2026-07-05 03:55:00,1.9,81,2.5,3.6,70,1014.8,929.0,0.0,
ULLUM_EMBALSE,2026-07-05,1783234800,2026-07-05 04:00:00,1.8,81,3.9,5.4,58,1014.9,929.2,0.0,
ULLUM_EMBALSE,2026-07-05,1783235100,2026-07-05 04:05:00,1.8,82,4.8,7.2,50,1014.6,928.9,0.0,
ULLUM_EMBALSE,2026-07-05,1783235400,2026-07-05 04:10:00,1.8,81,1.7,3.6,70,1014.7,929.0,0.0,
ULLUM_EMBALSE,2026-07-05,1783235700,2026-07-05 04:15:00,1.7,81,4.5,7.2,50,1014.6,928.9,0.0,
ULLUM_EMBALSE,2026-07-05,1783236000,2026-07-05 04:20:00,1.8,82,6.2,9.4,43,1014.5,928.8,0.0,
ULLUM_EMBALSE,2026-07-05,1783236300,2026-07-05 04:25:00,2.0,81,7.1,11.2,41,1014.6,928.9,0.0,
ULLUM_EMBALSE,2026-07-05,1783236600,2026-07-05 04:30:00,1.9,81,4.2,5.4,357,1014.6,928.9,0.0,
ULLUM_EMBALSE,2026-07-05,1783236900,2026-07-05 04:35:00,1.8,81,4.8,5.4,345,1014.6,928.9,0.0,
ULLUM_EMBALSE,2026-07-05,1783237200,2026-07-05 04:40:00,1.7,81,4.8,7.2,341,1014.6,928.9,0.0,
ULLUM_EMBALSE,2026-07-05,1783237500,2026-07-05 04:45:00,1.6,82,4.6,11.2,359,1014.6,928.8,0.0,
ULLUM_EMBALSE,2026-07-05,1783237800,2026-07-05 04:50:00,1.4,83,5.1,7.2,5,1014.6,928.9,0.0,
ULLUM_EMBALSE,2026-07-05,1783238100,2026-07-05 04:55:00,1.3,83,8.1,11.2,346,1014.6,928.9,0.0,
ULLUM_EMBALSE,2026-07-05,1783238400,2026-07-05 05:00:00,1.2,83,3.5,5.4,26,1014.6,928.9,0.0,
ULLUM_EMBALSE,2026-07-05,1783238700,2026-07-05 05:05:00,1.3,84,6.0,9.4,2,1014.5,928.8,0.0,
ULLUM_EMBALSE,2026-07-05,1783239000,2026-07-05 05:10:00,1.3,84,10.3,14.8,357,1014.5,928.8,0.0,
ULLUM_EMBALSE,2026-07-05,1783239300,2026-07-05 05:15:00,1.3,83,12.6,16.6,345,1014.7,928.9,0.0,
ULLUM_EMBALSE,2026-07-05,1783239600,2026-07-05 05:20:00,1.2,83,7.6,13.0,321,1014.6,928.9,0.0,
ULLUM_EMBALSE,2026-07-05,1783239900,2026-07-05 05:25:00,1.2,84,8.6,11.2,340,1014.7,928.9,0.0,
ULLUM_EMBALSE,2026-07-05,1783240200,2026-07-05 05:30:00,1.2,85,12.7,14.8,326,1014.6,928.9,0.0,
ULLUM_EMBALSE,2026-07-05,1783240500,2026-07-05 05:35:00,1.0,85,10.1,14.8,324,1014.9,929.2,0.0,
ULLUM_EMBALSE,2026-07-05,1783240800,2026-07-05 05:40:00,1.3,85,8.6,13.0,306,1014.7,929.0,0.0,
ULLUM_EMBALSE,2026-07-05,1783241100,2026-07-05 05:45:00,1.4,85,12.7,16.6,327,1014.7,929.0,0.0,
ULLUM_EMBALSE,2026-07-05,1783241400,2026-07-05 05:50:00,1.4,85,10.7,14.8,338,1014.6,928.9,0.0,
ULLUM_EMBALSE,2026-07-05,1783241700,2026-07-05 05:55:00,1.3,85,9.0,13.0,336,1014.7,929.0,0.0,
ULLUM_EMBALSE,2026-07-05,1783242000,2026-07-05 06:00:00,1.5,85,10.6,13.0,327,1014.7,928.9,0.0,
ULLUM_EMBALSE,2026-07-05,1783242300,2026-07-05 06:05:00,1.5,85,13.2,14.8,335,1014.7,929.0,0.0,
ULLUM_EMBALSE,2026-07-05,1783242600,2026-07-05 06:10:00,1.2,85,12.7,16.6,337,1014.7,929.0,0.0,
ULLUM_EMBALSE,2026-07-05,1783242900,2026-07-05 06:15:00,1.3,85,9.2,14.8,317,1014.7,929.0,0.0,
ULLUM_EMBALSE,2026-07-05,1783243200,2026-07-05 06:20:00,1.5,86,7.9,14.8,289,1014.8,929.0,0.0,
ULLUM_EMBALSE,2026-07-05,1783243500,2026-07-05 06:25:00,1.4,86,8.7,13.0,277,1014.7,929.0,0.0,
ULLUM_EMBALSE,2026-07-05,1783243800,2026-07-05 06:30:00,1.2,86,8.9,16.6,285,1014.8,929.1,0.0,
ULLUM_EMBALSE,2026-07-05,1783244100,2026-07-05 06:35:00,1.3,86,10.8,18.4,318,1014.8,929.1,0.0,
ULLUM_EMBALSE,2026-07-05,1783244400,2026-07-05 06:40:00,1.0,86,11.2,14.8,328,1014.9,929.2,0.0,
ULLUM_EMBALSE,2026-07-05,1783244700,2026-07-05 06:45:00,0.3,86,12.4,18.4,343,1015.0,929.3,0.0,
ULLUM_EMBALSE,2026-07-05,1783245000,2026-07-05 06:50:00,0.1,86,16.6,20.2,3,1015.0,929.3,0.0,
ULLUM_EMBALSE,2026-07-05,1783245300,2026-07-05 06:55:00,-0.1,86,11.7,14.8,357,1014.9,929.2,0.0,
ULLUM_EMBALSE,2026-07-05,1783245600,2026-07-05 07:00:00,-0.4,86,15.6,18.4,3,1014.9,929.2,0.0,
ULLUM_EMBALSE,2026-07-05,1783245900,2026-07-05 07:05:00,-0.5,86,12.8,16.6,0,1015.1,929.4,0.0,
ULLUM_EMBALSE,2026-07-05,1783246200,2026-07-05 07:10:00,-0.4,86,12.2,16.6,356,1015.2,929.5,0.0,
ULLUM_EMBALSE,2026-07-05,1783246500,2026-07-05 07:15:00,-0.3,86,12.1,14.8,356,1015.2,929.5,0.0,
ULLUM_EMBALSE,2026-07-05,1783246800,2026-07-05 07:20:00,-0.3,87,12.9,16.6,2,1015.2,929.5,0.0,
ULLUM_EMBALSE,2026-07-05,1783247100,2026-07-05 07:25:00,-0.5,87,11.7,14.8,352,1015.4,929.7,0.0,
ULLUM_EMBALSE,2026-07-05,1783247400,2026-07-05 07:30:00,-0.4,87,11.3,16.6,346,1015.4,929.7,0.0,
ULLUM_EMBALSE,2026-07-05,1783247700,2026-07-05 07:35:00,-0.2,87,10.9,13.0,349,1015.4,929.7,0.0,
ULLUM_EMBALSE,2026-07-05,1783248000,2026-07-05 07:40:00,-0.2,87,10.9,14.8,354,1015.4,929.7,0.0,
ULLUM_EMBALSE,2026-07-05,1783248300,2026-07-05 07:45:00,-0.3,86,11.7,16.6,360,1015.6,929.9,0.0,
ULLUM_EMBALSE,2026-07-05,1783248600,2026-07-05 07:50:00,-0.4,86,11.2,14.8,1,1015.7,930.0,0.0,
ULLUM_EMBALSE,2026-07-05,1783248900,2026-07-05 07:55:00,-0.4,86,12.2,16.6,347,1015.7,930.0,0.0,
ULLUM_EMBALSE,2026-07-05,1783249200,2026-07-05 08:00:00,-0.3,86,13.5,18.4,3,1015.7,930.0,0.0,
ULLUM_EMBALSE,2026-07-05,1783249500,2026-07-05 08:05:00,-0.1,86,10.7,16.6,352,1015.7,930.0,0.0,
ULLUM_EMBALSE,2026-07-05,1783249800,2026-07-05 08:10:00,0.0,85,11.2,20.2,349,1015.8,930.1,0.0,
ULLUM_EMBALSE,2026-07-05,1783250100,2026-07-05 08:15:00,0.1,85,13.9,18.4,346,1015.9,930.2,0.0,
ULLUM_EMBALSE,2026-07-05,1783250400,2026-07-05 08:20:00,0.2,85,13.8,20.2,351,1015.8,930.1,0.0,
ULLUM_EMBALSE,2026-07-05,1783250700,2026-07-05 08:25:00,0.1,85,13.8,18.4,340,1016.0,930.3,0.0,
ULLUM_EMBALSE,2026-07-05,1783251000,2026-07-05 08:30:00,0.2,85,9.4,18.4,309,1016.0,930.3,0.0,
ULLUM_EMBALSE,2026-07-05,1783251300,2026-07-05 08:35:00,0.2,85,11.4,18.4,303,1016.1,930.5,0.0,
ULLUM_EMBALSE,2026-07-05,1783251600,2026-07-05 08:40:00,0.1,84,10.5,18.4,291,1016.2,930.6,0.0,
ULLUM_EMBALSE,2026-07-05,1783251900,2026-07-05 08:45:00,0.3,84,10.8,20.2,289,1016.2,930.5,0.0,
ULLUM_EMBALSE,2026-07-05,1783252200,2026-07-05 08:50:00,0.3,84,12.7,22.0,278,1016.3,930.6,0.0,
ULLUM_EMBALSE,2026-07-05,1783252500,2026-07-05 08:55:00,0.4,83,13.3,18.4,279,1016.4,930.7,0.0,
ULLUM_EMBALSE,2026-07-05,1783252800,2026-07-05 09:00:00,0.5,84,13.1,18.4,322,1016.4,930.7,0.0,
ULLUM_EMBALSE,2026-07-05,1783253100,2026-07-05 09:05:00,0.1,84,15.2,20.2,348,1016.4,930.7,0.0,
ULLUM_EMBALSE,2026-07-05,1783253400,2026-07-05 09:10:00,0.3,84,16.1,20.2,339,1016.4,930.7,0.0,
ULLUM_EMBALSE,2026-07-05,1783253700,2026-07-05 09:15:00,0.0,84,13.9,18.4,331,1016.5,930.8,0.0,
ULLUM_EMBALSE,2026-07-05,1783254000,2026-07-05 09:20:00,0.0,85,12.7,18.4,345,1016.6,930.9,0.0,
ULLUM_EMBALSE,2026-07-05,1783254300,2026-07-05 09:25:00,-0.1,85,13.0,16.6,354,1016.7,931.0,0.0,
ULLUM_EMBALSE,2026-07-05,1783254600,2026-07-05 09:30:00,0.0,85,13.8,16.6,351,1016.8,931.0,0.0,
ULLUM_EMBALSE,2026-07-05,1783254900,2026-07-05 09:35:00,0.2,85,14.4,16.6,340,1016.6,930.9,0.0,
ULLUM_EMBALSE,2026-07-05,1783255200,2026-07-05 09:40:00,0.4,84,14.6,18.4,335,1016.6,930.9,0.0,
ULLUM_EMBALSE,2026-07-05,1783255500,2026-07-05 09:45:00,0.5,84,16.2,18.4,336,1016.8,931.1,0.0,
ULLUM_EMBALSE,2026-07-05,1783255800,2026-07-05 09:50:00,0.6,84,13.3,18.4,331,1016.8,931.1,0.0,
ULLUM_EMBALSE,2026-07-05,1783256100,2026-07-05 09:55:00,0.8,84,11.4,16.6,323,1016.9,931.1,0.0,
ULLUM_EMBALSE,2026-07-05,1783256400,2026-07-05 10:00:00,0.9,84,8.9,14.8,308,1016.9,931.2,0.0,
ULLUM_EMBALSE,2026-07-05,1783256700,2026-07-05 10:05:00,0.9,83,10.9,14.8,308,1016.8,931.1,0.0,
ULLUM_EMBALSE,2026-07-05,1783257000,2026-07-05 10:10:00,1.0,83,8.8,13.0,314,1016.9,931.2,0.0,
ULLUM_EMBALSE,2026-07-05,1783257300,2026-07-05 10:15:00,1.2,83,9.6,14.8,313,1016.9,931.2,0.0,
ULLUM_EMBALSE,2026-07-05,1783257600,2026-07-05 10:20:00,1.2,83,9.1,14.8,314,1017.0,931.3,0.0,
ULLUM_EMBALSE,2026-07-05,1783257900,2026-07-05 10:25:00,1.4,83,9.4,13.0,310,1017.0,931.3,0.0,
ULLUM_EMBALSE,2026-07-05,1783258200,2026-07-05 10:30:00,1.6,82,7.1,11.2,297,1017.2,931.5,0.0,
ULLUM_EMBALSE,2026-07-05,1783258500,2026-07-05 10:35:00,1.9,81,8.6,14.8,306,1017.2,931.5,0.0,
ULLUM_EMBALSE,2026-07-05,1783258800,2026-07-05 10:40:00,1.9,81,12.0,14.8,332,1017.2,931.5,0.0,
ULLUM_EMBALSE,2026-07-05,1783259100,2026-07-05 10:45:00,2.0,80,10.1,14.8,327,1017.4,931.7,0.0,
ULLUM_EMBALSE,2026-07-05,1783259400,2026-07-05 10:50:00,2.1,80,8.3,14.8,317,1017.4,931.7,0.0,
ULLUM_EMBALSE,2026-07-05,1783259700,2026-07-05 10:55:00,2.2,79,10.7,14.8,315,1017.4,931.7,0.0,
ULLUM_EMBALSE,2026-07-05,1783260000,2026-07-05 11:00:00,2.3,79,9.9,13.0,328,1017.4,931.7,0.0,
ULLUM_EMBALSE,2026-07-05,1783260300,2026-07-05 11:05:00,2.6,78,7.8,11.2,294,1017.5,931.8,0.0,
ULLUM_EMBALSE,2026-07-05,1783260600,2026-07-05 11:10:00,2.8,77,6.7,13.0,328,1017.3,931.6,0.0,
ULLUM_EMBALSE,2026-07-05,1783260900,2026-07-05 11:15:00,3.0,76,7.6,11.2,300,1017.6,931.9,0.0,
ULLUM_EMBALSE,2026-07-05,1783261200,2026-07-05 11:20:00,3.3,74,9.9,13.0,293,1017.5,931.8,0.0,
ULLUM_EMBALSE,2026-07-05,1783261500,2026-07-05 11:25:00,3.8,72,6.6,13.0,269,1017.6,931.9,0.0,
ULLUM_EMBALSE,2026-07-05,1783261800,2026-07-05 11:30:00,4.1,71,10.7,14.8,277,1017.6,931.9,0.0,
ULLUM_EMBALSE,2026-07-05,1783262100,2026-07-05 11:35:00,4.2,70,8.3,13.0,290,1017.6,931.9,0.0,
ULLUM_EMBALSE,2026-07-05,1783262400,2026-07-05 11:40:00,4.4,70,8.5,13.0,278,1017.6,931.9,0.0,
ULLUM_EMBALSE,2026-07-05,1783262700,2026-07-05 11:45:00,4.6,69,5.8,11.2,294,1017.6,931.9,0.0,
ULLUM_EMBALSE,2026-07-05,1783263000,2026-07-05 11:50:00,5.1,68,5.7,9.4,302,1017.6,931.9,0.0,
ULLUM_EMBALSE,2026-07-05,1783263300,2026-07-05 11:55:00,5.2,67,4.2,7.2,326,1017.6,931.9,0.0,
ULLUM_EMBALSE,2026-07-05,1783263600,2026-07-05 12:00:00,5.6,66,4.5,7.2,339,1017.7,932.0,0.0,
ULLUM_EMBALSE,2026-07-05,1783263900,2026-07-05 12:05:00,5.9,65,1.9,5.4,336,1017.6,931.9,0.0,
ULLUM_EMBALSE,2026-07-05,1783264200,2026-07-05 12:10:00,5.8,65,1.7,3.6,333,1017.6,931.9,0.0,
ULLUM_EMBALSE,2026-07-05,1783264500,2026-07-05 12:15:00,6.5,63,1.4,3.6,334,1017.6,931.9,0.0,
ULLUM_EMBALSE,2026-07-05,1783264800,2026-07-05 12:20:00,6.9,61,2.4,3.6,334,1017.7,932.0,0.0,
ULLUM_EMBALSE,2026-07-05,1783265100,2026-07-05 12:25:00,7.0,60,2.2,3.6,334,1017.6,931.9,0.0,
ULLUM_EMBALSE,2026-07-05,1783265400,2026-07-05 12:30:00,7.1,59,3.7,5.4,334,1017.4,931.7,0.0,
ULLUM_EMBALSE,2026-07-05,1783265700,2026-07-05 12:35:00,6.8,60,1.7,3.6,334,1017.4,931.7,0.0,
ULLUM_EMBALSE,2026-07-05,1783266000,2026-07-05 12:40:00,7.0,60,3.2,5.4,333,1017.3,931.6,0.0,
ULLUM_EMBALSE,2026-07-05,1783266300,2026-07-05 12:45:00,7.0,60,1.8,3.6,333,1017.3,931.6,0.0,
ULLUM_EMBALSE,2026-07-05,1783266600,2026-07-05 12:50:00,7.7,57,2.2,3.6,334,1017.2,931.5,0.0,
ULLUM_EMBALSE,2026-07-05,1783266900,2026-07-05 12:55:00,8.3,56,0.8,1.8,334,1017.2,931.5,0.0,
ULLUM_EMBALSE,2026-07-05,1783267200,2026-07-05 13:00:00,8.7,54,1.4,3.6,334,1017.1,931.4,0.0,
ULLUM_EMBALSE,2026-07-05,1783267500,2026-07-05 13:05:00,9.6,52,1.5,3.6,334,1017.1,931.4,0.0,
ULLUM_EMBALSE,2026-07-05,1783267800,2026-07-05 13:10:00,9.3,52,2.2,3.6,334,1016.9,931.2,0.0,
ULLUM_EMBALSE,2026-07-05,1783268100,2026-07-05 13:15:00,8.6,53,2.2,5.4,333,1016.8,931.1,0.0,
ULLUM_EMBALSE,2026-07-05,1783268400,2026-07-05 13:20:00,8.5,54,2.4,3.6,334,1016.7,931.0,0.0,
ULLUM_EMBALSE,2026-07-05,1783268700,2026-07-05 13:25:00,8.3,54,3.5,5.4,324,1016.7,930.9,0.0,
ULLUM_EMBALSE,2026-07-05,1783269000,2026-07-05 13:30:00,8.3,54,5.5,11.2,279,1016.4,930.7,0.0,
ULLUM_EMBALSE,2026-07-05,1783269300,2026-07-05 13:35:00,8.3,54,4.6,7.2,251,1016.4,930.7,0.0,
ULLUM_EMBALSE,2026-07-05,1783269600,2026-07-05 13:40:00,8.4,53,5.0,7.2,262,1016.3,930.6,0.0,
ULLUM_EMBALSE,2026-07-05,1783269900,2026-07-05 13:45:00,8.4,53,3.4,5.4,254,1016.1,930.5,0.0,
ULLUM_EMBALSE,2026-07-05,1783270200,2026-07-05 13:50:00,8.7,52,4.8,7.2,262,1016.1,930.5,0.0,
ULLUM_EMBALSE,2026-07-05,1783270500,2026-07-05 13:55:00,9.3,51,3.5,7.2,279,1016.0,930.3,0.0,
ULLUM_EMBALSE,2026-07-05,1783270800,2026-07-05 14:00:00,9.5,50,3.5,5.4,278,1015.8,930.0,0.0,
ULLUM_EMBALSE,2026-07-05,1783271100,2026-07-05 14:05:00,9.6,50,4.0,5.4,273,1015.8,930.1,0.0,
ULLUM_EMBALSE,2026-07-05,1783271400,2026-07-05 14:10:00,9.5,50,4.0,7.2,276,1015.6,929.9,0.0,
ULLUM_EMBALSE,2026-07-05,1783271700,2026-07-05 14:15:00,9.6,49,4.0,7.2,270,1015.5,929.8,0.0,
ULLUM_EMBALSE,2026-07-05,1783272000,2026-07-05 14:20:00,9.6,49,5.3,7.2,271,1015.5,929.8,0.0,
ULLUM_EMBALSE,2026-07-05,1783272300,2026-07-05 14:25:00,9.5,48,3.6,7.2,263,1015.4,929.7,0.0,
ULLUM_EMBALSE,2026-07-05,1783272600,2026-07-05 14:30:00,9.7,48,4.3,7.2,252,1015.2,929.5,0.0,
ULLUM_EMBALSE,2026-07-05,1783272900,2026-07-05 14:35:00,9.8,47,4.2,5.4,260,1015.2,929.5,0.0,
ULLUM_EMBALSE,2026-07-05,1783273200,2026-07-05 14:40:00,10.3,46,4.9,7.2,268,1015.2,929.5,0.0,
ULLUM_EMBALSE,2026-07-05,1783273500,2026-07-05 14:45:00,10.3,46,4.4,5.4,266,1015.0,929.3,0.0,
ULLUM_EMBALSE,2026-07-05,1783273800,2026-07-05 14:50:00,10.7,44,2.4,5.4,264,1014.9,929.2,0.0,
ULLUM_EMBALSE,2026-07-05,1783274100,2026-07-05 14:55:00,11.2,43,2.6,7.2,265,1014.8,929.0,0.0,
ULLUM_EMBALSE,2026-07-05,1783274400,2026-07-05 15:00:00,11.3,43,4.0,5.4,276,1014.8,929.1,0.0,
ULLUM_EMBALSE,2026-07-05,1783274700,2026-07-05 15:05:00,11.0,45,3.7,5.4,276,1014.8,929.1,0.0,
ULLUM_EMBALSE,2026-07-05,1783275000,2026-07-05 15:10:00,11.1,43,4.0,7.2,277,1014.8,929.1,0.0,
ULLUM_EMBALSE,2026-07-05,1783275300,2026-07-05 15:15:00,10.8,46,6.6,11.2,303,1014.7,929.0,0.0,
ULLUM_EMBALSE,2026-07-05,1783275600,2026-07-05 15:20:00,10.9,42,2.2,5.4,339,1014.8,929.1,0.0,
ULLUM_EMBALSE,2026-07-05,1783275900,2026-07-05 15:25:00,11.8,39,0.6,1.8,340,1014.7,929.0,0.0,
ULLUM_EMBALSE,2026-07-05,1783276200,2026-07-05 15:30:00,11.9,38,5.9,13.0,42,1014.7,929.0,0.0,
ULLUM_EMBALSE,2026-07-05,1783276500,2026-07-05 15:35:00,12.1,39,2.8,7.2,22,1014.6,928.9,0.0,
ULLUM_EMBALSE,2026-07-05,1783276800,2026-07-05 15:40:00,11.7,42,5.6,7.2,352,1014.6,928.9,0.0,
ULLUM_EMBALSE,2026-07-05,1783277100,2026-07-05 15:45:00,11.2,43,2.5,5.4,336,1014.7,929.0,0.0,
ULLUM_EMBALSE,2026-07-05,1783277400,2026-07-05 15:50:00,12.0,38,2.1,5.4,280,1014.5,928.8,0.0,
ULLUM_EMBALSE,2026-07-05,1783277700,2026-07-05 15:55:00,12.7,36,0.7,1.8,280,1014.6,928.9,0.0,
ULLUM_EMBALSE,2026-07-05,1783278000,2026-07-05 16:00:00,12.8,35,2.2,3.6,279,1014.6,928.9,0.0,
ULLUM_EMBALSE,2026-07-05,1783278300,2026-07-05 16:05:00,13.2,34,2.6,5.4,280,1014.6,928.8,0.0,
ULLUM_EMBALSE,2026-07-05,1783278600,2026-07-05 16:10:00,12.8,34,1.4,3.6,284,1014.4,928.7,0.0,
ULLUM_EMBALSE,2026-07-05,1783278900,2026-07-05 16:15:00,12.4,34,1.9,3.6,75,1014.5,928.8,0.0,
ULLUM_EMBALSE,2026-07-05,1783279200,2026-07-05 16:20:00,12.5,33,1.9,3.6,104,1014.4,928.7,0.0,
ULLUM_EMBALSE,2026-07-05,1783279500,2026-07-05 16:25:00,12.6,33,4.9,9.4,85,1014.4,928.7,0.0,
ULLUM_EMBALSE,2026-07-05,1783279800,2026-07-05 16:30:00,11.8,34,2.2,5.4,116,1014.4,928.7,0.0,
ULLUM_EMBALSE,2026-07-05,1783280100,2026-07-05 16:35:00,12.2,32,2.8,5.4,77,1014.5,928.8,0.0,
ULLUM_EMBALSE,2026-07-05,1783280400,2026-07-05 16:40:00,12.2,33,4.0,7.2,109,1014.5,928.8,0.0,
ULLUM_EMBALSE,2026-07-05,1783280700,2026-07-05 16:45:00,12.1,33,6.8,11.2,69,1014.4,928.7,0.0,
ULLUM_EMBALSE,2026-07-05,1783281000,2026-07-05 16:50:00,11.7,33,7.6,13.0,98,1014.3,928.7,0.0,
ULLUM_EMBALSE,2026-07-05,1783281300,2026-07-05 16:55:00,11.8,33,4.4,7.2,113,1014.3,928.6,0.0,
ULLUM_EMBALSE,2026-07-05,1783281600,2026-07-05 17:00:00,11.9,32,4.6,11.2,109,1014.5,928.8,0.0,
ULLUM_EMBALSE,2026-07-05,1783281900,2026-07-05 17:05:00,11.9,33,3.7,11.2,89,1014.4,928.7,0.0,
ULLUM_EMBALSE,2026-07-05,1783282200,2026-07-05 17:10:00,12.0,33,2.9,7.2,86,1014.4,928.7,0.0,
ULLUM_EMBALSE,2026-07-05,1783282500,2026-07-05 17:15:00,12.0,33,3.5,7.2,141,1014.4,928.7,0.0,
ULLUM_EMBALSE,2026-07-05,1783282800,2026-07-05 17:20:00,12.0,33,4.8,9.4,128,1014.4,928.7,0.0,
ULLUM_EMBALSE,2026-07-05,1783283100,2026-07-05 17:25:00,11.8,34,3.9,9.4,126,1014.4,928.7,0.0,
ULLUM_EMBALSE,2026-07-05,1783283400,2026-07-05 17:30:00,11.8,34,4.0,7.2,141,1014.5,928.8,0.0,
ULLUM_EMBALSE,2026-07-05,1783283700,2026-07-05 17:35:00,11.7,34,5.6,9.4,112,1014.5,928.8,0.0,
ULLUM_EMBALSE,2026-07-05,1783284000,2026-07-05 17:40:00,11.7,34,6.1,11.2,114,1014.6,928.9,0.0,
ULLUM_EMBALSE,2026-07-05,1783284300,2026-07-05 17:45:00,11.6,34,4.1,7.2,145,1014.5,928.8,0.0,
ULLUM_EMBALSE,2026-07-05,1783284600,2026-07-05 17:50:00,11.8,34,2.6,5.4,116,1014.5,928.8,0.0,
ULLUM_EMBALSE,2026-07-05,1783284900,2026-07-05 17:55:00,11.7,34,2.8,5.4,108,1014.5,928.8,0.0,
ULLUM_EMBALSE,2026-07-05,1783285200,2026-07-05 18:00:00,11.7,34,4.1,7.2,110,1014.5,928.8,0.0,
ULLUM_EMBALSE,2026-07-05,1783285500,2026-07-05 18:05:00,11.5,35,4.3,7.2,111,1014.5,928.8,0.0,
ULLUM_EMBALSE,2026-07-05,1783285800,2026-07-05 18:10:00,11.3,34,6.2,11.2,119,1014.5,928.8,0.0,
ULLUM_EMBALSE,2026-07-05,1783286100,2026-07-05 18:15:00,11.2,34,1.0,3.6,144,1014.4,928.7,0.0,
ULLUM_EMBALSE,2026-07-05,1783286400,2026-07-05 18:20:00,11.4,34,0.4,1.8,140,1014.5,928.8,0.0,
ULLUM_EMBALSE,2026-07-05,1783286700,2026-07-05 18:25:00,11.0,34,1.2,5.4,116,1014.5,928.8,0.0,
ULLUM_EMBALSE,2026-07-05,1783287000,2026-07-05 18:30:00,10.7,34,1.6,3.6,113,1014.5,928.8,0.0,
ULLUM_EMBALSE,2026-07-05,1783287300,2026-07-05 18:35:00,10.5,35,1.9,5.4,113,1014.6,928.9,0.0,
ULLUM_EMBALSE,2026-07-05,1783287600,2026-07-05 18:40:00,10.4,35,3.1,7.2,112,1014.6,928.9,0.0,
ULLUM_EMBALSE,2026-07-05,1783287900,2026-07-05 18:45:00,10.3,35,1.4,3.6,112,1014.6,928.9,0.0,
ULLUM_EMBALSE,2026-07-05,1783288200,2026-07-05 18:50:00,10.1,36,1.4,3.6,112,1014.7,929.0,0.0,
ULLUM_EMBALSE,2026-07-05,1783288500,2026-07-05 18:55:00,10.0,36,1.2,1.8,112,1014.7,929.0,0.0,
ULLUM_EMBALSE,2026-07-05,1783288800,2026-07-05 19:00:00,9.9,37,3.2,5.4,113,1014.8,929.1,0.0,
ULLUM_EMBALSE,2026-07-05,1783289100,2026-07-05 19:05:00,9.8,39,3.5,3.6,137,1014.8,929.1,0.0,
ULLUM_EMBALSE,2026-07-05,1783289400,2026-07-05 19:10:00,9.7,39,3.0,3.6,188,1014.8,929.1,0.0,
ULLUM_EMBALSE,2026-07-05,1783289700,2026-07-05 19:15:00,9.7,37,4.7,7.2,174,1014.9,929.2,0.0,
ULLUM_EMBALSE,2026-07-05,1783290000,2026-07-05 19:20:00,9.3,37,3.4,5.4,158,1015.0,929.3,0.0,
ULLUM_EMBALSE,2026-07-05,1783290300,2026-07-05 19:25:00,9.2,38,1.7,3.6,157,1015.1,929.4,0.0,
ULLUM_EMBALSE,2026-07-05,1783290600,2026-07-05 19:30:00,9.2,40,1.4,5.4,141,1015.2,929.5,0.0,
ULLUM_EMBALSE,2026-07-05,1783290900,2026-07-05 19:35:00,9.0,41,0.6,1.8,141,1015.1,929.4,0.0,
ULLUM_EMBALSE,2026-07-05,1783291200,2026-07-05 19:40:00,8.8,42,0.0,0.0,141,1015.3,929.6,0.0,
ULLUM_EMBALSE,2026-07-05,1783291500,2026-07-05 19:45:00,8.5,42,0.0,0.0,141,1015.3,929.6,0.0,
ULLUM_EMBALSE,2026-07-05,1783291800,2026-07-05 19:50:00,8.6,43,0.0,0.0,141,1015.4,929.7,0.0,
ULLUM_EMBALSE,2026-07-05,1783292100,2026-07-05 19:55:00,8.7,43,0.9,3.6,135,1015.4,929.7,0.0,
ULLUM_EMBALSE,2026-07-05,1783292400,2026-07-05 20:00:00,8.6,44,1.4,3.6,135,1015.5,929.8,0.0,
ULLUM_EMBALSE,2026-07-05,1783292700,2026-07-05 20:05:00,8.4,45,1.2,1.8,135,1015.4,929.7,0.0,
ULLUM_EMBALSE,2026-07-05,1783293000,2026-07-05 20:10:00,8.4,45,2.9,5.4,135,1015.5,929.8,0.0,
ULLUM_EMBALSE,2026-07-05,1783293300,2026-07-05 20:15:00,8.5,44,4.3,7.2,169,1015.6,929.8,0.0,
ULLUM_EMBALSE,2026-07-05,1783293600,2026-07-05 20:20:00,8.4,44,2.4,3.6,177,1015.5,929.8,0.0,
ULLUM_EMBALSE,2026-07-05,1783293900,2026-07-05 20:25:00,8.3,44,2.3,3.6,178,1015.7,930.0,0.0,
ULLUM_EMBALSE,2026-07-05,1783294200,2026-07-05 20:30:00,8.5,44,2.0,3.6,176,1015.6,929.9,0.0,
ULLUM_EMBALSE,2026-07-05,1783294500,2026-07-05 20:35:00,8.4,44,2.4,3.6,161,1015.8,930.0,0.0,
ULLUM_EMBALSE,2026-07-05,1783294800,2026-07-05 20:40:00,8.7,44,1.0,3.6,161,1015.8,930.1,0.0,
ULLUM_EMBALSE,2026-07-05,1783295100,2026-07-05 20:45:00,8.3,44,1.5,3.6,161,1015.9,930.2,0.0,
ULLUM_EMBALSE,2026-07-05,1783295400,2026-07-05 20:50:00,8.3,45,1.7,3.6,162,1015.8,930.1,0.0,
ULLUM_EMBALSE,2026-07-05,1783295700,2026-07-05 20:55:00,8.2,45,0.0,0.0,164,1015.7,930.0,0.0,
ULLUM_EMBALSE,2026-07-05,1783296000,2026-07-05 21:00:00,7.8,46,0.0,0.0,164,1015.7,930.0,0.0,
ULLUM_EMBALSE,2026-07-05,1783296300,2026-07-05 21:05:00,7.8,45,3.9,5.4,182,1015.9,930.2,0.0,
ULLUM_EMBALSE,2026-07-05,1783296600,2026-07-05 21:10:00,7.7,46,3.2,5.4,270,1015.8,930.1,0.0,
ULLUM_EMBALSE,2026-07-05,1783296900,2026-07-05 21:15:00,7.4,47,3.8,7.2,357,1015.9,930.2,0.0,
ULLUM_EMBALSE,2026-07-05,1783297200,2026-07-05 21:20:00,6.8,53,5.9,7.2,311,1016.0,930.2,0.0,
ULLUM_EMBALSE,2026-07-05,1783297500,2026-07-05 21:25:00,6.5,51,7.1,11.2,327,1016.0,930.3,0.0,
ULLUM_EMBALSE,2026-07-05,1783297800,2026-07-05 21:30:00,6.5,50,9.7,11.2,332,1016.0,930.3,0.0,
ULLUM_EMBALSE,2026-07-05,1783298100,2026-07-05 21:35:00,6.3,50,8.6,11.2,352,1016.0,930.3,0.0,
ULLUM_EMBALSE,2026-07-05,1783298400,2026-07-05 21:40:00,6.0,50,6.1,9.4,19,1016.0,930.3,0.0,
ULLUM_EMBALSE,2026-07-05,1783298700,2026-07-05 21:45:00,6.1,51,5.1,7.2,25,1016.0,930.3,0.0,
ULLUM_EMBALSE,2026-07-05,1783299000,2026-07-05 21:50:00,6.3,50,5.7,9.4,26,1016.0,930.3,0.0,
ULLUM_EMBALSE,2026-07-05,1783299300,2026-07-05 21:55:00,6.1,54,8.5,14.8,6,1016.0,930.3,0.0,
ULLUM_EMBALSE,2026-07-05,1783299600,2026-07-05 22:00:00,6.0,57,11.2,14.8,355,1016.0,930.3,0.0,
ULLUM_EMBALSE,2026-07-05,1783299900,2026-07-05 22:05:00,6.0,59,13.7,18.4,336,1016.0,930.2,0.0,
ULLUM_EMBALSE,2026-07-05,1783300200,2026-07-05 22:10:00,6.0,60,12.7,18.4,346,1015.9,930.2,0.0,
ULLUM_EMBALSE,2026-07-05,1783300500,2026-07-05 22:15:00,5.8,59,10.8,14.8,345,1016.0,930.3,0.0,
ULLUM_EMBALSE,2026-07-05,1783300800,2026-07-05 22:20:00,5.8,60,9.4,13.0,348,1016.0,930.3,0.0,
ULLUM_EMBALSE,2026-07-05,1783301100,2026-07-05 22:25:00,5.7,59,13.2,16.6,343,1016.1,930.4,0.0,
ULLUM_EMBALSE,2026-07-05,1783301400,2026-07-05 22:30:00,5.9,59,12.8,16.6,333,1016.0,930.4,0.0,
ULLUM_EMBALSE,2026-07-05,1783301700,2026-07-05 22:35:00,5.5,57,12.1,14.8,346,1016.0,930.3,0.0,
ULLUM_EMBALSE,2026-07-05,1783302000,2026-07-05 22:40:00,5.3,56,10.0,14.8,344,1016.2,930.5,0.0,
ULLUM_EMBALSE,2026-07-05,1783302300,2026-07-05 22:45:00,5.5,55,12.6,14.8,334,1016.2,930.6,0.0,
ULLUM_EMBALSE,2026-07-05,1783302600,2026-07-05 22:50:00,5.7,56,14.8,18.4,336,1016.2,930.6,0.0,
ULLUM_EMBALSE,2026-07-05,1783302900,2026-07-05 22:55:00,5.7,56,13.7,16.6,337,1016.3,930.6,0.0,
ULLUM_EMBALSE,2026-07-05,1783303200,2026-07-05 23:00:00,5.7,58,13.0,16.6,334,1016.3,930.6,0.0,
ULLUM_EMBALSE,2026-07-05,1783303500,2026-07-05 23:05:00,5.6,60,14.7,18.4,339,1016.3,930.6,0.0,
ULLUM_EMBALSE,2026-07-05,1783303800,2026-07-05 23:10:00,5.4,61,14.5,16.6,335,1016.4,930.7,0.0,
ULLUM_EMBALSE,2026-07-05,1783304100,2026-07-05 23:15:00,5.4,58,13.5,16.6,340,1016.4,930.7,0.0,
ULLUM_EMBALSE,2026-07-05,1783304400,2026-07-05 23:20:00,5.3,57,13.7,16.6,338,1016.4,930.7,0.0,
ULLUM_EMBALSE,2026-07-05,1783304700,2026-07-05 23:25:00,5.3,57,16.2,18.4,327,1016.5,930.8,0.0,
ULLUM_EMBALSE,2026-07-05,1783305000,2026-07-05 23:30:00,5.1,60,15.0,18.4,344,1016.7,931.0,0.0,
ULLUM_EMBALSE,2026-07-05,1783305300,2026-07-05 23:35:00,4.7,62,15.6,16.6,332,1016.6,930.9,0.0,
ULLUM_EMBALSE,2026-07-05,1783305600,2026-07-05 23:40:00,4.1,65,13.6,16.6,345,1016.6,930.9,0.0,
ULLUM_EMBALSE,2026-07-05,1783305900,2026-07-05 23:45:00,3.8,65,14.1,16.6,339,1016.6,930.9,0.0,
ULLUM_EMBALSE,2026-07-05,1783306200,2026-07-05 23:50:00,4.2,60,12.8,16.6,344,1016.5,930.8,0.0,
ULLUM_EMBALSE,2026-07-05,1783306500,2026-07-05 23:55:00,4.3,57,12.7,14.8,351,1016.7,930.9,0.0,
PUNTA_NEGRA,2026-07-05,1783220400,2026-07-05 00:00:00,3.7,73,0.0,0.0,180,1013.8,921.4,0.0,
PUNTA_NEGRA,2026-07-05,1783220700,2026-07-05 00:05:00,3.7,73,0.1,1.8,100,1013.8,921.4,0.0,
PUNTA_NEGRA,2026-07-05,1783221000,2026-07-05 00:10:00,3.6,73,0.0,0.0,169,1013.9,921.5,0.0,
PUNTA_NEGRA,2026-07-05,1783221300,2026-07-05 00:15:00,3.6,73,0.1,1.8,145,1013.9,921.5,0.0,
PUNTA_NEGRA,2026-07-05,1783221600,2026-07-05 00:20:00,3.6,74,0.0,0.0,184,1014.0,921.6,0.0,
PUNTA_NEGRA,2026-07-05,1783221900,2026-07-05 00:25:00,3.6,74,0.0,0.0,187,1014.0,921.6,0.0,
PUNTA_NEGRA,2026-07-05,1783222200,2026-07-05 00:30:00,3.6,74,0.0,0.0,191,1014.0,921.6,0.0,
PUNTA_NEGRA,2026-07-05,1783222500,2026-07-05 00:35:00,3.6,74,0.0,0.0,196,1013.9,921.5,0.0,
PUNTA_NEGRA,2026-07-05,1783222800,2026-07-05 00:40:00,3.6,75,0.3,1.8,68,1013.9,921.5,0.0,
PUNTA_NEGRA,2026-07-05,1783223100,2026-07-05 00:45:00,3.6,75,0.4,1.8,76,1013.9,921.5,0.0,
PUNTA_NEGRA,2026-07-05,1783223400,2026-07-05 00:50:00,3.6,75,0.0,0.0,195,1013.7,921.3,0.0,
PUNTA_NEGRA,2026-07-05,1783223700,2026-07-05 00:55:00,3.5,75,0.1,1.8,136,1013.8,921.4,0.0,
PUNTA_NEGRA,2026-07-05,1783224000,2026-07-05 01:00:00,3.5,75,0.0,0.0,191,1014.1,921.7,0.0,
PUNTA_NEGRA,2026-07-05,1783224300,2026-07-05 01:05:00,3.5,75,0.0,0.0,186,1014.0,921.6,0.0,
PUNTA_NEGRA,2026-07-05,1783224600,2026-07-05 01:10:00,3.5,75,0.0,0.0,196,1014.0,921.7,0.0,
PUNTA_NEGRA,2026-07-05,1783224900,2026-07-05 01:15:00,3.5,75,0.0,0.0,187,1014.1,921.7,0.0,
PUNTA_NEGRA,2026-07-05,1783225200,2026-07-05 01:20:00,3.5,75,0.0,0.0,188,1014.0,921.6,0.0,
PUNTA_NEGRA,2026-07-05,1783225500,2026-07-05 01:25:00,3.5,75,0.0,0.0,186,1014.1,921.7,0.0,
PUNTA_NEGRA,2026-07-05,1783225800,2026-07-05 01:30:00,3.5,75,0.0,0.0,183,1014.2,921.8,0.0,
PUNTA_NEGRA,2026-07-05,1783226100,2026-07-05 01:35:00,3.5,75,0.0,0.0,193,1014.0,921.6,0.0,
PUNTA_NEGRA,2026-07-05,1783226400,2026-07-05 01:40:00,3.5,75,0.0,0.0,197,1013.9,921.5,0.0,
PUNTA_NEGRA,2026-07-05,1783226700,2026-07-05 01:45:00,3.4,76,0.0,0.0,185,1014.0,921.6,0.0,
PUNTA_NEGRA,2026-07-05,1783227000,2026-07-05 01:50:00,3.4,76,0.0,0.0,190,1013.8,921.4,0.0,
PUNTA_NEGRA,2026-07-05,1783227300,2026-07-05 01:55:00,3.3,76,0.0,0.0,188,1013.8,921.4,0.0,
PUNTA_NEGRA,2026-07-05,1783227600,2026-07-05 02:00:00,3.2,76,0.0,0.0,189,1013.9,921.5,0.0,
PUNTA_NEGRA,2026-07-05,1783227900,2026-07-05 02:05:00,3.2,76,0.0,0.0,194,1013.8,921.4,0.0,
PUNTA_NEGRA,2026-07-05,1783228200,2026-07-05 02:10:00,2.9,76,0.0,0.0,195,1013.9,921.5,0.0,
PUNTA_NEGRA,2026-07-05,1783228500,2026-07-05 02:15:00,2.7,78,0.0,0.0,193,1013.9,921.5,0.0,
PUNTA_NEGRA,2026-07-05,1783228800,2026-07-05 02:20:00,2.5,79,0.0,0.0,189,1013.8,921.4,0.0,
PUNTA_NEGRA,2026-07-05,1783229100,2026-07-05 02:25:00,2.3,80,0.0,0.0,198,1013.8,921.4,0.0,
PUNTA_NEGRA,2026-07-05,1783229400,2026-07-05 02:30:00,2.3,80,0.0,0.0,197,1013.8,921.4,0.0,
PUNTA_NEGRA,2026-07-05,1783229700,2026-07-05 02:35:00,2.2,80,0.4,1.8,226,1013.8,921.4,0.0,
PUNTA_NEGRA,2026-07-05,1783230000,2026-07-05 02:40:00,2.2,81,0.8,1.8,227,1013.8,921.4,0.0,
PUNTA_NEGRA,2026-07-05,1783230300,2026-07-05 02:45:00,2.0,81,0.2,1.8,231,1013.8,921.4,0.0,
PUNTA_NEGRA,2026-07-05,1783230600,2026-07-05 02:50:00,1.9,81,0.0,0.0,216,1013.8,921.4,0.0,
PUNTA_NEGRA,2026-07-05,1783230900,2026-07-05 02:55:00,1.8,81,0.0,0.0,206,1013.7,921.3,0.0,
PUNTA_NEGRA,2026-07-05,1783231200,2026-07-05 03:00:00,1.7,82,0.1,1.8,185,1013.7,921.3,0.0,
PUNTA_NEGRA,2026-07-05,1783231500,2026-07-05 03:05:00,1.5,82,0.0,0.0,199,1013.6,921.2,0.0,
PUNTA_NEGRA,2026-07-05,1783231800,2026-07-05 03:10:00,1.3,82,0.0,0.0,202,1013.6,921.2,0.0,
PUNTA_NEGRA,2026-07-05,1783232100,2026-07-05 03:15:00,1.3,81,0.0,0.0,201,1013.7,921.2,0.0,
PUNTA_NEGRA,2026-07-05,1783232400,2026-07-05 03:20:00,1.2,82,0.0,0.0,190,1013.6,921.1,0.0,
PUNTA_NEGRA,2026-07-05,1783232700,2026-07-05 03:25:00,1.1,82,1.6,3.6,218,1013.5,921.1,0.0,
PUNTA_NEGRA,2026-07-05,1783233000,2026-07-05 03:30:00,1.3,82,0.2,1.8,235,1013.6,921.2,0.0,
PUNTA_NEGRA,2026-07-05,1783233300,2026-07-05 03:35:00,1.2,82,0.2,1.8,186,1013.5,921.1,0.0,
PUNTA_NEGRA,2026-07-05,1783233600,2026-07-05 03:40:00,1.1,82,1.5,3.6,241,1013.6,921.1,0.0,
PUNTA_NEGRA,2026-07-05,1783233900,2026-07-05 03:45:00,1.1,83,0.6,1.8,245,1013.5,921.1,0.0,
PUNTA_NEGRA,2026-07-05,1783234200,2026-07-05 03:50:00,1.0,83,0.1,1.8,133,1013.6,921.2,0.0,
PUNTA_NEGRA,2026-07-05,1783234500,2026-07-05 03:55:00,1.0,83,0.0,0.0,189,1013.4,921.0,0.0,
PUNTA_NEGRA,2026-07-05,1783234800,2026-07-05 04:00:00,1.0,82,0.1,1.8,172,1013.4,921.0,0.0,
PUNTA_NEGRA,2026-07-05,1783235100,2026-07-05 04:05:00,1.1,82,0.4,1.8,174,1013.4,921.0,0.0,
PUNTA_NEGRA,2026-07-05,1783235400,2026-07-05 04:10:00,0.9,82,0.2,1.8,234,1013.4,921.0,0.0,
PUNTA_NEGRA,2026-07-05,1783235700,2026-07-05 04:15:00,0.8,83,0.2,1.8,229,1013.3,920.9,0.0,
PUNTA_NEGRA,2026-07-05,1783236000,2026-07-05 04:20:00,0.8,83,1.4,1.8,237,1013.3,920.9,0.0,
PUNTA_NEGRA,2026-07-05,1783236300,2026-07-05 04:25:00,0.8,83,0.2,1.8,227,1013.3,920.9,0.0,
PUNTA_NEGRA,2026-07-05,1783236600,2026-07-05 04:30:00,0.7,84,0.0,0.0,182,1013.3,920.9,0.0,
PUNTA_NEGRA,2026-07-05,1783236900,2026-07-05 04:35:00,0.4,84,0.1,1.8,216,1013.1,920.7,0.0,
PUNTA_NEGRA,2026-07-05,1783237200,2026-07-05 04:40:00,0.3,84,0.0,0.0,211,1013.2,920.8,0.0,
PUNTA_NEGRA,2026-07-05,1783237500,2026-07-05 04:45:00,0.3,84,0.0,0.0,207,1013.3,920.9,0.0,
PUNTA_NEGRA,2026-07-05,1783237800,2026-07-05 04:50:00,0.3,85,0.0,0.0,213,1013.1,920.7,0.0,
PUNTA_NEGRA,2026-07-05,1783238100,2026-07-05 04:55:00,0.4,85,0.1,1.8,250,1013.1,920.7,0.0,
PUNTA_NEGRA,2026-07-05,1783238400,2026-07-05 05:00:00,0.4,85,0.0,0.0,215,1013.3,920.8,0.0,
PUNTA_NEGRA,2026-07-05,1783238700,2026-07-05 05:05:00,0.3,85,0.0,0.0,211,1013.1,920.7,0.0,
PUNTA_NEGRA,2026-07-05,1783239000,2026-07-05 05:10:00,0.3,85,0.5,1.8,156,1013.3,920.9,0.0,
PUNTA_NEGRA,2026-07-05,1783239300,2026-07-05 05:15:00,0.5,83,1.2,3.6,174,1013.4,921.0,0.0,
PUNTA_NEGRA,2026-07-05,1783239600,2026-07-05 05:20:00,0.3,83,0.0,0.0,188,1013.4,921.0,0.0,
PUNTA_NEGRA,2026-07-05,1783239900,2026-07-05 05:25:00,-0.2,84,0.1,1.8,195,1013.2,920.8,0.0,
PUNTA_NEGRA,2026-07-05,1783240200,2026-07-05 05:30:00,-0.5,86,0.8,1.8,153,1013.2,920.8,0.0,
PUNTA_NEGRA,2026-07-05,1783240500,2026-07-05 05:35:00,-0.4,86,1.4,5.4,138,1013.3,920.9,0.0,
PUNTA_NEGRA,2026-07-05,1783240800,2026-07-05 05:40:00,-0.3,86,0.0,0.0,195,1013.2,920.8,0.0,
PUNTA_NEGRA,2026-07-05,1783241100,2026-07-05 05:45:00,-0.5,86,0.0,0.0,207,1013.3,920.9,0.0,
PUNTA_NEGRA,2026-07-05,1783241400,2026-07-05 05:50:00,-0.6,86,0.0,0.0,216,1013.3,920.9,0.0,
PUNTA_NEGRA,2026-07-05,1783241700,2026-07-05 05:55:00,-0.6,86,0.0,0.0,212,1013.3,920.9,0.0,
PUNTA_NEGRA,2026-07-05,1783242000,2026-07-05 06:00:00,-0.6,86,0.3,1.8,220,1013.4,921.0,0.0,
PUNTA_NEGRA,2026-07-05,1783242300,2026-07-05 06:05:00,-0.6,86,0.0,0.0,208,1013.4,921.0,0.0,
PUNTA_NEGRA,2026-07-05,1783242600,2026-07-05 06:10:00,-0.8,87,0.0,0.0,197,1013.4,921.0,0.0,
PUNTA_NEGRA,2026-07-05,1783242900,2026-07-05 06:15:00,-0.9,87,0.0,0.0,197,1013.5,921.1,0.0,
PUNTA_NEGRA,2026-07-05,1783243200,2026-07-05 06:20:00,-1.0,87,0.0,0.0,208,1013.5,921.0,0.0,
PUNTA_NEGRA,2026-07-05,1783243500,2026-07-05 06:25:00,-0.8,88,0.6,1.8,226,1013.5,921.0,0.0,
PUNTA_NEGRA,2026-07-05,1783243800,2026-07-05 06:30:00,-0.8,87,1.2,3.6,253,1013.5,921.1,0.0,
PUNTA_NEGRA,2026-07-05,1783244100,2026-07-05 06:35:00,-0.5,87,0.4,1.8,245,1013.5,921.0,0.0,
PUNTA_NEGRA,2026-07-05,1783244400,2026-07-05 06:40:00,-0.8,87,0.0,0.0,192,1013.5,921.1,0.0,
PUNTA_NEGRA,2026-07-05,1783244700,2026-07-05 06:45:00,-0.9,88,0.1,1.8,235,1013.6,921.2,0.0,
PUNTA_NEGRA,2026-07-05,1783245000,2026-07-05 06:50:00,-0.8,88,0.1,1.8,216,1013.6,921.2,0.0,
PUNTA_NEGRA,2026-07-05,1783245300,2026-07-05 06:55:00,-0.8,88,0.0,0.0,207,1013.7,921.3,0.0,
PUNTA_NEGRA,2026-07-05,1783245600,2026-07-05 07:00:00,-0.6,88,1.4,1.8,234,1013.7,921.3,0.0,
PUNTA_NEGRA,2026-07-05,1783245900,2026-07-05 07:05:00,-0.4,87,1.1,1.8,263,1013.7,921.2,0.0,
PUNTA_NEGRA,2026-07-05,1783246200,2026-07-05 07:10:00,-0.6,87,0.6,1.8,162,1013.7,921.2,0.0,
PUNTA_NEGRA,2026-07-05,1783246500,2026-07-05 07:15:00,-0.9,87,0.4,1.8,197,1013.7,921.3,0.0,
PUNTA_NEGRA,2026-07-05,1783246800,2026-07-05 07:20:00,-0.7,87,0.8,3.6,239,1013.8,921.4,0.0,
PUNTA_NEGRA,2026-07-05,1783247100,2026-07-05 07:25:00,-0.6,87,0.1,1.8,218,1013.8,921.4,0.0,
PUNTA_NEGRA,2026-07-05,1783247400,2026-07-05 07:30:00,-0.7,87,0.4,1.8,233,1014.0,921.6,0.0,
PUNTA_NEGRA,2026-07-05,1783247700,2026-07-05 07:35:00,-0.5,87,0.4,1.8,201,1014.1,921.7,0.0,
PUNTA_NEGRA,2026-07-05,1783248000,2026-07-05 07:40:00,-0.4,87,0.9,1.8,228,1014.0,921.6,0.0,
PUNTA_NEGRA,2026-07-05,1783248300,2026-07-05 07:45:00,-0.4,87,0.3,1.8,236,1014.1,921.8,0.0,
PUNTA_NEGRA,2026-07-05,1783248600,2026-07-05 07:50:00,-0.4,86,0.3,1.8,231,1014.1,921.7,0.0,
PUNTA_NEGRA,2026-07-05,1783248900,2026-07-05 07:55:00,-0.4,86,1.9,5.4,248,1014.2,921.8,0.0,
PUNTA_NEGRA,2026-07-05,1783249200,2026-07-05 08:00:00,0.3,83,0.1,1.8,162,1014.1,921.8,0.0,
PUNTA_NEGRA,2026-07-05,1783249500,2026-07-05 08:05:00,-0.2,83,0.9,1.8,123,1014.3,921.9,0.0,
PUNTA_NEGRA,2026-07-05,1783249800,2026-07-05 08:10:00,-0.5,84,1.8,5.4,23,1014.4,922.0,0.0,
PUNTA_NEGRA,2026-07-05,1783250100,2026-07-05 08:15:00,0.0,83,0.6,3.6,106,1014.5,922.1,0.0,
PUNTA_NEGRA,2026-07-05,1783250400,2026-07-05 08:20:00,-0.7,84,0.0,0.0,205,1014.7,922.3,0.0,
PUNTA_NEGRA,2026-07-05,1783250700,2026-07-05 08:25:00,-1.0,85,0.5,3.6,196,1014.5,922.2,0.0,
PUNTA_NEGRA,2026-07-05,1783251000,2026-07-05 08:30:00,-1.5,86,0.9,1.8,142,1014.5,922.2,0.0,
PUNTA_NEGRA,2026-07-05,1783251300,2026-07-05 08:35:00,-1.7,87,1.7,3.6,285,1014.7,922.3,0.0,
PUNTA_NEGRA,2026-07-05,1783251600,2026-07-05 08:40:00,-1.3,88,0.1,1.8,254,1014.9,922.5,0.0,
PUNTA_NEGRA,2026-07-05,1783251900,2026-07-05 08:45:00,-1.5,88,0.0,0.0,237,1015.1,922.7,0.0,
PUNTA_NEGRA,2026-07-05,1783252200,2026-07-05 08:50:00,-1.7,88,0.1,1.8,236,1015.1,922.7,0.0,
PUNTA_NEGRA,2026-07-05,1783252500,2026-07-05 08:55:00,-1.5,88,0.4,1.8,236,1015.0,922.6,0.0,
PUNTA_NEGRA,2026-07-05,1783252800,2026-07-05 09:00:00,-1.3,88,0.0,0.0,236,1015.0,922.6,0.0,
PUNTA_NEGRA,2026-07-05,1783253100,2026-07-05 09:05:00,-1.2,87,0.0,0.0,235,1015.0,922.6,0.0,
PUNTA_NEGRA,2026-07-05,1783253400,2026-07-05 09:10:00,-1.1,87,0.0,0.0,235,1015.1,922.7,0.0,
PUNTA_NEGRA,2026-07-05,1783253700,2026-07-05 09:15:00,-0.8,86,0.0,0.0,235,1015.2,922.8,0.0,
PUNTA_NEGRA,2026-07-05,1783254000,2026-07-05 09:20:00,-0.6,86,0.0,0.0,235,1015.2,922.8,0.0,
PUNTA_NEGRA,2026-07-05,1783254300,2026-07-05 09:25:00,-0.4,86,0.0,0.0,229,1015.2,922.8,0.0,
PUNTA_NEGRA,2026-07-05,1783254600,2026-07-05 09:30:00,-0.2,85,0.6,1.8,162,1015.3,922.9,0.0,
PUNTA_NEGRA,2026-07-05,1783254900,2026-07-05 09:35:00,0.0,85,0.3,1.8,241,1015.2,922.8,0.0,
PUNTA_NEGRA,2026-07-05,1783255200,2026-07-05 09:40:00,0.1,84,0.0,0.0,184,1015.3,922.9,0.0,
PUNTA_NEGRA,2026-07-05,1783255500,2026-07-05 09:45:00,0.3,83,0.1,1.8,142,1015.2,922.8,0.0,
PUNTA_NEGRA,2026-07-05,1783255800,2026-07-05 09:50:00,0.8,82,0.0,0.0,169,1015.3,922.9,0.0,
PUNTA_NEGRA,2026-07-05,1783256100,2026-07-05 09:55:00,1.1,80,0.1,1.8,175,1015.4,923.0,0.0,
PUNTA_NEGRA,2026-07-05,1783256400,2026-07-05 10:00:00,1.4,79,0.3,1.8,136,1015.4,923.0,0.0,
PUNTA_NEGRA,2026-07-05,1783256700,2026-07-05 10:05:00,1.7,78,0.4,1.8,201,1015.4,922.9,0.0,
PUNTA_NEGRA,2026-07-05,1783257000,2026-07-05 10:10:00,2.8,75,0.1,1.8,158,1015.4,923.0,0.0,
PUNTA_NEGRA,2026-07-05,1783257300,2026-07-05 10:15:00,3.8,71,0.4,1.8,167,1015.5,923.1,0.0,
PUNTA_NEGRA,2026-07-05,1783257600,2026-07-05 10:20:00,4.1,69,1.0,3.6,210,1015.5,923.1,0.0,
PUNTA_NEGRA,2026-07-05,1783257900,2026-07-05 10:25:00,4.2,69,1.1,3.6,211,1015.7,923.2,0.0,
PUNTA_NEGRA,2026-07-05,1783258200,2026-07-05 10:30:00,4.4,68,0.5,1.8,194,1015.6,923.1,0.0,
PUNTA_NEGRA,2026-07-05,1783258500,2026-07-05 10:35:00,5.0,66,1.2,3.6,228,1015.7,923.2,0.0,
PUNTA_NEGRA,2026-07-05,1783258800,2026-07-05 10:40:00,5.0,65,0.9,3.6,132,1015.7,923.3,0.0,
PUNTA_NEGRA,2026-07-05,1783259100,2026-07-05 10:45:00,5.3,65,0.4,3.6,153,1015.8,923.4,0.0,
PUNTA_NEGRA,2026-07-05,1783259400,2026-07-05 10:50:00,5.0,66,2.4,5.4,151,1015.9,923.5,0.0,
PUNTA_NEGRA,2026-07-05,1783259700,2026-07-05 10:55:00,5.1,65,1.6,3.6,125,1015.9,923.5,0.0,
PUNTA_NEGRA,2026-07-05,1783260000,2026-07-05 11:00:00,5.3,64,1.4,3.6,112,1015.9,923.5,0.0,
PUNTA_NEGRA,2026-07-05,1783260300,2026-07-05 11:05:00,5.5,64,1.3,3.6,84,1015.9,923.5,0.0,
PUNTA_NEGRA,2026-07-05,1783260600,2026-07-05 11:10:00,5.4,64,2.4,5.4,124,1015.9,923.5,0.0,
PUNTA_NEGRA,2026-07-05,1783260900,2026-07-05 11:15:00,5.1,65,2.7,5.4,102,1016.0,923.6,0.0,
PUNTA_NEGRA,2026-07-05,1783261200,2026-07-05 11:20:00,5.3,64,1.4,3.6,127,1016.1,923.8,0.0,
PUNTA_NEGRA,2026-07-05,1783261500,2026-07-05 11:25:00,5.5,63,2.9,5.4,105,1016.1,923.7,0.0,
PUNTA_NEGRA,2026-07-05,1783261800,2026-07-05 11:30:00,5.7,62,1.8,3.6,120,1016.1,923.8,0.0,
PUNTA_NEGRA,2026-07-05,1783262100,2026-07-05 11:35:00,6.2,60,2.1,5.4,129,1016.2,923.8,0.0,
PUNTA_NEGRA,2026-07-05,1783262400,2026-07-05 11:40:00,6.1,60,2.1,3.6,77,1016.1,923.8,0.0,
PUNTA_NEGRA,2026-07-05,1783262700,2026-07-05 11:45:00,6.4,59,1.4,3.6,114,1016.0,923.7,0.0,
PUNTA_NEGRA,2026-07-05,1783263000,2026-07-05 11:50:00,6.4,59,1.8,5.4,146,1016.2,923.8,0.0,
PUNTA_NEGRA,2026-07-05,1783263300,2026-07-05 11:55:00,6.4,58,2.2,3.6,171,1016.2,923.8,0.0,
PUNTA_NEGRA,2026-07-05,1783263600,2026-07-05 12:00:00,6.5,58,1.9,3.6,105,1016.1,923.7,0.0,
PUNTA_NEGRA,2026-07-05,1783263900,2026-07-05 12:05:00,6.9,56,0.4,1.8,190,1016.1,923.7,0.0,
PUNTA_NEGRA,2026-07-05,1783264200,2026-07-05 12:10:00,7.6,55,1.7,5.4,125,1016.1,923.7,0.0,
PUNTA_NEGRA,2026-07-05,1783264500,2026-07-05 12:15:00,7.0,56,1.9,3.6,153,1016.1,923.7,0.0,
PUNTA_NEGRA,2026-07-05,1783264800,2026-07-05 12:20:00,7.0,55,3.1,5.4,109,1016.1,923.7,0.0,
PUNTA_NEGRA,2026-07-05,1783265100,2026-07-05 12:25:00,7.2,55,2.0,5.4,138,1016.2,923.8,0.0,
PUNTA_NEGRA,2026-07-05,1783265400,2026-07-05 12:30:00,7.3,55,1.9,5.4,138,1016.1,923.7,0.0,
PUNTA_NEGRA,2026-07-05,1783265700,2026-07-05 12:35:00,7.3,54,3.3,5.4,84,1016.0,923.6,0.0,
PUNTA_NEGRA,2026-07-05,1783266000,2026-07-05 12:40:00,7.3,54,3.2,5.4,106,1015.9,923.5,0.0,
PUNTA_NEGRA,2026-07-05,1783266300,2026-07-05 12:45:00,7.6,52,1.4,3.6,188,1015.9,923.5,0.0,
PUNTA_NEGRA,2026-07-05,1783266600,2026-07-05 12:50:00,8.5,50,2.3,5.4,129,1015.9,923.5,0.0,
PUNTA_NEGRA,2026-07-05,1783266900,2026-07-05 12:55:00,8.1,51,2.9,7.2,37,1015.9,923.5,0.0,
PUNTA_NEGRA,2026-07-05,1783267200,2026-07-05 13:00:00,8.3,49,2.8,3.6,77,1015.7,923.3,0.0,
PUNTA_NEGRA,2026-07-05,1783267500,2026-07-05 13:05:00,8.6,47,2.9,5.4,69,1015.7,923.2,0.0,
PUNTA_NEGRA,2026-07-05,1783267800,2026-07-05 13:10:00,8.3,48,2.6,7.2,136,1015.5,923.1,0.0,
PUNTA_NEGRA,2026-07-05,1783268100,2026-07-05 13:15:00,8.4,48,3.0,5.4,128,1015.5,923.1,0.0,
PUNTA_NEGRA,2026-07-05,1783268400,2026-07-05 13:20:00,8.8,47,2.1,3.6,109,1015.4,923.0,0.0,
PUNTA_NEGRA,2026-07-05,1783268700,2026-07-05 13:25:00,8.7,47,1.1,3.6,147,1015.3,922.9,0.0,
PUNTA_NEGRA,2026-07-05,1783269000,2026-07-05 13:30:00,9.4,46,1.5,3.6,144,1015.2,922.8,0.0,
PUNTA_NEGRA,2026-07-05,1783269300,2026-07-05 13:35:00,9.2,47,2.2,5.4,149,1015.1,922.7,0.0,
PUNTA_NEGRA,2026-07-05,1783269600,2026-07-05 13:40:00,9.6,45,1.7,5.4,359,1014.9,922.5,0.0,
PUNTA_NEGRA,2026-07-05,1783269900,2026-07-05 13:45:00,9.5,47,1.6,3.6,179,1014.8,922.4,0.0,
PUNTA_NEGRA,2026-07-05,1783270200,2026-07-05 13:50:00,9.3,47,1.8,3.6,147,1014.7,922.3,0.0,
PUNTA_NEGRA,2026-07-05,1783270500,2026-07-05 13:55:00,9.7,46,2.2,5.4,160,1014.6,922.2,0.0,
PUNTA_NEGRA,2026-07-05,1783270800,2026-07-05 14:00:00,9.5,47,2.2,5.4,141,1014.4,922.0,0.0,
PUNTA_NEGRA,2026-07-05,1783271100,2026-07-05 14:05:00,10.0,46,2.8,3.6,127,1014.4,922.0,0.0,
PUNTA_NEGRA,2026-07-05,1783271400,2026-07-05 14:10:00,9.9,46,1.5,3.6,140,1014.3,921.9,0.0,
PUNTA_NEGRA,2026-07-05,1783271700,2026-07-05 14:15:00,9.6,46,2.3,5.4,166,1014.2,921.8,0.0,
PUNTA_NEGRA,2026-07-05,1783272000,2026-07-05 14:20:00,9.8,46,2.2,5.4,173,1013.9,921.5,0.0,
PUNTA_NEGRA,2026-07-05,1783272300,2026-07-05 14:25:00,10.2,45,2.3,5.4,155,1014.0,921.6,0.0,
PUNTA_NEGRA,2026-07-05,1783272600,2026-07-05 14:30:00,10.2,44,2.2,7.2,117,1013.9,921.5,0.0,
PUNTA_NEGRA,2026-07-05,1783272900,2026-07-05 14:35:00,10.4,43,2.4,7.2,137,1013.8,921.4,0.0,
PUNTA_NEGRA,2026-07-05,1783273200,2026-07-05 14:40:00,10.6,43,1.4,3.6,158,1013.7,921.3,0.0,
PUNTA_NEGRA,2026-07-05,1783273500,2026-07-05 14:45:00,10.8,41,3.9,9.4,125,1013.5,921.1,0.0,
PUNTA_NEGRA,2026-07-05,1783273800,2026-07-05 14:50:00,10.8,42,1.9,3.6,113,1013.5,921.1,0.0,
PUNTA_NEGRA,2026-07-05,1783274100,2026-07-05 14:55:00,10.8,41,4.5,11.2,133,1013.5,921.1,0.0,
PUNTA_NEGRA,2026-07-05,1783274400,2026-07-05 15:00:00,10.8,40,3.7,9.4,132,1013.5,921.1,0.0,
PUNTA_NEGRA,2026-07-05,1783274700,2026-07-05 15:05:00,10.7,40,3.5,9.4,104,1013.4,921.0,0.0,
PUNTA_NEGRA,2026-07-05,1783275000,2026-07-05 15:10:00,11.1,39,2.4,3.6,120,1013.4,921.0,0.0,
PUNTA_NEGRA,2026-07-05,1783275300,2026-07-05 15:15:00,11.4,38,1.3,3.6,173,1013.4,921.0,0.0,
PUNTA_NEGRA,2026-07-05,1783275600,2026-07-05 15:20:00,11.4,39,4.1,7.2,86,1013.4,921.0,0.0,
PUNTA_NEGRA,2026-07-05,1783275900,2026-07-05 15:25:00,11.2,38,3.5,5.4,120,1013.4,921.0,0.0,
PUNTA_NEGRA,2026-07-05,1783276200,2026-07-05 15:30:00,11.0,39,4.0,7.2,133,1013.4,921.0,0.0,
PUNTA_NEGRA,2026-07-05,1783276500,2026-07-05 15:35:00,11.2,38,4.0,7.2,130,1013.3,920.9,0.0,
PUNTA_NEGRA,2026-07-05,1783276800,2026-07-05 15:40:00,11.2,39,4.1,7.2,110,1013.3,920.9,0.0,
PUNTA_NEGRA,2026-07-05,1783277100,2026-07-05 15:45:00,11.4,38,3.5,9.4,126,1013.1,920.7,0.0,
PUNTA_NEGRA,2026-07-05,1783277400,2026-07-05 15:50:00,11.6,37,2.9,7.2,131,1013.1,920.7,0.0,
PUNTA_NEGRA,2026-07-05,1783277700,2026-07-05 15:55:00,11.6,37,4.0,7.2,123,1013.2,920.8,0.0,
PUNTA_NEGRA,2026-07-05,1783278000,2026-07-05 16:00:00,11.5,37,4.0,7.2,137,1013.2,920.8,0.0,
PUNTA_NEGRA,2026-07-05,1783278300,2026-07-05 16:05:00,11.5,37,3.5,7.2,140,1013.2,920.8,0.0,
PUNTA_NEGRA,2026-07-05,1783278600,2026-07-05 16:10:00,11.5,37,3.8,7.2,112,1013.0,920.6,0.0,
PUNTA_NEGRA,2026-07-05,1783278900,2026-07-05 16:15:00,11.4,37,4.1,7.2,151,1013.1,920.7,0.0,
PUNTA_NEGRA,2026-07-05,1783279200,2026-07-05 16:20:00,11.5,36,3.7,7.2,134,1013.2,920.8,0.0,
PUNTA_NEGRA,2026-07-05,1783279500,2026-07-05 16:25:00,11.3,37,4.0,9.4,129,1013.1,920.7,0.0,
PUNTA_NEGRA,2026-07-05,1783279800,2026-07-05 16:30:00,11.1,37,2.9,5.4,139,1013.1,920.7,0.0,
PUNTA_NEGRA,2026-07-05,1783280100,2026-07-05 16:35:00,11.2,37,3.5,7.2,151,1013.1,920.7,0.0,
PUNTA_NEGRA,2026-07-05,1783280400,2026-07-05 16:40:00,11.1,37,3.6,9.4,118,1013.1,920.7,0.0,
PUNTA_NEGRA,2026-07-05,1783280700,2026-07-05 16:45:00,11.2,36,2.2,5.4,132,1013.1,920.7,0.0,
PUNTA_NEGRA,2026-07-05,1783281000,2026-07-05 16:50:00,11.0,36,2.6,7.2,147,1013.2,920.8,0.0,
PUNTA_NEGRA,2026-07-05,1783281300,2026-07-05 16:55:00,10.9,36,2.7,7.2,132,1013.2,920.8,0.0,
PUNTA_NEGRA,2026-07-05,1783281600,2026-07-05 17:00:00,10.7,38,0.7,1.8,150,1013.2,920.8,0.0,
PUNTA_NEGRA,2026-07-05,1783281900,2026-07-05 17:05:00,10.6,37,1.9,5.4,117,1013.2,920.8,0.0,
PUNTA_NEGRA,2026-07-05,1783282200,2026-07-05 17:10:00,10.6,37,2.6,3.6,73,1013.2,920.8,0.0,
PUNTA_NEGRA,2026-07-05,1783282500,2026-07-05 17:15:00,10.4,37,1.7,3.6,152,1013.1,920.7,0.0,
PUNTA_NEGRA,2026-07-05,1783282800,2026-07-05 17:20:00,10.3,37,1.3,3.6,135,1013.2,920.8,0.0,
PUNTA_NEGRA,2026-07-05,1783283100,2026-07-05 17:25:00,10.2,37,1.3,1.8,140,1013.3,920.9,0.0,
PUNTA_NEGRA,2026-07-05,1783283400,2026-07-05 17:30:00,10.2,36,0.9,1.8,87,1013.3,920.9,0.0,
PUNTA_NEGRA,2026-07-05,1783283700,2026-07-05 17:35:00,10.0,37,0.4,5.4,144,1013.2,920.8,0.0,
PUNTA_NEGRA,2026-07-05,1783284000,2026-07-05 17:40:00,10.1,36,0.6,1.8,155,1013.3,920.9,0.0,
PUNTA_NEGRA,2026-07-05,1783284300,2026-07-05 17:45:00,9.9,36,0.6,1.8,153,1013.4,921.0,0.0,
PUNTA_NEGRA,2026-07-05,1783284600,2026-07-05 17:50:00,9.7,35,0.7,1.8,136,1013.2,920.8,0.0,
PUNTA_NEGRA,2026-07-05,1783284900,2026-07-05 17:55:00,9.7,36,0.1,1.8,221,1013.3,920.9,0.0,
PUNTA_NEGRA,2026-07-05,1783285200,2026-07-05 18:00:00,9.4,36,0.5,1.8,222,1013.4,921.0,0.0,
PUNTA_NEGRA,2026-07-05,1783285500,2026-07-05 18:05:00,9.3,37,0.9,1.8,232,1013.4,921.0,0.0,
PUNTA_NEGRA,2026-07-05,1783285800,2026-07-05 18:10:00,9.2,38,1.4,1.8,233,1013.4,920.9,0.0,
PUNTA_NEGRA,2026-07-05,1783286100,2026-07-05 18:15:00,9.1,39,0.9,1.8,225,1013.3,920.9,0.0,
PUNTA_NEGRA,2026-07-05,1783286400,2026-07-05 18:20:00,8.9,40,0.0,0.0,213,1013.3,920.9,0.0,
PUNTA_NEGRA,2026-07-05,1783286700,2026-07-05 18:25:00,8.5,41,0.0,0.0,211,1013.2,920.8,0.0,
PUNTA_NEGRA,2026-07-05,1783287000,2026-07-05 18:30:00,8.4,42,0.1,1.8,220,1013.5,921.1,0.0,
PUNTA_NEGRA,2026-07-05,1783287300,2026-07-05 18:35:00,8.2,42,0.1,1.8,227,1013.4,921.0,0.0,
PUNTA_NEGRA,2026-07-05,1783287600,2026-07-05 18:40:00,8.0,42,0.1,1.8,229,1013.4,921.0,0.0,
PUNTA_NEGRA,2026-07-05,1783287900,2026-07-05 18:45:00,7.8,43,0.0,0.0,217,1013.4,921.0,0.0,
PUNTA_NEGRA,2026-07-05,1783288200,2026-07-05 18:50:00,7.7,43,0.0,0.0,216,1013.5,921.1,0.0,
PUNTA_NEGRA,2026-07-05,1783288500,2026-07-05 18:55:00,7.5,44,0.1,1.8,218,1013.6,921.2,0.0,
PUNTA_NEGRA,2026-07-05,1783288800,2026-07-05 19:00:00,7.3,44,0.3,1.8,228,1013.7,921.2,0.0,
PUNTA_NEGRA,2026-07-05,1783289100,2026-07-05 19:05:00,7.4,43,0.6,1.8,236,1013.7,921.3,0.0,
PUNTA_NEGRA,2026-07-05,1783289400,2026-07-05 19:10:00,7.4,43,0.5,1.8,221,1013.7,921.3,0.0,
PUNTA_NEGRA,2026-07-05,1783289700,2026-07-05 19:15:00,7.4,43,0.0,0.0,210,1013.8,921.3,0.0,
PUNTA_NEGRA,2026-07-05,1783290000,2026-07-05 19:20:00,7.2,43,0.1,1.8,240,1013.8,921.3,0.0,
PUNTA_NEGRA,2026-07-05,1783290300,2026-07-05 19:25:00,7.2,43,0.9,1.8,228,1013.8,921.4,0.0,
PUNTA_NEGRA,2026-07-05,1783290600,2026-07-05 19:30:00,7.1,44,0.4,1.8,227,1013.9,921.6,0.0,
PUNTA_NEGRA,2026-07-05,1783290900,2026-07-05 19:35:00,7.0,44,0.1,1.8,224,1014.1,921.7,0.0,
PUNTA_NEGRA,2026-07-05,1783291200,2026-07-05 19:40:00,6.7,45,0.1,1.8,167,1014.1,921.7,0.0,
PUNTA_NEGRA,2026-07-05,1783291500,2026-07-05 19:45:00,6.7,45,0.3,1.8,201,1014.2,921.8,0.0,
PUNTA_NEGRA,2026-07-05,1783291800,2026-07-05 19:50:00,6.5,45,0.4,1.8,221,1014.2,921.8,0.0,
PUNTA_NEGRA,2026-07-05,1783292100,2026-07-05 19:55:00,6.5,45,0.1,1.8,147,1014.3,921.9,0.0,
PUNTA_NEGRA,2026-07-05,1783292400,2026-07-05 20:00:00,6.5,46,0.0,0.0,185,1014.4,922.0,0.0,
PUNTA_NEGRA,2026-07-05,1783292700,2026-07-05 20:05:00,6.2,47,0.6,1.8,230,1014.4,922.0,0.0,
PUNTA_NEGRA,2026-07-05,1783293000,2026-07-05 20:10:00,6.2,47,1.1,1.8,231,1014.4,922.0,0.0,
PUNTA_NEGRA,2026-07-05,1783293300,2026-07-05 20:15:00,6.3,46,0.0,0.0,214,1014.3,922.0,0.0,
PUNTA_NEGRA,2026-07-05,1783293600,2026-07-05 20:20:00,6.3,46,0.0,0.0,216,1014.4,922.0,0.0,
PUNTA_NEGRA,2026-07-05,1783293900,2026-07-05 20:25:00,6.1,47,0.5,1.8,229,1014.6,922.2,0.0,
PUNTA_NEGRA,2026-07-05,1783294200,2026-07-05 20:30:00,6.0,48,1.4,1.8,236,1014.5,922.1,0.0,
PUNTA_NEGRA,2026-07-05,1783294500,2026-07-05 20:35:00,5.9,47,0.1,1.8,163,1014.5,922.1,0.0,
PUNTA_NEGRA,2026-07-05,1783294800,2026-07-05 20:40:00,5.8,48,0.0,0.0,171,1014.6,922.2,0.0,
PUNTA_NEGRA,2026-07-05,1783295100,2026-07-05 20:45:00,5.6,49,0.4,1.8,226,1014.7,922.3,0.0,
PUNTA_NEGRA,2026-07-05,1783295400,2026-07-05 20:50:00,5.4,50,1.2,1.8,81,1014.6,922.2,0.0,
PUNTA_NEGRA,2026-07-05,1783295700,2026-07-05 20:55:00,5.2,51,0.7,1.8,246,1014.7,922.3,0.0,
PUNTA_NEGRA,2026-07-05,1783296000,2026-07-05 21:00:00,5.2,52,1.5,1.8,241,1014.8,922.4,0.0,
PUNTA_NEGRA,2026-07-05,1783296300,2026-07-05 21:05:00,5.3,50,0.4,1.8,234,1014.8,922.4,0.0,
PUNTA_NEGRA,2026-07-05,1783296600,2026-07-05 21:10:00,5.4,49,0.7,1.8,227,1014.8,922.4,0.0,
PUNTA_NEGRA,2026-07-05,1783296900,2026-07-05 21:15:00,5.4,49,0.2,1.8,228,1015.0,922.5,0.0,
PUNTA_NEGRA,2026-07-05,1783297200,2026-07-05 21:20:00,5.4,49,0.0,0.0,210,1014.8,922.4,0.0,
PUNTA_NEGRA,2026-07-05,1783297500,2026-07-05 21:25:00,5.1,51,0.0,0.0,208,1015.0,922.5,0.0,
PUNTA_NEGRA,2026-07-05,1783297800,2026-07-05 21:30:00,5.1,51,0.0,0.0,195,1014.9,922.5,0.0,
PUNTA_NEGRA,2026-07-05,1783298100,2026-07-05 21:35:00,5.1,51,0.4,1.8,180,1014.9,922.5,0.0,
PUNTA_NEGRA,2026-07-05,1783298400,2026-07-05 21:40:00,5.3,51,1.1,3.6,246,1014.8,922.4,0.0,
PUNTA_NEGRA,2026-07-05,1783298700,2026-07-05 21:45:00,5.9,50,5.4,9.4,266,1014.8,922.4,0.0,
PUNTA_NEGRA,2026-07-05,1783299000,2026-07-05 21:50:00,7.2,46,4.8,7.2,266,1014.8,922.4,0.0,
PUNTA_NEGRA,2026-07-05,1783299300,2026-07-05 21:55:00,7.4,44,6.1,11.2,275,1014.7,922.3,0.0,
PUNTA_NEGRA,2026-07-05,1783299600,2026-07-05 22:00:00,7.4,43,4.9,7.2,260,1014.8,922.4,0.0,
PUNTA_NEGRA,2026-07-05,1783299900,2026-07-05 22:05:00,7.3,43,5.8,11.2,267,1014.7,922.3,0.0,
PUNTA_NEGRA,2026-07-05,1783300200,2026-07-05 22:10:00,7.3,44,2.4,7.2,262,1014.8,922.4,0.0,
PUNTA_NEGRA,2026-07-05,1783300500,2026-07-05 22:15:00,7.0,44,1.4,3.6,221,1014.8,922.4,0.0,
PUNTA_NEGRA,2026-07-05,1783300800,2026-07-05 22:20:00,6.7,45,1.2,1.8,229,1014.8,922.4,0.0,
PUNTA_NEGRA,2026-07-05,1783301100,2026-07-05 22:25:00,6.8,47,1.7,3.6,236,1014.8,922.4,0.0,
PUNTA_NEGRA,2026-07-05,1783301400,2026-07-05 22:30:00,6.3,48,0.8,3.6,226,1014.9,922.5,0.0,
PUNTA_NEGRA,2026-07-05,1783301700,2026-07-05 22:35:00,6.2,48,3.4,9.4,258,1014.9,922.5,0.0,
PUNTA_NEGRA,2026-07-05,1783302000,2026-07-05 22:40:00,6.4,49,0.6,1.8,134,1015.0,922.5,0.0,
PUNTA_NEGRA,2026-07-05,1783302300,2026-07-05 22:45:00,6.1,49,1.1,3.6,198,1015.1,922.7,0.0,
PUNTA_NEGRA,2026-07-05,1783302600,2026-07-05 22:50:00,6.4,49,1.8,5.4,216,1015.1,922.6,0.0,
PUNTA_NEGRA,2026-07-05,1783302900,2026-07-05 22:55:00,6.1,50,1.2,5.4,228,1015.1,922.7,0.0,
PUNTA_NEGRA,2026-07-05,1783303200,2026-07-05 23:00:00,5.9,51,0.3,1.8,199,1015.2,922.8,0.0,
PUNTA_NEGRA,2026-07-05,1783303500,2026-07-05 23:05:00,5.4,53,1.4,5.4,174,1015.1,922.7,0.0,
PUNTA_NEGRA,2026-07-05,1783303800,2026-07-05 23:10:00,5.8,52,2.4,3.6,243,1015.2,922.8,0.0,
PUNTA_NEGRA,2026-07-05,1783304100,2026-07-05 23:15:00,6.6,50,2.5,5.4,261,1015.3,922.9,0.0,
PUNTA_NEGRA,2026-07-05,1783304400,2026-07-05 23:20:00,6.7,50,4.2,7.2,272,1015.3,922.9,0.0,
PUNTA_NEGRA,2026-07-05,1783304700,2026-07-05 23:25:00,6.7,50,6.7,9.4,266,1015.3,922.9,0.0,
PUNTA_NEGRA,2026-07-05,1783305000,2026-07-05 23:30:00,6.5,48,8.4,13.0,278,1015.3,922.9,0.0,
PUNTA_NEGRA,2026-07-05,1783305300,2026-07-05 23:35:00,6.6,47,8.1,13.0,258,1015.3,922.9,0.0,
PUNTA_NEGRA,2026-07-05,1783305600,2026-07-05 23:40:00,6.6,47,8.6,14.8,269,1015.4,923.0,0.0,
PUNTA_NEGRA,2026-07-05,1783305900,2026-07-05 23:45:00,6.6,47,8.4,14.8,274,1015.4,923.0,0.0,
PUNTA_NEGRA,2026-07-05,1783306200,2026-07-05 23:50:00,6.6,48,5.8,7.2,261,1015.5,923.1,0.0,
PUNTA_NEGRA,2026-07-05,1783306500,2026-07-05 23:55:00,6.5,50,5.1,7.2,266,1015.4,923.0,0.0,
ECOHUMUS,2026-07-05,1783220400,2026-07-05 00:00:00,3.5,83,2.1,3.6,202,954.9,954.9,0.0,
ECOHUMUS,2026-07-05,1783220700,2026-07-05 00:05:00,3.5,83,1.4,3.6,201,954.8,954.8,0.0,
ECOHUMUS,2026-07-05,1783221000,2026-07-05 00:10:00,3.5,84,1.1,3.6,201,954.9,954.9,0.0,
ECOHUMUS,2026-07-05,1783221300,2026-07-05 00:15:00,3.5,84,0.2,1.8,201,954.8,954.8,0.0,
ECOHUMUS,2026-07-05,1783221600,2026-07-05 00:20:00,3.3,84,0.1,1.8,192,954.8,954.8,0.0,
ECOHUMUS,2026-07-05,1783221900,2026-07-05 00:25:00,3.2,84,0.0,1.8,192,954.9,954.9,0.0,
ECOHUMUS,2026-07-05,1783222200,2026-07-05 00:30:00,3.1,84,0.0,0.0,192,954.9,954.9,0.0,
ECOHUMUS,2026-07-05,1783222500,2026-07-05 00:35:00,3.1,85,0.0,0.0,192,954.9,954.9,0.0,
ECOHUMUS,2026-07-05,1783222800,2026-07-05 00:40:00,3.0,85,0.0,0.0,192,954.9,954.9,0.0,
ECOHUMUS,2026-07-05,1783223100,2026-07-05 00:45:00,3.0,85,0.0,0.0,192,954.8,954.8,0.0,
ECOHUMUS,2026-07-05,1783223400,2026-07-05 00:50:00,2.9,85,0.0,0.0,192,955.0,955.0,0.0,
ECOHUMUS,2026-07-05,1783223700,2026-07-05 00:55:00,3.1,86,0.4,1.8,192,954.8,954.8,0.0,
ECOHUMUS,2026-07-05,1783224000,2026-07-05 01:00:00,3.3,85,0.9,3.6,199,954.8,954.8,0.0,
ECOHUMUS,2026-07-05,1783224300,2026-07-05 01:05:00,3.2,85,0.3,1.8,213,954.8,954.8,0.0,
ECOHUMUS,2026-07-05,1783224600,2026-07-05 01:10:00,3.0,85,0.0,0.0,169,954.8,954.8,0.0,
ECOHUMUS,2026-07-05,1783224900,2026-07-05 01:15:00,2.9,85,0.0,0.0,203,954.8,954.8,0.0,
ECOHUMUS,2026-07-05,1783225200,2026-07-05 01:20:00,2.7,85,0.0,0.0,203,954.9,954.9,0.0,
ECOHUMUS,2026-07-05,1783225500,2026-07-05 01:25:00,2.7,85,0.5,1.8,186,954.8,954.8,0.0,
ECOHUMUS,2026-07-05,1783225800,2026-07-05 01:30:00,2.5,86,0.0,1.8,213,954.9,954.9,0.0,
ECOHUMUS,2026-07-05,1783226100,2026-07-05 01:35:00,2.5,87,0.1,1.8,213,954.8,954.8,0.0,
ECOHUMUS,2026-07-05,1783226400,2026-07-05 01:40:00,2.1,87,0.4,1.8,213,954.9,954.9,0.0,
ECOHUMUS,2026-07-05,1783226700,2026-07-05 01:45:00,1.9,87,0.0,0.0,213,954.8,954.8,0.0,
ECOHUMUS,2026-07-05,1783227000,2026-07-05 01:50:00,1.4,87,0.0,0.0,213,954.9,954.9,0.0,
ECOHUMUS,2026-07-05,1783227300,2026-07-05 01:55:00,0.9,88,0.0,0.0,213,954.8,954.8,0.0,
ECOHUMUS,2026-07-05,1783227600,2026-07-05 02:00:00,0.6,88,0.0,0.0,213,954.9,954.9,0.0,
ECOHUMUS,2026-07-05,1783227900,2026-07-05 02:05:00,0.3,88,0.0,0.0,207,954.7,954.7,0.0,
ECOHUMUS,2026-07-05,1783228200,2026-07-05 02:10:00,0.4,89,0.1,1.8,187,954.8,954.8,0.0,
ECOHUMUS,2026-07-05,1783228500,2026-07-05 02:15:00,0.1,89,0.0,0.0,213,954.8,954.8,0.0,
ECOHUMUS,2026-07-05,1783228800,2026-07-05 02:20:00,-0.1,89,0.0,0.0,213,954.8,954.8,0.0,
ECOHUMUS,2026-07-05,1783229100,2026-07-05 02:25:00,-0.6,89,0.2,1.8,213,954.9,954.9,0.0,
ECOHUMUS,2026-07-05,1783229400,2026-07-05 02:30:00,-0.7,90,0.5,1.8,213,954.6,954.6,0.0,
ECOHUMUS,2026-07-05,1783229700,2026-07-05 02:35:00,-0.8,90,0.6,1.8,213,954.7,954.7,0.0,
ECOHUMUS,2026-07-05,1783230000,2026-07-05 02:40:00,-1.2,90,0.0,0.0,159,954.7,954.7,0.0,
ECOHUMUS,2026-07-05,1783230300,2026-07-05 02:45:00,-1.2,90,0.3,1.8,159,954.6,954.6,0.0,
ECOHUMUS,2026-07-05,1783230600,2026-07-05 02:50:00,-1.6,91,0.4,1.8,159,954.5,954.5,0.0,
ECOHUMUS,2026-07-05,1783230900,2026-07-05 02:55:00,-1.3,91,1.2,3.6,159,954.4,954.4,0.0,
ECOHUMUS,2026-07-05,1783231200,2026-07-05 03:00:00,-1.4,91,0.0,0.0,180,954.6,954.6,0.0,
ECOHUMUS,2026-07-05,1783231500,2026-07-05 03:05:00,-1.7,91,0.0,0.0,185,954.7,954.7,0.0,
ECOHUMUS,2026-07-05,1783231800,2026-07-05 03:10:00,-1.7,92,1.0,3.6,148,954.6,954.6,0.0,
ECOHUMUS,2026-07-05,1783232100,2026-07-05 03:15:00,-2.1,92,0.2,3.6,130,954.6,954.6,0.0,
ECOHUMUS,2026-07-05,1783232400,2026-07-05 03:20:00,-1.9,92,0.0,1.8,172,954.5,954.5,0.0,
ECOHUMUS,2026-07-05,1783232700,2026-07-05 03:25:00,-1.7,92,0.9,3.6,224,954.4,954.4,0.0,
ECOHUMUS,2026-07-05,1783233000,2026-07-05 03:30:00,-1.9,92,0.0,0.0,209,954.3,954.3,0.0,
ECOHUMUS,2026-07-05,1783233300,2026-07-05 03:35:00,-2.0,92,0.0,0.0,209,954.3,954.3,0.0,
ECOHUMUS,2026-07-05,1783233600,2026-07-05 03:40:00,-2.3,92,0.0,0.0,209,954.3,954.3,0.0,
ECOHUMUS,2026-07-05,1783233900,2026-07-05 03:45:00,-2.5,92,1.8,1.8,211,954.3,954.3,0.0,
ECOHUMUS,2026-07-05,1783234200,2026-07-05 03:50:00,-2.1,93,0.6,3.6,214,954.2,954.2,0.0,
ECOHUMUS,2026-07-05,1783234500,2026-07-05 03:55:00,-2.5,93,0.4,1.8,195,954.3,954.3,0.0,
ECOHUMUS,2026-07-05,1783234800,2026-07-05 04:00:00,-2.3,93,0.2,1.8,192,954.2,954.2,0.0,
ECOHUMUS,2026-07-05,1783235100,2026-07-05 04:05:00,-2.6,93,0.3,1.8,192,954.1,954.1,0.0,
ECOHUMUS,2026-07-05,1783235400,2026-07-05 04:10:00,-2.6,93,0.0,0.0,192,954.0,954.0,0.0,
ECOHUMUS,2026-07-05,1783235700,2026-07-05 04:15:00,-2.7,93,0.9,3.6,206,954.0,954.0,0.0,
ECOHUMUS,2026-07-05,1783236000,2026-07-05 04:20:00,-2.8,93,0.5,3.6,220,954.0,954.0,0.0,
ECOHUMUS,2026-07-05,1783236300,2026-07-05 04:25:00,-2.7,93,0.4,1.8,217,954.0,954.0,0.0,
ECOHUMUS,2026-07-05,1783236600,2026-07-05 04:30:00,-2.7,93,0.7,1.8,217,954.1,954.1,0.0,
ECOHUMUS,2026-07-05,1783236900,2026-07-05 04:35:00,-2.3,94,1.2,1.8,217,954.1,954.1,0.0,
ECOHUMUS,2026-07-05,1783237200,2026-07-05 04:40:00,-2.4,94,0.1,1.8,217,954.1,954.1,0.0,
ECOHUMUS,2026-07-05,1783237500,2026-07-05 04:45:00,-3.0,94,0.7,1.8,229,954.2,954.2,0.0,
ECOHUMUS,2026-07-05,1783237800,2026-07-05 04:50:00,-3.2,94,0.1,1.8,223,954.1,954.1,0.0,
ECOHUMUS,2026-07-05,1783238100,2026-07-05 04:55:00,-3.1,94,1.2,3.6,236,954.1,954.1,0.0,
ECOHUMUS,2026-07-05,1783238400,2026-07-05 05:00:00,-3.2,94,0.9,3.6,259,954.1,954.1,0.0,
ECOHUMUS,2026-07-05,1783238700,2026-07-05 05:05:00,-2.9,94,0.5,3.6,247,954.2,954.2,0.0,
ECOHUMUS,2026-07-05,1783239000,2026-07-05 05:10:00,-2.4,94,2.0,5.4,286,954.1,954.1,0.0,
ECOHUMUS,2026-07-05,1783239300,2026-07-05 05:15:00,-1.8,94,1.1,3.6,295,954.1,954.1,0.0,
ECOHUMUS,2026-07-05,1783239600,2026-07-05 05:20:00,-1.8,94,0.1,3.6,306,954.1,954.1,0.0,
ECOHUMUS,2026-07-05,1783239900,2026-07-05 05:25:00,-2.1,94,0.2,1.8,243,954.1,954.1,0.0,
ECOHUMUS,2026-07-05,1783240200,2026-07-05 05:30:00,-2.0,94,0.9,3.6,252,954.1,954.1,0.0,
ECOHUMUS,2026-07-05,1783240500,2026-07-05 05:35:00,-1.3,94,1.8,3.6,341,954.2,954.2,0.0,
ECOHUMUS,2026-07-05,1783240800,2026-07-05 05:40:00,-1.6,94,3.8,5.4,351,954.1,954.1,0.0,
ECOHUMUS,2026-07-05,1783241100,2026-07-05 05:45:00,-1.5,94,3.2,5.4,343,954.2,954.2,0.0,
ECOHUMUS,2026-07-05,1783241400,2026-07-05 05:50:00,-1.2,94,3.0,5.4,2,954.2,954.2,0.0,
ECOHUMUS,2026-07-05,1783241700,2026-07-05 05:55:00,-0.9,94,3.0,3.6,348,954.2,954.2,0.0,
ECOHUMUS,2026-07-05,1783242000,2026-07-05 06:00:00,-0.9,94,3.3,5.4,353,954.2,954.2,0.0,
ECOHUMUS,2026-07-05,1783242300,2026-07-05 06:05:00,-0.9,94,1.9,3.6,351,954.3,954.3,0.0,
ECOHUMUS,2026-07-05,1783242600,2026-07-05 06:10:00,-0.9,94,3.2,5.4,5,954.2,954.2,0.0,
ECOHUMUS,2026-07-05,1783242900,2026-07-05 06:15:00,-0.9,94,2.7,5.4,356,954.2,954.2,0.0,
ECOHUMUS,2026-07-05,1783243200,2026-07-05 06:20:00,-0.7,94,2.4,5.4,25,954.2,954.2,0.0,
ECOHUMUS,2026-07-05,1783243500,2026-07-05 06:25:00,-0.8,94,4.2,7.2,6,954.2,954.2,0.0,
ECOHUMUS,2026-07-05,1783243800,2026-07-05 06:30:00,-0.9,94,3.9,7.2,13,954.1,954.1,0.0,
ECOHUMUS,2026-07-05,1783244100,2026-07-05 06:35:00,-1.0,94,1.7,3.6,22,954.2,954.2,0.0,
ECOHUMUS,2026-07-05,1783244400,2026-07-05 06:40:00,-1.1,94,2.9,5.4,5,954.1,954.1,0.0,
ECOHUMUS,2026-07-05,1783244700,2026-07-05 06:45:00,-1.1,94,4.0,7.2,6,954.2,954.2,0.0,
ECOHUMUS,2026-07-05,1783245000,2026-07-05 06:50:00,-1.2,94,3.2,5.4,342,954.1,954.1,0.0,
ECOHUMUS,2026-07-05,1783245300,2026-07-05 06:55:00,-1.2,94,5.0,9.4,9,954.2,954.2,0.0,
ECOHUMUS,2026-07-05,1783245600,2026-07-05 07:00:00,-1.2,94,3.2,9.4,339,954.4,954.4,0.0,
ECOHUMUS,2026-07-05,1783245900,2026-07-05 07:05:00,-1.6,94,1.4,3.6,322,954.4,954.4,0.0,
ECOHUMUS,2026-07-05,1783246200,2026-07-05 07:10:00,-1.9,93,1.1,3.6,321,954.4,954.4,0.0,
ECOHUMUS,2026-07-05,1783246500,2026-07-05 07:15:00,-2.0,93,2.2,3.6,322,954.6,954.6,0.0,
ECOHUMUS,2026-07-05,1783246800,2026-07-05 07:20:00,-2.1,93,2.4,5.4,322,954.6,954.6,0.0,
ECOHUMUS,2026-07-05,1783247100,2026-07-05 07:25:00,-2.4,94,1.6,3.6,331,954.6,954.6,0.0,
ECOHUMUS,2026-07-05,1783247400,2026-07-05 07:30:00,-2.5,94,3.2,5.4,348,954.6,954.6,0.0,
ECOHUMUS,2026-07-05,1783247700,2026-07-05 07:35:00,-2.3,94,5.7,11.2,8,954.8,954.8,0.0,
ECOHUMUS,2026-07-05,1783248000,2026-07-05 07:40:00,-2.3,94,5.7,11.2,1,954.9,954.9,0.0,
ECOHUMUS,2026-07-05,1783248300,2026-07-05 07:45:00,-2.1,94,5.5,9.4,351,955.0,955.0,0.0,
ECOHUMUS,2026-07-05,1783248600,2026-07-05 07:50:00,-1.9,94,4.1,9.4,16,954.9,954.9,0.0,
ECOHUMUS,2026-07-05,1783248900,2026-07-05 07:55:00,-1.9,94,5.0,9.4,358,955.1,955.1,0.0,
ECOHUMUS,2026-07-05,1783249200,2026-07-05 08:00:00,-1.9,94,6.5,11.2,3,955.2,955.2,0.0,
ECOHUMUS,2026-07-05,1783249500,2026-07-05 08:05:00,-1.7,94,6.8,9.4,11,955.1,955.1,0.0,
ECOHUMUS,2026-07-05,1783249800,2026-07-05 08:10:00,-1.6,94,5.6,9.4,1,955.2,955.2,0.0,
ECOHUMUS,2026-07-05,1783250100,2026-07-05 08:15:00,-1.5,93,4.5,9.4,12,955.1,955.1,0.0,
ECOHUMUS,2026-07-05,1783250400,2026-07-05 08:20:00,-1.5,93,5.4,9.4,6,955.3,955.3,0.0,
ECOHUMUS,2026-07-05,1783250700,2026-07-05 08:25:00,-1.3,93,6.7,11.2,8,955.3,955.3,0.0,
ECOHUMUS,2026-07-05,1783251000,2026-07-05 08:30:00,-1.1,93,6.3,9.4,16,955.4,955.4,0.0,
ECOHUMUS,2026-07-05,1783251300,2026-07-05 08:35:00,-1.0,93,4.8,11.2,2,955.4,955.4,0.0,
ECOHUMUS,2026-07-05,1783251600,2026-07-05 08:40:00,-1.0,93,6.2,13.0,356,955.4,955.4,0.0,
ECOHUMUS,2026-07-05,1783251900,2026-07-05 08:45:00,-0.8,93,7.0,13.0,9,955.5,955.5,0.0,
ECOHUMUS,2026-07-05,1783252200,2026-07-05 08:50:00,-0.7,93,6.5,13.0,7,955.5,955.5,0.0,
ECOHUMUS,2026-07-05,1783252500,2026-07-05 08:55:00,-0.5,92,5.7,11.2,6,955.5,955.5,0.0,
ECOHUMUS,2026-07-05,1783252800,2026-07-05 09:00:00,-0.3,92,5.0,11.2,13,955.7,955.7,0.0,
ECOHUMUS,2026-07-05,1783253100,2026-07-05 09:05:00,-0.1,92,5.8,9.4,5,955.7,955.7,0.0,
ECOHUMUS,2026-07-05,1783253400,2026-07-05 09:10:00,0.0,92,6.9,11.2,4,955.6,955.6,0.0,
ECOHUMUS,2026-07-05,1783253700,2026-07-05 09:15:00,0.3,91,6.9,13.0,6,955.6,955.6,0.0,
ECOHUMUS,2026-07-05,1783254000,2026-07-05 09:20:00,0.5,91,5.9,11.2,12,955.7,955.7,0.0,
ECOHUMUS,2026-07-05,1783254300,2026-07-05 09:25:00,0.8,90,6.6,13.0,2,955.6,955.6,0.0,
ECOHUMUS,2026-07-05,1783254600,2026-07-05 09:30:00,1.1,89,6.8,13.0,353,955.7,955.7,0.0,
ECOHUMUS,2026-07-05,1783254900,2026-07-05 09:35:00,1.2,88,8.0,16.6,354,955.8,955.8,0.0,
ECOHUMUS,2026-07-05,1783255200,2026-07-05 09:40:00,1.6,87,7.3,13.0,356,955.8,955.8,0.0,
ECOHUMUS,2026-07-05,1783255500,2026-07-05 09:45:00,2.1,86,7.4,14.8,5,956.0,956.0,0.0,
ECOHUMUS,2026-07-05,1783255800,2026-07-05 09:50:00,2.4,84,7.6,11.2,341,955.9,955.9,0.0,
ECOHUMUS,2026-07-05,1783256100,2026-07-05 09:55:00,2.7,82,7.8,14.8,349,956.1,956.1,0.0,
ECOHUMUS,2026-07-05,1783256400,2026-07-05 10:00:00,2.9,81,7.5,14.8,345,956.2,956.2,0.0,
ECOHUMUS,2026-07-05,1783256700,2026-07-05 10:05:00,2.9,81,8.0,16.6,2,956.2,956.2,0.0,
ECOHUMUS,2026-07-05,1783257000,2026-07-05 10:10:00,3.2,79,9.2,16.6,354,956.3,956.3,0.0,
ECOHUMUS,2026-07-05,1783257300,2026-07-05 10:15:00,3.5,79,7.2,16.6,360,956.3,956.3,0.0,
ECOHUMUS,2026-07-05,1783257600,2026-07-05 10:20:00,3.9,77,9.4,18.4,20,956.3,956.3,0.0,
ECOHUMUS,2026-07-05,1783257900,2026-07-05 10:25:00,4.3,76,9.1,16.6,10,956.3,956.3,0.0,
ECOHUMUS,2026-07-05,1783258200,2026-07-05 10:30:00,4.4,75,11.2,20.2,37,956.3,956.3,0.0,
ECOHUMUS,2026-07-05,1783258500,2026-07-05 10:35:00,4.8,74,10.4,22.0,29,956.5,956.5,0.0,
ECOHUMUS,2026-07-05,1783258800,2026-07-05 10:40:00,5.2,73,11.0,20.2,14,956.7,956.7,0.0,
ECOHUMUS,2026-07-05,1783259100,2026-07-05 10:45:00,5.4,72,10.9,18.4,14,956.6,956.6,0.0,
ECOHUMUS,2026-07-05,1783259400,2026-07-05 10:50:00,5.6,71,11.6,23.8,11,956.7,956.7,0.0,
ECOHUMUS,2026-07-05,1783259700,2026-07-05 10:55:00,5.8,71,12.6,22.0,23,956.7,956.7,0.0,
ECOHUMUS,2026-07-05,1783260000,2026-07-05 11:00:00,5.9,70,10.4,22.0,27,956.8,956.8,0.0,
ECOHUMUS,2026-07-05,1783260300,2026-07-05 11:05:00,6.2,69,10.3,22.0,28,956.9,956.9,0.0,
ECOHUMUS,2026-07-05,1783260600,2026-07-05 11:10:00,6.5,68,9.4,22.0,23,956.9,956.9,0.0,
ECOHUMUS,2026-07-05,1783260900,2026-07-05 11:15:00,6.8,67,10.1,22.0,3,956.8,956.8,0.0,
ECOHUMUS,2026-07-05,1783261200,2026-07-05 11:20:00,6.9,65,10.1,22.0,20,957.0,957.0,0.0,
ECOHUMUS,2026-07-05,1783261500,2026-07-05 11:25:00,7.1,64,11.8,20.2,21,957.1,957.1,0.0,
ECOHUMUS,2026-07-05,1783261800,2026-07-05 11:30:00,7.4,63,10.4,18.4,12,957.1,957.1,0.0,
ECOHUMUS,2026-07-05,1783262100,2026-07-05 11:35:00,7.7,61,10.3,22.0,17,957.1,957.1,0.0,
ECOHUMUS,2026-07-05,1783262400,2026-07-05 11:40:00,7.7,60,12.9,20.2,31,957.0,957.0,0.0,
ECOHUMUS,2026-07-05,1783262700,2026-07-05 11:45:00,8.1,58,12.1,22.0,27,957.0,957.0,0.0,
ECOHUMUS,2026-07-05,1783263000,2026-07-05 11:50:00,8.2,56,13.1,22.0,34,957.1,957.1,0.0,
ECOHUMUS,2026-07-05,1783263300,2026-07-05 11:55:00,8.3,56,9.1,20.2,33,957.1,957.1,0.0,
ECOHUMUS,2026-07-05,1783263600,2026-07-05 12:00:00,8.5,55,12.7,23.8,6,957.1,957.1,0.0,
ECOHUMUS,2026-07-05,1783263900,2026-07-05 12:05:00,8.8,55,11.6,22.0,12,957.2,957.2,0.0,
ECOHUMUS,2026-07-05,1783264200,2026-07-05 12:10:00,8.5,54,13.8,23.8,21,957.1,957.1,0.0,
ECOHUMUS,2026-07-05,1783264500,2026-07-05 12:15:00,8.7,54,12.0,20.2,30,957.1,957.1,0.0,
ECOHUMUS,2026-07-05,1783264800,2026-07-05 12:20:00,9.0,53,9.9,18.4,24,957.2,957.2,0.0,
ECOHUMUS,2026-07-05,1783265100,2026-07-05 12:25:00,9.2,52,9.7,18.4,35,957.1,957.1,0.0,
ECOHUMUS,2026-07-05,1783265400,2026-07-05 12:30:00,8.9,53,10.6,20.2,26,957.0,957.0,0.0,
ECOHUMUS,2026-07-05,1783265700,2026-07-05 12:35:00,9.3,52,10.0,22.0,21,957.0,957.0,0.0,
ECOHUMUS,2026-07-05,1783266000,2026-07-05 12:40:00,9.3,52,11.2,20.2,352,957.0,957.0,0.0,
ECOHUMUS,2026-07-05,1783266300,2026-07-05 12:45:00,9.3,51,12.2,20.2,358,956.8,956.8,0.0,
ECOHUMUS,2026-07-05,1783266600,2026-07-05 12:50:00,9.3,51,9.8,18.4,24,956.7,956.7,0.0,
ECOHUMUS,2026-07-05,1783266900,2026-07-05 12:55:00,9.4,50,9.5,16.6,17,956.7,956.7,0.0,
ECOHUMUS,2026-07-05,1783267200,2026-07-05 13:00:00,9.6,49,8.7,18.4,21,956.5,956.5,0.0,
ECOHUMUS,2026-07-05,1783267500,2026-07-05 13:05:00,10.1,49,8.9,14.8,22,956.5,956.5,0.0,
ECOHUMUS,2026-07-05,1783267800,2026-07-05 13:10:00,10.1,48,10.4,18.4,10,956.4,956.4,0.0,
ECOHUMUS,2026-07-05,1783268100,2026-07-05 13:15:00,9.9,48,10.2,18.4,22,956.4,956.4,0.0,
ECOHUMUS,2026-07-05,1783268400,2026-07-05 13:20:00,9.8,48,9.6,16.6,14,956.2,956.2,0.0,
ECOHUMUS,2026-07-05,1783268700,2026-07-05 13:25:00,10.2,47,8.0,14.8,9,956.1,956.1,0.0,
ECOHUMUS,2026-07-05,1783269000,2026-07-05 13:30:00,10.6,46,9.2,16.6,5,956.1,956.1,0.0,
ECOHUMUS,2026-07-05,1783269300,2026-07-05 13:35:00,10.4,46,9.7,20.2,28,956.0,956.0,0.0,
ECOHUMUS,2026-07-05,1783269600,2026-07-05 13:40:00,10.4,46,8.5,20.2,5,955.9,955.9,0.0,
ECOHUMUS,2026-07-05,1783269900,2026-07-05 13:45:00,10.7,46,7.5,20.2,10,955.6,955.6,0.0,
ECOHUMUS,2026-07-05,1783270200,2026-07-05 13:50:00,11.0,45,9.0,18.4,43,955.5,955.5,0.0,
ECOHUMUS,2026-07-05,1783270500,2026-07-05 13:55:00,10.8,45,9.7,18.4,25,955.5,955.5,0.0,
ECOHUMUS,2026-07-05,1783270800,2026-07-05 14:00:00,10.8,44,10.7,18.4,21,955.3,955.3,0.0,
ECOHUMUS,2026-07-05,1783271100,2026-07-05 14:05:00,11.1,44,7.4,16.6,32,955.1,955.1,0.0,
ECOHUMUS,2026-07-05,1783271400,2026-07-05 14:10:00,11.3,43,7.8,14.8,15,955.1,955.1,0.0,
ECOHUMUS,2026-07-05,1783271700,2026-07-05 14:15:00,11.6,43,9.3,16.6,19,955.1,955.1,0.0,
ECOHUMUS,2026-07-05,1783272000,2026-07-05 14:20:00,11.5,43,8.3,18.4,22,955.1,955.1,0.0,
ECOHUMUS,2026-07-05,1783272300,2026-07-05 14:25:00,11.4,42,11.7,16.6,345,954.9,954.9,0.0,
ECOHUMUS,2026-07-05,1783272600,2026-07-05 14:30:00,11.6,42,8.9,14.8,23,954.8,954.8,0.0,
ECOHUMUS,2026-07-05,1783272900,2026-07-05 14:35:00,11.7,42,8.6,18.4,22,954.7,954.7,0.0,
ECOHUMUS,2026-07-05,1783273200,2026-07-05 14:40:00,11.7,41,6.9,16.6,30,954.7,954.7,0.0,
ECOHUMUS,2026-07-05,1783273500,2026-07-05 14:45:00,11.7,41,10.9,16.6,29,954.7,954.7,0.0,
ECOHUMUS,2026-07-05,1783273800,2026-07-05 14:50:00,11.8,41,9.1,16.6,359,954.5,954.5,0.0,
ECOHUMUS,2026-07-05,1783274100,2026-07-05 14:55:00,11.9,41,8.4,16.6,357,954.5,954.5,0.0,
ECOHUMUS,2026-07-05,1783274400,2026-07-05 15:00:00,12.0,40,7.4,13.0,1,954.4,954.4,0.0,
ECOHUMUS,2026-07-05,1783274700,2026-07-05 15:05:00,12.0,40,8.4,14.8,356,954.4,954.4,0.0,
ECOHUMUS,2026-07-05,1783275000,2026-07-05 15:10:00,12.1,40,7.8,14.8,21,954.3,954.3,0.0,
ECOHUMUS,2026-07-05,1783275300,2026-07-05 15:15:00,11.9,40,8.3,14.8,31,954.3,954.3,0.0,
ECOHUMUS,2026-07-05,1783275600,2026-07-05 15:20:00,12.0,39,7.1,11.2,22,954.3,954.3,0.0,
ECOHUMUS,2026-07-05,1783275900,2026-07-05 15:25:00,12.3,39,6.8,13.0,33,954.3,954.3,0.0,
ECOHUMUS,2026-07-05,1783276200,2026-07-05 15:30:00,12.4,39,8.3,14.8,15,954.3,954.3,0.0,
ECOHUMUS,2026-07-05,1783276500,2026-07-05 15:35:00,12.5,39,7.3,13.0,23,954.2,954.2,0.0,
ECOHUMUS,2026-07-05,1783276800,2026-07-05 15:40:00,12.5,39,7.3,13.0,5,954.3,954.3,0.0,
ECOHUMUS,2026-07-05,1783277100,2026-07-05 15:45:00,12.3,39,9.0,16.6,16,954.2,954.2,0.0,
ECOHUMUS,2026-07-05,1783277400,2026-07-05 15:50:00,12.5,39,5.7,11.2,32,954.1,954.1,0.0,
ECOHUMUS,2026-07-05,1783277700,2026-07-05 15:55:00,12.7,39,7.7,14.8,21,954.2,954.2,0.0,
ECOHUMUS,2026-07-05,1783278000,2026-07-05 16:00:00,12.6,39,8.5,14.8,20,954.2,954.2,0.0,
ECOHUMUS,2026-07-05,1783278300,2026-07-05 16:05:00,12.5,38,7.4,13.0,17,954.2,954.2,0.0,
ECOHUMUS,2026-07-05,1783278600,2026-07-05 16:10:00,12.6,38,7.1,11.2,28,954.2,954.2,0.0,
ECOHUMUS,2026-07-05,1783278900,2026-07-05 16:15:00,12.8,38,6.0,14.8,4,954.1,954.1,0.0,
ECOHUMUS,2026-07-05,1783279200,2026-07-05 16:20:00,12.8,38,9.1,14.8,24,954.0,954.0,0.0,
ECOHUMUS,2026-07-05,1783279500,2026-07-05 16:25:00,12.6,38,6.2,13.0,26,954.0,954.0,0.0,
ECOHUMUS,2026-07-05,1783279800,2026-07-05 16:30:00,12.7,37,7.5,11.2,5,954.0,954.0,0.0,
ECOHUMUS,2026-07-05,1783280100,2026-07-05 16:35:00,12.8,37,9.3,16.6,2,953.9,953.9,0.0,
ECOHUMUS,2026-07-05,1783280400,2026-07-05 16:40:00,12.7,37,8.4,18.4,34,954.0,954.0,0.0,
ECOHUMUS,2026-07-05,1783280700,2026-07-05 16:45:00,12.6,37,6.4,13.0,40,953.9,953.9,0.0,
ECOHUMUS,2026-07-05,1783281000,2026-07-05 16:50:00,12.8,37,6.4,14.8,28,954.0,954.0,0.0,
ECOHUMUS,2026-07-05,1783281300,2026-07-05 16:55:00,12.8,37,7.8,14.8,28,954.0,954.0,0.0,
ECOHUMUS,2026-07-05,1783281600,2026-07-05 17:00:00,12.4,37,7.0,14.8,36,954.1,954.1,0.0,
ECOHUMUS,2026-07-05,1783281900,2026-07-05 17:05:00,12.3,38,7.3,14.8,21,954.0,954.0,0.0,
ECOHUMUS,2026-07-05,1783282200,2026-07-05 17:10:00,12.2,37,6.6,13.0,24,953.9,953.9,0.0,
ECOHUMUS,2026-07-05,1783282500,2026-07-05 17:15:00,12.1,37,7.0,13.0,16,953.9,953.9,0.0,
ECOHUMUS,2026-07-05,1783282800,2026-07-05 17:20:00,12.2,37,6.9,13.0,29,954.0,954.0,0.0,
ECOHUMUS,2026-07-05,1783283100,2026-07-05 17:25:00,12.3,37,5.2,11.2,30,954.0,954.0,0.0,
ECOHUMUS,2026-07-05,1783283400,2026-07-05 17:30:00,12.7,36,6.8,13.0,15,953.9,953.9,0.0,
ECOHUMUS,2026-07-05,1783283700,2026-07-05 17:35:00,12.6,37,5.3,11.2,13,953.9,953.9,0.0,
ECOHUMUS,2026-07-05,1783284000,2026-07-05 17:40:00,12.6,37,6.6,13.0,1,953.9,953.9,0.0,
ECOHUMUS,2026-07-05,1783284300,2026-07-05 17:45:00,12.5,36,5.5,9.4,10,953.8,953.8,0.0,
ECOHUMUS,2026-07-05,1783284600,2026-07-05 17:50:00,12.5,36,3.0,9.4,17,953.8,953.8,0.0,
ECOHUMUS,2026-07-05,1783284900,2026-07-05 17:55:00,12.5,36,4.2,7.2,5,953.8,953.8,0.0,
ECOHUMUS,2026-07-05,1783285200,2026-07-05 18:00:00,12.4,37,3.5,7.2,11,953.7,953.7,0.0,
ECOHUMUS,2026-07-05,1783285500,2026-07-05 18:05:00,12.3,37,4.1,7.2,353,953.8,953.8,0.0,
ECOHUMUS,2026-07-05,1783285800,2026-07-05 18:10:00,12.1,37,4.0,7.2,355,953.7,953.7,0.0,
ECOHUMUS,2026-07-05,1783286100,2026-07-05 18:15:00,12.0,37,2.9,7.2,21,953.9,953.9,0.0,
ECOHUMUS,2026-07-05,1783286400,2026-07-05 18:20:00,11.8,37,2.0,5.4,24,953.8,953.8,0.0,
ECOHUMUS,2026-07-05,1783286700,2026-07-05 18:25:00,11.5,38,1.9,5.4,34,953.9,953.9,0.0,
ECOHUMUS,2026-07-05,1783287000,2026-07-05 18:30:00,11.0,38,2.5,5.4,11,953.9,953.9,0.0,
ECOHUMUS,2026-07-05,1783287300,2026-07-05 18:35:00,10.6,40,2.3,3.6,352,954.0,954.0,0.0,
ECOHUMUS,2026-07-05,1783287600,2026-07-05 18:40:00,10.1,41,2.1,3.6,1,954.0,954.0,0.0,
ECOHUMUS,2026-07-05,1783287900,2026-07-05 18:45:00,9.7,42,2.3,3.6,360,953.9,953.9,0.0,
ECOHUMUS,2026-07-05,1783288200,2026-07-05 18:50:00,9.5,42,1.4,5.4,12,953.9,953.9,0.0,
ECOHUMUS,2026-07-05,1783288500,2026-07-05 18:55:00,9.4,42,0.6,1.8,12,954.1,954.1,0.0,
ECOHUMUS,2026-07-05,1783288800,2026-07-05 19:00:00,9.3,42,0.0,0.0,13,954.2,954.2,0.0,
ECOHUMUS,2026-07-05,1783289100,2026-07-05 19:05:00,9.1,42,0.0,0.0,13,954.1,954.1,0.0,
ECOHUMUS,2026-07-05,1783289400,2026-07-05 19:10:00,8.7,44,0.0,0.0,13,954.2,954.2,0.0,
ECOHUMUS,2026-07-05,1783289700,2026-07-05 19:15:00,8.0,45,0.0,0.0,13,954.3,954.3,0.0,
ECOHUMUS,2026-07-05,1783290000,2026-07-05 19:20:00,7.6,46,0.0,0.0,13,954.3,954.3,0.0,
ECOHUMUS,2026-07-05,1783290300,2026-07-05 19:25:00,7.4,47,0.4,1.8,13,954.3,954.3,0.0,
ECOHUMUS,2026-07-05,1783290600,2026-07-05 19:30:00,7.2,47,1.7,3.6,19,954.3,954.3,0.0,
ECOHUMUS,2026-07-05,1783290900,2026-07-05 19:35:00,7.2,47,1.7,3.6,12,954.5,954.5,0.0,
ECOHUMUS,2026-07-05,1783291200,2026-07-05 19:40:00,7.3,47,1.6,3.6,5,954.5,954.5,0.0,
ECOHUMUS,2026-07-05,1783291500,2026-07-05 19:45:00,7.4,46,1.9,5.4,3,954.7,954.7,0.0,
ECOHUMUS,2026-07-05,1783291800,2026-07-05 19:50:00,7.2,47,0.8,3.6,354,954.7,954.7,0.0,
ECOHUMUS,2026-07-05,1783292100,2026-07-05 19:55:00,6.9,47,0.0,1.8,352,954.7,954.7,0.0,
ECOHUMUS,2026-07-05,1783292400,2026-07-05 20:00:00,6.9,47,0.0,0.0,352,954.6,954.6,0.0,
ECOHUMUS,2026-07-05,1783292700,2026-07-05 20:05:00,7.0,47,0.0,0.0,352,954.7,954.7,0.0,
ECOHUMUS,2026-07-05,1783293000,2026-07-05 20:10:00,6.4,48,0.0,0.0,352,954.7,954.7,0.0,
ECOHUMUS,2026-07-05,1783293300,2026-07-05 20:15:00,5.7,50,0.4,1.8,39,954.7,954.7,0.0,
ECOHUMUS,2026-07-05,1783293600,2026-07-05 20:20:00,4.9,51,0.1,1.8,40,954.9,954.9,0.0,
ECOHUMUS,2026-07-05,1783293900,2026-07-05 20:25:00,4.4,53,0.0,0.0,39,954.9,954.9,0.0,
ECOHUMUS,2026-07-05,1783294200,2026-07-05 20:30:00,3.9,55,0.0,0.0,39,954.9,954.9,0.0,
ECOHUMUS,2026-07-05,1783294500,2026-07-05 20:35:00,3.8,57,0.0,0.0,39,955.0,955.0,0.0,
ECOHUMUS,2026-07-05,1783294800,2026-07-05 20:40:00,3.4,57,1.0,7.2,116,954.9,954.9,0.0,
ECOHUMUS,2026-07-05,1783295100,2026-07-05 20:45:00,3.2,57,0.0,1.8,135,955.0,955.0,0.0,
ECOHUMUS,2026-07-05,1783295400,2026-07-05 20:50:00,3.0,57,0.1,1.8,135,954.9,954.9,0.0,
ECOHUMUS,2026-07-05,1783295700,2026-07-05 20:55:00,3.3,58,0.0,0.0,135,954.8,954.8,0.0,
ECOHUMUS,2026-07-05,1783296000,2026-07-05 21:00:00,3.3,58,0.1,1.8,135,955.0,955.0,0.0,
ECOHUMUS,2026-07-05,1783296300,2026-07-05 21:05:00,3.0,57,0.7,1.8,135,955.0,955.0,0.0,
ECOHUMUS,2026-07-05,1783296600,2026-07-05 21:10:00,3.1,58,1.9,3.6,135,955.0,955.0,0.0,
ECOHUMUS,2026-07-05,1783296900,2026-07-05 21:15:00,3.3,55,1.2,5.4,135,955.0,955.0,0.0,
ECOHUMUS,2026-07-05,1783297200,2026-07-05 21:20:00,2.3,58,0.0,0.0,135,955.0,955.0,0.0,
ECOHUMUS,2026-07-05,1783297500,2026-07-05 21:25:00,1.7,60,0.0,0.0,135,955.1,955.1,0.0,
ECOHUMUS,2026-07-05,1783297800,2026-07-05 21:30:00,0.9,61,0.0,0.0,135,955.1,955.1,0.0,
ECOHUMUS,2026-07-05,1783298100,2026-07-05 21:35:00,0.9,64,0.0,0.0,135,955.1,955.1,0.0,
ECOHUMUS,2026-07-05,1783298400,2026-07-05 21:40:00,0.9,64,0.0,0.0,135,954.9,954.9,0.0,
ECOHUMUS,2026-07-05,1783298700,2026-07-05 21:45:00,0.5,65,0.0,0.0,135,955.0,955.0,0.0,
ECOHUMUS,2026-07-05,1783299000,2026-07-05 21:50:00,0.4,67,0.4,1.8,135,955.0,955.0,0.0,
ECOHUMUS,2026-07-05,1783299300,2026-07-05 21:55:00,0.3,67,0.4,1.8,135,955.0,955.0,0.0,
ECOHUMUS,2026-07-05,1783299600,2026-07-05 22:00:00,0.4,67,0.0,0.0,135,955.1,955.1,0.0,
ECOHUMUS,2026-07-05,1783299900,2026-07-05 22:05:00,0.6,67,0.7,3.6,135,955.1,955.1,0.0,
ECOHUMUS,2026-07-05,1783300200,2026-07-05 22:10:00,0.6,67,0.9,3.6,135,955.2,955.2,0.0,
ECOHUMUS,2026-07-05,1783300500,2026-07-05 22:15:00,0.8,67,0.0,3.6,135,955.2,955.2,0.0,
ECOHUMUS,2026-07-05,1783300800,2026-07-05 22:20:00,0.5,67,0.0,1.8,135,955.2,955.2,0.0,
ECOHUMUS,2026-07-05,1783301100,2026-07-05 22:25:00,0.4,68,0.0,0.0,135,955.2,955.2,0.0,
ECOHUMUS,2026-07-05,1783301400,2026-07-05 22:30:00,0.3,67,0.0,0.0,135,955.3,955.3,0.0,
ECOHUMUS,2026-07-05,1783301700,2026-07-05 22:35:00,0.2,67,0.0,0.0,135,955.2,955.2,0.0,
ECOHUMUS,2026-07-05,1783302000,2026-07-05 22:40:00,0.0,68,0.0,0.0,135,955.3,955.3,0.0,
ECOHUMUS,2026-07-05,1783302300,2026-07-05 22:45:00,-0.4,69,0.0,0.0,135,955.3,955.3,0.0,
ECOHUMUS,2026-07-05,1783302600,2026-07-05 22:50:00,-0.5,69,0.0,0.0,135,955.2,955.2,0.0,
ECOHUMUS,2026-07-05,1783302900,2026-07-05 22:55:00,-0.1,69,1.1,1.8,135,955.2,955.2,0.0,
ECOHUMUS,2026-07-05,1783303200,2026-07-05 23:00:00,0.4,69,0.1,1.8,135,955.2,955.2,0.0,
ECOHUMUS,2026-07-05,1783303500,2026-07-05 23:05:00,0.7,68,0.1,1.8,134,955.2,955.2,0.0,
ECOHUMUS,2026-07-05,1783303800,2026-07-05 23:10:00,1.3,67,0.1,1.8,134,955.2,955.2,0.0,
ECOHUMUS,2026-07-05,1783304100,2026-07-05 23:15:00,1.8,65,0.0,0.0,134,955.3,955.3,0.0,
ECOHUMUS,2026-07-05,1783304400,2026-07-05 23:20:00,1.8,64,0.0,0.0,134,955.4,955.4,0.0,
ECOHUMUS,2026-07-05,1783304700,2026-07-05 23:25:00,1.3,64,0.0,0.0,134,955.3,955.3,0.0,
ECOHUMUS,2026-07-05,1783305000,2026-07-05 23:30:00,0.2,67,0.4,1.8,135,955.4,955.4,0.0,
ECOHUMUS,2026-07-05,1783305300,2026-07-05 23:35:00,0.6,67,2.2,3.6,135,955.3,955.3,0.0,
ECOHUMUS,2026-07-05,1783305600,2026-07-05 23:40:00,0.3,67,2.9,3.6,133,955.3,955.3,0.0,
ECOHUMUS,2026-07-05,1783305900,2026-07-05 23:45:00,0.2,68,2.5,3.6,135,955.4,955.4,0.0,
ECOHUMUS,2026-07-05,1783306200,2026-07-05 23:50:00,0.3,68,1.7,3.6,135,955.4,955.4,0.0,
ECOHUMUS,2026-07-05,1783306500,2026-07-05 23:55:00,0.5,67,2.2,3.6,135,955.4,955.4,0.0,
