INTA_POCITO                                -31.65000   -68.58330   615.00000 2026-07-05 00:00:00     1
     1     1      275.35000       83.00000    94660.00000  -999999.00000        0.00000      164.00000  -999999.00000
  -999999.00000  -999999.00000  -999999.00000  -999999.00000  -999999.00000  -999999.00000  -999999.00000  -999999.00000
ULLUM_EMBALSE                              -31.46670   -68.66670   768.00000 2026-07-05 00:00:00     1
     1     1      277.15000       76.00000    92940.00000  -999999.00000        6.60000      174.00000  -999999.00000
  -999999.00000  -999999.00000  -999999.00000  -999999.00000  -999999.00000  -999999.00000  -999999.00000  -999999.00000
PUNTA_NEGRA                                -31.51920   -68.81780   800.00000 2026-07-05 00:00:00     1
     1     1      276.85000       73.00000    92140.00000  -999999.00000        0.00000      180.00000  -999999.00000
  -999999.00000  -999999.00000  -999999.00000  -999999.00000  -999999.00000  -999999.00000  -999999.00000  -999999.00000
ECOHUMUS                                   -31.65000   -68.30000   600.00000 2026-07-05 00:00:00     1
     1     1      276.65000       83.00000    95490.00000  -999999.00000        2.10000      202.00000  -999999.00000
  -999999.00000  -999999.00000  -999999.00000  -999999.00000  -999999.00000  -999999.00000  -999999.00000  -999999.00000
INTA_POCITO                                -31.65000   -68.58330   615.00000 2026-07-05 00:05:00     1
     1     1      275.15000       84.00000    94660.00000  -999999.00000        0.00000      164.00000  -999999.00000
  -999999.00000  -999999.00000  -999999.00000  -999999.00000  -999999.00000  -999999.00000  -999999.00000  -999999.00000
ULLUM_EMBALSE                              -31.46670   -68.66670   768.00000 2026-07-05 00:05:00     1
     1     1      277.15000       76.00000    92960.00000  -999999.00000        5.30000      180.00000  -999999.00000
  -999999.00000  -999999.00000  -999999.00000  -999999.00000  -999999.00000  -999999.00000  -999999.00000  -999999.00000
PUNTA_NEGRA                                -31.51920   -68.81780   800.00000 2026-07-05 00:05:00     1
     1     1      276.85000       73.00000    92140.00000  -999999.00000        0.10000      100.00000  -999999.00000
  -999999.00000  -999999.00000  -999999.00000  -999999.00000  -999999.00000  -999999.00000  -999999.00000  -999999.00000
ECOHUMUS                                   -31.65000   -68.30000   600.00000 2026-07-05 00:05:00     1
     1     1      276.65000       83.00000    95480.00000  -999999.00000        1.40000      201.00000  -999999.00000
  -999999.00000  -999999.00000  -999999.00000  -999999.00000  -999999.00000  -999999.00000  -999999.00000  -999999.00000
INTA_POCITO                                -31.65000   -68.58330   615.00000 2026-07-05 00:10:00     1
     1     1      274.95000       84.00000    94660.00000  -999999.00000        0.00000      155.00000  -999999.00000
  -999999.00000  -999999.00000  -999999.00000  -999999.00000  -999999.00000  -999999.00000  -999999.00000  -999999.00000
ULLUM_EMBALSE                              -31.46670   -68.66670   768.00000 2026-07-05 00:10:00     1
     1     1      277.15000       76.00000    92970.00000  -999999.00000        5.30000      168.00000  -999999.00000
  -999999.00000  -999999.00000  -999999.00000  -999999.00000  -999999.00000  -999999.00000  -999999.00000  -999999.00000
PUNTA_NEGRA                                -31.51920   -68.81780   800.00000 2026-07-05 00:10:00     1
     1     1      276.75000       73.00000    92150.00000  -999999.00000        0.00000      169.00000  -999999.00000
  -999999.00000  -999999.00000  -999999.00000  -999999.00000  -999999.00000  -999999.00000  -999999.00000  -999999.00000
ECOHUMUS                                   -31.65000   -68.30000   600.00000 2026-07-05 00:10:00     1
     1     1      276.65000       84.00000    95490.00000  -999999.00000        1.10000      201.00000  -999999.00000
  -999999.00000  -999999.00000  -999999.00000  -999999.00000  -999999.00000  -999999.00000  -999999.00000  -999999.00000
INTA_POCITO                                -31.65000   -68.58330   615.00000 2026-07-05 00:15:00     1
     1     1      274.75000       85.00000    94650.00000  -999999.00000        0.00000      156.00000  -999999.00000
  -999999.00000  -999999.00000  -999999.00000  -999999.00000  -999999.00000  -999999.00000  -999999.00000  -999999.00000
ULLUM_EMBALSE                              -31.46670   -68.66670   768.00000 2026-07-05 00:15:00     1
     1     1      277.15000       76.00000    92960.00000  -999999.00000        6.10000      173.00000  -999999.00000
  -999999.00000  -999999.00000  -999999.00000  -999999.00000  -999999.00000  -999999.00000  -999999.00000  -999999.00000
PUNTA_NEGRA                                -31.51920   -68.81780   800.00000 2026-07-05 00:15:00     1
     1     1      276.75000       73.00000    92150.00000  -999999.00000        0.10000      145.00000  -999999.00000
  -999999.00000  -999999.00000  -999999.00000  -999999.00000  -999999.00000  -999999.00000  -999999.00000  -999999.00000
ECOHUMUS                                   -31.65000   -68.30000   600.00000 2026-07-05 00:15:00     1
     1     1      276.65000       84.00000    95480.00000  -999999.00000        0.20000      201.00000  -999999.00000
  -999999.00000  -999999.00000  -999999.00000  -999999.00000  -999999.00000  -999999.00000  -999999.00000  -999999.00000
INTA_POCITO                                -31.65000   -68.58330   615.00000 2026-07-05 00:20:00     1
     1     1      274.75000       85.00000    94670.00000  -999999.00000        0.00000      134.00000  -999999.00000
  -999999.00000  -999999.00000  -999999.00000  -999999.00000  -999999.00000  -999999.00000  -999999.00000  -999999.00000
ULLUM_EMBALSE                              -31.46670   -68.66670   768.00000 2026-07-05 00:20:00     1
     1     1      277.05000       76.00000    92970.00000  -999999.00000        7.70000      166.00000  -999999.00000
  -999999.00000  -999999.00000  -999999.00000  -999999.00000  -999999.00000  -999999.00000  -999999.00000  -999999.00000
PUNTA_NEGRA                                -31.51920   -68.81780   800.00000 2026-07-05 00:20:00     1
     1     1      276.75000       74.00000    92160.00000  -999999.00000        0.00000      184.00000  -999999.00000
  -999999.00000  -999999.00000  -999999.00000  -999999.00000  -999999.00000  -999999.00000  -999999.00000  -999999.00000
ECOHUMUS                                   -31.65000   -68.30000   600.00000 2026-07-05 00:20:00     1
     1     1      276.45000       84.00000    95480.00000  -999999.00000        0.10000      192.00000  -999999.00000
  -999999.00000  -999999.00000  -999999.00000  -999999.00000  -999999.00000  -999999.00000  -999999.00000  -999999.00000
INTA_POCITO                                -31.65000   -68.58330   615.00000 2026-07-05 00:25:00     1
     1     1      274.75000       85.00000    94670.00000  -999999.00000        0.00000      159.00000  -999999.00000
  -999999.00000  -999999.00000  -999999.00000  -999999.00000  -999999.00000  -999999.00000  -999999.00000  -999999.00000
ULLUM_EMBALSE                              -31.46670   -68.66670   768.00000 2026-07-05 00:25:00     1
     1     1      277.05000       76.00000    92960.00000  -999999.00000        8.30000      171.00000  -999999.00000
  -999999.00000  -999999.00000  -999999.00000  -999999.00000  -999999.00000  -999999.00000  -999999.00000  -999999.00000
PUNTA_NEGRA                                -31.51920   -68.81780   800.00000 2026-07-05 00:25:00     1
     1     1      276.75000       74.00000    92160.00000  -999999.00000        0.00000      187.00000  -999999.00000
  -999999.00000  -999999.00000  -999999.00000  -999999.00000  -999999.00000  -999999.00000  -999999.00000  -999999.00000
ECOHUMUS                                   -31.65000   -68.30000   600.00000 2026-07-05 00:25:00     1
     1     1      276.35000       84.00000    95490.00000  -999999.00000        0.00000      192.00000  -999999.00000
  -999999.00000  -999999.00000  -999999.00000  -999999.00000  -999999.00000  -999999.00000  -999999.00000  -999999.00000
INTA_POCITO                                -31.65000   -68.58330   615.00000 2026-07-05 00:30:00     1
     1     1      274.15000       86.00000    94660.00000  -999999.00000        0.00000      169.00000  -999999.00000
  -999999.00000  -999999.00000  -999999.00000  -999999.00000  -999999.00000  -999999.00000  -999999.00000  -999999.00000
ULLUM_EMBALSE                              -31.46670   -68.66670   768.00000 2026-07-05 00:30:00     1
     1     1      277.05000       76.00000    92960.00000  -999999.00000        8.10000      166.00000  -999999.00000
  -999999.00000  -999999.00000  -999999.00000  -999999.00000  -999999.00000  -999999.00000  -999999.00000  -999999.00000
PUNTA_NEGRA                                -31.51920   -68.81780   800.00000 2026-07-05 00:30:00     1
     1     1      276.75000       74.00000    92160.00000  -999999.00000        0.00000      191.00000  -999999.00000
  -999999.00000  -999999.00000  -999999.00000  -999999.00000  -999999.00000  -999999.00000  -999999.00000  -999999.00000
ECOHUMUS                                   -31.65000   -68.30000   600.00000 2026-07-05 00:30:00     1
     1     1      276.25000       84.00000    95490.00000  -999999.00000        0.00000      192.00000  -999999.00000
  -999999.00000  -999999.00000  -999999.00000  -999999.00000  -999999.00000  -999999.00000  -999999.00000  -999999.00000
INTA_POCITO                                -31.65000   -68.58330   615.00000 2026-07-05 00:35:00     1
     1     1      273.75000       86.00000    94670.00000  -999999.00000        0.00000      165.00000  -999999.00000
  -999999.00000  -999999.00000  -999999.00000  -999999.00000  -999999.00000  -999999.00000  -999999.00000  -999999.00000
ULLUM_EMBALSE                              -31.46670   -68.66670   768.00000 2026-07-05 00:35:00     1
     1     1      277.05000       76.00000    92960.00000  -999999.00000        7.00000      170.00000  -999999.00000
  -999999.00000  -999999.00000  -999999.00000  -999999.00000  -999999.00000  -999999.00000  -999999.00000  -999999.00000
PUNTA_NEGRA                                -31.51920   -68.81780   800.00000 2026-07-05 00:35:00     1
     1     1      276.75000       74.00000    92150.00000  -999999.00000        0.00000      196.00000  -999999.00000
  -999999.00000  -999999.00000  -999999.00000  -999999.00000  -999999.00000  -999999.00000  -999999.00000  -999999.00000
ECOHUMUS                                   -31.65000   -68.30000   600.00000 2026-07-05 00:35:00     1
     1     1      276.25000       85.00000    95490.00000  -999999.00000        0.00000      192.00000  -999999.00000
  -999999.00000  -999999.00000  -999999.00000  -999999.00000  -999999.00000  -999999.00000  -999999.00000  -999999.00000
INTA_POCITO                                -31.65000   -68.58330   615.00000 2026-07-05 00:40:00     1
     1     1      273.65000       86.00000    94670.00000  -999999.00000        0.00000      157.00000  -999999.00000
  -999999.00000  -999999.00000  -999999.00000  -999999.00000  -999999.00000  -999999.00000  -999999.00000  -999999.00000
ULLUM_EMBALSE                              -31.46670   -68.66670   768.00000 2026-07-05 00:40:00     1
     1     1      277.05000       76.00000    92950.00000  -999999.00000        7.70000      173.00000  -999999.00000
  -999999.00000  -999999.00000  -999999.00000  -999999.00000  -999999.00000  -999999.00000  -999999.00000  -999999.00000
PUNTA_NEGRA                                -31.51920   -68.81780   800.00000 2026-07-05 00:40:00     1
     1     1      276.75000       75.00000    92150.00000  -999999.00000        0.30000       68.00000  -999999.00000
  -999999.00000  -999999.00000  -999999.00000  -999999.00000  -999999.00000  -999999.00000  -999999.00000  -999999.00000
ECOHUMUS                                   -31.65000   -68.30000   600.00000 2026-07-05 00:40:00     1
     1     1      276.15000       85.00000    95490.00000  -999999.00000        0.00000      192.00000  -999999.00000
  -999999.00000  -999999.00000  -999999.00000  -999999.00000  -999999.00000  -999999.00000  -999999.00000  -999999.00000
INTA_POCITO                                -31.65000   -68.58330   615.00000 2026-07-05 00:45:00     1
     1     1      274.05000       86.00000    94670.00000  -999999.00000        0.00000      132.00000  -999999.00000
  -999999.00000  -999999.00000  -999999.00000  -999999.00000  -999999.00000  -999999.00000  -999999.00000  -999999.00000
ULLUM_EMBALSE                              -31.46670   -68.66670   768.00000 2026-07-05 00:45:00     1
     1     1      277.05000       76.00000    92950.00000  -999999.00000        6.50000      176.00000  -999999.00000
  -999999.00000  -999999.00000  -999999.00000  -999999.00000  -999999.00000  -999999.00000  -999999.00000  -999999.00000
PUNTA_NEGRA                                -31.51920   -68.81780   800.00000 2026-07-05 00:45:00     1
     1     1      276.75000       75.00000    92150.00000  -999999.00000        0.40000       76.00000  -999999.00000
  -999999.00000  -999999.00000  -999999.00000  -999999.00000  -999999.00000  -999999.00000  -999999.00000  -999999.00000
ECOHUMUS                                   -31.65000   -68.30000   600.00000 2026-07-05 00:45:00     1
     1     1      276.15000       85.00000    95480.00000  -999999.00000        0.00000      192.00000  -999999.00000
  -999999.00000  -999999.00000  -999999.00000  -999999.00000  -999999.00000  -999999.00000  -999999.00000  -999999.00000
INTA_POCITO                                -31.65000   -68.58330   615.00000 2026-07-05 00:50:00     1
     1     1      274.45000       87.00000    94670.00000  -999999.00000        0.00000      134.00000  -999999.00000
  -999999.00000  -999999.00000  -999999.00000  -999999.00000  -999999.00000  -999999.00000  -999999.00000  -999999.00000
ULLUM_EMBALSE                              -31.46670   -68.66670   768.00000 2026-07-05 00:50:00     1
     1     1      276.95000       77.00000    92940.00000  -999999.00000        7.40000      174.00000  -999999.00000
  -999999.00000  -999999.00000  -999999.00000  -999999.00000  -999999.00000  -999999.00000  -999999.00000  -999999.00000
PUNTA_NEGRA                                -31.51920   -68.81780   800.00000 2026-07-05 00:50:00     1
     1     1      276.75000       75.00000    92130.00000  -999999.00000        0.00000      195.00000  -999999.00000
  -999999.00000  -999999.00000  -999999.00000  -999999.00000  -999999.00000  -999999.00000  -999999.00000  -999999.00000
ECOHUMUS                                   -31.65000   -68.30000   600.00000 2026-07-05 00:50:00     1
     1     1      276.05000       85.00000    95500.00000  -999999.00000        0.00000      192.00000  -999999.00000
  -999999.00000  -999999.00000  -999999.00000  -999999.00000  -999999.00000  -999999.00000  -999999.00000  -999999.00000
INTA_POCITO                                -31.65000   -68.58330   615.00000 2026-07-05 00:55:00     1
     1     1      274.45000       87.00000    94650.00000  -999999.00000        0.00000      137.00000  -999999.00000
  -999999.00000  -999999.00000  -999999.00000  -999999.00000  -999999.00000  -999999.00000  -999999.00000  -999999.00000
ULLUM_EMBALSE                              -31.46670   -68.66670   768.00000 2026-07-05 00:55:00     1
     1     1      276.95000       77.00000    92950.00000  -999999.00000        5.50000      183.00000  -999999.00000
  -999999.00000  -999999.00000  -999999.00000  -999999.00000  -999999.00000  -999999.00000  -999999.00000  -999999.00000
PUNTA_NEGRA                                -31.51920   -68.81780   800.00000 2026-07-05 00:55:00     1
     1     1      276.65000       75.00000    92140.00000  -999999.00000        0.10000      136.00000  -999999.00000
  -999999.00000  -999999.00000  -999999.00000  -999999.00000  -999999.00000  -999999.00000  -999999.00000  -999999.00000
ECOHUMUS                                   -31.65000   -68.30000   600.00000 2026-07-05 00:55:00     1
     1     1      276.25000       86.00000    95480.00000  -999999.00000        0.40000      192.00000  -999999.00000
  -999999.00000  -999999.00000  -999999.00000  -999999.00000  -999999.00000  -999999.00000  -999999.00000  -999999.00000
INTA_POCITO                                -31.65000   -68.58330   615.00000 2026-07-05 01:00:00     1
     1     1      274.25000       87.00000    94660.00000  -999999.00000        0.00000      137.00000  -999999.00000
  -999999.00000  -999999.00000  -999999.00000  -999999.00000  -999999.00000  -999999.00000  -999999.00000  -999999.00000
ULLUM_EMBALSE                              -31.46670   -68.66670   768.00000 2026-07-05 01:00:00     1
     1     1      276.95000       77.00000    92960.00000  -999999.00000        5.10000      179.00000  -999999.00000
  -999999.00000  -999999.00000  -999999.00000  -999999.00000  -999999.00000  -999999.00000  -999999.00000  -999999.00000
PUNTA_NEGRA                                -31.51920   -68.81780   800.00000 2026-07-05 01:00:00     1
     1     1      276.65000       75.00000    92170.00000  -999999.00000        0.00000      191.00000  -999999.00000
  -999999.00000  -999999.00000  -999999.00000  -999999.00000  -999999.00000  -999999.00000  -999999.00000  -999999.00000
ECOHUMUS                                   -31.65000   -68.30000   600.00000 2026-07-05 01:00:00     1
     1     1      276.45000       85.00000    95480.00000  -999999.00000        0.90000      199.00000  -999999.00000
  -999999.00000  -999999.00000  -999999.00000  -999999.00000  -999999.00000  -999999.00000  -999999.00000  -999999.00000
INTA_POCITO                                -31.65000   -68.58330   615.00000 2026-07-05 01:05:00     1
     1     1      273.95000       87.00000    94660.00000  -999999.00000        0.00000      137.00000  -999999.00000
  -999999.00000  -999999.00000  -999999.00000  -999999.00000  -999999.00000  -999999.00000  -999999.00000  -999999.00000
ULLUM_EMBALSE                              -31.46670   -68.66670   768.00000 2026-07-05 01:05:00     1
     1     1      276.95000       78.00000    92940.00000  -999999.00000        5.80000      182.00000  -999999.00000
  -999999.00000  -999999.00000  -999999.00000  -999999.00000  -999999.00000  -999999.00000  -999999.00000  -999999.00000
PUNTA_NEGRA                                -31.51920   -68.81780   800.00000 2026-07-05 01:05:00     1
     1     1      276.65000       75.00000    92160.00000  -999999.00000        0.00000      186.00000  -999999.00000
  -999999.00000  -999999.00000  -999999.00000  -999999.00000  -999999.00000  -999999.00000  -999999.00000  -999999.00000
ECOHUMUS                                   -31.65000   -68.30000   600.00000 2026-07-05 01:05:00     1
     1     1      276.35000       85.00000    95480.00000  -999999.00000        0.30000      213.00000  -999999.00000
  -999999.00000  -999999.00000  -999999.00000  -999999.00000  -999999.00000  -999999.00000  -999999.00000  -999999.00000
INTA_POCITO                                -31.65000   -68.58330   615.00000 2026-07-05 01:10:00     1
     1     1      273.75000       87.00000    94660.00000  -999999.00000        0.00000      137.00000  -999999.00000
  -999999.00000  -999999.00000  -999999.00000  -999999.00000  -999999.00000  -999999.00000  -999999.00000  -999999.00000
ULLUM_EMBALSE                              -31.46670   -68.66670   768.00000 2026-07-05 01:10:00     1
     1     1      276.95000       78.00000    92960.00000  -999999.00000        4.40000      185.00000  -999999.00000
  -999999.00000  -999999.00000  -999999.00000  -999999.00000  -999999.00000  -999999.00000  -999999.00000  -999999.00000
PUNTA_NEGRA                                -31.51920   -68.81780   800.00000 2026-07-05 01:10:00     1
     1     1      276.65000       75.00000    92170.00000  -999999.00000        0.00000      196.00000  -999999.00000
  -999999.00000  -999999.00000  -999999.00000  -999999.00000  -999999.00000  -999999.00000  -999999.00000  -999999.00000
ECOHUMUS                                   -31.65000   -68.30000   600.00000 2026-07-05 01:10:00     1
     1     1      276.15000       85.00000    95480.00000  -999999.00000        0.00000      169.00000  -999999.00000
  -999999.00000  -999999.00000  -999999.00000  -999999.00000  -999999.00000  -999999.00000  -999999.00000  -999999.00000
INTA_POCITO                                -31.65000   -68.58330   615.00000 2026-07-05 01:15:00     1
     1     1      273.95000       87.00000    94670.00000  -999999.00000        0.00000      137.00000  -999999.00000
  -999999.00000  -999999.00000  -999999.00000  -999999.00000  -999999.00000  -999999.00000  -999999.00000  -999999.00000
ULLUM_EMBALSE                              -31.46670   -68.66670   768.00000 2026-07-05 01:15:00     1
     1     1      276.85000       78.00000    92960.00000  -999999.00000        3.70000      184.00000  -999999.00000
  -999999.00000  -999999.00000  -999999.00000  -999999.00000  -999999.00000  -999999.00000  -999999.00000  -999999.00000
PUNTA_NEGRA                                -31.51920   -68.81780   800.00000 2026-07-05 01:15:00     1
     1     1      276.65000       75.00000    92170.00000  -999999.00000        0.00000      187.00000  -999999.00000
  -999999.00000  -999999.00000  -999999.00000  -999999.00000  -999999.00000  -999999.00000  -999999.00000  -999999.00000
ECOHUMUS                                   -31.65000   -68.30000   600.00000 2026-07-05 01:15:00     1
     1     1      276.05000       85.00000    95480.00000  -999999.00000        0.00000      203.00000  -999999.00000
  -999999.00000  -999999.00000  -999999.00000  -999999.00000  -999999.00000  -999999.00000  -999999.00000  -999999.00000
INTA_POCITO                                -31.65000   -68.58330   615.00000 2026-07-05 01:20:00     1
     1     1      274.35000       87.00000    94660.00000  -999999.00000        0.00000      130.00000  -999999.00000
  -999999.00000  -999999.00000  -999999.00000  -999999.00000  -999999.00000  -999999.00000  -999999.00000  -999999.00000
ULLUM_EMBALSE                              -31.46670   -68.66670   768.00000 2026-07-05 01:20:00     1
     1     1      276.85000       78.00000    92980.00000  -999999.00000        3.40000      184.00000  -999999.00000
  -999999.00000  -999999.00000  -999999.00000  -999999.00000  -999999.00000  -999999.00000  -999999.00000  -999999.00000
PUNTA_NEGRA                                -31.51920   -68.81780   800.00000 2026-07-05 01:20:00     1
     1     1      276.65000       75.00000    92160.00000  -999999.00000        0.00000      188.00000  -999999.00000
  -999999.00000  -999999.00000  -999999.00000  -999999.00000  -999999.00000  -999999.00000  -999999.00000  -999999.00000
ECOHUMUS                                   -31.65000   -68.30000   600.00000 2026-07-05 01:20:00     1
     1     1      275.85000       85.00000    95490.00000  -999999.00000        0.00000      203.00000  -999999.00000
  -999999.00000  -999999.00000  -999999.00000  -999999.00000  -999999.00000  -999999.00000  -999999.00000  -999999.00000
INTA_POCITO                                -31.65000   -68.58330   615.00000 2026-07-05 01:25:00     1
     1     1      273.75000       87.00000    94670.00000  -999999.00000        0.00000      136.00000  -999999.00000
  -999999.00000  -999999.00000  -999999.00000  -999999.00000  -999999.00000  -999999.00000  -999999.00000  -999999.00000
ULLUM_EMBALSE                              -31.46670   -68.66670   768.00000 2026-07-05 01:25:00     1
     1     1      276.85000       79.00000    92970.00000  -999999.00000        4.80000      184.00000  -999999.00000
  -999999.00000  -999999.00000  -999999.00000  -999999.00000  -999999.00000  -999999.00000  -999999.00000  -999999.00000
PUNTA_NEGRA                                -31.51920   -68.81780   800.00000 2026-07-05 01:25:00     1
     1     1      276.65000       75.00000    92170.00000  -999999.00000        0.00000      186.00000  -999999.00000
  -999999.00000  -999999.00000  -999999.00000  -999999.00000  -999999.00000  -999999.00000  -999999.00000  -999999.00000
ECOHUMUS                                   -31.65000   -68.30000   600.00000 2026-07-05 01:25:00     1
     1     1      275.85000       85.00000    95480.00000  -999999.00000        0.50000      186.00000  -999999.00000
  -999999.00000  -999999.00000  -999999.00000  -999999.00000  -999999.00000  -999999.00000  -999999.00000  -999999.00000
INTA_POCITO                                -31.65000   -68.58330   615.00000 2026-07-05 01:30:00     1
     1     1      273.65000       87.00000    94670.00000  -999999.00000        0.00000      137.00000  -999999.00000
  -999999.00000  -999999.00000  -999999.00000  -999999.00000  -999999.00000  -999999.00000  -999999.00000  -999999.00000
ULLUM_EMBALSE                              -31.46670   -68.66670   768.00000 2026-07-05 01:30:00     1
     1     1      276.85000       79.00000    92980.00000  -999999.00000        0.00000      185.00000  -999999.00000
  -999999.00000  -999999.00000  -999999.00000  -999999.00000  -999999.00000  -999999.00000  -999999.00000  -999999.00000
PUNTA_NEGRA                                -31.51920   -68.81780   800.00000 2026-07-05 01:30:00     1
     1     1      276.65000       75.00000    92180.00000  -999999.00000        0.00000      183.00000  -999999.00000
  -999999.00000  -999999.00000  -999999.00000  -999999.00000  -999999.00000  -999999.00000  -999999.00000  -999999.00000
ECOHUMUS                                   -31.65000   -68.30000   600.00000 2026-07-05 01:30:00     1
     1     1      275.65000       86.00000    95490.00000  -999999.00000        0.00000      213.00000  -999999.00000
  -999999.00000  -999999.00000  -999999.00000  -999999.00000  -999999.00000  -999999.00000  -999999.00000  -999999.00000
INTA_POCITO                                -31.65000   -68.58330   615.00000 2026-07-05 01:35:00     1
     1     1      273.65000       87.00000    94660.00000  -999999.00000        0.00000      154.00000  -999999.00000
  -999999.00000  -999999.00000  -999999.00000  -999999.00000  -999999.00000  -999999.00000  -999999.00000  -999999.00000
ULLUM_EMBALSE                              -31.46670   -68.66670   768.00000 2026-07-05 01:35:00     1
     1     1      276.85000       79.00000    92970.00000  -999999.00000        0.80000      185.00000  -999999.00000
  -999999.00000  -999999.00000  -999999.00000  -999999.00000  -999999.00000  -999999.00000  -999999.00000  -999999.00000
PUNTA_NEGRA                                -31.51920   -68.81780   800.00000 2026-07-05 01:35:00     1
     1     1      276.65000       75.00000    92160.00000  -999999.00000        0.00000      193.00000  -999999.00000
  -999999.00000  -999999.00000  -999999.00000  -999999.00000  -999999.00000  -999999.00000  -999999.00000  -999999.00000
ECOHUMUS                                   -31.65000   -68.30000   600.00000 2026-07-05 01:35:00     1
     1     1      275.65000       87.00000    95480.00000  -999999.00000        0.10000      213.00000  -999999.00000
  -999999.00000  -999999.00000  -999999.00000  -999999.00000  -999999.00000  -999999.00000  -999999.00000  -999999.00000
INTA_POCITO                                -31.65000   -68.58330   615.00000 2026-07-05 01:40:00     1
     1     1      274.15000       88.00000    94650.00000  -999999.00000        0.00000      159.00000  -999999.00000
  -999999.00000  -999999.00000  -999999.00000  -999999.00000  -999999.00000  -999999.00000  -999999.00000  -999999.00000
ULLUM_EMBALSE                              -31.46670   -68.66670   768.00000 2026-07-05 01:40:00     1
     1     1      276.85000       79.00000    92960.00000  -999999.00000        0.70000      185.00000  -999999.00000
  -999999.00000  -999999.00000  -999999.00000  -999999.00000  -999999.00000  -999999.00000  -999999.00000  -999999.00000
PUNTA_NEGRA                                -31.51920   -68.81780   800.00000 2026-07-05 01:40:00     1
     1     1      276.65000       75.00000    92150.00000  -999999.00000        0.00000      197.00000  -999999.00000
  -999999.00000  -999999.00000  -999999.00000  -999999.00000  -999999.00000  -999999.00000  -999999.00000  -999999.00000
ECOHUMUS                                   -31.65000   -68.30000   600.00000 2026-07-05 01:40:00     1
     1     1      275.25000       87.00000    95490.00000  -999999.00000        0.40000      213.00000  -999999.00000
  -999999.00000  -999999.00000  -999999.00000  -999999.00000  -999999.00000  -999999.00000  -999999.00000  -999999.00000
INTA_POCITO                                -31.65000   -68.58330   615.00000 2026-07-05 01:45:00     1
     1     1      274.35000       88.00000    94670.00000  -999999.00000        0.00000      143.00000  -999999.00000
  -999999.00000  -999999.00000  -999999.00000  -999999.00000  -999999.00000  -999999.00000  -999999.00000  -999999.00000
ULLUM_EMBALSE                              -31.46670   -68.66670   768.00000 2026-07-05 01:45:00     1
     1     1      276.75000       79.00000    92960.00000  -999999.00000        0.00000      185.00000  -999999.00000
  -999999.00000  -999999.00000  -999999.00000  -999999.00000  -999999.00000  -999999.00000  -999999.00000  -999999.00000
PUNTA_NEGRA                                -31.51920   -68.81780   800.00000 2026-07-05 01:45:00     1
     1     1      276.55000       76.00000    92160.00000  -999999.00000        0.00000      185.00000  -999999.00000
  -999999.00000  -999999.00000  -999999.00000  -999999.00000  -999999.00000  -999999.00000  -999999.00000  -999999.00000
ECOHUMUS                                   -31.65000   -68.30000   600.00000 2026-07-05 01:45:00     1
     1     1      275.05000       87.00000    95480.00000  -999999.00000        0.00000      213.00000  -999999.00000
  -999999.00000  -999999.00000  -999999.00000  -999999.00000  -999999.00000  -999999.00000  -999999.00000  -999999.00000
INTA_POCITO                                -31.65000   -68.58330   615.00000 2026-07-05 01:50:00     1
     1     1      274.15000       88.00000    94660.00000  -999999.00000        0.00000      140.00000  -999999.00000
  -999999.00000  -999999.00000  -999999.00000  -999999.00000  -999999.00000  -999999.00000  -999999.00000  -999999.00000
ULLUM_EMBALSE                              -31.46670   -68.66670   768.00000 2026-07-05 01:50:00     1
     1     1      276.75000       79.00000    92950.00000  -999999.00000        0.00000      185.00000  -999999.00000
  -999999.00000  -999999.00000  -999999.00000  -999999.00000  -999999.00000  -999999.00000  -999999.00000  -999999.00000
PUNTA_NEGRA                                -31.51920   -68.81780   800.00000 2026-07-05 01:50:00     1
     1     1      276.55000       76.00000    92140.00000  -999999.00000        0.00000      190.00000  -999999.00000
  -999999.00000  -999999.00000  -999999.00000  -999999.00000  -999999.00000  -999999.00000  -999999.00000  -999999.00000
ECOHUMUS                                   -31.65000   -68.30000   600.00000 2026-07-05 01:50:00     1
     1     1      274.55000       87.00000    95490.00000  -999999.00000        0.00000      213.00000  -999999.00000
  -999999.00000  -999999.00000  -999999.00000  -999999.00000  -999999.00000  -999999.00000  -999999.00000  -999999.00000
INTA_POCITO                                -31.65000   -68.58330   615.00000 2026-07-05 01:55:00     1
     1     1      274.15000       88.00000    94640.00000  -999999.00000        0.00000      133.00000  -999999.00000
  -999999.00000  -999999.00000  -999999.00000  -999999.00000  -999999.00000  -999999.00000  -999999.00000  -999999.00000
ULLUM_EMBALSE                              -31.46670   -68.66670   768.00000 2026-07-05 01:55:00     1
     1     1      276.75000       79.00000    92950.00000  -999999.00000        0.10000      185.00000  -999999.00000
  -999999.00000  -999999.00000  -999999.00000  -999999.00000  -999999.00000  -999999.00000  -999999.00000  -999999.00000
PUNTA_NEGRA                                -31.51920   -68.81780   800.00000 2026-07-05 01:55:00     1
     1     1      276.45000       76.00000    92140.00000  -999999.00000        0.00000      188.00000  -999999.00000
  -999999.00000  -999999.00000  -999999.00000  -999999.00000  -999999.00000  -999999.00000  -999999.00000  -999999.00000
ECOHUMUS                                   -31.65000   -68.30000   600.00000 2026-07-05 01:55:00     1
     1     1      274.05000       88.00000    95480.00000  -999999.00000        0.00000      213.00000  -999999.00000
  -999999.00000  -999999.00000  -999999.00000  -999999.00000  -999999.00000  -999999.00000  -999999.00000  -999999.00000
INTA_POCITO                                -31.65000   -68.58330   615.00000 2026-07-05 02:00:00     1
     1     1      273.65000       88.00000    94650.00000  -999999.00000        0.00000      156.00000  -999999.00000
  -999999.00000  -999999.00000  -999999.00000  -999999.00000  -999999.00000  -999999.00000  -999999.00000  -999999.00000
ULLUM_EMBALSE                              -31.46670   -68.66670   768.00000 2026-07-05 02:00:00     1
     1     1      276.65000       78.00000    92960.00000  -999999.00000        2.80000      183.00000  -999999.00000
  -999999.00000  -999999.00000  -999999.00000  -999999.00000  -999999.00000  -999999.00000  -999999.00000  -999999.00000
PUNTA_NEGRA                                -31.51920   -68.81780   800.00000 2026-07-05 02:00:00     1
     1     1      276.35000       76.00000    92150.00000  -999999.00000        0.00000      189.00000  -999999.00000
  -999999.00000  -999999.00000  -999999.00000  -999999.00000  -999999.00000  -999999.00000  -999999.00000  -999999.00000
ECOHUMUS                                   -31.65000   -68.30000   600.00000 2026-07-05 02:00:00     1
     1     1      273.75000       88.00000    95490.00000  -999999.00000        0.00000      213.00000  -999999.00000
  -999999.00000  -999999.00000  -999999.00000  -999999.00000  -999999.00000  -999999.00000  -999999.00000  -999999.00000
INTA_POCITO                                -31.65000   -68.58330   615.00000 2026-07-05 02:05:00     1
     1     1      273.35000       88.00000    94660.00000  -999999.00000        0.00000      132.00000  -999999.00000
  -999999.00000  -999999.00000  -999999.00000  -999999.00000  -999999.00000  -999999.00000  -999999.00000  -999999.00000
ULLUM_EMBALSE                              -31.46670   -68.66670   768.00000 2026-07-05 02:05:00     1
     1     1      276.65000       78.00000    92950.00000  -999999.00000        1.40000      170.00000  -999999.00000
  -999999.00000  -999999.00000  -999999.00000  -999999.00000  -999999.00000  -999999.00000  -999999.00000  -999999.00000
PUNTA_NEGRA                                -31.51920   -68.81780   800.00000 2026-07-05 02:05:00     1
     1     1      276.35000       76.00000    92140.00000  -999999.00000        0.00000      194.00000  -999999.00000
  -999999.00000  -999999.00000  -999999.00000  -999999.00000  -999999.00000  -999999.00000  -999999.00000  -999999.00000
ECOHUMUS                                   -31.65000   -68.30000   600.00000 2026-07-05 02:05:00     1
     1     1      273.45000       88.00000    95470.00000  -999999.00000        0.00000      207.00000  -999999.00000
  -999999.00000  -999999.00000  -999999.00000  -999999.00000  -999999.00000  -999999.00000  -999999.00000  -999999.00000
INTA_POCITO                                -31.65000   -68.58330   615.00000 2026-07-05 02:10:00     1
     1     1      273.15000       88.00000    94650.00000  -999999.00000        0.00000      132.00000  -999999.00000
  -999999.00000  -999999.00000  -999999.00000  -999999.00000  -999999.00000  -999999.00000  -999999.00000  -999999.00000
ULLUM_EMBALSE                              -31.46670   -68.66670   768.00000 2026-07-05 02:10:00     1
     1     1      276.65000       78.00000    92960.00000  -999999.00000        0.40000      170.00000  -999999.00000
  -999999.00000  -999999.00000  -999999.00000  -999999.00000  -999999.00000  -999999.00000  -999999.00000  -999999.00000
PUNTA_NEGRA                                -31.51920   -68.81780   800.00000 2026-07-05 02:10:00     1
     1     1      276.05000       76.00000    92150.00000  -999999.00000        0.00000      195.00000  -999999.00000
  -999999.00000  -999999.00000  -999999.00000  -999999.00000  -999999.00000  -999999.00000  -999999.00000  -999999.00000
ECOHUMUS                                   -31.65000   -68.30000   600.00000 2026-07-05 02:10:00     1
     1     1      273.55000       89.00000    95480.00000  -999999.00000        0.10000      187.00000  -999999.00000
  -999999.00000  -999999.00000  -999999.00000  -999999.00000  -999999.00000  -999999.00000  -999999.00000  -999999.00000
INTA_POCITO                                -31.65000   -68.58330   615.00000 2026-07-05 02:15:00     1
     1     1      273.15000       88.00000    94660.00000  -999999.00000        0.00000      135.00000  -999999.00000
  -999999.00000  -999999.00000  -999999.00000  -999999.00000  -999999.00000  -999999.00000  -999999.00000  -999999.00000
ULLUM_EMBALSE                              -31.46670   -68.66670   768.00000 2026-07-05 02:15:00     1
     1     1      276.55000       78.00000    92950.00000  -999999.00000        0.00000      170.00000  -999999.00000
  -999999.00000  -999999.00000  -999999.00000  -999999.00000  -999999.00000  -999999.00000  -999999.00000  -999999.00000
PUNTA_NEGRA                                -31.51920   -68.81780   800.00000 2026-07-05 02:15:00     1
     1     1      275.85000       78.00000    92150.00000  -999999.00000        0.00000      193.00000  -999999.00000
  -999999.00000  -999999.00000  -999999.00000  -999999.00000  -999999.00000  -999999.00000  -999999.00000  -999999.00000
ECOHUMUS                                   -31.65000   -68.30000   600.00000 2026-07-05 02:15:00     1
     1     1      273.25000       89.00000    95480.00000  -999999.00000        0.00000      213.00000  -999999.00000
  -999999.00000  -999999.00000  -999999.00000  -999999.00000  -999999.00000  -999999.00000  -999999.00000  -999999.00000
INTA_POCITO                                -31.65000   -68.58330   615.00000 2026-07-05 02:20:00     1
     1     1      273.15000       88.00000    94650.00000  -999999.00000        0.00000      135.00000  -999999.00000
  -999999.00000  -999999.00000  -999999.00000  -999999.00000  -999999.00000  -999999.00000  -999999.00000  -999999.00000
ULLUM_EMBALSE                              -31.46670   -68.66670   768.00000 2026-07-05 02:20:00     1
     1     1      276.35000       78.00000    92950.00000  -999999.00000        0.00000      170.00000  -999999.00000
  -999999.00000  -999999.00000  -999999.00000  -999999.00000  -999999.00000  -999999.00000  -999999.00000  -999999.00000
PUNTA_NEGRA                                -31.51920   -68.81780   800.00000 2026-07-05 02:20:00     1
     1     1      275.65000       79.00000    92140.00000  -999999.00000        0.00000      189.00000  -999999.00000
  -999999.00000  -999999.00000  -999999.00000  -999999.00000  -999999.00000  -999999.00000  -999999.00000  -999999.00000
ECOHUMUS                                   -31.65000   -68.30000   600.00000 2026-07-05 02:20:00     1
     1     1      273.05000       89.00000    95480.00000  -999999.00000        0.00000      213.00000  -999999.00000
  -999999.00000  -999999.00000  -999999.00000  -999999.00000  -999999.00000  -999999.00000  -999999.00000  -999999.00000
INTA_POCITO                                -31.65000   -68.58330   615.00000 2026-07-05 02:25:00     1
     1     1      273.15000       88.00000    94650.00000  -999999.00000        0.00000      133.00000  -999999.00000
  -999999.00000  -999999.00000  -999999.00000  -999999.00000  -999999.00000  -999999.00000  -999999.00000  -999999.00000
ULLUM_EMBALSE                              -31.46670   -68.66670   768.00000 2026-07-05 02:25:00     1
     1     1      276.15000       79.00000    92950.00000  -999999.00000        0.50000      170.00000  -999999.00000
  -999999.00000  -999999.00000  -999999.00000  -999999.00000  -999999.00000  -999999.00000  -999999.00000  -999999.00000
PUNTA_NEGRA                                -31.51920   -68.81780   800.00000 2026-07-05 02:25:00     1
     1     1      275.45000       80.00000    92140.00000  -999999.00000        0.00000      198.00000  -999999.00000
  -999999.00000  -999999.00000  -999999.00000  -999999.00000  -999999.00000  -999999.00000  -999999.00000  -999999.00000
ECOHUMUS                                   -31.65000   -68.30000   600.00000 2026-07-05 02:25:00     1
     1     1      272.55000       89.00000    95490.00000  -999999.00000        0.20000      213.00000  -999999.00000
  -999999.00000  -999999.00000  -999999.00000  -999999.00000  -999999.00000  -999999.00000  -999999.00000  -999999.00000
INTA_POCITO                                -31.65000   -68.58330   615.00000 2026-07-05 02:30:00     1
     1     1      273.25000       88.00000    94660.00000  -999999.00000        0.00000      163.00000  -999999.00000
  -999999.00000  -999999.00000  -999999.00000  -999999.00000  -999999.00000  -999999.00000  -999999.00000  -999999.00000
ULLUM_EMBALSE                              -31.46670   -68.66670   768.00000 2026-07-05 02:30:00     1
     1     1      276.35000       79.00000    92940.00000  -999999.00000        2.90000      170.00000  -999999.00000
  -999999.00000  -999999.00000  -999999.00000  -999999.00000  -999999.00000  -999999.00000  -999999.00000  -999999.00000
PUNTA_NEGRA                                -31.51920   -68.81780   800.00000 2026-07-05 02:30:00     1
     1     1      275.45000       80.00000    92140.00000  -999999.00000        0.00000      197.00000  -999999.00000
  -999999.00000  -999999.00000  -999999.00000  -999999.00000  -999999.00000  -999999.00000  -999999.00000  -999999.00000
ECOHUMUS                                   -31.65000   -68.30000   600.00000 2026-07-05 02:30:00     1
     1     1      272.45000       90.00000    95460.00000  -999999.00000        0.50000      213.00000  -999999.00000
  -999999.00000  -999999.00000  -999999.00000  -999999.00000  -999999.00000  -999999.00000  -999999.00000  -999999.00000
INTA_POCITO                                -31.65000   -68.58330   615.00000 2026-07-05 02:35:00     1
     1     1      272.75000       88.00000    94640.00000  -999999.00000        0.00000      163.00000  -999999.00000
  -999999.00000  -999999.00000  -999999.00000  -999999.00000  -999999.00000  -999999.00000  -999999.00000  -999999.00000
ULLUM_EMBALSE                              -31.46670   -68.66670   768.00000 2026-07-05 02:35:00     1
     1     1      276.35000       79.00000    92940.00000  -999999.00000        2.70000      170.00000  -999999.00000
  -999999.00000  -999999.00000  -999999.00000  -999999.00000  -999999.00000  -999999.00000  -999999.00000  -999999.00000
PUNTA_NEGRA                                -31.51920   -68.81780   800.00000 2026-07-05 02:35:00     1
     1     1      275.35000       80.00000    92140.00000  -999999.00000        0.40000      226.00000  -999999.00000
  -999999.00000  -999999.00000  -999999.00000  -999999.00000  -999999.00000  -999999.00000  -999999.00000  -999999.00000
ECOHUMUS                                   -31.65000   -68.30000   600.00000 2026-07-05 02:35:00     1
     1     1      272.35000       90.00000    95470.00000  -999999.00000        0.60000      213.00000  -999999.00000
  -999999.00000  -999999.00000  -999999.00000  -999999.00000  -999999.00000  -999999.00000  -999999.00000  -999999.00000
INTA_POCITO                                -31.65000   -68.58330   615.00000 2026-07-05 02:40:00     1
     1     1      272.85000       89.00000    94650.00000  -999999.00000        0.00000      165.00000  -999999.00000
  -999999.00000  -999999.00000  -999999.00000  -999999.00000  -999999.00000  -999999.00000  -999999.00000  -999999.00000
ULLUM_EMBALSE                              -31.46670   -68.66670   768.00000 2026-07-05 02:40:00     1
     1     1      276.05000       79.00000    92950.00000  -999999.00000        4.50000      135.00000  -999999.00000
  -999999.00000  -999999.00000  -999999.00000  -999999.00000  -999999.00000  -999999.00000  -999999.00000  -999999.00000
PUNTA_NEGRA                                -31.51920   -68.81780   800.00000 2026-07-05 02:40:00     1
     1     1      275.35000       81.00000    92140.00000  -999999.00000        0.80000      227.00000  -999999.00000
  -999999.00000  -999999.00000  -999999.00000  -999999.00000  -999999.00000  -999999.00000  -999999.00000  -999999.00000
ECOHUMUS                                   -31.65000   -68.30000   600.00000 2026-07-05 02:40:00     1
     1     1      271.95000       90.00000    95470.00000  -999999.00000        0.00000      159.00000  -999999.00000
  -999999.00000  -999999.00000  -999999.00000  -999999.00000  -999999.00000  -999999.00000  -999999.00000  -999999.00000
INTA_POCITO                                -31.65000   -68.58330   615.00000 2026-07-05 02:45:00     1
     1     1      272.55000       89.00000    94650.00000  -999999.00000        0.00000      157.00000  -999999.00000
  -999999.00000  -999999.00000  -999999.00000  -999999.00000  -999999.00000  -999999.00000  -999999.00000  -999999.00000
ULLUM_EMBALSE                              -31.46670   -68.66670   768.00000 2026-07-05 02:45:00     1
     1     1      276.15000       79.00000    92950.00000  -999999.00000        3.70000      118.00000  -999999.00000
  -999999.00000  -999999.00000  -999999.00000  -999999.00000  -999999.00000  -999999.00000  -999999.00000  -999999.00000
PUNTA_NEGRA                                -31.51920   -68.81780   800.00000 2026-07-05 02:45:00     1
     1     1      275.15000       81.00000    92140.00000  -999999.00000        0.20000      231.00000  -999999.00000
  -999999.00000  -999999.00000  -999999.00000  -999999.00000  -999999.00000  -999999.00000  -999999.00000  -999999.00000
ECOHUMUS                                   -31.65000   -68.30000   600.00000 2026-07-05 02:45:00     1
     1     1      271.95000       90.00000    95460.00000  -999999.00000        0.30000      159.00000  -999999.00000
  -999999.00000  -999999.00000  -999999.00000  -999999.00000  -999999.00000  -999999.00000  -999999.00000  -999999.00000
INTA_POCITO                                -31.65000   -68.58330   615.00000 2026-07-05 02:50:00     1
     1     1      272.95000       89.00000    94640.00000  -999999.00000        0.00000      128.00000  -999999.00000
  -999999.00000  -999999.00000  -999999.00000  -999999.00000  -999999.00000  -999999.00000  -999999.00000  -999999.00000
ULLUM_EMBALSE                              -31.46670   -68.66670   768.00000 2026-07-05 02:50:00     1
     1     1      276.05000       79.00000    92940.00000  -999999.00000        4.50000      117.00000  -999999.00000
  -999999.00000  -999999.00000  -999999.00000  -999999.00000  -999999.00000  -999999.00000  -999999.00000  -999999.00000
PUNTA_NEGRA                                -31.51920   -68.81780   800.00000 2026-07-05 02:50:00     1
     1     1      275.05000       81.00000    92140.00000  -999999.00000        0.00000      216.00000  -999999.00000
  -999999.00000  -999999.00000  -999999.00000  -999999.00000  -999999.00000  -999999.00000  -999999.00000  -999999.00000
ECOHUMUS                                   -31.65000   -68.30000   600.00000 2026-07-05 02:50:00     1
     1     1      271.55000       91.00000    95450.00000  -999999.00000        0.40000      159.00000  -999999.00000
  -999999.00000  -999999.00000  -999999.00000  -999999.00000  -999999.00000  -999999.00000  -999999.00000  -999999.00000
INTA_POCITO                                -31.65000   -68.58330   615.00000 2026-07-05 02:55:00     1
     1     1      273.15000       89.00000    94630.00000  -999999.00000        0.00000      151.00000  -999999.00000
  -999999.00000  -999999.00000  -999999.00000  -999999.00000  -999999.00000  -999999.00000  -999999.00000  -999999.00000
ULLUM_EMBALSE                              -31.46670   -68.66670   768.00000 2026-07-05 02:55:00     1
     1     1      275.65000       79.00000    92940.00000  -999999.00000        4.80000       56.00000  -999999.00000
  -999999.00000  -999999.00000  -999999.00000  -999999.00000  -999999.00000  -999999.00000  -999999.00000  -999999.00000
PUNTA_NEGRA                                -31.51920   -68.81780   800.00000 2026-07-05 02:55:00     1
     1     1      274.95000       81.00000    92130.00000  -999999.00000        0.00000      206.00000  -999999.00000
  -999999.00000  -999999.00000  -999999.00000  -999999.00000  -999999.00000  -999999.00000  -999999.00000  -999999.00000
ECOHUMUS                                   -31.65000   -68.30000   600.00000 2026-07-05 02:55:00     1
     1     1      271.85000       91.00000    95440.00000  -999999.00000        1.20000      159.00000  -999999.00000
  -999999.00000  -999999.00000  -999999.00000  -999999.00000  -999999.00000  -999999.00000  -999999.00000  -999999.00000
INTA_POCITO                                -31.65000   -68.58330   615.00000 2026-07-05 03:00:00     1
     1     1      273.75000       89.00000    94630.00000  -999999.00000        0.00000      253.00000  -999999.00000
  -999999.00000  -999999.00000  -999999.00000  -999999.00000  -999999.00000  -999999.00000  -999999.00000  -999999.00000
ULLUM_EMBALSE                              -31.46670   -68.66670   768.00000 2026-07-05 03:00:00     1
     1     1      275.65000       79.00000    92930.00000  -999999.00000        3.60000       55.00000  -999999.00000
  -999999.00000  -999999.00000  -999999.00000  -999999.00000  -999999.00000  -999999.00000  -999999.00000  -999999.00000
PUNTA_NEGRA                                -31.51920   -68.81780   800.00000 2026-07-05 03:00:00     1
     1     1      274.85000       82.00000    92130.00000  -999999.00000        0.10000      185.00000  -999999.00000
  -999999.00000  -999999.00000  -999999.00000  -999999.00000  -999999.00000  -999999.00000  -999999.00000  -999999.00000
ECOHUMUS                                   -31.65000   -68.30000   600.00000 2026-07-05 03:00:00     1
     1     1      271.75000       91.00000    95460.00000  -999999.00000        0.00000      180.00000  -999999.00000
  -999999.00000  -999999.00000  -999999.00000  -999999.00000  -999999.00000  -999999.00000  -999999.00000  -999999.00000
INTA_POCITO                                -31.65000   -68.58330   615.00000 2026-07-05 03:05:00     1
     1     1      273.95000       89.00000    94630.00000  -999999.00000        0.00000      272.00000  -999999.00000
  -999999.00000  -999999.00000  -999999.00000  -999999.00000  -999999.00000  -999999.00000  -999999.00000  -999999.00000
ULLUM_EMBALSE                              -31.46670   -68.66670   768.00000 2026-07-05 03:05:00     1
     1     1      275.65000       79.00000    92920.00000  -999999.00000        4.60000       49.00000  -999999.00000
  -999999.00000  -999999.00000  -999999.00000  -999999.00000  -999999.00000  -999999.00000  -999999.00000  -999999.00000
PUNTA_NEGRA                                -31.51920   -68.81780   800.00000 2026-07-05 03:05:00     1
     1     1      274.65000       82.00000    92120.00000  -999999.00000        0.00000      199.00000  -999999.00000
  -999999.00000  -999999.00000  -999999.00000  -999999.00000  -999999.00000  -999999.00000  -999999.00000  -999999.00000
ECOHUMUS                                   -31.65000   -68.30000   600.00000 2026-07-05 03:05:00     1
     1     1      271.45000       91.00000    95470.00000  -999999.00000        0.00000      185.00000  -999999.00000
  -999999.00000  -999999.00000  -999999.00000  -999999.00000  -999999.00000  -999999.00000  -999999.00000  -999999.00000
INTA_POCITO                                -31.65000   -68.58330   615.00000 2026-07-05 03:10:00     1
     1     1      273.45000       89.00000    94630.00000  -999999.00000        0.00000      272.00000  -999999.00000
  -999999.00000  -999999.00000  -999999.00000  -999999.00000  -999999.00000  -999999.00000  -999999.00000  -999999.00000
ULLUM_EMBALSE                              -31.46670   -68.66670   768.00000 2026-07-05 03:10:00     1
     1     1      275.45000       80.00000    92930.00000  -999999.00000        3.90000       51.00000  -999999.00000
  -999999.00000  -999999.00000  -999999.00000  -999999.00000  -999999.00000  -999999.00000  -999999.00000  -999999.00000
PUNTA_NEGRA                                -31.51920   -68.81780   800.00000 2026-07-05 03:10:00     1
     1     1      274.45000       82.00000    92120.00000  -999999.00000        0.00000      202.00000  -999999.00000
  -999999.00000  -999999.00000  -999999.00000  -999999.00000  -999999.00000  -999999.00000  -999999.00000  -999999.00000
ECOHUMUS                                   -31.65000   -68.30000   600.00000 2026-07-05 03:10:00     1
     1     1      271.45000       92.00000    95460.00000  -999999.00000        1.00000      148.00000  -999999.00000
  -999999.00000  -999999.00000  -999999.00000  -999999.00000  -999999.00000  -999999.00000  -999999.00000  -999999.00000
INTA_POCITO                                -31.65000   -68.58330   615.00000 2026-07-05 03:15:00     1
     1     1      273.35000       89.00000    94620.00000  -999999.00000        0.00000      273.00000  -999999.00000
  -999999.00000  -999999.00000  -999999.00000  -999999.00000  -999999.00000  -999999.00000  -999999.00000  -999999.00000
ULLUM_EMBALSE                              -31.46670   -68.66670   768.00000 2026-07-05 03:15:00     1
     1     1      275.35000       80.00000    92930.00000  -999999.00000        3.70000       61.00000  -999999.00000
  -999999.00000  -999999.00000  -999999.00000  -999999.00000  -999999.00000  -999999.00000  -999999.00000  -999999.00000
PUNTA_NEGRA                                -31.51920   -68.81780   800.00000 2026-07-05 03:15:00     1
     1     1      274.45000       81.00000    92120.00000  -999999.00000        0.00000      201.00000  -999999.00000
  -999999.00000  -999999.00000  -999999.00000  -999999.00000  -999999.00000  -999999.00000  -999999.00000  -999999.00000
ECOHUMUS                                   -31.65000   -68.30000   600.00000 2026-07-05 03:15:00     1
     1     1      271.05000       92.00000    95460.00000  -999999.00000        0.20000      130.00000  -999999.00000
  -999999.00000  -999999.00000  -999999.00000  -999999.00000  -999999.00000  -999999.00000  -999999.00000  -999999.00000
INTA_POCITO                                -31.65000   -68.58330   615.00000 2026-07-05 03:20:00     1
     1     1      273.65000       89.00000    94620.00000  -999999.00000        0.00000      272.00000  -999999.00000
  -999999.00000  -999999.00000  -999999.00000  -999999.00000  -999999.00000  -999999.00000  -999999.00000  -999999.00000
ULLUM_EMBALSE                              -31.46670   -68.66670   768.00000 2026-07-05 03:20:00     1
     1     1      275.25000       80.00000    92920.00000  -999999.00000        5.00000       50.00000  -999999.00000
  -999999.00000  -999999.00000  -999999.00000  -999999.00000  -999999.00000  -999999.00000  -999999.00000  -999999.00000
PUNTA_NEGRA                                -31.51920   -68.81780   800.00000 2026-07-05 03:20:00     1
     1     1      274.35000       82.00000    92110.00000  -999999.00000        0.00000      190.00000  -999999.00000
  -999999.00000  -999999.00000  -999999.00000  -999999.00000  -999999.00000  -999999.00000  -999999.00000  -999999.00000
ECOHUMUS                                   -31.65000   -68.30000   600.00000 2026-07-05 03:20:00     1
     1     1      271.25000       92.00000    95450.00000  -999999.00000        0.00000      172.00000  -999999.00000
  -999999.00000  -999999.00000  -999999.00000  -999999.00000  -999999.00000  -999999.00000  -999999.00000  -999999.00000
INTA_POCITO                                -31.65000   -68.58330   615.00000 2026-07-05 03:25:00     1
     1     1      273.55000       89.00000    94620.00000  -999999.00000        0.00000      272.00000  -999999.00000
  -999999.00000  -999999.00000  -999999.00000  -999999.00000  -999999.00000  -999999.00000  -999999.00000  -999999.00000
ULLUM_EMBALSE                              -31.46670   -68.66670   768.00000 2026-07-05 03:25:00     1
     1     1      275.25000       80.00000    92920.00000  -999999.00000        3.50000       55.00000  -999999.00000
  -999999.00000  -999999.00000  -999999.00000  -999999.00000  -999999.00000  -999999.00000  -999999.00000  -999999.00000
PUNTA_NEGRA                                -31.51920   -68.81780   800.00000 2026-07-05 03:25:00     1
     1     1      274.25000       82.00000    92110.00000  -999999.00000        1.60000      218.00000  -999999.00000
  -999999.00000  -999999.00000  -999999.00000  -999999.00000  -999999.00000  -999999.00000  -999999.00000  -999999.00000
ECOHUMUS                                   -31.65000   -68.30000   600.00000 2026-07-05 03:25:00     1
     1     1      271.45000       92.00000    95440.00000  -999999.00000        0.90000      224.00000  -999999.00000
  -999999.00000  -999999.00000  -999999.00000  -999999.00000  -999999.00000  -999999.00000  -999999.00000  -999999.00000
INTA_POCITO                                -31.65000   -68.58330   615.00000 2026-07-05 03:30:00     1
     1     1      273.45000       89.00000    94620.00000  -999999.00000        0.00000      272.00000  -999999.00000
  -999999.00000  -999999.00000  -999999.00000  -999999.00000  -999999.00000  -999999.00000  -999999.00000  -999999.00000
ULLUM_EMBALSE                              -31.46670   -68.66670   768.00000 2026-07-05 03:30:00     1
     1     1      275.15000       80.00000    92920.00000  -999999.00000        5.50000       67.00000  -999999.00000
  -999999.00000  -999999.00000  -999999.00000  -999999.00000  -999999.00000  -999999.00000  -999999.00000  -999999.00000
PUNTA_NEGRA                                -31.51920   -68.81780   800.00000 2026-07-05 03:30:00     1
     1     1      274.45000       82.00000    92120.00000  -999999.00000        0.20000      235.00000  -999999.00000
  -999999.00000  -999999.00000  -999999.00000  -999999.00000  -999999.00000  -999999.00000  -999999.00000  -999999.00000
ECOHUMUS                                   -31.65000   -68.30000   600.00000 2026-07-05 03:30:00     1
     1     1      271.25000       92.00000    95430.00000  -999999.00000        0.00000      209.00000  -999999.00000
  -999999.00000  -999999.00000  -999999.00000  -999999.00000  -999999.00000  -999999.00000  -999999.00000  -999999.00000
INTA_POCITO                                -31.65000   -68.58330   615.00000 2026-07-05 03:35:00     1
     1     1      273.35000       89.00000    94620.00000  -999999.00000        0.00000      272.00000  -999999.00000
  -999999.00000  -999999.00000  -999999.00000  -999999.00000  -999999.00000  -999999.00000  -999999.00000  -999999.00000
ULLUM_EMBALSE                              -31.46670   -68.66670   768.00000 2026-07-05 03:35:00     1
     1     1      275.15000       80.00000    92930.00000  -999999.00000        5.90000       63.00000  -999999.00000
  -999999.00000  -999999.00000  -999999.00000  -999999.00000  -999999.00000  -999999.00000  -999999.00000  -999999.00000
PUNTA_NEGRA                                -31.51920   -68.81780   800.00000 2026-07-05 03:35:00     1
     1     1      274.35000       82.00000    92110.00000  -999999.00000        0.20000      186.00000  -999999.00000
  -999999.00000  -999999.00000  -999999.00000  -999999.00000  -999999.00000  -999999.00000  -999999.00000  -999999.00000
ECOHUMUS                                   -31.65000   -68.30000   600.00000 2026-07-05 03:35:00     1
     1     1      271.15000       92.00000    95430.00000  -999999.00000        0.00000      209.00000  -999999.00000
  -999999.00000  -999999.00000  -999999.00000  -999999.00000  -999999.00000  -999999.00000  -999999.00000  -999999.00000
INTA_POCITO                                -31.65000   -68.58330   615.00000 2026-07-05 03:40:00     1
     1     1      272.95000       89.00000    94610.00000  -999999.00000        0.00000      272.00000  -999999.00000
  -999999.00000  -999999.00000  -999999.00000  -999999.00000  -999999.00000  -999999.00000  -999999.00000  -999999.00000
ULLUM_EMBALSE                              -31.46670   -68.66670   768.00000 2026-07-05 03:40:00     1
     1     1      275.05000       81.00000    92920.00000  -999999.00000        4.50000       62.00000  -999999.00000
  -999999.00000  -999999.00000  -999999.00000  -999999.00000  -999999.00000  -999999.00000  -999999.00000  -999999.00000
PUNTA_NEGRA                                -31.51920   -68.81780   800.00000 2026-07-05 03:40:00     1
     1     1      274.25000       82.00000    92110.00000  -999999.00000        1.50000      241.00000  -999999.00000
  -999999.00000  -999999.00000  -999999.00000  -999999.00000  -999999.00000  -999999.00000  -999999.00000  -999999.00000
ECOHUMUS                                   -31.65000   -68.30000   600.00000 2026-07-05 03:40:00     1
     1     1      270.85000       92.00000    95430.00000  -999999.00000        0.00000      209.00000  -999999.00000
  -999999.00000  -999999.00000  -999999.00000  -999999.00000  -999999.00000  -999999.00000  -999999.00000  -999999.00000
INTA_POCITO                                -31.65000   -68.58330   615.00000 2026-07-05 03:45:00     1
     1     1      273.15000       89.00000    94640.00000  -999999.00000        0.20000      330.00000  -999999.00000
  -999999.00000  -999999.00000  -999999.00000  -999999.00000  -999999.00000  -999999.00000  -999999.00000  -999999.00000
ULLUM_EMBALSE                              -31.46670   -68.66670   768.00000 2026-07-05 03:45:00     1
     1     1      275.15000       81.00000    92920.00000  -999999.00000        5.00000       62.00000  -999999.00000
  -999999.00000  -999999.00000  -999999.00000  -999999.00000  -999999.00000  -999999.00000  -999999.00000  -999999.00000
PUNTA_NEGRA                                -31.51920   -68.81780   800.00000 2026-07-05 03:45:00     1
     1     1      274.25000       83.00000    92110.00000  -999999.00000        0.60000      245.00000  -999999.00000
  -999999.00000  -999999.00000  -999999.00000  -999999.00000  -999999.00000  -999999.00000  -999999.00000  -999999.00000
ECOHUMUS                                   -31.65000   -68.30000   600.00000 2026-07-05 03:45:00     1
     1     1      270.65000       92.00000    95430.00000  -999999.00000        1.80000      211.00000  -999999.00000
  -999999.00000  -999999.00000  -999999.00000  -999999.00000  -999999.00000  -999999.00000  -999999.00000  -999999.00000
INTA_POCITO                                -31.65000   -68.58330   615.00000 2026-07-05 03:50:00     1
     1     1      273.75000       89.00000    94630.00000  -999999.00000        0.00000      326.00000  -999999.00000
  -999999.00000  -999999.00000  -999999.00000  -999999.00000  -999999.00000  -999999.00000  -999999.00000  -999999.00000
ULLUM_EMBALSE                              -31.46670   -68.66670   768.00000 2026-07-05 03:50:00     1
     1     1      275.05000       81.00000    92930.00000  -999999.00000        2.50000       67.00000  -999999.00000
  -999999.00000  -999999.00000  -999999.00000  -999999.00000  -999999.00000  -999999.00000  -999999.00000  -999999.00000
PUNTA_NEGRA                                -31.51920   -68.81780   800.00000 2026-07-05 03:50:00     1
     1     1      274.15000       83.00000    92120.00000  -999999.00000        0.10000      133.00000  -999999.00000
  -999999.00000  -999999.00000  -999999.00000  -999999.00000  -999999.00000  -999999.00000  -999999.00000  -999999.00000
ECOHUMUS                                   -31.65000   -68.30000   600.00000 2026-07-05 03:50:00     1
     1     1      271.05000       93.00000    95420.00000  -999999.00000        0.60000      214.00000  -999999.00000
  -999999.00000  -999999.00000  -999999.00000  -999999.00000  -999999.00000  -999999.00000  -999999.00000  -999999.00000
INTA_POCITO                                -31.65000   -68.58330   615.00000 2026-07-05 03:55:00     1
     1     1      273.55000       89.00000    94610.00000  -999999.00000        0.00000      327.00000  -999999.00000
  -999999.00000  -999999.00000  -999999.00000  -999999.00000  -999999.00000  -999999.00000  -999999.00000  -999999.00000
ULLUM_EMBALSE                              -31.46670   -68.66670   768.00000 2026-07-05 03:55:00     1
     1     1      275.05000       81.00000    92900.00000  -999999.00000        2.50000       70.00000  -999999.00000
  -999999.00000  -999999.00000  -999999.00000  -999999.00000  -999999.00000  -999999.00000  -999999.00000  -999999.00000
PUNTA_NEGRA                                -31.51920   -68.81780   800.00000 2026-07-05 03:55:00     1
     1     1      274.15000       83.00000    92100.00000  -999999.00000        0.00000      189.00000  -999999.00000
  -999999.00000  -999999.00000  -999999.00000  -999999.00000  -999999.00000  -999999.00000  -999999.00000  -999999.00000
ECOHUMUS                                   -31.65000   -68.30000   600.00000 2026-07-05 03:55:00     1
     1     1      270.65000       93.00000    95430.00000  -999999.00000        0.40000      195.00000  -999999.00000
  -999999.00000  -999999.00000  -999999.00000  -999999.00000  -999999.00000  -999999.00000  -999999.00000  -999999.00000
INTA_POCITO                                -31.65000   -68.58330   615.00000 2026-07-05 04:00:00     1
     1     1      273.25000       89.00000    94600.00000  -999999.00000        0.10000      337.00000  -999999.00000
  -999999.00000  -999999.00000  -999999.00000  -999999.00000  -999999.00000  -999999.00000  -999999.00000  -999999.00000
ULLUM_EMBALSE                              -31.46670   -68.66670   768.00000 2026-07-05 04:00:00     1
     1     1      274.95000       81.00000    92920.00000  -999999.00000        3.90000       58.00000  -999999.00000
  -999999.00000  -999999.00000  -999999.00000  -999999.00000  -999999.00000  -999999.00000  -999999.00000  -999999.00000
PUNTA_NEGRA                                -31.51920   -68.81780   800.00000 2026-07-05 04:00:00     1
     1     1      274.15000       82.00000    92100.00000  -999999.00000        0.10000      172.00000  -999999.00000
  -999999.00000  -999999.00000  -999999.00000  -999999.00000  -999999.00000  -999999.00000  -999999.00000  -999999.00000
ECOHUMUS                                   -31.65000   -68.30000   600.00000 2026-07-05 04:00:00     1
     1     1      270.85000       93.00000    95420.00000  -999999.00000        0.20000      192.00000  -999999.00000
  -999999.00000  -999999.00000  -999999.00000  -999999.00000  -999999.00000  -999999.00000  -999999.00000  -999999.00000
INTA_POCITO                                -31.65000   -68.58330   615.00000 2026-07-05 04:05:00     1
     1     1      273.55000       89.00000    94590.00000  -999999.00000        0.00000      333.00000  -999999.00000
  -999999.00000  -999999.00000  -999999.00000  -999999.00000  -999999.00000  -999999.00000  -999999.00000  -999999.00000
ULLUM_EMBALSE                              -31.46670   -68.66670   768.00000 2026-07-05 04:05:00     1
     1     1      274.95000       82.00000    92890.00000  -999999.00000        4.80000       50.00000  -999999.00000
  -999999.00000  -999999.00000  -999999.00000  -999999.00000  -999999.00000  -999999.00000  -999999.00000  -999999.00000
PUNTA_NEGRA                                -31.51920   -68.81780   800.00000 2026-07-05 04:05:00     1
     1     1      274.25000       82.00000    92100.00000  -999999.00000        0.40000      174.00000  -999999.00000
  -999999.00000  -999999.00000  -999999.00000  -999999.00000  -999999.00000  -999999.00000  -999999.00000  -999999.00000
ECOHUMUS                                   -31.65000   -68.30000   600.00000 2026-07-05 04:05:00     1
     1     1      270.55000       93.00000    95410.00000  -999999.00000        0.30000      192.00000  -999999.00000
  -999999.00000  -999999.00000  -999999.00000  -999999.00000  -999999.00000  -999999.00000  -999999.00000  -999999.00000
INTA_POCITO                                -31.65000   -68.58330   615.00000 2026-07-05 04:10:00     1
     1     1      273.45000       89.00000    94600.00000  -999999.00000        0.00000      328.00000  -999999.00000
  -999999.00000  -999999.00000  -999999.00000  -999999.00000  -999999.00000  -999999.00000  -999999.00000  -999999.00000
ULLUM_EMBALSE                              -31.46670   -68.66670   768.00000 2026-07-05 04:10:00     1
     1     1      274.95000       81.00000    92900.00000  -999999.00000        1.70000       70.00000  -999999.00000
  -999999.00000  -999999.00000  -999999.00000  -999999.00000  -999999.00000  -999999.00000  -999999.00000  -999999.00000
PUNTA_NEGRA                                -31.51920   -68.81780   800.00000 2026-07-05 04:10:00     1
     1     1      274.05000       82.00000    92100.00000  -999999.00000        0.20000      234.00000  -999999.00000
  -999999.00000  -999999.00000  -999999.00000  -999999.00000  -999999.00000  -999999.00000  -999999.00000  -999999.00000
ECOHUMUS                                   -31.65000   -68.30000   600.00000 2026-07-05 04:10:00     1
     1     1      270.55000       93.00000    95400.00000  -999999.00000        0.00000      192.00000  -999999.00000
  -999999.00000  -999999.00000  -999999.00000  -999999.00000  -999999.00000  -999999.00000  -999999.00000  -999999.00000
INTA_POCITO                                -31.65000   -68.58330   615.00000 2026-07-05 04:15:00     1
     1     1      273.45000       89.00000    94590.00000  -999999.00000        0.00000      324.00000  -999999.00000
  -999999.00000  -999999.00000  -999999.00000  -999999.00000  -999999.00000  -999999.00000  -999999.00000  -999999.00000
ULLUM_EMBALSE                              -31.46670   -68.66670   768.00000 2026-07-05 04:15:00     1
     1     1      274.85000       81.00000    92890.00000  -999999.00000        4.50000       50.00000  -999999.00000
  -999999.00000  -999999.00000  -999999.00000  -999999.00000  -999999.00000  -999999.00000  -999999.00000  -999999.00000
PUNTA_NEGRA                                -31.51920   -68.81780   800.00000 2026-07-05 04:15:00     1
     1     1      273.95000       83.00000    92090.00000  -999999.00000        0.20000      229.00000  -999999.00000
  -999999.00000  -999999.00000  -999999.00000  -999999.00000  -999999.00000  -999999.00000  -999999.00000  -999999.00000
ECOHUMUS                                   -31.65000   -68.30000   600.00000 2026-07-05 04:15:00     1
     1     1      270.45000       93.00000    95400.00000  -999999.00000        0.90000      206.00000  -999999.00000
  -999999.00000  -999999.00000  -999999.00000  -999999.00000  -999999.00000  -999999.00000  -999999.00000  -999999.00000
INTA_POCITO                                -31.65000   -68.58330   615.00000 2026-07-05 04:20:00     1
     1     1      273.45000       88.00000    94580.00000  -999999.00000        0.00000      290.00000  -999999.00000
  -999999.00000  -999999.00000  -999999.00000  -999999.00000  -999999.00000  -999999.00000  -999999.00000  -999999.00000
ULLUM_EMBALSE                              -31.46670   -68.66670   768.00000 2026-07-05 04:20:00     1
     1     1      274.95000       82.00000    92880.00000  -999999.00000        6.20000       43.00000  -999999.00000
  -999999.00000  -999999.00000  -999999.00000  -999999.00000  -999999.00000  -999999.00000  -999999.00000  -999999.00000
PUNTA_NEGRA                                -31.51920   -68.81780   800.00000 2026-07-05 04:20:00     1
     1     1      273.95000       83.00000    92090.00000  -999999.00000        1.40000      237.00000  -999999.00000
  -999999.00000  -999999.00000  -999999.00000  -999999.00000  -999999.00000  -999999.00000  -999999.00000  -999999.00000
ECOHUMUS                                   -31.65000   -68.30000   600.00000 2026-07-05 04:20:00     1
     1     1      270.35000       93.00000    95400.00000  -999999.00000        0.50000      220.00000  -999999.00000
  -999999.00000  -999999.00000  -999999.00000  -999999.00000  -999999.00000  -999999.00000  -999999.00000  -999999.00000
INTA_POCITO                                -31.65000   -68.58330   615.00000 2026-07-05 04:25:00     1
     1     1      273.25000       88.00000    94590.00000  -999999.00000        0.00000      272.00000  -999999.00000
  -999999.00000  -999999.00000  -999999.00000  -999999.00000  -999999.00000  -999999.00000  -999999.00000  -999999.00000
ULLUM_EMBALSE                              -31.46670   -68.66670   768.00000 2026-07-05 04:25:00     1
     1     1      275.15000       81.00000    92890.00000  -999999.00000        7.10000       41.00000  -999999.00000
  -999999.00000  -999999.00000  -999999.00000  -999999.00000  -999999.00000  -999999.00000  -999999.00000  -999999.00000
PUNTA_NEGRA                                -31.51920   -68.81780   800.00000 2026-07-05 04:25:00     1
     1     1      273.95000       83.00000    92090.00000  -999999.00000        0.20000      227.00000  -999999.00000
  -999999.00000  -999999.00000  -999999.00000  -999999.00000  -999999.00000  -999999.00000  -999999.00000  -999999.00000
ECOHUMUS                                   -31.65000   -68.30000   600.00000 2026-07-05 04:25:00     1
     1     1      270.45000       93.00000    95400.00000  -999999.00000        0.40000      217.00000  -999999.00000
  -999999.00000  -999999.00000  -999999.00000  -999999.00000  -999999.00000  -999999.00000  -999999.00000  -999999.00000
INTA_POCITO                                -31.65000   -68.58330   615.00000 2026-07-05 04:30:00     1
     1     1      273.55000       88.00000    94580.00000  -999999.00000        0.00000      327.00000  -999999.00000
  -999999.00000  -999999.00000  -999999.00000  -999999.00000  -999999.00000  -999999.00000  -999999.00000  -999999.00000
ULLUM_EMBALSE                              -31.46670   -68.66670   768.00000 2026-07-05 04:30:00     1
     1     1      275.05000       81.00000    92890.00000  -999999.00000        4.20000      357.00000  -999999.00000
  -999999.00000  -999999.00000  -999999.00000  -999999.00000  -999999.00000  -999999.00000  -999999.00000  -999999.00000
PUNTA_NEGRA                                -31.51920   -68.81780   800.00000 2026-07-05 04:30:00     1
     1     1      273.85000       84.00000    92090.00000  -999999.00000        0.00000      182.00000  -999999.00000
  -999999.00000  -999999.00000  -999999.00000  -999999.00000  -999999.00000  -999999.00000  -999999.00000  -999999.00000
ECOHUMUS                                   -31.65000   -68.30000   600.00000 2026-07-05 04:30:00     1
     1     1      270.45000       93.00000    95410.00000  -999999.00000        0.70000      217.00000  -999999.00000
  -999999.00000  -999999.00000  -999999.00000  -999999.00000  -999999.00000  -999999.00000  -999999.00000  -999999.00000
INTA_POCITO                                -31.65000   -68.58330   615.00000 2026-07-05 04:35:00     1
     1     1      273.55000       88.00000    94570.00000  -999999.00000        0.00000      339.00000  -999999.00000
  -999999.00000  -999999.00000  -999999.00000  -999999.00000  -999999.00000  -999999.00000  -999999.00000  -999999.00000
ULLUM_EMBALSE                              -31.46670   -68.66670   768.00000 2026-07-05 04:35:00     1
     1     1      274.95000       81.00000    92890.00000  -999999.00000        4.80000      345.00000  -999999.00000
  -999999.00000  -999999.00000  -999999.00000  -999999.00000  -999999.00000  -999999.00000  -999999.00000  -999999.00000
PUNTA_NEGRA                                -31.51920   -68.81780   800.00000 2026-07-05 04:35:00     1
     1     1      273.55000       84.00000    92070.00000  -999999.00000        0.10000      216.00000  -999999.00000
  -999999.00000  -999999.00000  -999999.00000  -999999.00000  -999999.00000  -999999.00000  -999999.00000  -999999.00000
ECOHUMUS                                   -31.65000   -68.30000   600.00000 2026-07-05 04:35:00     1
     1     1      270.85000       94.00000    95410.00000  -999999.00000        1.20000      217.00000  -999999.00000
  -999999.00000  -999999.00000  -999999.00000  -999999.00000  -999999.00000  -999999.00000  -999999.00000  -999999.00000
INTA_POCITO                                -31.65000   -68.58330   615.00000 2026-07-05 04:40:00     1
     1     1      273.65000       88.00000    94570.00000  -999999.00000        0.00000      340.00000  -999999.00000
  -999999.00000  -999999.00000  -999999.00000  -999999.00000  -999999.00000  -999999.00000  -999999.00000  -999999.00000
ULLUM_EMBALSE                              -31.46670   -68.66670   768.00000 2026-07-05 04:40:00     1
     1     1      274.85000       81.00000    92890.00000  -999999.00000        4.80000      341.00000  -999999.00000
  -999999.00000  -999999.00000  -999999.00000  -999999.00000  -999999.00000  -999999.00000  -999999.00000  -999999.00000
PUNTA_NEGRA                                -31.51920   -68.81780   800.00000 2026-07-05 04:40:00     1
     1     1      273.45000       84.00000    92080.00000  -999999.00000        0.00000      211.00000  -999999.00000
  -999999.00000  -999999.00000  -999999.00000  -999999.00000  -999999.00000  -999999.00000  -999999.00000  -999999.00000
ECOHUMUS                                   -31.65000   -68.30000   600.00000 2026-07-05 04:40:00     1
     1     1      270.75000       94.00000    95410.00000  -999999.00000        0.10000      217.00000  -999999.00000
  -999999.00000  -999999.00000  -999999.00000  -999999.00000  -999999.00000  -999999.00000  -999999.00000  -999999.00000
INTA_POCITO                                -31.65000   -68.58330   615.00000 2026-07-05 04:45:00     1
     1     1      273.45000       88.00000    94580.00000  -999999.00000        0.00000      342.00000  -999999.00000
  -999999.00000  -999999.00000  -999999.00000  -999999.00000  -999999.00000  -999999.00000  -999999.00000  -999999.00000
ULLUM_EMBALSE                              -31.46670   -68.66670   768.00000 2026-07-05 04:45:00     1
     1     1      274.75000       82.00000    92880.00000  -999999.00000        4.60000      359.00000  -999999.00000
  -999999.00000  -999999.00000  -999999.00000  -999999.00000  -999999.00000  -999999.00000  -999999.00000  -999999.00000
PUNTA_NEGRA                                -31.51920   -68.81780   800.00000 2026-07-05 04:45:00     1
     1     1      273.45000       84.00000    92090.00000  -999999.00000        0.00000      207.00000  -999999.00000
  -999999.00000  -999999.00000  -999999.00000  -999999.00000  -999999.00000  -999999.00000  -999999.00000  -999999.00000
ECOHUMUS                                   -31.65000   -68.30000   600.00000 2026-07-05 04:45:00     1
     1     1      270.15000       94.00000    95420.00000  -999999.00000        0.70000      229.00000  -999999.00000
  -999999.00000  -999999.00000  -999999.00000  -999999.00000  -999999.00000  -999999.00000  -999999.00000  -999999.00000
INTA_POCITO                                -31.65000   -68.58330   615.00000 2026-07-05 04:50:00     1
     1     1      272.55000       87.00000    94580.00000  -999999.00000        0.00000      345.00000  -999999.00000
  -999999.00000  -999999.00000  -999999.00000  -999999.00000  -999999.00000  -999999.00000  -999999.00000  -999999.00000
ULLUM_EMBALSE                              -31.46670   -68.66670   768.00000 2026-07-05 04:50:00     1
     1     1      274.55000       83.00000    92890.00000  -999999.00000        5.10000        5.00000  -999999.00000
  -999999.00000  -999999.00000  -999999.00000  -999999.00000  -999999.00000  -999999.00000  -999999.00000  -999999.00000
PUNTA_NEGRA                                -31.51920   -68.81780   800.00000 2026-07-05 04:50:00     1
     1     1      273.45000       85.00000    92070.00000  -999999.00000        0.00000      213.00000  -999999.00000
  -999999.00000  -999999.00000  -999999.00000  -999999.00000  -999999.00000  -999999.00000  -999999.00000  -999999.00000
ECOHUMUS                                   -31.65000   -68.30000   600.00000 2026-07-05 04:50:00     1
     1     1      269.95000       94.00000    95410.00000  -999999.00000        0.10000      223.00000  -999999.00000
  -999999.00000  -999999.00000  -999999.00000  -999999.00000  -999999.00000  -999999.00000  -999999.00000  -999999.00000
INTA_POCITO                                -31.65000   -68.58330   615.00000 2026-07-05 04:55:00     1
     1     1      272.05000       87.00000    94580.00000  -999999.00000        0.00000      345.00000  -999999.00000
  -999999.00000  -999999.00000  -999999.00000  -999999.00000  -999999.00000  -999999.00000  -999999.00000  -999999.00000
ULLUM_EMBALSE                              -31.46670   -68.66670   768.00000 2026-07-05 04:55:00     1
     1     1      274.45000       83.00000    92890.00000  -999999.00000        8.10000      346.00000  -999999.00000
  -999999.00000  -999999.00000  -999999.00000  -999999.00000  -999999.00000  -999999.00000  -999999.00000  -999999.00000
PUNTA_NEGRA                                -31.51920   -68.81780   800.00000 2026-07-05 04:55:00     1
     1     1      273.55000       85.00000    92070.00000  -999999.00000        0.10000      250.00000  -999999.00000
  -999999.00000  -999999.00000  -999999.00000  -999999.00000  -999999.00000  -999999.00000  -999999.00000  -999999.00000
ECOHUMUS                                   -31.65000   -68.30000   600.00000 2026-07-05 04:55:00     1
     1     1      270.05000       94.00000    95410.00000  -999999.00000        1.20000      236.00000  -999999.00000
  -999999.00000  -999999.00000  -999999.00000  -999999.00000  -999999.00000  -999999.00000  -999999.00000  -999999.00000
INTA_POCITO                                -31.65000   -68.58330   615.00000 2026-07-05 05:00:00     1
     1     1      271.95000       88.00000    94580.00000  -999999.00000        0.00000      344.00000  -999999.00000
  -999999.00000  -999999.00000  -999999.00000  -999999.00000  -999999.00000  -999999.00000  -999999.00000  -999999.00000
ULLUM_EMBALSE                              -31.46670   -68.66670   768.00000 2026-07-05 05:00:00     1
     1     1      274.35000       83.00000    92890.00000  -999999.00000        3.50000       26.00000  -999999.00000
  -999999.00000  -999999.00000  -999999.00000  -999999.00000  -999999.00000  -999999.00000  -999999.00000  -999999.00000
PUNTA_NEGRA                                -31.51920   -68.81780   800.00000 2026-07-05 05:00:00     1
     1     1      273.55000       85.00000    92080.00000  -999999.00000        0.00000      215.00000  -999999.00000
  -999999.00000  -999999.00000  -999999.00000  -999999.00000  -999999.00000  -999999.00000  -999999.00000  -999999.00000
ECOHUMUS                                   -31.65000   -68.30000   600.00000 2026-07-05 05:00:00     1
     1     1      269.95000       94.00000    95410.00000  -999999.00000        0.90000      259.00000  -999999.00000
  -999999.00000  -999999.00000  -999999.00000  -999999.00000  -999999.00000  -999999.00000  -999999.00000  -999999.00000
INTA_POCITO                                -31.65000   -68.58330   615.00000 2026-07-05 05:05:00     1
     1     1      272.15000       88.00000    94570.00000  -999999.00000        0.00000      345.00000  -999999.00000
  -999999.00000  -999999.00000  -999999.00000  -999999.00000  -999999.00000  -999999.00000  -999999.00000  -999999.00000
ULLUM_EMBALSE                              -31.46670   -68.66670   768.00000 2026-07-05 05:05:00     1
     1     1      274.45000       84.00000    92880.00000  -999999.00000        6.00000        2.00000  -999999.00000
  -999999.00000  -999999.00000  -999999.00000  -999999.00000  -999999.00000  -999999.00000  -999999.00000  -999999.00000
PUNTA_NEGRA                                -31.51920   -68.81780   800.00000 2026-07-05 05:05:00     1
     1     1      273.45000       85.00000    92070.00000  -999999.00000        0.00000      211.00000  -999999.00000
  -999999.00000  -999999.00000  -999999.00000  -999999.00000  -999999.00000  -999999.00000  -999999.00000  -999999.00000
ECOHUMUS                                   -31.65000   -68.30000   600.00000 2026-07-05 05:05:00     1
     1     1      270.25000       94.00000    95420.00000  -999999.00000        0.50000      247.00000  -999999.00000
  -999999.00000  -999999.00000  -999999.00000  -999999.00000  -999999.00000  -999999.00000  -999999.00000  -999999.00000
INTA_POCITO                                -31.65000   -68.58330   615.00000 2026-07-05 05:10:00     1
     1     1      271.75000       88.00000    94570.00000  -999999.00000        0.00000      345.00000  -999999.00000
  -999999.00000  -999999.00000  -999999.00000  -999999.00000  -999999.00000  -999999.00000  -999999.00000  -999999.00000
ULLUM_EMBALSE                              -31.46670   -68.66670   768.00000 2026-07-05 05:10:00     1
     1     1      274.45000       84.00000    92880.00000  -999999.00000       10.30000      357.00000  -999999.00000
  -999999.00000  -999999.00000  -999999.00000  -999999.00000  -999999.00000  -999999.00000  -999999.00000  -999999.00000
PUNTA_NEGRA                                -31.51920   -68.81780   800.00000 2026-07-05 05:10:00     1
     1     1      273.45000       85.00000    92090.00000  -999999.00000        0.50000      156.00000  -999999.00000
  -999999.00000  -999999.00000  -999999.00000  -999999.00000  -999999.00000  -999999.00000  -999999.00000  -999999.00000
ECOHUMUS                                   -31.65000   -68.30000   600.00000 2026-07-05 05:10:00     1
     1     1      270.75000       94.00000    95410.00000  -999999.00000        2.00000      286.00000  -999999.00000
  -999999.00000  -999999.00000  -999999.00000  -999999.00000  -999999.00000  -999999.00000  -999999.00000  -999999.00000
INTA_POCITO                                -31.65000   -68.58330   615.00000 2026-07-05 05:15:00     1
     1     1      271.35000       88.00000    94590.00000  -999999.00000        0.00000      344.00000  -999999.00000
  -999999.00000  -999999.00000  -999999.00000  -999999.00000  -999999.00000  -999999.00000  -999999.00000  -999999.00000
ULLUM_EMBALSE                              -31.46670   -68.66670   768.00000 2026-07-05 05:15:00     1
     1     1      274.45000       83.00000    92890.00000  -999999.00000       12.60000      345.00000  -999999.00000
  -999999.00000  -999999.00000  -999999.00000  -999999.00000  -999999.00000  -999999.00000  -999999.00000  -999999.00000
PUNTA_NEGRA                                -31.51920   -68.81780   800.00000 2026-07-05 05:15:00     1
     1     1      273.65000       83.00000    92100.00000  -999999.00000        1.20000      174.00000  -999999.00000
  -999999.00000  -999999.00000  -999999.00000  -999999.00000  -999999.00000  -999999.00000  -999999.00000  -999999.00000
ECOHUMUS                                   -31.65000   -68.30000   600.00000 2026-07-05 05:15:00     1
     1     1      271.35000       94.00000    95410.00000  -999999.00000        1.10000      295.00000  -999999.00000
  -999999.00000  -999999.00000  -999999.00000  -999999.00000  -999999.00000  -999999.00000  -999999.00000  -999999.00000
INTA_POCITO                                -31.65000   -68.58330   615.00000 2026-07-05 05:20:00     1
     1     1      271.15000       88.00000    94580.00000  -999999.00000        0.00000      344.00000  -999999.00000
  -999999.00000  -999999.00000  -999999.00000  -999999.00000  -999999.00000  -999999.00000  -999999.00000  -999999.00000
ULLUM_EMBALSE                              -31.46670   -68.66670   768.00000 2026-07-05 05:20:00     1
     1     1      274.35000       83.00000    92890.00000  -999999.00000        7.60000      321.00000  -999999.00000
  -999999.00000  -999999.00000  -999999.00000  -999999.00000  -999999.00000  -999999.00000  -999999.00000  -999999.00000
PUNTA_NEGRA                                -31.51920   -68.81780   800.00000 2026-07-05 05:20:00     1
     1     1      273.45000       83.00000    92100.00000  -999999.00000        0.00000      188.00000  -999999.00000
  -999999.00000  -999999.00000  -999999.00000  -999999.00000  -999999.00000  -999999.00000  -999999.00000  -999999.00000
ECOHUMUS                                   -31.65000   -68.30000   600.00000 2026-07-05 05:20:00     1
     1     1      271.35000       94.00000    95410.00000  -999999.00000        0.10000      306.00000  -999999.00000
  -999999.00000  -999999.00000  -999999.00000  -999999.00000  -999999.00000  -999999.00000  -999999.00000  -999999.00000
INTA_POCITO                                -31.65000   -68.58330   615.00000 2026-07-05 05:25:00     1
     1     1      270.95000       89.00000    94580.00000  -999999.00000        0.00000      344.00000  -999999.00000
  -999999.00000  -999999.00000  -999999.00000  -999999.00000  -999999.00000  -999999.00000  -999999.00000  -999999.00000
ULLUM_EMBALSE                              -31.46670   -68.66670   768.00000 2026-07-05 05:25:00     1
     1     1      274.35000       84.00000    92890.00000  -999999.00000        8.60000      340.00000  -999999.00000
  -999999.00000  -999999.00000  -999999.00000  -999999.00000  -999999.00000  -999999.00000  -999999.00000  -999999.00000
PUNTA_NEGRA                                -31.51920   -68.81780   800.00000 2026-07-05 05:25:00     1
     1     1      272.95000       84.00000    92080.00000  -999999.00000        0.10000      195.00000  -999999.00000
  -999999.00000  -999999.00000  -999999.00000  -999999.00000  -999999.00000  -999999.00000  -999999.00000  -999999.00000
ECOHUMUS                                   -31.65000   -68.30000   600.00000 2026-07-05 05:25:00     1
     1     1      271.05000       94.00000    95410.00000  -999999.00000        0.20000      243.00000  -999999.00000
  -999999.00000  -999999.00000  -999999.00000  -999999.00000  -999999.00000  -999999.00000  -999999.00000  -999999.00000
INTA_POCITO                                -31.65000   -68.58330   615.00000 2026-07-05 05:30:00     1
     1     1      270.65000       89.00000    94580.00000  -999999.00000        0.00000      341.00000  -999999.00000
  -999999.00000  -999999.00000  -999999.00000  -999999.00000  -999999.00000  -999999.00000  -999999.00000  -999999.00000
ULLUM_EMBALSE                              -31.46670   -68.66670   768.00000 2026-07-05 05:30:00     1
     1     1      274.35000       85.00000    92890.00000  -999999.00000       12.70000      326.00000  -999999.00000
  -999999.00000  -999999.00000  -999999.00000  -999999.00000  -999999.00000  -999999.00000  -999999.00000  -999999.00000
PUNTA_NEGRA                                -31.51920   -68.81780   800.00000 2026-07-05 05:30:00     1
     1     1      272.65000       86.00000    92080.00000  -999999.00000        0.80000      153.00000  -999999.00000
  -999999.00000  -999999.00000  -999999.00000  -999999.00000  -999999.00000  -999999.00000  -999999.00000  -999999.00000
ECOHUMUS                                   -31.65000   -68.30000   600.00000 2026-07-05 05:30:00     1
     1     1      271.15000       94.00000    95410.00000  -999999.00000        0.90000      252.00000  -999999.00000
  -999999.00000  -999999.00000  -999999.00000  -999999.00000  -999999.00000  -999999.00000  -999999.00000  -999999.00000
INTA_POCITO                                -31.65000   -68.58330   615.00000 2026-07-05 05:35:00     1
     1     1      270.95000       89.00000    94590.00000  -999999.00000        0.00000      339.00000  -999999.00000
  -999999.00000  -999999.00000  -999999.00000  -999999.00000  -999999.00000  -999999.00000  -999999.00000  -999999.00000
ULLUM_EMBALSE                              -31.46670   -68.66670   768.00000 2026-07-05 05:35:00     1
     1     1      274.15000       85.00000    92920.00000  -999999.00000       10.10000      324.00000  -999999.00000
  -999999.00000  -999999.00000  -999999.00000  -999999.00000  -999999.00000  -999999.00000  -999999.00000  -999999.00000
PUNTA_NEGRA                                -31.51920   -68.81780   800.00000 2026-07-05 05:35:00     1
     1     1      272.75000       86.00000    92090.00000  -999999.00000        1.40000      138.00000  -999999.00000
  -999999.00000  -999999.00000  -999999.00000  -999999.00000  -999999.00000  -999999.00000  -999999.00000  -999999.00000
ECOHUMUS                                   -31.65000   -68.30000   600.00000 2026-07-05 05:35:00     1
     1     1      271.85000       94.00000    95420.00000  -999999.00000        1.80000      341.00000  -999999.00000
  -999999.00000  -999999.00000  -999999.00000  -999999.00000  -999999.00000  -999999.00000  -999999.00000  -999999.00000
INTA_POCITO                                -31.65000   -68.58330   615.00000 2026-07-05 05:40:00     1
     1     1      271.15000       89.00000    94580.00000  -999999.00000        0.00000      335.00000  -999999.00000
  -999999.00000  -999999.00000  -999999.00000  -999999.00000  -999999.00000  -999999.00000  -999999.00000  -999999.00000
ULLUM_EMBALSE                              -31.46670   -68.66670   768.00000 2026-07-05 05:40:00     1
     1     1      274.45000       85.00000    92900.00000  -999999.00000        8.60000      306.00000  -999999.00000
  -999999.00000  -999999.00000  -999999.00000  -999999.00000  -999999.00000  -999999.00000  -999999.00000  -999999.00000
PUNTA_NEGRA                                -31.51920   -68.81780   800.00000 2026-07-05 05:40:00     1
     1     1      272.85000       86.00000    92080.00000  -999999.00000        0.00000      195.00000  -999999.00000
  -999999.00000  -999999.00000  -999999.00000  -999999.00000  -999999.00000  -999999.00000  -999999.00000  -999999.00000
ECOHUMUS                                   -31.65000   -68.30000   600.00000 2026-07-05 05:40:00     1
     1     1      271.55000       94.00000    95410.00000  -999999.00000        3.80000      351.00000  -999999.00000
  -999999.00000  -999999.00000  -999999.00000  -999999.00000  -999999.00000  -999999.00000  -999999.00000  -999999.00000
INTA_POCITO                                -31.65000   -68.58330   615.00000 2026-07-05 05:45:00     1
     1     1      271.45000       89.00000    94590.00000  -999999.00000        0.00000      336.00000  -999999.00000
  -999999.00000  -999999.00000  -999999.00000  -999999.00000  -999999.00000  -999999.00000  -999999.00000  -999999.00000
ULLUM_EMBALSE                              -31.46670   -68.66670   768.00000 2026-07-05 05:45:00     1
     1     1      274.55000       85.00000    92900.00000  -999999.00000       12.70000      327.00000  -999999.00000
  -999999.00000  -999999.00000  -999999.00000  -999999.00000  -999999.00000  -999999.00000  -999999.00000  -999999.00000
PUNTA_NEGRA                                -31.51920   -68.81780   800.00000 2026-07-05 05:45:00     1
     1     1      272.65000       86.00000    92090.00000  -999999.00000        0.00000      207.00000  -999999.00000
  -999999.00000  -999999.00000  -999999.00000  -999999.00000  -999999.00000  -999999.00000  -999999.00000  -999999.00000
ECOHUMUS                                   -31.65000   -68.30000   600.00000 2026-07-05 05:45:00     1
     1     1      271.65000       94.00000    95420.00000  -999999.00000        3.20000      343.00000  -999999.00000
  -999999.00000  -999999.00000  -999999.00000  -999999.00000  -999999.00000  -999999.00000  -999999.00000  -999999.00000
INTA_POCITO                                -31.65000   -68.58330   615.00000 2026-07-05 05:50:00     1
     1     1      271.45000       89.00000    94590.00000  -999999.00000        0.00000      337.00000  -999999.00000
  -999999.00000  -999999.00000  -999999.00000  -999999.00000  -999999.00000  -999999.00000  -999999.00000  -999999.00000
ULLUM_EMBALSE                              -31.46670   -68.66670   768.00000 2026-07-05 05:50:00     1
     1     1      274.55000       85.00000    92890.00000  -999999.00000       10.70000      338.00000  -999999.00000
  -999999.00000  -999999.00000  -999999.00000  -999999.00000  -999999.00000  -999999.00000  -999999.00000  -999999.00000
PUNTA_NEGRA                                -31.51920   -68.81780   800.00000 2026-07-05 05:50:00     1
     1     1      272.55000       86.00000    92090.00000  -999999.00000        0.00000      216.00000  -999999.00000
  -999999.00000  -999999.00000  -999999.00000  -999999.00000  -999999.00000  -999999.00000  -999999.00000  -999999.00000
ECOHUMUS                                   -31.65000   -68.30000   600.00000 2026-07-05 05:50:00     1
     1     1      271.95000       94.00000    95420.00000  -999999.00000        3.00000        2.00000  -999999.00000
  -999999.00000  -999999.00000  -999999.00000  -999999.00000  -999999.00000  -999999.00000  -999999.00000  -999999.00000
INTA_POCITO                                -31.65000   -68.58330   615.00000 2026-07-05 05:55:00     1
     1     1      270.65000       89.00000    94590.00000  -999999.00000        0.00000      337.00000  -999999.00000
  -999999.00000  -999999.00000  -999999.00000  -999999.00000  -999999.00000  -999999.00000  -999999.00000  -999999.00000
ULLUM_EMBALSE                              -31.46670   -68.66670   768.00000 2026-07-05 05:55:00     1
     1     1      274.45000       85.00000    92900.00000  -999999.00000        9.00000      336.00000  -999999.00000
  -999999.00000  -999999.00000  -999999.00000  -999999.00000  -999999.00000  -999999.00000  -999999.00000  -999999.00000
PUNTA_NEGRA                                -31.51920   -68.81780   800.00000 2026-07-05 05:55:00     1
     1     1      272.55000       86.00000    92090.00000  -999999.00000        0.00000      212.00000  -999999.00000
  -999999.00000  -999999.00000  -999999.00000  -999999.00000  -999999.00000  -999999.00000  -999999.00000  -999999.00000
ECOHUMUS                                   -31.65000   -68.30000   600.00000 2026-07-05 05:55:00     1
     1     1      272.25000       94.00000    95420.00000  -999999.00000        3.00000      348.00000  -999999.00000
  -999999.00000  -999999.00000  -999999.00000  -999999.00000  -999999.00000  -999999.00000  -999999.00000  -999999.00000
INTA_POCITO                                -31.65000   -68.58330   615.00000 2026-07-05 06:00:00     1
     1     1      270.45000       90.00000    94580.00000  -999999.00000        0.00000      337.00000  -999999.00000
  -999999.00000  -999999.00000  -999999.00000  -999999.00000  -999999.00000  -999999.00000  -999999.00000  -999999.00000
ULLUM_EMBALSE                              -31.46670   -68.66670   768.00000 2026-07-05 06:00:00     1
     1     1      274.65000       85.00000    92890.00000  -999999.00000       10.60000      327.00000  -999999.00000
  -999999.00000  -999999.00000  -999999.00000  -999999.00000  -999999.00000  -999999.00000  -999999.00000  -999999.00000
PUNTA_NEGRA                                -31.51920   -68.81780   800.00000 2026-07-05 06:00:00     1
     1     1      272.55000       86.00000    92100.00000  -999999.00000        0.30000      220.00000  -999999.00000
  -999999.00000  -999999.00000  -999999.00000  -999999.00000  -999999.00000  -999999.00000  -999999.00000  -999999.00000
ECOHUMUS                                   -31.65000   -68.30000   600.00000 2026-07-05 06:00:00     1
     1     1      272.25000       94.00000    95420.00000  -999999.00000        3.30000      353.00000  -999999.00000
  -999999.00000  -999999.00000  -999999.00000  -999999.00000  -999999.00000  -999999.00000  -999999.00000  -999999.00000
INTA_POCITO                                -31.65000   -68.58330   615.00000 2026-07-05 06:05:00     1
     1     1      270.25000       90.00000    94580.00000  -999999.00000        0.00000      337.00000  -999999.00000
  -999999.00000  -999999.00000  -999999.00000  -999999.00000  -999999.00000  -999999.00000  -999999.00000  -999999.00000
ULLUM_EMBALSE                              -31.46670   -68.66670   768.00000 2026-07-05 06:05:00     1
     1     1      274.65000       85.00000    92900.00000  -999999.00000       13.20000      335.00000  -999999.00000
  -999999.00000  -999999.00000  -999999.00000  -999999.00000  -999999.00000  -999999.00000  -999999.00000  -999999.00000
PUNTA_NEGRA                                -31.51920   -68.81780   800.00000 2026-07-05 06:05:00     1
     1     1      272.55000       86.00000    92100.00000  -999999.00000        0.00000      208.00000  -999999.00000
  -999999.00000  -999999.00000  -999999.00000  -999999.00000  -999999.00000  -999999.00000  -999999.00000  -999999.00000
ECOHUMUS                                   -31.65000   -68.30000   600.00000 2026-07-05 06:05:00     1
     1     1      272.25000       94.00000    95430.00000  -999999.00000        1.90000      351.00000  -999999.00000
  -999999.00000  -999999.00000  -999999.00000  -999999.00000  -999999.00000  -999999.00000  -999999.00000  -999999.00000
INTA_POCITO                                -31.65000   -68.58330   615.00000 2026-07-05 06:10:00     1
     1     1      270.15000       90.00000    94580.00000  -999999.00000        0.00000      337.00000  -999999.00000
  -999999.00000  -999999.00000  -999999.00000  -999999.00000  -999999.00000  -999999.00000  -999999.00000  -999999.00000
ULLUM_EMBALSE                              -31.46670   -68.66670   768.00000 2026-07-05 06:10:00     1
     1     1      274.35000       85.00000    92900.00000  -999999.00000       12.70000      337.00000  -999999.00000
  -999999.00000  -999999.00000  -999999.00000  -999999.00000  -999999.00000  -999999.00000  -999999.00000  -999999.00000
PUNTA_NEGRA                                -31.51920   -68.81780   800.00000 2026-07-05 06:10:00     1
     1     1      272.35000       87.00000    92100.00000  -999999.00000        0.00000      197.00000  -999999.00000
  -999999.00000  -999999.00000  -999999.00000  -999999.00000  -999999.00000  -999999.00000  -999999.00000  -999999.00000
ECOHUMUS                                   -31.65000   -68.30000   600.00000 2026-07-05 06:10:00     1
     1     1      272.25000       94.00000    95420.00000  -999999.00000        3.20000        5.00000  -999999.00000
  -999999.00000  -999999.00000  -999999.00000  -999999.00000  -999999.00000  -999999.00000  -999999.00000  -999999.00000
INTA_POCITO                                -31.65000   -68.58330   615.00000 2026-07-05 06:15:00     1
     1     1      270.65000       90.00000    94580.00000  -999999.00000        0.00000      343.00000  -999999.00000
  -999999.00000  -999999.00000  -999999.00000  -999999.00000  -999999.00000  -999999.00000  -999999.00000  -999999.00000
ULLUM_EMBALSE                              -31.46670   -68.66670   768.00000 2026-07-05 06:15:00     1
     1     1      274.45000       85.00000    92900.00000  -999999.00000        9.20000      317.00000  -999999.00000
  -999999.00000  -999999.00000  -999999.00000  -999999.00000  -999999.00000  -999999.00000  -999999.00000  -999999.00000
PUNTA_NEGRA                                -31.51920   -68.81780   800.00000 2026-07-05 06:15:00     1
     1     1      272.25000       87.00000    92110.00000  -999999.00000        0.00000      197.00000  -999999.00000
  -999999.00000  -999999.00000  -999999.00000  -999999.00000  -999999.00000  -999999.00000  -999999.00000  -999999.00000
ECOHUMUS                                   -31.65000   -68.30000   600.00000 2026-07-05 06:15:00     1
     1     1      272.25000       94.00000    95420.00000  -999999.00000        2.70000      356.00000  -999999.00000
  -999999.00000  -999999.00000  -999999.00000  -999999.00000  -999999.00000  -999999.00000  -999999.00000  -999999.00000
INTA_POCITO                                -31.65000   -68.58330   615.00000 2026-07-05 06:20:00     1
     1     1      271.75000       90.00000    94590.00000  -999999.00000        0.00000      345.00000  -999999.00000
  -999999.00000  -999999.00000  -999999.00000  -999999.00000  -999999.00000  -999999.00000  -999999.00000  -999999.00000
ULLUM_EMBALSE                              -31.46670   -68.66670   768.00000 2026-07-05 06:20:00     1
     1     1      274.65000       86.00000    92900.00000  -999999.00000        7.90000      289.00000  -999999.00000
  -999999.00000  -999999.00000  -999999.00000  -999999.00000  -999999.00000  -999999.00000  -999999.00000  -999999.00000
PUNTA_NEGRA                                -31.51920   -68.81780   800.00000 2026-07-05 06:20:00     1
     1     1      272.15000       87.00000    92100.00000  -999999.00000        0.00000      208.00000  -999999.00000
  -999999.00000  -999999.00000  -999999.00000  -999999.00000  -999999.00000  -999999.00000  -999999.00000  -999999.00000
ECOHUMUS                                   -31.65000   -68.30000   600.00000 2026-07-05 06:20:00     1
     1     1      272.45000       94.00000    95420.00000  -999999.00000        2.40000       25.00000  -999999.00000
  -999999.00000  -999999.00000  -999999.00000  -999999.00000  -999999.00000  -999999.00000  -999999.00000  -999999.00000
INTA_POCITO                                -31.65000   -68.58330   615.00000 2026-07-05 06:25:00     1
     1     1      272.15000       90.00000    94600.00000  -999999.00000        0.00000      346.00000  -999999.00000
  -999999.00000  -999999.00000  -999999.00000  -999999.00000  -999999.00000  -999999.00000  -999999.00000  -999999.00000
ULLUM_EMBALSE                              -31.46670   -68.66670   768.00000 2026-07-05 06:25:00     1
     1     1      274.55000       86.00000    92900.00000  -999999.00000        8.70000      277.00000  -999999.00000
  -999999.00000  -999999.00000  -999999.00000  -999999.00000  -999999.00000  -999999.00000  -999999.00000  -999999.00000
PUNTA_NEGRA                                -31.51920   -68.81780   800.00000 2026-07-05 06:25:00     1
     1     1      272.35000       88.00000    92100.00000  -999999.00000        0.60000      226.00000  -999999.00000
  -999999.00000  -999999.00000  -999999.00000  -999999.00000  -999999.00000  -999999.00000  -999999.00000  -999999.00000
ECOHUMUS                                   -31.65000   -68.30000   600.00000 2026-07-05 06:25:00     1
     1     1      272.35000       94.00000    95420.00000  -999999.00000        4.20000        6.00000  -999999.00000
  -999999.00000  -999999.00000  -999999.00000  -999999.00000  -999999.00000  -999999.00000  -999999.00000  -999999.00000
INTA_POCITO                                -31.65000   -68.58330   615.00000 2026-07-05 06:30:00     1
     1     1      272.35000       90.00000    94580.00000  -999999.00000        0.50000      304.00000  -999999.00000
  -999999.00000  -999999.00000  -999999.00000  -999999.00000  -999999.00000  -999999.00000  -999999.00000  -999999.00000
ULLUM_EMBALSE                              -31.46670   -68.66670   768.00000 2026-07-05 06:30:00     1
     1     1      274.35000       86.00000    92910.00000  -999999.00000        8.90000      285.00000  -999999.00000
  -999999.00000  -999999.00000  -999999.00000  -999999.00000  -999999.00000  -999999.00000  -999999.00000  -999999.00000
PUNTA_NEGRA                                -31.51920   -68.81780   800.00000 2026-07-05 06:30:00     1
     1     1      272.35000       87.00000    92110.00000  -999999.00000        1.20000      253.00000  -999999.00000
  -999999.00000  -999999.00000  -999999.00000  -999999.00000  -999999.00000  -999999.00000  -999999.00000  -999999.00000
ECOHUMUS                                   -31.65000   -68.30000   600.00000 2026-07-05 06:30:00     1
     1     1      272.25000       94.00000    95410.00000  -999999.00000        3.90000       13.00000  -999999.00000
  -999999.00000  -999999.00000  -999999.00000  -999999.00000  -999999.00000  -999999.00000  -999999.00000  -999999.00000
INTA_POCITO                                -31.65000   -68.58330   615.00000 2026-07-05 06:35:00     1
     1     1      272.55000       90.00000    94590.00000  -999999.00000        0.10000        1.00000  -999999.00000
  -999999.00000  -999999.00000  -999999.00000  -999999.00000  -999999.00000  -999999.00000  -999999.00000  -999999.00000
ULLUM_EMBALSE                              -31.46670   -68.66670   768.00000 2026-07-05 06:35:00     1
     1     1      274.45000       86.00000    92910.00000  -999999.00000       10.80000      318.00000  -999999.00000
  -999999.00000  -999999.00000  -999999.00000  -999999.00000  -999999.00000  -999999.00000  -999999.00000  -999999.00000
PUNTA_NEGRA                                -31.51920   -68.81780   800.00000 2026-07-05 06:35:00     1
     1     1      272.65000       87.00000    92100.00000  -999999.00000        0.40000      245.00000  -999999.00000
  -999999.00000  -999999.00000  -999999.00000  -999999.00000  -999999.00000  -999999.00000  -999999.00000  -999999.00000
ECOHUMUS                                   -31.65000   -68.30000   600.00000 2026-07-05 06:35:00     1
     1     1      272.15000       94.00000    95420.00000  -999999.00000        1.70000       22.00000  -999999.00000
  -999999.00000  -999999.00000  -999999.00000  -999999.00000  -999999.00000  -999999.00000  -999999.00000  -999999.00000
INTA_POCITO                                -31.65000   -68.58330   615.00000 2026-07-05 06:40:00     1
     1     1      272.75000       90.00000    94590.00000  -999999.00000        0.00000       24.00000  -999999.00000
  -999999.00000  -999999.00000  -999999.00000  -999999.00000  -999999.00000  -999999.00000  -999999.00000  -999999.00000
ULLUM_EMBALSE                              -31.46670   -68.66670   768.00000 2026-07-05 06:40:00     1
     1     1      274.15000       86.00000    92920.00000  -999999.00000       11.20000      328.00000  -999999.00000
  -999999.00000  -999999.00000  -999999.00000  -999999.00000  -999999.00000  -999999.00000  -999999.00000  -999999.00000
PUNTA_NEGRA                                -31.51920   -68.81780   800.00000 2026-07-05 06:40:00     1
     1     1      272.35000       87.00000    92110.00000  -999999.00000        0.00000      192.00000  -999999.00000
  -999999.00000  -999999.00000  -999999.00000  -999999.00000  -999999.00000  -999999.00000  -999999.00000  -999999.00000
ECOHUMUS                                   -31.65000   -68.30000   600.00000 2026-07-05 06:40:00     1
     1     1      272.05000       94.00000    95410.00000  -999999.00000        2.90000        5.00000  -999999.00000
  -999999.00000  -999999.00000  -999999.00000  -999999.00000  -999999.00000  -999999.00000  -999999.00000  -999999.00000
INTA_POCITO                                -31.65000   -68.58330   615.00000 2026-07-05 06:45:00     1
     1     1      272.85000       90.00000    94600.00000  -999999.00000        0.00000       23.00000  -999999.00000
  -999999.00000  -999999.00000  -999999.00000  -999999.00000  -999999.00000  -999999.00000  -999999.00000  -999999.00000
ULLUM_EMBALSE                              -31.46670   -68.66670   768.00000 2026-07-05 06:45:00     1
     1     1      273.45000       86.00000    92930.00000  -999999.00000       12.40000      343.00000  -999999.00000
  -999999.00000  -999999.00000  -999999.00000  -999999.00000  -999999.00000  -999999.00000  -999999.00000  -999999.00000
PUNTA_NEGRA                                -31.51920   -68.81780   800.00000 2026-07-05 06:45:00     1
     1     1      272.25000       88.00000    92120.00000  -999999.00000        0.10000      235.00000  -999999.00000
  -999999.00000  -999999.00000  -999999.00000  -999999.00000  -999999.00000  -999999.00000  -999999.00000  -999999.00000
ECOHUMUS                                   -31.65000   -68.30000   600.00000 2026-07-05 06:45:00     1
     1     1      272.05000       94.00000    95420.00000  -999999.00000        4.00000        6.00000  -999999.00000
  -999999.00000  -999999.00000  -999999.00000  -999999.00000  -999999.00000  -999999.00000  -999999.00000  -999999.00000
INTA_POCITO                                -31.65000   -68.58330   615.00000 2026-07-05 06:50:00     1
     1     1      272.35000       90.00000    94590.00000  -999999.00000        0.00000       25.00000  -999999.00000
  -999999.00000  -999999.00000  -999999.00000  -999999.00000  -999999.00000  -999999.00000  -999999.00000  -999999.00000
ULLUM_EMBALSE                              -31.46670   -68.66670   768.00000 2026-07-05 06:50:00     1
     1     1      273.25000       86.00000    92930.00000  -999999.00000       16.60000        3.00000  -999999.00000
  -999999.00000  -999999.00000  -999999.00000  -999999.00000  -999999.00000  -999999.00000  -999999.00000  -999999.00000
PUNTA_NEGRA                                -31.51920   -68.81780   800.00000 2026-07-05 06:50:00     1
     1     1      272.35000       88.00000    92120.00000  -999999.00000        0.10000      216.00000  -999999.00000
  -999999.00000  -999999.00000  -999999.00000  -999999.00000  -999999.00000  -999999.00000  -999999.00000  -999999.00000
ECOHUMUS                                   -31.65000   -68.30000   600.00000 2026-07-05 06:50:00     1
     1     1      271.95000       94.00000    95410.00000  -999999.00000        3.20000      342.00000  -999999.00000
  -999999.00000  -999999.00000  -999999.00000  -999999.00000  -999999.00000  -999999.00000  -999999.00000  -999999.00000
INTA_POCITO                                -31.65000   -68.58330   615.00000 2026-07-05 06:55:00     1
     1     1      271.65000       90.00000    94610.00000  -999999.00000        0.00000       25.00000  -999999.00000
  -999999.00000  -999999.00000  -999999.00000  -999999.00000  -999999.00000  -999999.00000  -999999.00000  -999999.00000
ULLUM_EMBALSE                              -31.46670   -68.66670   768.00000 2026-07-05 06:55:00     1
     1     1      273.05000       86.00000    92920.00000  -999999.00000       11.70000      357.00000  -999999.00000
  -999999.00000  -999999.00000  -999999.00000  -999999.00000  -999999.00000  -999999.00000  -999999.00000  -999999.00000
PUNTA_NEGRA                                -31.51920   -68.81780   800.00000 2026-07-05 06:55:00     1
     1     1      272.35000       88.00000    92130.00000  -999999.00000        0.00000      207.00000  -999999.00000
  -999999.00000  -999999.00000  -999999.00000  -999999.00000  -999999.00000  -999999.00000  -999999.00000  -999999.00000
ECOHUMUS                                   -31.65000   -68.30000   600.00000 2026-07-05 06:55:00     1
     1     1      271.95000       94.00000    95420.00000  -999999.00000        5.00000        9.00000  -999999.00000
  -999999.00000  -999999.00000  -999999.00000  -999999.00000  -999999.00000  -999999.00000  -999999.00000  -999999.00000
INTA_POCITO                                -31.65000   -68.58330   615.00000 2026-07-05 07:00:00     1
     1     1      271.55000       90.00000    94620.00000  -999999.00000        0.00000       25.00000  -999999.00000
  -999999.00000  -999999.00000  -999999.00000  -999999.00000  -999999.00000  -999999.00000  -999999.00000  -999999.00000
ULLUM_EMBALSE                              -31.46670   -68.66670   768.00000 2026-07-05 07:00:00     1
     1     1      272.75000       86.00000    92920.00000  -999999.00000       15.60000        3.00000  -999999.00000
  -999999.00000  -999999.00000  -999999.00000  -999999.00000  -999999.00000  -999999.00000  -999999.00000  -999999.00000
PUNTA_NEGRA                                -31.51920   -68.81780   800.00000 2026-07-05 07:00:00     1
     1     1      272.55000       88.00000    92130.00000  -999999.00000        1.40000      234.00000  -999999.00000
  -999999.00000  -999999.00000  -999999.00000  -999999.00000  -999999.00000  -999999.00000  -999999.00000  -999999.00000
ECOHUMUS                                   -31.65000   -68.30000   600.00000 2026-07-05 07:00:00     1
     1     1      271.95000       94.00000    95440.00000  -999999.00000        3.20000      339.00000  -999999.00000
  -999999.00000  -999999.00000  -999999.00000  -999999.00000  -999999.00000  -999999.00000  -999999.00000  -999999.00000
INTA_POCITO                                -31.65000   -68.58330   615.00000 2026-07-05 07:05:00     1
     1     1      271.45000       90.00000    94620.00000  -999999.00000        0.00000       25.00000  -999999.00000
  -999999.00000  -999999.00000  -999999.00000  -999999.00000  -999999.00000  -999999.00000  -999999.00000  -999999.00000
ULLUM_EMBALSE                              -31.46670   -68.66670   768.00000 2026-07-05 07:05:00     1
     1     1      272.65000       86.00000    92940.00000  -999999.00000       12.80000        0.00000  -999999.00000
  -999999.00000  -999999.00000  -999999.00000  -999999.00000  -999999.00000  -999999.00000  -999999.00000  -999999.00000
PUNTA_NEGRA                                -31.51920   -68.81780   800.00000 2026-07-05 07:05:00     1
     1     1      272.75000       87.00000    92120.00000  -999999.00000        1.10000      263.00000  -999999.00000
  -999999.00000  -999999.00000  -999999.00000  -999999.00000  -999999.00000  -999999.00000  -999999.00000  -999999.00000
ECOHUMUS                                   -31.65000   -68.30000   600.00000 2026-07-05 07:05:00     1
     1     1      271.55000       94.00000    95440.00000  -999999.00000        1.40000      322.00000  -999999.00000
  -999999.00000  -999999.00000  -999999.00000  -999999.00000  -999999.00000  -999999.00000  -999999.00000  -999999.00000
INTA_POCITO                                -31.65000   -68.58330   615.00000 2026-07-05 07:10:00     1
     1     1      271.15000       90.00000    94620.00000  -999999.00000        0.00000       25.00000  -999999.00000
  -999999.00000  -999999.00000  -999999.00000  -999999.00000  -999999.00000  -999999.00000  -999999.00000  -999999.00000
ULLUM_EMBALSE                              -31.46670   -68.66670   768.00000 2026-07-05 07:10:00     1
     1     1      272.75000       86.00000    92950.00000  -999999.00000       12.20000      356.00000  -999999.00000
  -999999.00000  -999999.00000  -999999.00000  -999999.00000  -999999.00000  -999999.00000  -999999.00000  -999999.00000
PUNTA_NEGRA                                -31.51920   -68.81780   800.00000 2026-07-05 07:10:00     1
     1     1      272.55000       87.00000    92120.00000  -999999.00000        0.60000      162.00000  -999999.00000
  -999999.00000  -999999.00000  -999999.00000  -999999.00000  -999999.00000  -999999.00000  -999999.00000  -999999.00000
ECOHUMUS                                   -31.65000   -68.30000   600.00000 2026-07-05 07:10:00     1
     1     1      271.25000       93.00000    95440.00000  -999999.00000        1.10000      321.00000  -999999.00000
  -999999.00000  -999999.00000  -999999.00000  -999999.00000  -999999.00000  -999999.00000  -999999.00000  -999999.00000
INTA_POCITO                                -31.65000   -68.58330   615.00000 2026-07-05 07:15:00     1
     1     1      271.65000       90.00000    94630.00000  -999999.00000        0.00000       31.00000  -999999.00000
  -999999.00000  -999999.00000  -999999.00000  -999999.00000  -999999.00000  -999999.00000  -999999.00000  -999999.00000
ULLUM_EMBALSE                              -31.46670   -68.66670   768.00000 2026-07-05 07:15:00     1
     1     1      272.85000       86.00000    92950.00000  -999999.00000       12.10000      356.00000  -999999.00000
  -999999.00000  -999999.00000  -999999.00000  -999999.00000  -999999.00000  -999999.00000  -999999.00000  -999999.00000
PUNTA_NEGRA                                -31.51920   -68.81780   800.00000 2026-07-05 07:15:00     1
     1     1      272.25000       87.00000    92130.00000  -999999.00000        0.40000      197.00000  -999999.00000
  -999999.00000  -999999.00000  -999999.00000  -999999.00000  -999999.00000  -999999.00000  -999999.00000  -999999.00000
ECOHUMUS                                   -31.65000   -68.30000   600.00000 2026-07-05 07:15:00     1
     1     1      271.15000       93.00000    95460.00000  -999999.00000        2.20000      322.00000  -999999.00000
  -999999.00000  -999999.00000  -999999.00000  -999999.00000  -999999.00000  -999999.00000  -999999.00000  -999999.00000
INTA_POCITO                                -31.65000   -68.58330   615.00000 2026-07-05 07:20:00     1
     1     1      272.05000       90.00000    94620.00000  -999999.00000        0.00000       36.00000  -999999.00000
  -999999.00000  -999999.00000  -999999.00000  -999999.00000  -999999.00000  -999999.00000  -999999.00000  -999999.00000
ULLUM_EMBALSE                              -31.46670   -68.66670   768.00000 2026-07-05 07:20:00     1
     1     1      272.85000       87.00000    92950.00000  -999999.00000       12.90000        2.00000  -999999.00000
  -999999.00000  -999999.00000  -999999.00000  -999999.00000  -999999.00000  -999999.00000  -999999.00000  -999999.00000
PUNTA_NEGRA                                -31.51920   -68.81780   800.00000 2026-07-05 07:20:00     1
     1     1      272.45000       87.00000    92140.00000  -999999.00000        0.80000      239.00000  -999999.00000
  -999999.00000  -999999.00000  -999999.00000  -999999.00000  -999999.00000  -999999.00000  -999999.00000  -999999.00000
ECOHUMUS                                   -31.65000   -68.30000   600.00000 2026-07-05 07:20:00     1
     1     1      271.05000       93.00000    95460.00000  -999999.00000        2.40000      322.00000  -999999.00000
  -999999.00000  -999999.00000  -999999.00000  -999999.00000  -999999.00000  -999999.00000  -999999.00000  -999999.00000
INTA_POCITO                                -31.65000   -68.58330   615.00000 2026-07-05 07:25:00     1
     1     1      272.35000       90.00000    94640.00000  -999999.00000        0.00000       38.00000  -999999.00000
  -999999.00000  -999999.00000  -999999.00000  -999999.00000  -999999.00000  -999999.00000  -999999.00000  -999999.00000
ULLUM_EMBALSE                              -31.46670   -68.66670   768.00000 2026-07-05 07:25:00     1
     1     1      272.65000       87.00000    92970.00000  -999999.00000       11.70000      352.00000  -999999.00000
  -999999.00000  -999999.00000  -999999.00000  -999999.00000  -999999.00000  -999999.00000  -999999.00000  -999999.00000
PUNTA_NEGRA                                -31.51920   -68.81780   800.00000 2026-07-05 07:25:00     1
     1     1      272.55000       87.00000    92140.00000  -999999.00000        0.10000      218.00000  -999999.00000
  -999999.00000  -999999.00000  -999999.00000  -999999.00000  -999999.00000  -999999.00000  -999999.00000  -999999.00000
ECOHUMUS                                   -31.65000   -68.30000   600.00000 2026-07-05 07:25:00     1
     1     1      270.75000       94.00000    95460.00000  -999999.00000        1.60000      331.00000  -999999.00000
  -999999.00000  -999999.00000  -999999.00000  -999999.00000  -999999.00000  -999999.00000  -999999.00000  -999999.00000
INTA_POCITO                                -31.65000   -68.58330   615.00000 2026-07-05 07:30:00     1
     1     1      272.35000       90.00000    94650.00000  -999999.00000        0.00000       38.00000  -999999.00000
  -999999.00000  -999999.00000  -999999.00000  -999999.00000  -999999.00000  -999999.00000  -999999.00000  -999999.00000
ULLUM_EMBALSE                              -31.46670   -68.66670   768.00000 2026-07-05 07:30:00     1
     1     1      272.75000       87.00000    92970.00000  -999999.00000       11.30000      346.00000  -999999.00000
  -999999.00000  -999999.00000  -999999.00000  -999999.00000  -999999.00000  -999999.00000  -999999.00000  -999999.00000
PUNTA_NEGRA                                -31.51920   -68.81780   800.00000 2026-07-05 07:30:00     1
     1     1      272.45000       87.00000    92160.00000  -999999.00000        0.40000      233.00000  -999999.00000
  -999999.00000  -999999.00000  -999999.00000  -999999.00000  -999999.00000  -999999.00000  -999999.00000  -999999.00000
ECOHUMUS                                   -31.65000   -68.30000   600.00000 2026-07-05 07:30:00     1
     1     1      270.65000       94.00000    95460.00000  -999999.00000        3.20000      348.00000  -999999.00000
  -999999.00000  -999999.00000  -999999.00000  -999999.00000  -999999.00000  -999999.00000  -999999.00000  -999999.00000
INTA_POCITO                                -31.65000   -68.58330   615.00000 2026-07-05 07:35:00     1
     1     1      272.45000       90.00000    94650.00000  -999999.00000        0.00000       45.00000  -999999.00000
  -999999.00000  -999999.00000  -999999.00000  -999999.00000  -999999.00000  -999999.00000  -999999.00000  -999999.00000
ULLUM_EMBALSE                              -31.46670   -68.66670   768.00000 2026-07-05 07:35:00     1
     1     1      272.95000       87.00000    92970.00000  -999999.00000       10.90000      349.00000  -999999.00000
  -999999.00000  -999999.00000  -999999.00000  -999999.00000  -999999.00000  -999999.00000  -999999.00000  -999999.00000
PUNTA_NEGRA                                -31.51920   -68.81780   800.00000 2026-07-05 07:35:00     1
     1     1      272.65000       87.00000    92170.00000  -999999.00000        0.40000      201.00000  -999999.00000
  -999999.00000  -999999.00000  -999999.00000  -999999.00000  -999999.00000  -999999.00000  -999999.00000  -999999.00000
ECOHUMUS                                   -31.65000   -68.30000   600.00000 2026-07-05 07:35:00     1
     1     1      270.85000       94.00000    95480.00000  -999999.00000        5.70000        8.00000  -999999.00000
  -999999.00000  -999999.00000  -999999.00000  -999999.00000  -999999.00000  -999999.00000  -999999.00000  -999999.00000
INTA_POCITO                                -31.65000   -68.58330   615.00000 2026-07-05 07:40:00     1
     1     1      272.45000       90.00000    94660.00000  -999999.00000        0.00000       45.00000  -999999.00000
  -999999.00000  -999999.00000  -999999.00000  -999999.00000  -999999.00000  -999999.00000  -999999.00000  -999999.00000
ULLUM_EMBALSE                              -31.46670   -68.66670   768.00000 2026-07-05 07:40:00     1
     1     1      272.95000       87.00000    92970.00000  -999999.00000       10.90000      354.00000  -999999.00000
  -999999.00000  -999999.00000  -999999.00000  -999999.00000  -999999.00000  -999999.00000  -999999.00000  -999999.00000
PUNTA_NEGRA                                -31.51920   -68.81780   800.00000 2026-07-05 07:40:00     1
     1     1      272.75000       87.00000    92160.00000  -999999.00000        0.90000      228.00000  -999999.00000
  -999999.00000  -999999.00000  -999999.00000  -999999.00000  -999999.00000  -999999.00000  -999999.00000  -999999.00000
ECOHUMUS                                   -31.65000   -68.30000   600.00000 2026-07-05 07:40:00     1
     1     1      270.85000       94.00000    95490.00000  -999999.00000        5.70000        1.00000  -999999.00000
  -999999.00000  -999999.00000  -999999.00000  -999999.00000  -999999.00000  -999999.00000  -999999.00000  -999999.00000
INTA_POCITO                                -31.65000   -68.58330   615.00000 2026-07-05 07:45:00     1
     1     1      272.15000       90.00000    94650.00000  -999999.00000        0.00000       45.00000  -999999.00000
  -999999.00000  -999999.00000  -999999.00000  -999999.00000  -999999.00000  -999999.00000  -999999.00000  -999999.00000
ULLUM_EMBALSE                              -31.46670   -68.66670   768.00000 2026-07-05 07:45:00     1
     1     1      272.85000       86.00000    92990.00000  -999999.00000       11.70000      360.00000  -999999.00000
  -999999.00000  -999999.00000  -999999.00000  -999999.00000  -999999.00000  -999999.00000  -999999.00000  -999999.00000
PUNTA_NEGRA                                -31.51920   -68.81780   800.00000 2026-07-05 07:45:00     1
     1     1      272.75000       87.00000    92180.00000  -999999.00000        0.30000      236.00000  -999999.00000
  -999999.00000  -999999.00000  -999999.00000  -999999.00000  -999999.00000  -999999.00000  -999999.00000  -999999.00000
ECOHUMUS                                   -31.65000   -68.30000   600.00000 2026-07-05 07:45:00     1
     1     1      271.05000       94.00000    95500.00000  -999999.00000        5.50000      351.00000  -999999.00000
  -999999.00000  -999999.00000  -999999.00000  -999999.00000  -999999.00000  -999999.00000  -999999.00000  -999999.00000
INTA_POCITO                                -31.65000   -68.58330   615.00000 2026-07-05 07:50:00     1
     1     1      271.85000       90.00000    94660.00000  -999999.00000        0.00000       45.00000  -999999.00000
  -999999.00000  -999999.00000  -999999.00000  -999999.00000  -999999.00000  -999999.00000  -999999.00000  -999999.00000
ULLUM_EMBALSE                              -31.46670   -68.66670   768.00000 2026-07-05 07:50:00     1
     1     1      272.75000       86.00000    93000.00000  -999999.00000       11.20000        1.00000  -999999.00000
  -999999.00000  -999999.00000  -999999.00000  -999999.00000  -999999.00000  -999999.00000  -999999.00000  -999999.00000
PUNTA_NEGRA                                -31.51920   -68.81780   800.00000 2026-07-05 07:50:00     1
     1     1      272.75000       86.00000    92170.00000  -999999.00000        0.30000      231.00000  -999999.00000
  -999999.00000  -999999.00000  -999999.00000  -999999.00000  -999999.00000  -999999.00000  -999999.00000  -999999.00000
ECOHUMUS                                   -31.65000   -68.30000   600.00000 2026-07-05 07:50:00     1
     1     1      271.25000       94.00000    95490.00000  -999999.00000        4.10000       16.00000  -999999.00000
  -999999.00000  -999999.00000  -999999.00000  -999999.00000  -999999.00000  -999999.00000  -999999.00000  -999999.00000
INTA_POCITO                                -31.65000   -68.58330   615.00000 2026-07-05 07:55:00     1
     1     1      272.35000       90.00000    94660.00000  -999999.00000        0.00000       45.00000  -999999.00000
  -999999.00000  -999999.00000  -999999.00000  -999999.00000  -999999.00000  -999999.00000  -999999.00000  -999999.00000
ULLUM_EMBALSE                              -31.46670   -68.66670   768.00000 2026-07-05 07:55:00     1
     1     1      272.75000       86.00000    93000.00000  -999999.00000       12.20000      347.00000  -999999.00000
  -999999.00000  -999999.00000  -999999.00000  -999999.00000  -999999.00000  -999999.00000  -999999.00000  -999999.00000
PUNTA_NEGRA                                -31.51920   -68.81780   800.00000 2026-07-05 07:55:00     1
     1     1      272.75000       86.00000    92180.00000  -999999.00000        1.90000      248.00000  -999999.00000
  -999999.00000  -999999.00000  -999999.00000  -999999.00000  -999999.00000  -999999.00000  -999999.00000  -999999.00000
ECOHUMUS                                   -31.65000   -68.30000   600.00000 2026-07-05 07:55:00     1
     1     1      271.25000       94.00000    95510.00000  -999999.00000        5.00000      358.00000  -999999.00000
  -999999.00000  -999999.00000  -999999.00000  -999999.00000  -999999.00000  -999999.00000  -999999.00000  -999999.00000
INTA_POCITO                                -31.65000   -68.58330   615.00000 2026-07-05 08:00:00     1
     1     1      272.15000       90.00000    94670.00000  -999999.00000        0.00000       45.00000  -999999.00000
  -999999.00000  -999999.00000  -999999.00000  -999999.00000  -999999.00000  -999999.00000  -999999.00000  -999999.00000
ULLUM_EMBALSE                              -31.46670   -68.66670   768.00000 2026-07-05 08:00:00     1
     1     1      272.85000       86.00000    93000.00000  -999999.00000       13.50000        3.00000  -999999.00000
  -999999.00000  -999999.00000  -999999.00000  -999999.00000  -999999.00000  -999999.00000  -999999.00000  -999999.00000
PUNTA_NEGRA                                -31.51920   -68.81780   800.00000 2026-07-05 08:00:00     1
     1     1      273.45000       83.00000    92180.00000  -999999.00000        0.10000      162.00000  -999999.00000
  -999999.00000  -999999.00000  -999999.00000  -999999.00000  -999999.00000  -999999.00000  -999999.00000  -999999.00000
ECOHUMUS                                   -31.65000   -68.30000   600.00000 2026-07-05 08:00:00     1
     1     1      271.25000       94.00000    95520.00000  -999999.00000        6.50000        3.00000  -999999.00000
  -999999.00000  -999999.00000  -999999.00000  -999999.00000  -999999.00000  -999999.00000  -999999.00000  -999999.00000
INTA_POCITO                                -31.65000   -68.58330   615.00000 2026-07-05 08:05:00     1
     1     1      271.95000       90.00000    94680.00000  -999999.00000        0.00000       45.00000  -999999.00000
  -999999.00000  -999999.00000  -999999.00000  -999999.00000  -999999.00000  -999999.00000  -999999.00000  -999999.00000
ULLUM_EMBALSE                              -31.46670   -68.66670   768.00000 2026-07-05 08:05:00     1
     1     1      273.05000       86.00000    93000.00000  -999999.00000       10.70000      352.00000  -999999.00000
  -999999.00000  -999999.00000  -999999.00000  -999999.00000  -999999.00000  -999999.00000  -999999.00000  -999999.00000
PUNTA_NEGRA                                -31.51920   -68.81780   800.00000 2026-07-05 08:05:00     1
     1     1      272.95000       83.00000    92190.00000  -999999.00000        0.90000      123.00000  -999999.00000
  -999999.00000  -999999.00000  -999999.00000  -999999.00000  -999999.00000  -999999.00000  -999999.00000  -999999.00000
ECOHUMUS                                   -31.65000   -68.30000   600.00000 2026-07-05 08:05:00     1
     1     1      271.45000       94.00000    95510.00000  -999999.00000        6.80000       11.00000  -999999.00000
  -999999.00000  -999999.00000  -999999.00000  -999999.00000  -999999.00000  -999999.00000  -999999.00000  -999999.00000
INTA_POCITO                                -31.65000   -68.58330   615.00000 2026-07-05 08:10:00     1
     1     1      271.95000       90.00000    94690.00000  -999999.00000        0.00000       42.00000  -999999.00000
  -999999.00000  -999999.00000  -999999.00000  -999999.00000  -999999.00000  -999999.00000  -999999.00000  -999999.00000
ULLUM_EMBALSE                              -31.46670   -68.66670   768.00000 2026-07-05 08:10:00     1
     1     1      273.15000       85.00000    93010.00000  -999999.00000       11.20000      349.00000  -999999.00000
  -999999.00000  -999999.00000  -999999.00000  -999999.00000  -999999.00000  -999999.00000  -999999.00000  -999999.00000
PUNTA_NEGRA                                -31.51920   -68.81780   800.00000 2026-07-05 08:10:00     1
     1     1      272.65000       84.00000    92200.00000  -999999.00000        1.80000       23.00000  -999999.00000
  -999999.00000  -999999.00000  -999999.00000  -999999.00000  -999999.00000  -999999.00000  -999999.00000  -999999.00000
ECOHUMUS                                   -31.65000   -68.30000   600.00000 2026-07-05 08:10:00     1
     1     1      271.55000       94.00000    95520.00000  -999999.00000        5.60000        1.00000  -999999.00000
  -999999.00000  -999999.00000  -999999.00000  -999999.00000  -999999.00000  -999999.00000  -999999.00000  -999999.00000
INTA_POCITO                                -31.65000   -68.58330   615.00000 2026-07-05 08:15:00     1
     1     1      272.25000       91.00000    94690.00000  -999999.00000        0.00000      338.00000  -999999.00000
  -999999.00000  -999999.00000  -999999.00000  -999999.00000  -999999.00000  -999999.00000  -999999.00000  -999999.00000
ULLUM_EMBALSE                              -31.46670   -68.66670   768.00000 2026-07-05 08:15:00     1
     1     1      273.25000       85.00000    93020.00000  -999999.00000       13.90000      346.00000  -999999.00000
  -999999.00000  -999999.00000  -999999.00000  -999999.00000  -999999.00000  -999999.00000  -999999.00000  -999999.00000
PUNTA_NEGRA                                -31.51920   -68.81780   800.00000 2026-07-05 08:15:00     1
     1     1      273.15000       83.00000    92210.00000  -999999.00000        0.60000      106.00000  -999999.00000
  -999999.00000  -999999.00000  -999999.00000  -999999.00000  -999999.00000  -999999.00000  -999999.00000  -999999.00000
ECOHUMUS                                   -31.65000   -68.30000   600.00000 2026-07-05 08:15:00     1
     1     1      271.65000       93.00000    95510.00000  -999999.00000        4.50000       12.00000  -999999.00000
  -999999.00000  -999999.00000  -999999.00000  -999999.00000  -999999.00000  -999999.00000  -999999.00000  -999999.00000
INTA_POCITO                                -31.65000   -68.58330   615.00000 2026-07-05 08:20:00     1
     1     1      272.35000       91.00000    94690.00000  -999999.00000        0.00000      273.00000  -999999.00000
  -999999.00000  -999999.00000  -999999.00000  -999999.00000  -999999.00000  -999999.00000  -999999.00000  -999999.00000
ULLUM_EMBALSE                              -31.46670   -68.66670   768.00000 2026-07-05 08:20:00     1
     1     1      273.35000       85.00000    93010.00000  -999999.00000       13.80000      351.00000  -999999.00000
  -999999.00000  -999999.00000  -999999.00000  -999999.00000  -999999.00000  -999999.00000  -999999.00000  -999999.00000
PUNTA_NEGRA                                -31.51920   -68.81780   800.00000 2026-07-05 08:20:00     1
     1     1      272.45000       84.00000    92230.00000  -999999.00000        0.00000      205.00000  -999999.00000
  -999999.00000  -999999.00000  -999999.00000  -999999.00000  -999999.00000  -999999.00000  -999999.00000  -999999.00000
ECOHUMUS                                   -31.65000   -68.30000   600.00000 2026-07-05 08:20:00     1
     1     1      271.65000       93.00000    95530.00000  -999999.00000        5.40000        6.00000  -999999.00000
  -999999.00000  -999999.00000  -999999.00000  -999999.00000  -999999.00000  -999999.00000  -999999.00000  -999999.00000
INTA_POCITO                                -31.65000   -68.58330   615.00000 2026-07-05 08:25:00     1
     1     1      272.35000       91.00000    94690.00000  -999999.00000        0.00000      273.00000  -999999.00000
  -999999.00000  -999999.00000  -999999.00000  -999999.00000  -999999.00000  -999999.00000  -999999.00000  -999999.00000
ULLUM_EMBALSE                              -31.46670   -68.66670   768.00000 2026-07-05 08:25:00     1
     1     1      273.25000       85.00000    93030.00000  -999999.00000       13.80000      340.00000  -999999.00000
  -999999.00000  -999999.00000  -999999.00000  -999999.00000  -999999.00000  -999999.00000  -999999.00000  -999999.00000
PUNTA_NEGRA                                -31.51920   -68.81780   800.00000 2026-07-05 08:25:00     1
     1     1      272.15000       85.00000    92220.00000  -999999.00000        0.50000      196.00000  -999999.00000
  -999999.00000  -999999.00000  -999999.00000  -999999.00000  -999999.00000  -999999.00000  -999999.00000  -999999.00000
ECOHUMUS                                   -31.65000   -68.30000   600.00000 2026-07-05 08:25:00     1
     1     1      271.85000       93.00000    95530.00000  -999999.00000        6.70000        8.00000  -999999.00000
  -999999.00000  -999999.00000  -999999.00000  -999999.00000  -999999.00000  -999999.00000  -999999.00000  -999999.00000
INTA_POCITO                                -31.65000   -68.58330   615.00000 2026-07-05 08:30:00     1
     1     1      272.05000       91.00000    94690.00000  -999999.00000        0.00000      273.00000  -999999.00000
  -999999.00000  -999999.00000  -999999.00000  -999999.00000  -999999.00000  -999999.00000  -999999.00000  -999999.00000
ULLUM_EMBALSE                              -31.46670   -68.66670   768.00000 2026-07-05 08:30:00     1
     1     1      273.35000       85.00000    93030.00000  -999999.00000        9.40000      309.00000  -999999.00000
  -999999.00000  -999999.00000  -999999.00000  -999999.00000  -999999.00000  -999999.00000  -999999.00000  -999999.00000
PUNTA_NEGRA                                -31.51920   -68.81780   800.00000 2026-07-05 08:30:00     1
     1     1      271.65000       86.00000    92220.00000  -999999.00000        0.90000      142.00000  -999999.00000
  -999999.00000  -999999.00000  -999999.00000  -999999.00000  -999999.00000  -999999.00000  -999999.00000  -999999.00000
ECOHUMUS                                   -31.65000   -68.30000   600.00000 2026-07-05 08:30:00     1
     1     1      272.05000       93.00000    95540.00000  -999999.00000        6.30000       16.00000  -999999.00000
  -999999.00000  -999999.00000  -999999.00000  -999999.00000  -999999.00000  -999999.00000  -999999.00000  -999999.00000
INTA_POCITO                                -31.65000   -68.58330   615.00000 2026-07-05 08:35:00     1
     1     1      271.85000       91.00000    94720.00000  -999999.00000        0.00000      273.00000  -999999.00000
  -999999.00000  -999999.00000  -999999.00000  -999999.00000  -999999.00000  -999999.00000  -999999.00000  -999999.00000
ULLUM_EMBALSE                              -31.46670   -68.66670   768.00000 2026-07-05 08:35:00     1
     1     1      273.35000       85.00000    93050.00000  -999999.00000       11.40000      303.00000  -999999.00000
  -999999.00000  -999999.00000  -999999.00000  -999999.00000  -999999.00000  -999999.00000  -999999.00000  -999999.00000
PUNTA_NEGRA                                -31.51920   -68.81780   800.00000 2026-07-05 08:35:00     1
     1     1      271.45000       87.00000    92230.00000  -999999.00000        1.70000      285.00000  -999999.00000
  -999999.00000  -999999.00000  -999999.00000  -999999.00000  -999999.00000  -999999.00000  -999999.00000  -999999.00000
ECOHUMUS                                   -31.65000   -68.30000   600.00000 2026-07-05 08:35:00     1
     1     1      272.15000       93.00000    95540.00000  -999999.00000        4.80000        2.00000  -999999.00000
  -999999.00000  -999999.00000  -999999.00000  -999999.00000  -999999.00000  -999999.00000  -999999.00000  -999999.00000
INTA_POCITO                                -31.65000   -68.58330   615.00000 2026-07-05 08:40:00     1
     1     1      271.65000       91.00000    94720.00000  -999999.00000        0.00000      272.00000  -999999.00000
  -999999.00000  -999999.00000  -999999.00000  -999999.00000  -999999.00000  -999999.00000  -999999.00000  -999999.00000
ULLUM_EMBALSE                              -31.46670   -68.66670   768.00000 2026-07-05 08:40:00     1
     1     1      273.25000       84.00000    93060.00000  -999999.00000       10.50000      291.00000  -999999.00000
  -999999.00000  -999999.00000  -999999.00000  -999999.00000  -999999.00000  -999999.00000  -999999.00000  -999999.00000
PUNTA_NEGRA                                -31.51920   -68.81780   800.00000 2026-07-05 08:40:00     1
     1     1      271.85000       88.00000    92250.00000  -999999.00000        0.10000      254.00000  -999999.00000
  -999999.00000  -999999.00000  -999999.00000  -999999.00000  -999999.00000  -999999.00000  -999999.00000  -999999.00000
ECOHUMUS                                   -31.65000   -68.30000   600.00000 2026-07-05 08:40:00     1
     1     1      272.15000       93.00000    95540.00000  -999999.00000        6.20000      356.00000  -999999.00000
  -999999.00000  -999999.00000  -999999.00000  -999999.00000  -999999.00000  -999999.00000  -999999.00000  -999999.00000
INTA_POCITO                                -31.65000   -68.58330   615.00000 2026-07-05 08:45:00     1
     1     1      271.35000       91.00000    94720.00000  -999999.00000        0.00000      273.00000  -999999.00000
  -999999.00000  -999999.00000  -999999.00000  -999999.00000  -999999.00000  -999999.00000  -999999.00000  -999999.00000
ULLUM_EMBALSE                              -31.46670   -68.66670   768.00000 2026-07-05 08:45:00     1
     1     1      273.45000       84.00000    93050.00000  -999999.00000       10.80000      289.00000  -999999.00000
  -999999.00000  -999999.00000  -999999.00000  -999999.00000  -999999.00000  -999999.00000  -999999.00000  -999999.00000
PUNTA_NEGRA                                -31.51920   -68.81780   800.00000 2026-07-05 08:45:00     1
     1     1      271.65000       88.00000    92270.00000  -999999.00000        0.00000      237.00000  -999999.00000
  -999999.00000  -999999.00000  -999999.00000  -999999.00000  -999999.00000  -999999.00000  -999999.00000  -999999.00000
ECOHUMUS                                   -31.65000   -68.30000   600.00000 2026-07-05 08:45:00     1
     1     1      272.35000       93.00000    95550.00000  -999999.00000        7.00000        9.00000  -999999.00000
  -999999.00000  -999999.00000  -999999.00000  -999999.00000  -999999.00000  -999999.00000  -999999.00000  -999999.00000
INTA_POCITO                                -31.65000   -68.58330   615.00000 2026-07-05 08:50:00     1
     1     1      271.15000       91.00000    94730.00000  -999999.00000        0.00000      273.00000  -999999.00000
  -999999.00000  -999999.00000  -999999.00000  -999999.00000  -999999.00000  -999999.00000  -999999.00000  -999999.00000
ULLUM_EMBALSE                              -31.46670   -68.66670   768.00000 2026-07-05 08:50:00     1
     1     1      273.45000       84.00000    93060.00000  -999999.00000       12.70000      278.00000  -999999.00000
  -999999.00000  -999999.00000  -999999.00000  -999999.00000  -999999.00000  -999999.00000  -999999.00000  -999999.00000
PUNTA_NEGRA                                -31.51920   -68.81780   800.00000 2026-07-05 08:50:00     1
     1     1      271.45000       88.00000    92270.00000  -999999.00000        0.10000      236.00000  -999999.00000
  -999999.00000  -999999.00000  -999999.00000  -999999.00000  -999999.00000  -999999.00000  -999999.00000  -999999.00000
ECOHUMUS                                   -31.65000   -68.30000   600.00000 2026-07-05 08:50:00     1
     1     1      272.45000       93.00000    95550.00000  -999999.00000        6.50000        7.00000  -999999.00000
  -999999.00000  -999999.00000  -999999.00000  -999999.00000  -999999.00000  -999999.00000  -999999.00000  -999999.00000
INTA_POCITO                                -31.65000   -68.58330   615.00000 2026-07-05 08:55:00     1
     1     1      271.45000       91.00000    94740.00000  -999999.00000        0.00000      273.00000  -999999.00000
  -999999.00000  -999999.00000  -999999.00000  -999999.00000  -999999.00000  -999999.00000  -999999.00000  -999999.00000
ULLUM_EMBALSE                              -31.46670   -68.66670   768.00000 2026-07-05 08:55:00     1
     1     1      273.55000       83.00000    93070.00000  -999999.00000       13.30000      279.00000  -999999.00000
  -999999.00000  -999999.00000  -999999.00000  -999999.00000  -999999.00000  -999999.00000  -999999.00000  -999999.00000
PUNTA_NEGRA                                -31.51920   -68.81780   800.00000 2026-07-05 08:55:00     1
     1     1      271.65000       88.00000    92260.00000  -999999.00000        0.40000      236.00000  -999999.00000
  -999999.00000  -999999.00000  -999999.00000  -999999.00000  -999999.00000  -999999.00000  -999999.00000  -999999.00000
ECOHUMUS                                   -31.65000   -68.30000   600.00000 2026-07-05 08:55:00     1
     1     1      272.65000       92.00000    95550.00000  -999999.00000        5.70000        6.00000  -999999.00000
  -999999.00000  -999999.00000  -999999.00000  -999999.00000  -999999.00000  -999999.00000  -999999.00000  -999999.00000
INTA_POCITO                                -31.65000   -68.58330   615.00000 2026-07-05 09:00:00     1
     1     1      271.65000       91.00000    94730.00000  -999999.00000        0.00000      273.00000  -999999.00000
  -999999.00000  -999999.00000  -999999.00000  -999999.00000  -999999.00000  -999999.00000  -999999.00000  -999999.00000
ULLUM_EMBALSE                              -31.46670   -68.66670   768.00000 2026-07-05 09:00:00     1
     1     1      273.65000       84.00000    93070.00000  -999999.00000       13.10000      322.00000  -999999.00000
  -999999.00000  -999999.00000  -999999.00000  -999999.00000  -999999.00000  -999999.00000  -999999.00000  -999999.00000
PUNTA_NEGRA                                -31.51920   -68.81780   800.00000 2026-07-05 09:00:00     1
     1     1      271.85000       88.00000    92260.00000  -999999.00000        0.00000      236.00000  -999999.00000
  -999999.00000  -999999.00000  -999999.00000  -999999.00000  -999999.00000  -999999.00000  -999999.00000  -999999.00000
ECOHUMUS                                   -31.65000   -68.30000   600.00000 2026-07-05 09:00:00     1
     1     1      272.85000       92.00000    95570.00000  -999999.00000        5.00000       13.00000  -999999.00000
  -999999.00000  -999999.00000  -999999.00000  -999999.00000  -999999.00000  -999999.00000  -999999.00000  -999999.00000
INTA_POCITO                                -31.65000   -68.58330   615.00000 2026-07-05 09:05:00     1
     1     1      271.85000       91.00000    94740.00000  -999999.00000        0.00000      273.00000  -999999.00000
  -999999.00000  -999999.00000  -999999.00000  -999999.00000  -999999.00000  -999999.00000  -999999.00000  -999999.00000
ULLUM_EMBALSE                              -31.46670   -68.66670   768.00000 2026-07-05 09:05:00     1
     1     1      273.25000       84.00000    93070.00000  -999999.00000       15.20000      348.00000  -999999.00000
  -999999.00000  -999999.00000  -999999.00000  -999999.00000  -999999.00000  -999999.00000  -999999.00000  -999999.00000
PUNTA_NEGRA                                -31.51920   -68.81780   800.00000 2026-07-05 09:05:00     1
     1     1      271.95000       87.00000    92260.00000  -999999.00000        0.00000      235.00000  -999999.00000
  -999999.00000  -999999.00000  -999999.00000  -999999.00000  -999999.00000  -999999.00000  -999999.00000  -999999.00000
ECOHUMUS                                   -31.65000   -68.30000   600.00000 2026-07-05 09:05:00     1
     1     1      273.05000       92.00000    95570.00000  -999999.00000        5.80000        5.00000  -999999.00000
  -999999.00000  -999999.00000  -999999.00000  -999999.00000  -999999.00000  -999999.00000  -999999.00000  -999999.00000
INTA_POCITO                                -31.65000   -68.58330   615.00000 2026-07-05 09:10:00     1
     1     1      272.15000       91.00000    94740.00000  -999999.00000        0.00000      273.00000  -999999.00000
  -999999.00000  -999999.00000  -999999.00000  -999999.00000  -999999.00000  -999999.00000  -999999.00000  -999999.00000
ULLUM_EMBALSE                              -31.46670   -68.66670   768.00000 2026-07-05 09:10:00     1
     1     1      273.45000       84.00000    93070.00000  -999999.00000       16.10000      339.00000  -999999.00000
  -999999.00000  -999999.00000  -999999.00000  -999999.00000  -999999.00000  -999999.00000  -999999.00000  -999999.00000
PUNTA_NEGRA                                -31.51920   -68.81780   800.00000 2026-07-05 09:10:00     1
     1     1      272.05000       87.00000    92270.00000  -999999.00000        0.00000      235.00000  -999999.00000
  -999999.00000  -999999.00000  -999999.00000  -999999.00000  -999999.00000  -999999.00000  -999999.00000  -999999.00000
ECOHUMUS                                   -31.65000   -68.30000   600.00000 2026-07-05 09:10:00     1
     1     1      273.15000       92.00000    95560.00000  -999999.00000        6.90000        4.00000  -999999.00000
  -999999.00000  -999999.00000  -999999.00000  -999999.00000  -999999.00000  -999999.00000  -999999.00000  -999999.00000
INTA_POCITO                                -31.65000   -68.58330   615.00000 2026-07-05 09:15:00     1
     1     1      272.25000       91.00000    94730.00000  -999999.00000        0.00000      274.00000  -999999.00000
  -999999.00000  -999999.00000  -999999.00000  -999999.00000  -999999.00000  -999999.00000  -999999.00000  -999999.00000
ULLUM_EMBALSE                              -31.46670   -68.66670   768.00000 2026-07-05 09:15:00     1
     1     1      273.15000       84.00000    93080.00000  -999999.00000       13.90000      331.00000  -999999.00000
  -999999.00000  -999999.00000  -999999.00000  -999999.00000  -999999.00000  -999999.00000  -999999.00000  -999999.00000
PUNTA_NEGRA                                -31.51920   -68.81780   800.00000 2026-07-05 09:15:00     1
     1     1      272.35000       86.00000    92280.00000  -999999.00000        0.00000      235.00000  -999999.00000
  -999999.00000  -999999.00000  -999999.00000  -999999.00000  -999999.00000  -999999.00000  -999999.00000  -999999.00000
ECOHUMUS                                   -31.65000   -68.30000   600.00000 2026-07-05 09:15:00     1
     1     1      273.45000       91.00000    95560.00000  -999999.00000        6.90000        6.00000  -999999.00000
  -999999.00000  -999999.00000  -999999.00000  -999999.00000  -999999.00000  -999999.00000  -999999.00000  -999999.00000
INTA_POCITO                                -31.65000   -68.58330   615.00000 2026-07-05 09:20:00     1
     1     1      272.35000       91.00000    94740.00000  -999999.00000        0.10000       40.00000  -999999.00000
  -999999.00000  -999999.00000  -999999.00000  -999999.00000  -999999.00000  -999999.00000  -999999.00000  -999999.00000
ULLUM_EMBALSE                              -31.46670   -68.66670   768.00000 2026-07-05 09:20:00     1
     1     1      273.15000       85.00000    93090.00000  -999999.00000       12.70000      345.00000  -999999.00000
  -999999.00000  -999999.00000  -999999.00000  -999999.00000  -999999.00000  -999999.00000  -999999.00000  -999999.00000
PUNTA_NEGRA                                -31.51920   -68.81780   800.00000 2026-07-05 09:20:00     1
     1     1      272.55000       86.00000    92280.00000  -999999.00000        0.00000      235.00000  -999999.00000
  -999999.00000  -999999.00000  -999999.00000  -999999.00000  -999999.00000  -999999.00000  -999999.00000  -999999.00000
ECOHUMUS                                   -31.65000   -68.30000   600.00000 2026-07-05 09:20:00     1
     1     1      273.65000       91.00000    95570.00000  -999999.00000        5.90000       12.00000  -999999.00000
  -999999.00000  -999999.00000  -999999.00000  -999999.00000  -999999.00000  -999999.00000  -999999.00000  -999999.00000
INTA_POCITO                                -31.65000   -68.58330   615.00000 2026-07-05 09:25:00     1
     1     1      272.55000       91.00000    94750.00000  -999999.00000        0.00000       40.00000  -999999.00000
  -999999.00000  -999999.00000  -999999.00000  -999999.00000  -999999.00000  -999999.00000  -999999.00000  -999999.00000
ULLUM_EMBALSE                              -31.46670   -68.66670   768.00000 2026-07-05 09:25:00     1
     1     1      273.05000       85.00000    93100.00000  -999999.00000       13.00000      354.00000  -999999.00000
  -999999.00000  -999999.00000  -999999.00000  -999999.00000  -999999.00000  -999999.00000  -999999.00000  -999999.00000
PUNTA_NEGRA                                -31.51920   -68.81780   800.00000 2026-07-05 09:25:00     1
     1     1      272.75000       86.00000    92280.00000  -999999.00000        0.00000      229.00000  -999999.00000
  -999999.00000  -999999.00000  -999999.00000  -999999.00000  -999999.00000  -999999.00000  -999999.00000  -999999.00000
ECOHUMUS                                   -31.65000   -68.30000   600.00000 2026-07-05 09:25:00     1
     1     1      273.95000       90.00000    95560.00000  -999999.00000        6.60000        2.00000  -999999.00000
  -999999.00000  -999999.00000  -999999.00000  -999999.00000  -999999.00000  -999999.00000  -999999.00000  -999999.00000
INTA_POCITO                                -31.65000   -68.58330   615.00000 2026-07-05 09:30:00     1
     1     1      272.75000       91.00000    94750.00000  -999999.00000        0.00000       40.00000  -999999.00000
  -999999.00000  -999999.00000  -999999.00000  -999999.00000  -999999.00000  -999999.00000  -999999.00000  -999999.00000
ULLUM_EMBALSE                              -31.46670   -68.66670   768.00000 2026-07-05 09:30:00     1
     1     1      273.15000       85.00000    93100.00000  -999999.00000       13.80000      351.00000  -999999.00000
  -999999.00000  -999999.00000  -999999.00000  -999999.00000  -999999.00000  -999999.00000  -999999.00000  -999999.00000
PUNTA_NEGRA                                -31.51920   -68.81780   800.00000 2026-07-05 09:30:00     1
     1     1      272.95000       85.00000    92290.00000  -999999.00000        0.60000      162.00000  -999999.00000
  -999999.00000  -999999.00000  -999999.00000  -999999.00000  -999999.00000  -999999.00000  -999999.00000  -999999.00000
ECOHUMUS                                   -31.65000   -68.30000   600.00000 2026-07-05 09:30:00     1
     1     1      274.25000       89.00000    95570.00000  -999999.00000        6.80000      353.00000  -999999.00000
  -999999.00000  -999999.00000  -999999.00000  -999999.00000  -999999.00000  -999999.00000  -999999.00000  -999999.00000
INTA_POCITO                                -31.65000   -68.58330   615.00000 2026-07-05 09:35:00     1
     1     1      273.45000       91.00000    94740.00000  -999999.00000        0.00000       39.00000  -999999.00000
  -999999.00000  -999999.00000  -999999.00000  -999999.00000  -999999.00000  -999999.00000  -999999.00000  -999999.00000
ULLUM_EMBALSE                              -31.46670   -68.66670   768.00000 2026-07-05 09:35:00     1
     1     1      273.35000       85.00000    93090.00000  -999999.00000       14.40000      340.00000  -999999.00000
  -999999.00000  -999999.00000  -999999.00000  -999999.00000  -999999.00000  -999999.00000  -999999.00000  -999999.00000
PUNTA_NEGRA                                -31.51920   -68.81780   800.00000 2026-07-05 09:35:00     1
     1     1      273.15000       85.00000    92280.00000  -999999.00000        0.30000      241.00000  -999999.00000
  -999999.00000  -999999.00000  -999999.00000  -999999.00000  -999999.00000  -999999.00000  -999999.00000  -999999.00000
ECOHUMUS                                   -31.65000   -68.30000   600.00000 2026-07-05 09:35:00     1
     1     1      274.35000       88.00000    95580.00000  -999999.00000        8.00000      354.00000  -999999.00000
  -999999.00000  -999999.00000  -999999.00000  -999999.00000  -999999.00000  -999999.00000  -999999.00000  -999999.00000
INTA_POCITO                                -31.65000   -68.58330   615.00000 2026-07-05 09:40:00     1
     1     1      273.95000       91.00000    94750.00000  -999999.00000        0.00000       40.00000  -999999.00000
  -999999.00000  -999999.00000  -999999.00000  -999999.00000  -999999.00000  -999999.00000  -999999.00000  -999999.00000
ULLUM_EMBALSE                              -31.46670   -68.66670   768.00000 2026-07-05 09:40:00     1
     1     1      273.55000       84.00000    93090.00000  -999999.00000       14.60000      335.00000  -999999.00000
  -999999.00000  -999999.00000  -999999.00000  -999999.00000  -999999.00000  -999999.00000  -999999.00000  -999999.00000
PUNTA_NEGRA                                -31.51920   -68.81780   800.00000 2026-07-05 09:40:00     1
     1     1      273.25000       84.00000    92290.00000  -999999.00000        0.00000      184.00000  -999999.00000
  -999999.00000  -999999.00000  -999999.00000  -999999.00000  -999999.00000  -999999.00000  -999999.00000  -999999.00000
ECOHUMUS                                   -31.65000   -68.30000   600.00000 2026-07-05 09:40:00     1
     1     1      274.75000       87.00000    95580.00000  -999999.00000        7.30000      356.00000  -999999.00000
  -999999.00000  -999999.00000  -999999.00000  -999999.00000  -999999.00000  -999999.00000  -999999.00000  -999999.00000
INTA_POCITO                                -31.65000   -68.58330   615.00000 2026-07-05 09:45:00     1
     1     1      274.35000       90.00000    94770.00000  -999999.00000        0.00000       43.00000  -999999.00000
  -999999.00000  -999999.00000  -999999.00000  -999999.00000  -999999.00000  -999999.00000  -999999.00000  -999999.00000
ULLUM_EMBALSE                              -31.46670   -68.66670   768.00000 2026-07-05 09:45:00     1
     1     1      273.65000       84.00000    93110.00000  -999999.00000       16.20000      336.00000  -999999.00000
  -999999.00000  -999999.00000  -999999.00000  -999999.00000  -999999.00000  -999999.00000  -999999.00000  -999999.00000
PUNTA_NEGRA                                -31.51920   -68.81780   800.00000 2026-07-05 09:45:00     1
     1     1      273.45000       83.00000    92280.00000  -999999.00000        0.10000      142.00000  -999999.00000
  -999999.00000  -999999.00000  -999999.00000  -999999.00000  -999999.00000  -999999.00000  -999999.00000  -999999.00000
ECOHUMUS                                   -31.65000   -68.30000   600.00000 2026-07-05 09:45:00     1
     1     1      275.25000       86.00000    95600.00000  -999999.00000        7.40000        5.00000  -999999.00000
  -999999.00000  -999999.00000  -999999.00000  -999999.00000  -999999.00000  -999999.00000  -999999.00000  -999999.00000
INTA_POCITO                                -31.65000   -68.58330   615.00000 2026-07-05 09:50:00     1
     1     1      275.05000       90.00000    94780.00000  -999999.00000        0.00000       41.00000  -999999.00000
  -999999.00000  -999999.00000  -999999.00000  -999999.00000  -999999.00000  -999999.00000  -999999.00000  -999999.00000
ULLUM_EMBALSE                              -31.46670   -68.66670   768.00000 2026-07-05 09:50:00     1
     1     1      273.75000       84.00000    93110.00000  -999999.00000       13.30000      331.00000  -999999.00000
  -999999.00000  -999999.00000  -999999.00000  -999999.00000  -999999.00000  -999999.00000  -999999.00000  -999999.00000
PUNTA_NEGRA                                -31.51920   -68.81780   800.00000 2026-07-05 09:50:00     1
     1     1      273.95000       82.00000    92290.00000  -999999.00000        0.00000      169.00000  -999999.00000
  -999999.00000  -999999.00000  -999999.00000  -999999.00000  -999999.00000  -999999.00000  -999999.00000  -999999.00000
ECOHUMUS                                   -31.65000   -68.30000   600.00000 2026-07-05 09:50:00     1
     1     1      275.55000       84.00000    95590.00000  -999999.00000        7.60000      341.00000  -999999.00000
  -999999.00000  -999999.00000  -999999.00000  -999999.00000  -999999.00000  -999999.00000  -999999.00000  -999999.00000
INTA_POCITO                                -31.65000   -68.58330   615.00000 2026-07-05 09:55:00     1
     1     1      275.05000       89.00000    94770.00000  -999999.00000        0.00000       41.00000  -999999.00000
  -999999.00000  -999999.00000  -999999.00000  -999999.00000  -999999.00000  -999999.00000  -999999.00000  -999999.00000
ULLUM_EMBALSE                              -31.46670   -68.66670   768.00000 2026-07-05 09:55:00     1
     1     1      273.95000       84.00000    93110.00000  -999999.00000       11.40000      323.00000  -999999.00000
  -999999.00000  -999999.00000  -999999.00000  -999999.00000  -999999.00000  -999999.00000  -999999.00000  -999999.00000
PUNTA_NEGRA                                -31.51920   -68.81780   800.00000 2026-07-05 09:55:00     1
     1     1      274.25000       80.00000    92300.00000  -999999.00000        0.10000      175.00000  -999999.00000
  -999999.00000  -999999.00000  -999999.00000  -999999.00000  -999999.00000  -999999.00000  -999999.00000  -999999.00000
ECOHUMUS                                   -31.65000   -68.30000   600.00000 2026-07-05 09:55:00     1
     1     1      275.85000       82.00000    95610.00000  -999999.00000        7.80000      349.00000  -999999.00000
  -999999.00000  -999999.00000  -999999.00000  -999999.00000  -999999.00000  -999999.00000  -999999.00000  -999999.00000
INTA_POCITO                                -31.65000   -68.58330   615.00000 2026-07-05 10:00:00     1
     1     1      275.55000       88.00000    94770.00000  -999999.00000        0.00000       42.00000  -999999.00000
  -999999.00000  -999999.00000  -999999.00000  -999999.00000  -999999.00000  -999999.00000  -999999.00000  -999999.00000
ULLUM_EMBALSE                              -31.46670   -68.66670   768.00000 2026-07-05 10:00:00     1
     1     1      274.05000       84.00000    93120.00000  -999999.00000        8.90000      308.00000  -999999.00000
  -999999.00000  -999999.00000  -999999.00000  -999999.00000  -999999.00000  -999999.00000  -999999.00000  -999999.00000
PUNTA_NEGRA                                -31.51920   -68.81780   800.00000 2026-07-05 10:00:00     1
     1     1      274.55000       79.00000    92300.00000  -999999.00000        0.30000      136.00000  -999999.00000
  -999999.00000  -999999.00000  -999999.00000  -999999.00000  -999999.00000  -999999.00000  -999999.00000  -999999.00000
ECOHUMUS                                   -31.65000   -68.30000   600.00000 2026-07-05 10:00:00     1
     1     1      276.05000       81.00000    95620.00000  -999999.00000        7.50000      345.00000  -999999.00000
  -999999.00000  -999999.00000  -999999.00000  -999999.00000  -999999.00000  -999999.00000  -999999.00000  -999999.00000
INTA_POCITO                                -31.65000   -68.58330   615.00000 2026-07-05 10:05:00     1
     1     1      276.85000       87.00000    94780.00000  -999999.00000        0.00000       52.00000  -999999.00000
  -999999.00000  -999999.00000  -999999.00000  -999999.00000  -999999.00000  -999999.00000  -999999.00000  -999999.00000
ULLUM_EMBALSE                              -31.46670   -68.66670   768.00000 2026-07-05 10:05:00     1
     1     1      274.05000       83.00000    93110.00000  -999999.00000       10.90000      308.00000  -999999.00000
  -999999.00000  -999999.00000  -999999.00000  -999999.00000  -999999.00000  -999999.00000  -999999.00000  -999999.00000
PUNTA_NEGRA                                -31.51920   -68.81780   800.00000 2026-07-05 10:05:00     1
     1     1      274.85000       78.00000    92290.00000  -999999.00000        0.40000      201.00000  -999999.00000
  -999999.00000  -999999.00000  -999999.00000  -999999.00000  -999999.00000  -999999.00000  -999999.00000  -999999.00000
ECOHUMUS                                   -31.65000   -68.30000   600.00000 2026-07-05 10:05:00     1
     1     1      276.05000       81.00000    95620.00000  -999999.00000        8.00000        2.00000  -999999.00000
  -999999.00000  -999999.00000  -999999.00000  -999999.00000  -999999.00000  -999999.00000  -999999.00000  -999999.00000
INTA_POCITO                                -31.65000   -68.58330   615.00000 2026-07-05 10:10:00     1
     1     1      277.55000       84.00000    94770.00000  -999999.00000        0.20000       22.00000  -999999.00000
  -999999.00000  -999999.00000  -999999.00000  -999999.00000  -999999.00000  -999999.00000  -999999.00000  -999999.00000
ULLUM_EMBALSE                              -31.46670   -68.66670   768.00000 2026-07-05 10:10:00     1
     1     1      274.15000       83.00000    93120.00000  -999999.00000        8.80000      314.00000  -999999.00000
  -999999.00000  -999999.00000  -999999.00000  -999999.00000  -999999.00000  -999999.00000  -999999.00000  -999999.00000
PUNTA_NEGRA                                -31.51920   -68.81780   800.00000 2026-07-05 10:10:00     1
     1     1      275.95000       75.00000    92300.00000  -999999.00000        0.10000      158.00000  -999999.00000
  -999999.00000  -999999.00000  -999999.00000  -999999.00000  -999999.00000  -999999.00000  -999999.00000  -999999.00000
ECOHUMUS                                   -31.65000   -68.30000   600.00000 2026-07-05 10:10:00     1
     1     1      276.35000       79.00000    95630.00000  -999999.00000        9.20000      354.00000  -999999.00000
  -999999.00000  -999999.00000  -999999.00000  -999999.00000  -999999.00000  -999999.00000  -999999.00000  -999999.00000
INTA_POCITO                                -31.65000   -68.58330   615.00000 2026-07-05 10:15:00     1
     1     1      278.05000       79.00000    94780.00000  -999999.00000        0.20000       64.00000  -999999.00000
  -999999.00000  -999999.00000  -999999.00000  -999999.00000  -999999.00000  -999999.00000  -999999.00000  -999999.00000
ULLUM_EMBALSE                              -31.46670   -68.66670   768.00000 2026-07-05 10:15:00     1
     1     1      274.35000       83.00000    93120.00000  -999999.00000        9.60000      313.00000  -999999.00000
  -999999.00000  -999999.00000  -999999.00000  -999999.00000  -999999.00000  -999999.00000  -999999.00000  -999999.00000
PUNTA_NEGRA                                -31.51920   -68.81780   800.00000 2026-07-05 10:15:00     1
     1     1      276.95000       71.00000    92310.00000  -999999.00000        0.40000      167.00000  -999999.00000
  -999999.00000  -999999.00000  -999999.00000  -999999.00000  -999999.00000  -999999.00000  -999999.00000  -999999.00000
ECOHUMUS                                   -31.65000   -68.30000   600.00000 2026-07-05 10:15:00     1
     1     1      276.65000       79.00000    95630.00000  -999999.00000        7.20000      360.00000  -999999.00000
  -999999.00000  -999999.00000  -999999.00000  -999999.00000  -999999.00000  -999999.00000  -999999.00000  -999999.00000
INTA_POCITO                                -31.65000   -68.58330   615.00000 2026-07-05 10:20:00     1
     1     1      278.45000       74.00000    94800.00000  -999999.00000        0.60000      106.00000  -999999.00000
  -999999.00000  -999999.00000  -999999.00000  -999999.00000  -999999.00000  -999999.00000  -999999.00000  -999999.00000
ULLUM_EMBALSE                              -31.46670   -68.66670   768.00000 2026-07-05 10:20:00     1
     1     1      274.35000       83.00000    93130.00000  -999999.00000        9.10000      314.00000  -999999.00000
  -999999.00000  -999999.00000  -999999.00000  -999999.00000  -999999.00000  -999999.00000  -999999.00000  -999999.00000
PUNTA_NEGRA                                -31.51920   -68.81780   800.00000 2026-07-05 10:20:00     1
     1     1      277.25000       69.00000    92310.00000  -999999.00000        1.00000      210.00000  -999999.00000
  -999999.00000  -999999.00000  -999999.00000  -999999.00000  -999999.00000  -999999.00000  -999999.00000  -999999.00000
ECOHUMUS                                   -31.65000   -68.30000   600.00000 2026-07-05 10:20:00     1
     1     1      277.05000       77.00000    95630.00000  -999999.00000        9.40000       20.00000  -999999.00000
  -999999.00000  -999999.00000  -999999.00000  -999999.00000  -999999.00000  -999999.00000  -999999.00000  -999999.00000
INTA_POCITO                                -31.65000   -68.58330   615.00000 2026-07-05 10:25:00     1
     1     1      278.35000       72.00000    94800.00000  -999999.00000        0.60000      356.00000  -999999.00000
  -999999.00000  -999999.00000  -999999.00000  -999999.00000  -999999.00000  -999999.00000  -999999.00000  -999999.00000
ULLUM_EMBALSE                              -31.46670   -68.66670   768.00000 2026-07-05 10:25:00     1
     1     1      274.55000       83.00000    93130.00000  -999999.00000        9.40000      310.00000  -999999.00000
  -999999.00000  -999999.00000  -999999.00000  -999999.00000  -999999.00000  -999999.00000  -999999.00000  -999999.00000
PUNTA_NEGRA                                -31.51920   -68.81780   800.00000 2026-07-05 10:25:00     1
     1     1      277.35000       69.00000    92320.00000  -999999.00000        1.10000      211.00000  -999999.00000
  -999999.00000  -999999.00000  -999999.00000  -999999.00000  -999999.00000  -999999.00000  -999999.00000  -999999.00000
ECOHUMUS                                   -31.65000   -68.30000   600.00000 2026-07-05 10:25:00     1
     1     1      277.45000       76.00000    95630.00000  -999999.00000        9.10000       10.00000  -999999.00000
  -999999.00000  -999999.00000  -999999.00000  -999999.00000  -999999.00000  -999999.00000  -999999.00000  -999999.00000
INTA_POCITO                                -31.65000   -68.58330   615.00000 2026-07-05 10:30:00     1
     1     1      278.45000       71.00000    94810.00000  -999999.00000        1.20000       18.00000  -999999.00000
  -999999.00000  -999999.00000  -999999.00000  -999999.00000  -999999.00000  -999999.00000  -999999.00000  -999999.00000
ULLUM_EMBALSE                              -31.46670   -68.66670   768.00000 2026-07-05 10:30:00     1
     1     1      274.75000       82.00000    93150.00000  -999999.00000        7.10000      297.00000  -999999.00000
  -999999.00000  -999999.00000  -999999.00000  -999999.00000  -999999.00000  -999999.00000  -999999.00000  -999999.00000
PUNTA_NEGRA                                -31.51920   -68.81780   800.00000 2026-07-05 10:30:00     1
     1     1      277.55000       68.00000    92310.00000  -999999.00000        0.50000      194.00000  -999999.00000
  -999999.00000  -999999.00000  -999999.00000  -999999.00000  -999999.00000  -999999.00000  -999999.00000  -999999.00000
ECOHUMUS                                   -31.65000   -68.30000   600.00000 2026-07-05 10:30:00     1
     1     1      277.55000       75.00000    95630.00000  -999999.00000       11.20000       37.00000  -999999.00000
  -999999.00000  -999999.00000  -999999.00000  -999999.00000  -999999.00000  -999999.00000  -999999.00000  -999999.00000
INTA_POCITO                                -31.65000   -68.58330   615.00000 2026-07-05 10:35:00     1
     1     1      278.75000       69.00000    94820.00000  -999999.00000        0.90000      335.00000  -999999.00000
  -999999.00000  -999999.00000  -999999.00000  -999999.00000  -999999.00000  -999999.00000  -999999.00000  -999999.00000
ULLUM_EMBALSE                              -31.46670   -68.66670   768.00000 2026-07-05 10:35:00     1
     1     1      275.05000       81.00000    93150.00000  -999999.00000        8.60000      306.00000  -999999.00000
  -999999.00000  -999999.00000  -999999.00000  -999999.00000  -999999.00000  -999999.00000  -999999.00000  -999999.00000
PUNTA_NEGRA                                -31.51920   -68.81780   800.00000 2026-07-05 10:35:00     1
     1     1      278.15000       66.00000    92320.00000  -999999.00000        1.20000      228.00000  -999999.00000
  -999999.00000  -999999.00000  -999999.00000  -999999.00000  -999999.00000  -999999.00000  -999999.00000  -999999.00000
ECOHUMUS                                   -31.65000   -68.30000   600.00000 2026-07-05 10:35:00     1
     1     1      277.95000       74.00000    95650.00000  -999999.00000       10.40000       29.00000  -999999.00000
  -999999.00000  -999999.00000  -999999.00000  -999999.00000  -999999.00000  -999999.00000  -999999.00000  -999999.00000
INTA_POCITO                                -31.65000   -68.58330   615.00000 2026-07-05 10:40:00     1
     1     1      279.15000       67.00000    94830.00000  -999999.00000        0.90000      355.00000  -999999.00000
  -999999.00000  -999999.00000  -999999.00000  -999999.00000  -999999.00000  -999999.00000  -999999.00000  -999999.00000
ULLUM_EMBALSE                              -31.46670   -68.66670   768.00000 2026-07-05 10:40:00     1
     1     1      275.05000       81.00000    93150.00000  -999999.00000       12.00000      332.00000  -999999.00000
  -999999.00000  -999999.00000  -999999.00000  -999999.00000  -999999.00000  -999999.00000  -999999.00000  -999999.00000
PUNTA_NEGRA                                -31.51920   -68.81780   800.00000 2026-07-05 10:40:00     1
     1     1      278.15000       65.00000    92330.00000  -999999.00000        0.90000      132.00000  -999999.00000
  -999999.00000  -999999.00000  -999999.00000  -999999.00000  -999999.00000  -999999.00000  -999999.00000  -999999.00000
ECOHUMUS                                   -31.65000   -68.30000   600.00000 2026-07-05 10:40:00     1
     1     1      278.35000       73.00000    95670.00000  -999999.00000       11.00000       14.00000  -999999.00000
  -999999.00000  -999999.00000  -999999.00000  -999999.00000  -999999.00000  -999999.00000  -999999.00000  -999999.00000
INTA_POCITO                                -31.65000   -68.58330   615.00000 2026-07-05 10:45:00     1
     1     1      279.55000       65.00000    94830.00000  -999999.00000        1.40000      323.00000  -999999.00000
  -999999.00000  -999999.00000  -999999.00000  -999999.00000  -999999.00000  -999999.00000  -999999.00000  -999999.00000
ULLUM_EMBALSE                              -31.46670   -68.66670   768.00000 2026-07-05 10:45:00     1
     1     1      275.15000       80.00000    93170.00000  -999999.00000       10.10000      327.00000  -999999.00000
  -999999.00000  -999999.00000  -999999.00000  -999999.00000  -999999.00000  -999999.00000  -999999.00000  -999999.00000
PUNTA_NEGRA                                -31.51920   -68.81780   800.00000 2026-07-05 10:45:00     1
     1     1      278.45000       65.00000    92340.00000  -999999.00000        0.40000      153.00000  -999999.00000
  -999999.00000  -999999.00000  -999999.00000  -999999.00000  -999999.00000  -999999.00000  -999999.00000  -999999.00000
ECOHUMUS                                   -31.65000   -68.30000   600.00000 2026-07-05 10:45:00     1
     1     1      278.55000       72.00000    95660.00000  -999999.00000       10.90000       14.00000  -999999.00000
  -999999.00000  -999999.00000  -999999.00000  -999999.00000  -999999.00000  -999999.00000  -999999.00000  -999999.00000
INTA_POCITO                                -31.65000   -68.58330   615.00000 2026-07-05 10:50:00     1
     1     1      280.15000       63.00000    94840.00000  -999999.00000        1.70000       54.00000  -999999.00000
  -999999.00000  -999999.00000  -999999.00000  -999999.00000  -999999.00000  -999999.00000  -999999.00000  -999999.00000
ULLUM_EMBALSE                              -31.46670   -68.66670   768.00000 2026-07-05 10:50:00     1
     1     1      275.25000       80.00000    93170.00000  -999999.00000        8.30000      317.00000  -999999.00000
  -999999.00000  -999999.00000  -999999.00000  -999999.00000  -999999.00000  -999999.00000  -999999.00000  -999999.00000
PUNTA_NEGRA                                -31.51920   -68.81780   800.00000 2026-07-05 10:50:00     1
     1     1      278.15000       66.00000    92350.00000  -999999.00000        2.40000      151.00000  -999999.00000
  -999999.00000  -999999.00000  -999999.00000  -999999.00000  -999999.00000  -999999.00000  -999999.00000  -999999.00000
ECOHUMUS                                   -31.65000   -68.30000   600.00000 2026-07-05 10:50:00     1
     1     1      278.75000       71.00000    95670.00000  -999999.00000       11.60000       11.00000  -999999.00000
  -999999.00000  -999999.00000  -999999.00000  -999999.00000  -999999.00000  -999999.00000  -999999.00000  -999999.00000
INTA_POCITO                                -31.65000   -68.58330   615.00000 2026-07-05 10:55:00     1
     1     1      280.55000       61.00000    94840.00000  -999999.00000        0.90000       50.00000  -999999.00000
  -999999.00000  -999999.00000  -999999.00000  -999999.00000  -999999.00000  -999999.00000  -999999.00000  -999999.00000
ULLUM_EMBALSE                              -31.46670   -68.66670   768.00000 2026-07-05 10:55:00     1
     1     1      275.35000       79.00000    93170.00000  -999999.00000       10.70000      315.00000  -999999.00000
  -999999.00000  -999999.00000  -999999.00000  -999999.00000  -999999.00000  -999999.00000  -999999.00000  -999999.00000
PUNTA_NEGRA                                -31.51920   -68.81780   800.00000 2026-07-05 10:55:00     1
     1     1      278.25000       65.00000    92350.00000  -999999.00000        1.60000      125.00000  -999999.00000
  -999999.00000  -999999.00000  -999999.00000  -999999.00000  -999999.00000  -999999.00000  -999999.00000  -999999.00000
ECOHUMUS                                   -31.65000   -68.30000   600.00000 2026-07-05 10:55:00     1
     1     1      278.95000       71.00000    95670.00000  -999999.00000       12.60000       23.00000  -999999.00000
  -999999.00000  -999999.00000  -999999.00000  -999999.00000  -999999.00000  -999999.00000  -999999.00000  -999999.00000
INTA_POCITO                                -31.65000   -68.58330   615.00000 2026-07-05 11:00:00     1
     1     1      280.65000       60.00000    94840.00000  -999999.00000        3.80000       20.00000  -999999.00000
  -999999.00000  -999999.00000  -999999.00000  -999999.00000  -999999.00000  -999999.00000  -999999.00000  -999999.00000
ULLUM_EMBALSE                              -31.46670   -68.66670   768.00000 2026-07-05 11:00:00     1
     1     1      275.45000       79.00000    93170.00000  -999999.00000        9.90000      328.00000  -999999.00000
  -999999.00000  -999999.00000  -999999.00000  -999999.00000  -999999.00000  -999999.00000  -999999.00000  -999999.00000
PUNTA_NEGRA                                -31.51920   -68.81780   800.00000 2026-07-05 11:00:00     1
     1     1      278.45000       64.00000    92350.00000  -999999.00000        1.40000      112.00000  -999999.00000
  -999999.00000  -999999.00000  -999999.00000  -999999.00000  -999999.00000  -999999.00000  -999999.00000  -999999.00000
ECOHUMUS                                   -31.65000   -68.30000   600.00000 2026-07-05 11:00:00     1
     1     1      279.05000       70.00000    95680.00000  -999999.00000       10.40000       27.00000  -999999.00000
  -999999.00000  -999999.00000  -999999.00000  -999999.00000  -999999.00000  -999999.00000  -999999.00000  -999999.00000
INTA_POCITO                                -31.65000   -68.58330   615.00000 2026-07-05 11:05:00     1
     1     1      280.65000       59.00000    94850.00000  -999999.00000        4.00000       12.00000  -999999.00000
  -999999.00000  -999999.00000  -999999.00000  -999999.00000  -999999.00000  -999999.00000  -999999.00000  -999999.00000
ULLUM_EMBALSE                              -31.46670   -68.66670   768.00000 2026-07-05 11:05:00     1
     1     1      275.75000       78.00000    93180.00000  -999999.00000        7.80000      294.00000  -999999.00000
  -999999.00000  -999999.00000  -999999.00000  -999999.00000  -999999.00000  -999999.00000  -999999.00000  -999999.00000
PUNTA_NEGRA                                -31.51920   -68.81780   800.00000 2026-07-05 11:05:00     1
     1     1      278.65000       64.00000    92350.00000  -999999.00000        1.30000       84.00000  -999999.00000
  -999999.00000  -999999.00000  -999999.00000  -999999.00000  -999999.00000  -999999.00000  -999999.00000  -999999.00000
ECOHUMUS                                   -31.65000   -68.30000   600.00000 2026-07-05 11:05:00     1
     1     1      279.35000       69.00000    95690.00000  -999999.00000       10.30000       28.00000  -999999.00000
  -999999.00000  -999999.00000  -999999.00000  -999999.00000  -999999.00000  -999999.00000  -999999.00000  -999999.00000
INTA_POCITO                                -31.65000   -68.58330   615.00000 2026-07-05 11:10:00     1
     1     1      280.75000       58.00000    94850.00000  -999999.00000        2.00000        8.00000  -999999.00000
  -999999.00000  -999999.00000  -999999.00000  -999999.00000  -999999.00000  -999999.00000  -999999.00000  -999999.00000
ULLUM_EMBALSE                              -31.46670   -68.66670   768.00000 2026-07-05 11:10:00     1
     1     1      275.95000       77.00000    93160.00000  -999999.00000        6.70000      328.00000  -999999.00000
  -999999.00000  -999999.00000  -999999.00000  -999999.00000  -999999.00000  -999999.00000  -999999.00000  -999999.00000
PUNTA_NEGRA                                -31.51920   -68.81780   800.00000 2026-07-05 11:10:00     1
     1     1      278.55000       64.00000    92350.00000  -999999.00000        2.40000      124.00000  -999999.00000
  -999999.00000  -999999.00000  -999999.00000  -999999.00000  -999999.00000  -999999.00000  -999999.00000  -999999.00000
ECOHUMUS                                   -31.65000   -68.30000   600.00000 2026-07-05 11:10:00     1
     1     1      279.65000       68.00000    95690.00000  -999999.00000        9.40000       23.00000  -999999.00000
  -999999.00000  -999999.00000  -999999.00000  -999999.00000  -999999.00000  -999999.00000  -999999.00000  -999999.00000
INTA_POCITO                                -31.65000   -68.58330   615.00000 2026-07-05 11:15:00     1
     1     1      280.95000       57.00000    94860.00000  -999999.00000        2.50000       27.00000  -999999.00000
  -999999.00000  -999999.00000  -999999.00000  -999999.00000  -999999.00000  -999999.00000  -999999.00000  -999999.00000
ULLUM_EMBALSE                              -31.46670   -68.66670   768.00000 2026-07-05 11:15:00     1
     1     1      276.15000       76.00000    93190.00000  -999999.00000        7.60000      300.00000  -999999.00000
  -999999.00000  -999999.00000  -999999.00000  -999999.00000  -999999.00000  -999999.00000  -999999.00000  -999999.00000
PUNTA_NEGRA                                -31.51920   -68.81780   800.00000 2026-07-05 11:15:00     1
     1     1      278.25000       65.00000    92360.00000  -999999.00000        2.70000      102.00000  -999999.00000
  -999999.00000  -999999.00000  -999999.00000  -999999.00000  -999999.00000  -999999.00000  -999999.00000  -999999.00000
ECOHUMUS                                   -31.65000   -68.30000   600.00000 2026-07-05 11:15:00     1
     1     1      279.95000       67.00000    95680.00000  -999999.00000       10.10000        3.00000  -999999.00000
  -999999.00000  -999999.00000  -999999.00000  -999999.00000  -999999.00000  -999999.00000  -999999.00000  -999999.00000
INTA_POCITO                                -31.65000   -68.58330   615.00000 2026-07-05 11:20:00     1
     1     1      281.25000       57.00000    94870.00000  -999999.00000        2.80000       94.00000  -999999.00000
  -999999.00000  -999999.00000  -999999.00000  -999999.00000  -999999.00000  -999999.00000  -999999.00000  -999999.00000
ULLUM_EMBALSE                              -31.46670   -68.66670   768.00000 2026-07-05 11:20:00     1
     1     1      276.45000       74.00000    93180.00000  -999999.00000        9.90000      293.00000  -999999.00000
  -999999.00000  -999999.00000  -999999.00000  -999999.00000  -999999.00000  -999999.00000  -999999.00000  -999999.00000
PUNTA_NEGRA                                -31.51920   -68.81780   800.00000 2026-07-05 11:20:00     1
     1     1      278.45000       64.00000    92380.00000  -999999.00000        1.40000      127.00000  -999999.00000
  -999999.00000  -999999.00000  -999999.00000  -999999.00000  -999999.00000  -999999.00000  -999999.00000  -999999.00000
ECOHUMUS                                   -31.65000   -68.30000   600.00000 2026-07-05 11:20:00     1
     1     1      280.05000       65.00000    95700.00000  -999999.00000       10.10000       20.00000  -999999.00000
  -999999.00000  -999999.00000  -999999.00000  -999999.00000  -999999.00000  -999999.00000  -999999.00000  -999999.00000
INTA_POCITO                                -31.65000   -68.58330   615.00000 2026-07-05 11:25:00     1
     1     1      281.15000       57.00000    94870.00000  -999999.00000        2.90000       36.00000  -999999.00000
  -999999.00000  -999999.00000  -999999.00000  -999999.00000  -999999.00000  -999999.00000  -999999.00000  -999999.00000
ULLUM_EMBALSE                              -31.46670   -68.66670   768.00000 2026-07-05 11:25:00     1
     1     1      276.95000       72.00000    93190.00000  -999999.00000        6.60000      269.00000  -999999.00000
  -999999.00000  -999999.00000  -999999.00000  -999999.00000  -999999.00000  -999999.00000  -999999.00000  -999999.00000
PUNTA_NEGRA                                -31.51920   -68.81780   800.00000 2026-07-05 11:25:00     1
     1     1      278.65000       63.00000    92370.00000  -999999.00000        2.90000      105.00000  -999999.00000
  -999999.00000  -999999.00000  -999999.00000  -999999.00000  -999999.00000  -999999.00000  -999999.00000  -999999.00000
ECOHUMUS                                   -31.65000   -68.30000   600.00000 2026-07-05 11:25:00     1
     1     1      280.25000       64.00000    95710.00000  -999999.00000       11.80000       21.00000  -999999.00000
  -999999.00000  -999999.00000  -999999.00000  -999999.00000  -999999.00000  -999999.00000  -999999.00000  -999999.00000
INTA_POCITO                                -31.65000   -68.58330   615.00000 2026-07-05 11:30:00     1
     1     1      281.45000       56.00000    94860.00000  -999999.00000        3.00000      359.00000  -999999.00000
  -999999.00000  -999999.00000  -999999.00000  -999999.00000  -999999.00000  -999999.00000  -999999.00000  -999999.00000
ULLUM_EMBALSE                              -31.46670   -68.66670   768.00000 2026-07-05 11:30:00     1
     1     1      277.25000       71.00000    93190.00000  -999999.00000       10.70000      277.00000  -999999.00000
  -999999.00000  -999999.00000  -999999.00000  -999999.00000  -999999.00000  -999999.00000  -999999.00000  -999999.00000
PUNTA_NEGRA                                -31.51920   -68.81780   800.00000 2026-07-05 11:30:00     1
     1     1      278.85000       62.00000    92380.00000  -999999.00000        1.80000      120.00000  -999999.00000
  -999999.00000  -999999.00000  -999999.00000  -999999.00000  -999999.00000  -999999.00000  -999999.00000  -999999.00000
ECOHUMUS                                   -31.65000   -68.30000   600.00000 2026-07-05 11:30:00     1
     1     1      280.55000       63.00000    95710.00000  -999999.00000       10.40000       12.00000  -999999.00000
  -999999.00000  -999999.00000  -999999.00000  -999999.00000  -999999.00000  -999999.00000  -999999.00000  -999999.00000
INTA_POCITO                                -31.65000   -68.58330   615.00000 2026-07-05 11:35:00     1
     1     1      281.45000       57.00000    94870.00000  -999999.00000        1.90000       15.00000  -999999.00000
  -999999.00000  -999999.00000  -999999.00000  -999999.00000  -999999.00000  -999999.00000  -999999.00000  -999999.00000
ULLUM_EMBALSE                              -31.46670   -68.66670   768.00000 2026-07-05 11:35:00     1
     1     1      277.35000       70.00000    93190.00000  -999999.00000        8.30000      290.00000  -999999.00000
  -999999.00000  -999999.00000  -999999.00000  -999999.00000  -999999.00000  -999999.00000  -999999.00000  -999999.00000
PUNTA_NEGRA                                -31.51920   -68.81780   800.00000 2026-07-05 11:35:00     1
     1     1      279.35000       60.00000    92380.00000  -999999.00000        2.10000      129.00000  -999999.00000
  -999999.00000  -999999.00000  -999999.00000  -999999.00000  -999999.00000  -999999.00000  -999999.00000  -999999.00000
ECOHUMUS                                   -31.65000   -68.30000   600.00000 2026-07-05 11:35:00     1
     1     1      280.85000       61.00000    95710.00000  -999999.00000       10.30000       17.00000  -999999.00000
  -999999.00000  -999999.00000  -999999.00000  -999999.00000  -999999.00000  -999999.00000  -999999.00000  -999999.00000
INTA_POCITO                                -31.65000   -68.58330   615.00000 2026-07-05 11:40:00     1
     1     1      281.35000       56.00000    94870.00000  -999999.00000        3.50000       41.00000  -999999.00000
  -999999.00000  -999999.00000  -999999.00000  -999999.00000  -999999.00000  -999999.00000  -999999.00000  -999999.00000
ULLUM_EMBALSE                              -31.46670   -68.66670   768.00000 2026-07-05 11:40:00     1
     1     1      277.55000       70.00000    93190.00000  -999999.00000        8.50000      278.00000  -999999.00000
  -999999.00000  -999999.00000  -999999.00000  -999999.00000  -999999.00000  -999999.00000  -999999.00000  -999999.00000
PUNTA_NEGRA                                -31.51920   -68.81780   800.00000 2026-07-05 11:40:00     1
     1     1      279.25000       60.00000    92380.00000  -999999.00000        2.10000       77.00000  -999999.00000
  -999999.00000  -999999.00000  -999999.00000  -999999.00000  -999999.00000  -999999.00000  -999999.00000  -999999.00000
ECOHUMUS                                   -31.65000   -68.30000   600.00000 2026-07-05 11:40:00     1
     1     1      280.85000       60.00000    95700.00000  -999999.00000       12.90000       31.00000  -999999.00000
  -999999.00000  -999999.00000  -999999.00000  -999999.00000  -999999.00000  -999999.00000  -999999.00000  -999999.00000
INTA_POCITO                                -31.65000   -68.58330   615.00000 2026-07-05 11:45:00     1
     1     1      281.45000       56.00000    94870.00000  -999999.00000        3.00000       43.00000  -999999.00000
  -999999.00000  -999999.00000  -999999.00000  -999999.00000  -999999.00000  -999999.00000  -999999.00000  -999999.00000
ULLUM_EMBALSE                              -31.46670   -68.66670   768.00000 2026-07-05 11:45:00     1
     1     1      277.75000       69.00000    93190.00000  -999999.00000        5.80000      294.00000  -999999.00000
  -999999.00000  -999999.00000  -999999.00000  -999999.00000  -999999.00000  -999999.00000  -999999.00000  -999999.00000
PUNTA_NEGRA                                -31.51920   -68.81780   800.00000 2026-07-05 11:45:00     1
     1     1      279.55000       59.00000    92370.00000  -999999.00000        1.40000      114.00000  -999999.00000
  -999999.00000  -999999.00000  -999999.00000  -999999.00000  -999999.00000  -999999.00000  -999999.00000  -999999.00000
ECOHUMUS                                   -31.65000   -68.30000   600.00000 2026-07-05 11:45:00     1
     1     1      281.25000       58.00000    95700.00000  -999999.00000       12.10000       27.00000  -999999.00000
  -999999.00000  -999999.00000  -999999.00000  -999999.00000  -999999.00000  -999999.00000  -999999.00000  -999999.00000
INTA_POCITO                                -31.65000   -68.58330   615.00000 2026-07-05 11:50:00     1
     1     1      281.45000       57.00000    94880.00000  -999999.00000        3.50000       10.00000  -999999.00000
  -999999.00000  -999999.00000  -999999.00000  -999999.00000  -999999.00000  -999999.00000  -999999.00000  -999999.00000
ULLUM_EMBALSE                              -31.46670   -68.66670   768.00000 2026-07-05 11:50:00     1
     1     1      278.25000       68.00000    93190.00000  -999999.00000        5.70000      302.00000  -999999.00000
  -999999.00000  -999999.00000  -999999.00000  -999999.00000  -999999.00000  -999999.00000  -999999.00000  -999999.00000
PUNTA_NEGRA                                -31.51920   -68.81780   800.00000 2026-07-05 11:50:00     1
     1     1      279.55000       59.00000    92380.00000  -999999.00000        1.80000      146.00000  -999999.00000
  -999999.00000  -999999.00000  -999999.00000  -999999.00000  -999999.00000  -999999.00000  -999999.00000  -999999.00000
ECOHUMUS                                   -31.65000   -68.30000   600.00000 2026-07-05 11:50:00     1
     1     1      281.35000       56.00000    95710.00000  -999999.00000       13.10000       34.00000  -999999.00000
  -999999.00000  -999999.00000  -999999.00000  -999999.00000  -999999.00000  -999999.00000  -999999.00000  -999999.00000
INTA_POCITO                                -31.65000   -68.58330   615.00000 2026-07-05 11:55:00     1
     1     1      281.95000       55.00000    94880.00000  -999999.00000        0.60000       24.00000  -999999.00000
  -999999.00000  -999999.00000  -999999.00000  -999999.00000  -999999.00000  -999999.00000  -999999.00000  -999999.00000
ULLUM_EMBALSE                              -31.46670   -68.66670   768.00000 2026-07-05 11:55:00     1
     1     1      278.35000       67.00000    93190.00000  -999999.00000        4.20000      326.00000  -999999.00000
  -999999.00000  -999999.00000  -999999.00000  -999999.00000  -999999.00000  -999999.00000  -999999.00000  -999999.00000
PUNTA_NEGRA                                -31.51920   -68.81780   800.00000 2026-07-05 11:55:00     1
     1     1      279.55000       58.00000    92380.00000  -999999.00000        2.20000      171.00000  -999999.00000
  -999999.00000  -999999.00000  -999999.00000  -999999.00000  -999999.00000  -999999.00000  -999999.00000  -999999.00000
ECOHUMUS                                   -31.65000   -68.30000   600.00000 2026-07-05 11:55:00     1
     1     1      281.45000       56.00000    95710.00000  -999999.00000        9.10000       33.00000  -999999.00000
  -999999.00000  -999999.00000  -999999.00000  -999999.00000  -999999.00000  -999999.00000  -999999.00000  -999999.00000
INTA_POCITO                                -31.65000   -68.58330   615.00000 2026-07-05 12:00:00     1
     1     1      282.05000       55.00000    94880.00000  -999999.00000        1.60000       20.00000  -999999.00000
  -999999.00000  -999999.00000  -999999.00000  -999999.00000  -999999.00000  -999999.00000  -999999.00000  -999999.00000
ULLUM_EMBALSE                              -31.46670   -68.66670   768.00000 2026-07-05 12:00:00     1
     1     1      278.75000       66.00000    93200.00000  -999999.00000        4.50000      339.00000  -999999.00000
  -999999.00000  -999999.00000  -999999.00000  -999999.00000  -999999.00000  -999999.00000  -999999.00000  -999999.00000
PUNTA_NEGRA                                -31.51920   -68.81780   800.00000 2026-07-05 12:00:00     1
     1     1      279.65000       58.00000    92370.00000  -999999.00000        1.90000      105.00000  -999999.00000
  -999999.00000  -999999.00000  -999999.00000  -999999.00000  -999999.00000  -999999.00000  -999999.00000  -999999.00000
ECOHUMUS                                   -31.65000   -68.30000   600.00000 2026-07-05 12:00:00     1
     1     1      281.65000       55.00000    95710.00000  -999999.00000       12.70000        6.00000  -999999.00000
  -999999.00000  -999999.00000  -999999.00000  -999999.00000  -999999.00000  -999999.00000  -999999.00000  -999999.00000
INTA_POCITO                                -31.65000   -68.58330   615.00000 2026-07-05 12:05:00     1
     1     1      281.95000       55.00000    94880.00000  -999999.00000        1.00000       41.00000  -999999.00000
  -999999.00000  -999999.00000  -999999.00000  -999999.00000  -999999.00000  -999999.00000  -999999.00000  -999999.00000
ULLUM_EMBALSE                              -31.46670   -68.66670   768.00000 2026-07-05 12:05:00     1
     1     1      279.05000       65.00000    93190.00000  -999999.00000        1.90000      336.00000  -999999.00000
  -999999.00000  -999999.00000  -999999.00000  -999999.00000  -999999.00000  -999999.00000  -999999.00000  -999999.00000
PUNTA_NEGRA                                -31.51920   -68.81780   800.00000 2026-07-05 12:05:00     1
     1     1      280.05000       56.00000    92370.00000  -999999.00000        0.40000      190.00000  -999999.00000
  -999999.00000  -999999.00000  -999999.00000  -999999.00000  -999999.00000  -999999.00000  -999999.00000  -999999.00000
ECOHUMUS                                   -31.65000   -68.30000   600.00000 2026-07-05 12:05:00     1
     1     1      281.95000       55.00000    95720.00000  -999999.00000       11.60000       12.00000  -999999.00000
  -999999.00000  -999999.00000  -999999.00000  -999999.00000  -999999.00000  -999999.00000  -999999.00000  -999999.00000
INTA_POCITO                                -31.65000   -68.58330   615.00000 2026-07-05 12:10:00     1
     1     1      282.35000       54.00000    94880.00000  -999999.00000        3.30000       40.00000  -999999.00000
  -999999.00000  -999999.00000  -999999.00000  -999999.00000  -999999.00000  -999999.00000  -999999.00000  -999999.00000
ULLUM_EMBALSE                              -31.46670   -68.66670   768.00000 2026-07-05 12:10:00     1
     1     1      278.95000       65.00000    93190.00000  -999999.00000        1.70000      333.00000  -999999.00000
  -999999.00000  -999999.00000  -999999.00000  -999999.00000  -999999.00000  -999999.00000  -999999.00000  -999999.00000
PUNTA_NEGRA                                -31.51920   -68.81780   800.00000 2026-07-05 12:10:00     1
     1     1      280.75000       55.00000    92370.00000  -999999.00000        1.70000      125.00000  -999999.00000
  -999999.00000  -999999.00000  -999999.00000  -999999.00000  -999999.00000  -999999.00000  -999999.00000  -999999.00000
ECOHUMUS                                   -31.65000   -68.30000   600.00000 2026-07-05 12:10:00     1
     1     1      281.65000       54.00000    95710.00000  -999999.00000       13.80000       21.00000  -999999.00000
  -999999.00000  -999999.00000  -999999.00000  -999999.00000  -999999.00000  -999999.00000  -999999.00000  -999999.00000
INTA_POCITO                                -31.65000   -68.58330   615.00000 2026-07-05 12:15:00     1
     1     1      282.65000       53.00000    94880.00000  -999999.00000        2.20000       63.00000  -999999.00000
  -999999.00000  -999999.00000  -999999.00000  -999999.00000  -999999.00000  -999999.00000  -999999.00000  -999999.00000
ULLUM_EMBALSE                              -31.46670   -68.66670   768.00000 2026-07-05 12:15:00     1
     1     1      279.65000       63.00000    93190.00000  -999999.00000        1.40000      334.00000  -999999.00000
  -999999.00000  -999999.00000  -999999.00000  -999999.00000  -999999.00000  -999999.00000  -999999.00000  -999999.00000
PUNTA_NEGRA                                -31.51920   -68.81780   800.00000 2026-07-05 12:15:00     1
     1     1      280.15000       56.00000    92370.00000  -999999.00000        1.90000      153.00000  -999999.00000
  -999999.00000  -999999.00000  -999999.00000  -999999.00000  -999999.00000  -999999.00000  -999999.00000  -999999.00000
ECOHUMUS                                   -31.65000   -68.30000   600.00000 2026-07-05 12:15:00     1
     1     1      281.85000       54.00000    95710.00000  -999999.00000       12.00000       30.00000  -999999.00000
  -999999.00000  -999999.00000  -999999.00000  -999999.00000  -999999.00000  -999999.00000  -999999.00000  -999999.00000
INTA_POCITO                                -31.65000   -68.58330   615.00000 2026-07-05 12:20:00     1
     1     1      282.55000       53.00000    94880.00000  -999999.00000        1.60000       37.00000  -999999.00000
  -999999.00000  -999999.00000  -999999.00000  -999999.00000  -999999.00000  -999999.00000  -999999.00000  -999999.00000
ULLUM_EMBALSE                              -31.46670   -68.66670   768.00000 2026-07-05 12:20:00     1
     1     1      280.05000       61.00000    93200.00000  -999999.00000        2.40000      334.00000  -999999.00000
  -999999.00000  -999999.00000  -999999.00000  -999999.00000  -999999.00000  -999999.00000  -999999.00000  -999999.00000
PUNTA_NEGRA                                -31.51920   -68.81780   800.00000 2026-07-05 12:20:00     1
     1     1      280.15000       55.00000    92370.00000  -999999.00000        3.10000      109.00000  -999999.00000
  -999999.00000  -999999.00000  -999999.00000  -999999.00000  -999999.00000  -999999.00000  -999999.00000  -999999.00000
ECOHUMUS                                   -31.65000   -68.30000   600.00000 2026-07-05 12:20:00     1
     1     1      282.15000       53.00000    95720.00000  -999999.00000        9.90000       24.00000  -999999.00000
  -999999.00000  -999999.00000  -999999.00000  -999999.00000  -999999.00000  -999999.00000  -999999.00000  -999999.00000
INTA_POCITO                                -31.65000   -68.58330   615.00000 2026-07-05 12:25:00     1
     1     1      282.65000       52.00000    94870.00000  -999999.00000        2.20000       20.00000  -999999.00000
  -999999.00000  -999999.00000  -999999.00000  -999999.00000  -999999.00000  -999999.00000  -999999.00000  -999999.00000
ULLUM_EMBALSE                              -31.46670   -68.66670   768.00000 2026-07-05 12:25:00     1
     1     1      280.15000       60.00000    93190.00000  -999999.00000        2.20000      334.00000  -999999.00000
  -999999.00000  -999999.00000  -999999.00000  -999999.00000  -999999.00000  -999999.00000  -999999.00000  -999999.00000
PUNTA_NEGRA                                -31.51920   -68.81780   800.00000 2026-07-05 12:25:00     1
     1     1      280.35000       55.00000    92380.00000  -999999.00000        2.00000      138.00000  -999999.00000
  -999999.00000  -999999.00000  -999999.00000  -999999.00000  -999999.00000  -999999.00000  -999999.00000  -999999.00000
ECOHUMUS                                   -31.65000   -68.30000   600.00000 2026-07-05 12:25:00     1
     1     1      282.35000       52.00000    95710.00000  -999999.00000        9.70000       35.00000  -999999.00000
  -999999.00000  -999999.00000  -999999.00000  -999999.00000  -999999.00000  -999999.00000  -999999.00000  -999999.00000
INTA_POCITO                                -31.65000   -68.58330   615.00000 2026-07-05 12:30:00     1
     1     1      282.65000       53.00000    94870.00000  -999999.00000        1.20000      298.00000  -999999.00000
  -999999.00000  -999999.00000  -999999.00000  -999999.00000  -999999.00000  -999999.00000  -999999.00000  -999999.00000
ULLUM_EMBALSE                              -31.46670   -68.66670   768.00000 2026-07-05 12:30:00     1
     1     1      280.25000       59.00000    93170.00000  -999999.00000        3.70000      334.00000  -999999.00000
  -999999.00000  -999999.00000  -999999.00000  -999999.00000  -999999.00000  -999999.00000  -999999.00000  -999999.00000
PUNTA_NEGRA                                -31.51920   -68.81780   800.00000 2026-07-05 12:30:00     1
     1     1      280.45000       55.00000    92370.00000  -999999.00000        1.90000      138.00000  -999999.00000
  -999999.00000  -999999.00000  -999999.00000  -999999.00000  -999999.00000  -999999.00000  -999999.00000  -999999.00000
ECOHUMUS                                   -31.65000   -68.30000   600.00000 2026-07-05 12:30:00     1
     1     1      282.05000       53.00000    95700.00000  -999999.00000       10.60000       26.00000  -999999.00000
  -999999.00000  -999999.00000  -999999.00000  -999999.00000  -999999.00000  -999999.00000  -999999.00000  -999999.00000
INTA_POCITO                                -31.65000   -68.58330   615.00000 2026-07-05 12:35:00     1
     1     1      283.55000       50.00000    94870.00000  -999999.00000        1.50000      314.00000  -999999.00000
  -999999.00000  -999999.00000  -999999.00000  -999999.00000  -999999.00000  -999999.00000  -999999.00000  -999999.00000
ULLUM_EMBALSE                              -31.46670   -68.66670   768.00000 2026-07-05 12:35:00     1
     1     1      279.95000       60.00000    93170.00000  -999999.00000        1.70000      334.00000  -999999.00000
  -999999.00000  -999999.00000  -999999.00000  -999999.00000  -999999.00000  -999999.00000  -999999.00000  -999999.00000
PUNTA_NEGRA                                -31.51920   -68.81780   800.00000 2026-07-05 12:35:00     1
     1     1      280.45000       54.00000    92360.00000  -999999.00000        3.30000       84.00000  -999999.00000
  -999999.00000  -999999.00000  -999999.00000  -999999.00000  -999999.00000  -999999.00000  -999999.00000  -999999.00000
ECOHUMUS                                   -31.65000   -68.30000   600.00000 2026-07-05 12:35:00     1
     1     1      282.45000       52.00000    95700.00000  -999999.00000       10.00000       21.00000  -999999.00000
  -999999.00000  -999999.00000  -999999.00000  -999999.00000  -999999.00000  -999999.00000  -999999.00000  -999999.00000
INTA_POCITO                                -31.65000   -68.58330   615.00000 2026-07-05 12:40:00     1
     1     1      282.85000       51.00000    94850.00000  -999999.00000        2.60000      348.00000  -999999.00000
  -999999.00000  -999999.00000  -999999.00000  -999999.00000  -999999.00000  -999999.00000  -999999.00000  -999999.00000
ULLUM_EMBALSE                              -31.46670   -68.66670   768.00000 2026-07-05 12:40:00     1
     1     1      280.15000       60.00000    93160.00000  -999999.00000        3.20000      333.00000  -999999.00000
  -999999.00000  -999999.00000  -999999.00000  -999999.00000  -999999.00000  -999999.00000  -999999.00000  -999999.00000
PUNTA_NEGRA                                -31.51920   -68.81780   800.00000 2026-07-05 12:40:00     1
     1     1      280.45000       54.00000    92350.00000  -999999.00000        3.20000      106.00000  -999999.00000
  -999999.00000  -999999.00000  -999999.00000  -999999.00000  -999999.00000  -999999.00000  -999999.00000  -999999.00000
ECOHUMUS                                   -31.65000   -68.30000   600.00000 2026-07-05 12:40:00     1
     1     1      282.45000       52.00000    95700.00000  -999999.00000       11.20000      352.00000  -999999.00000
  -999999.00000  -999999.00000  -999999.00000  -999999.00000  -999999.00000  -999999.00000  -999999.00000  -999999.00000
INTA_POCITO                                -31.65000   -68.58330   615.00000 2026-07-05 12:45:00     1
     1     1      282.65000       51.00000    94850.00000  -999999.00000        1.80000      347.00000  -999999.00000
  -999999.00000  -999999.00000  -999999.00000  -999999.00000  -999999.00000  -999999.00000  -999999.00000  -999999.00000
ULLUM_EMBALSE                              -31.46670   -68.66670   768.00000 2026-07-05 12:45:00     1
     1     1      280.15000       60.00000    93160.00000  -999999.00000        1.80000      333.00000  -999999.00000
  -999999.00000  -999999.00000  -999999.00000  -999999.00000  -999999.00000  -999999.00000  -999999.00000  -999999.00000
PUNTA_NEGRA                                -31.51920   -68.81780   800.00000 2026-07-05 12:45:00     1
     1     1      280.75000       52.00000    92350.00000  -999999.00000        1.40000      188.00000  -999999.00000
  -999999.00000  -999999.00000  -999999.00000  -999999.00000  -999999.00000  -999999.00000  -999999.00000  -999999.00000
ECOHUMUS                                   -31.65000   -68.30000   600.00000 2026-07-05 12:45:00     1
     1     1      282.45000       51.00000    95680.00000  -999999.00000       12.20000      358.00000  -999999.00000
  -999999.00000  -999999.00000  -999999.00000  -999999.00000  -999999.00000  -999999.00000  -999999.00000  -999999.00000
INTA_POCITO                                -31.65000   -68.58330   615.00000 2026-07-05 12:50:00     1
     1     1      282.95000       51.00000    94830.00000  -999999.00000        2.60000       47.00000  -999999.00000
  -999999.00000  -999999.00000  -999999.00000  -999999.00000  -999999.00000  -999999.00000  -999999.00000  -999999.00000
ULLUM_EMBALSE                              -31.46670   -68.66670   768.00000 2026-07-05 12:50:00     1
     1     1      280.85000       57.00000    93150.00000  -999999.00000        2.20000      334.00000  -999999.00000
  -999999.00000  -999999.00000  -999999.00000  -999999.00000  -999999.00000  -999999.00000  -999999.00000  -999999.00000
PUNTA_NEGRA                                -31.51920   -68.81780   800.00000 2026-07-05 12:50:00     1
     1     1      281.65000       50.00000    92350.00000  -999999.00000        2.30000      129.00000  -999999.00000
  -999999.00000  -999999.00000  -999999.00000  -999999.00000  -999999.00000  -999999.00000  -999999.00000  -999999.00000
ECOHUMUS                                   -31.65000   -68.30000   600.00000 2026-07-05 12:50:00     1
     1     1      282.45000       51.00000    95670.00000  -999999.00000        9.80000       24.00000  -999999.00000
  -999999.00000  -999999.00000  -999999.00000  -999999.00000  -999999.00000  -999999.00000  -999999.00000  -999999.00000
INTA_POCITO                                -31.65000   -68.58330   615.00000 2026-07-05 12:55:00     1
     1     1      283.15000       50.00000    94810.00000  -999999.00000        1.80000      352.00000  -999999.00000
  -999999.00000  -999999.00000  -999999.00000  -999999.00000  -999999.00000  -999999.00000  -999999.00000  -999999.00000
ULLUM_EMBALSE                              -31.46670   -68.66670   768.00000 2026-07-05 12:55:00     1
     1     1      281.45000       56.00000    93150.00000  -999999.00000        0.80000      334.00000  -999999.00000
  -999999.00000  -999999.00000  -999999.00000  -999999.00000  -999999.00000  -999999.00000  -999999.00000  -999999.00000
PUNTA_NEGRA                                -31.51920   -68.81780   800.00000 2026-07-05 12:55:00     1
     1     1      281.25000       51.00000    92350.00000  -999999.00000        2.90000       37.00000  -999999.00000
  -999999.00000  -999999.00000  -999999.00000  -999999.00000  -999999.00000  -999999.00000  -999999.00000  -999999.00000
ECOHUMUS                                   -31.65000   -68.30000   600.00000 2026-07-05 12:55:00     1
     1     1      282.55000       50.00000    95670.00000  -999999.00000        9.50000       17.00000  -999999.00000
  -999999.00000  -999999.00000  -999999.00000  -999999.00000  -999999.00000  -999999.00000  -999999.00000  -999999.00000
INTA_POCITO                                -31.65000   -68.58330   615.00000 2026-07-05 13:00:00     1
     1     1      283.25000       49.00000    94820.00000  -999999.00000        1.10000      357.00000  -999999.00000
  -999999.00000  -999999.00000  -999999.00000  -999999.00000  -999999.00000  -999999.00000  -999999.00000  -999999.00000
ULLUM_EMBALSE                              -31.46670   -68.66670   768.00000 2026-07-05 13:00:00     1
     1     1      281.85000       54.00000    93140.00000  -999999.00000        1.40000      334.00000  -999999.00000
  -999999.00000  -999999.00000  -999999.00000  -999999.00000  -999999.00000  -999999.00000  -999999.00000  -999999.00000
PUNTA_NEGRA                                -31.51920   -68.81780   800.00000 2026-07-05 13:00:00     1
     1     1      281.45000       49.00000    92330.00000  -999999.00000        2.80000       77.00000  -999999.00000
  -999999.00000  -999999.00000  -999999.00000  -999999.00000  -999999.00000  -999999.00000  -999999.00000  -999999.00000
ECOHUMUS                                   -31.65000   -68.30000   600.00000 2026-07-05 13:00:00     1
     1     1      282.75000       49.00000    95650.00000  -999999.00000        8.70000       21.00000  -999999.00000
  -999999.00000  -999999.00000  -999999.00000  -999999.00000  -999999.00000  -999999.00000  -999999.00000  -999999.00000
INTA_POCITO                                -31.65000   -68.58330   615.00000 2026-07-05 13:05:00     1
     1     1      283.55000       48.00000    94800.00000  -999999.00000        1.20000       12.00000  -999999.00000
  -999999.00000  -999999.00000  -999999.00000  -999999.00000  -999999.00000  -999999.00000  -999999.00000  -999999.00000
ULLUM_EMBALSE                              -31.46670   -68.66670   768.00000 2026-07-05 13:05:00     1
     1     1      282.75000       52.00000    93140.00000  -999999.00000        1.50000      334.00000  -999999.00000
  -999999.00000  -999999.00000  -999999.00000  -999999.00000  -999999.00000  -999999.00000  -999999.00000  -999999.00000
PUNTA_NEGRA                                -31.51920   -68.81780   800.00000 2026-07-05 13:05:00     1
     1     1      281.75000       47.00000    92320.00000  -999999.00000        2.90000       69.00000  -999999.00000
  -999999.00000  -999999.00000  -999999.00000  -999999.00000  -999999.00000  -999999.00000  -999999.00000  -999999.00000
ECOHUMUS                                   -31.65000   -68.30000   600.00000 2026-07-05 13:05:00     1
     1     1      283.25000       49.00000    95650.00000  -999999.00000        8.90000       22.00000  -999999.00000
  -999999.00000  -999999.00000  -999999.00000  -999999.00000  -999999.00000  -999999.00000  -999999.00000  -999999.00000
INTA_POCITO                                -31.65000   -68.58330   615.00000 2026-07-05 13:10:00     1
     1     1      283.95000       47.00000    94800.00000  -999999.00000        0.40000       37.00000  -999999.00000
  -999999.00000  -999999.00000  -999999.00000  -999999.00000  -999999.00000  -999999.00000  -999999.00000  -999999.00000
ULLUM_EMBALSE                              -31.46670   -68.66670   768.00000 2026-07-05 13:10:00     1
     1     1      282.45000       52.00000    93120.00000  -999999.00000        2.20000      334.00000  -999999.00000
  -999999.00000  -999999.00000  -999999.00000  -999999.00000  -999999.00000  -999999.00000  -999999.00000  -999999.00000
PUNTA_NEGRA                                -31.51920   -68.81780   800.00000 2026-07-05 13:10:00     1
     1     1      281.45000       48.00000    92310.00000  -999999.00000        2.60000      136.00000  -999999.00000
  -999999.00000  -999999.00000  -999999.00000  -999999.00000  -999999.00000  -999999.00000  -999999.00000  -999999.00000
ECOHUMUS                                   -31.65000   -68.30000   600.00000 2026-07-05 13:10:00     1
     1     1      283.25000       48.00000    95640.00000  -999999.00000       10.40000       10.00000  -999999.00000
  -999999.00000  -999999.00000  -999999.00000  -999999.00000  -999999.00000  -999999.00000  -999999.00000  -999999.00000
INTA_POCITO                                -31.65000   -68.58330   615.00000 2026-07-05 13:15:00     1
     1     1      283.85000       48.00000    94790.00000  -999999.00000        0.10000       12.00000  -999999.00000
  -999999.00000  -999999.00000  -999999.00000  -999999.00000  -999999.00000  -999999.00000  -999999.00000  -999999.00000
ULLUM_EMBALSE                              -31.46670   -68.66670   768.00000 2026-07-05 13:15:00     1
     1     1      281.75000       53.00000    93110.00000  -999999.00000        2.20000      333.00000  -999999.00000
  -999999.00000  -999999.00000  -999999.00000  -999999.00000  -999999.00000  -999999.00000  -999999.00000  -999999.00000
PUNTA_NEGRA                                -31.51920   -68.81780   800.00000 2026-07-05 13:15:00     1
     1     1      281.55000       48.00000    92310.00000  -999999.00000        3.00000      128.00000  -999999.00000
  -999999.00000  -999999.00000  -999999.00000  -999999.00000  -999999.00000  -999999.00000  -999999.00000  -999999.00000
ECOHUMUS                                   -31.65000   -68.30000   600.00000 2026-07-05 13:15:00     1
     1     1      283.05000       48.00000    95640.00000  -999999.00000       10.20000       22.00000  -999999.00000
  -999999.00000  -999999.00000  -999999.00000  -999999.00000  -999999.00000  -999999.00000  -999999.00000  -999999.00000
INTA_POCITO                                -31.65000   -68.58330   615.00000 2026-07-05 13:20:00     1
     1     1      284.05000       47.00000    94760.00000  -999999.00000        3.10000       35.00000  -999999.00000
  -999999.00000  -999999.00000  -999999.00000  -999999.00000  -999999.00000  -999999.00000  -999999.00000  -999999.00000
ULLUM_EMBALSE                              -31.46670   -68.66670   768.00000 2026-07-05 13:20:00     1
     1     1      281.65000       54.00000    93100.00000  -999999.00000        2.40000      334.00000  -999999.00000
  -999999.00000  -999999.00000  -999999.00000  -999999.00000  -999999.00000  -999999.00000  -999999.00000  -999999.00000
PUNTA_NEGRA                                -31.51920   -68.81780   800.00000 2026-07-05 13:20:00     1
     1     1      281.95000       47.00000    92300.00000  -999999.00000        2.10000      109.00000  -999999.00000
  -999999.00000  -999999.00000  -999999.00000  -999999.00000  -999999.00000  -999999.00000  -999999.00000  -999999.00000
ECOHUMUS                                   -31.65000   -68.30000   600.00000 2026-07-05 13:20:00     1
     1     1      282.95000       48.00000    95620.00000  -999999.00000        9.60000       14.00000  -999999.00000
  -999999.00000  -999999.00000  -999999.00000  -999999.00000  -999999.00000  -999999.00000  -999999.00000  -999999.00000
INTA_POCITO                                -31.65000   -68.58330   615.00000 2026-07-05 13:25:00     1
     1     1      284.35000       46.00000    94760.00000  -999999.00000        0.80000      354.00000  -999999.00000
  -999999.00000  -999999.00000  -999999.00000  -999999.00000  -999999.00000  -999999.00000  -999999.00000  -999999.00000
ULLUM_EMBALSE                              -31.46670   -68.66670   768.00000 2026-07-05 13:25:00     1
     1     1      281.45000       54.00000    93090.00000  -999999.00000        3.50000      324.00000  -999999.00000
  -999999.00000  -999999.00000  -999999.00000  -999999.00000  -999999.00000  -999999.00000  -999999.00000  -999999.00000
PUNTA_NEGRA                                -31.51920   -68.81780   800.00000 2026-07-05 13:25:00     1
     1     1      281.85000       47.00000    92290.00000  -999999.00000        1.10000      147.00000  -999999.00000
  -999999.00000  -999999.00000  -999999.00000  -999999.00000  -999999.00000  -999999.00000  -999999.00000  -999999.00000
ECOHUMUS                                   -31.65000   -68.30000   600.00000 2026-07-05 13:25:00     1
     1     1      283.35000       47.00000    95610.00000  -999999.00000        8.00000        9.00000  -999999.00000
  -999999.00000  -999999.00000  -999999.00000  -999999.00000  -999999.00000  -999999.00000  -999999.00000  -999999.00000
INTA_POCITO                                -31.65000   -68.58330   615.00000 2026-07-05 13:30:00     1
     1     1      284.75000       45.00000    94750.00000  -999999.00000        1.20000        7.00000  -999999.00000
  -999999.00000  -999999.00000  -999999.00000  -999999.00000  -999999.00000  -999999.00000  -999999.00000  -999999.00000
ULLUM_EMBALSE                              -31.46670   -68.66670   768.00000 2026-07-05 13:30:00     1
     1     1      281.45000       54.00000    93070.00000  -999999.00000        5.50000      279.00000  -999999.00000
  -999999.00000  -999999.00000  -999999.00000  -999999.00000  -999999.00000  -999999.00000  -999999.00000  -999999.00000
PUNTA_NEGRA                                -31.51920   -68.81780   800.00000 2026-07-05 13:30:00     1
     1     1      282.55000       46.00000    92280.00000  -999999.00000        1.50000      144.00000  -999999.00000
  -999999.00000  -999999.00000  -999999.00000  -999999.00000  -999999.00000  -999999.00000  -999999.00000  -999999.00000
ECOHUMUS                                   -31.65000   -68.30000   600.00000 2026-07-05 13:30:00     1
     1     1      283.75000       46.00000    95610.00000  -999999.00000        9.20000        5.00000  -999999.00000
  -999999.00000  -999999.00000  -999999.00000  -999999.00000  -999999.00000  -999999.00000  -999999.00000  -999999.00000
INTA_POCITO                                -31.65000   -68.58330   615.00000 2026-07-05 13:35:00     1
     1     1      284.65000       45.00000    94740.00000  -999999.00000        1.20000       11.00000  -999999.00000
  -999999.00000  -999999.00000  -999999.00000  -999999.00000  -999999.00000  -999999.00000  -999999.00000  -999999.00000
ULLUM_EMBALSE                              -31.46670   -68.66670   768.00000 2026-07-05 13:35:00     1
     1     1      281.45000       54.00000    93070.00000  -999999.00000        4.60000      251.00000  -999999.00000
  -999999.00000  -999999.00000  -999999.00000  -999999.00000  -999999.00000  -999999.00000  -999999.00000  -999999.00000
PUNTA_NEGRA                                -31.51920   -68.81780   800.00000 2026-07-05 13:35:00     1
     1     1      282.35000       47.00000    92270.00000  -999999.00000        2.20000      149.00000  -999999.00000
  -999999.00000  -999999.00000  -999999.00000  -999999.00000  -999999.00000  -999999.00000  -999999.00000  -999999.00000
ECOHUMUS                                   -31.65000   -68.30000   600.00000 2026-07-05 13:35:00     1
     1     1      283.55000       46.00000    95600.00000  -999999.00000        9.70000       28.00000  -999999.00000
  -999999.00000  -999999.00000  -999999.00000  -999999.00000  -999999.00000  -999999.00000  -999999.00000  -999999.00000
INTA_POCITO                                -31.65000   -68.58330   615.00000 2026-07-05 13:40:00     1
     1     1      284.85000       44.00000    94720.00000  -999999.00000        1.00000       66.00000  -999999.00000
  -999999.00000  -999999.00000  -999999.00000  -999999.00000  -999999.00000  -999999.00000  -999999.00000  -999999.00000
ULLUM_EMBALSE                              -31.46670   -68.66670   768.00000 2026-07-05 13:40:00     1
     1     1      281.55000       53.00000    93060.00000  -999999.00000        5.00000      262.00000  -999999.00000
  -999999.00000  -999999.00000  -999999.00000  -999999.00000  -999999.00000  -999999.00000  -999999.00000  -999999.00000
PUNTA_NEGRA                                -31.51920   -68.81780   800.00000 2026-07-05 13:40:00     1
     1     1      282.75000       45.00000    92250.00000  -999999.00000        1.70000      359.00000  -999999.00000
  -999999.00000  -999999.00000  -999999.00000  -999999.00000  -999999.00000  -999999.00000  -999999.00000  -999999.00000
ECOHUMUS                                   -31.65000   -68.30000   600.00000 2026-07-05 13:40:00     1
     1     1      283.55000       46.00000    95590.00000  -999999.00000        8.50000        5.00000  -999999.00000
  -999999.00000  -999999.00000  -999999.00000  -999999.00000  -999999.00000  -999999.00000  -999999.00000  -999999.00000
INTA_POCITO                                -31.65000   -68.58330   615.00000 2026-07-05 13:45:00     1
     1     1      284.45000       43.00000    94710.00000  -999999.00000        3.30000       12.00000  -999999.00000
  -999999.00000  -999999.00000  -999999.00000  -999999.00000  -999999.00000  -999999.00000  -999999.00000  -999999.00000
ULLUM_EMBALSE                              -31.46670   -68.66670   768.00000 2026-07-05 13:45:00     1
     1     1      281.55000       53.00000    93050.00000  -999999.00000        3.40000      254.00000  -999999.00000
  -999999.00000  -999999.00000  -999999.00000  -999999.00000  -999999.00000  -999999.00000  -999999.00000  -999999.00000
PUNTA_NEGRA                                -31.51920   -68.81780   800.00000 2026-07-05 13:45:00     1
     1     1      282.65000       47.00000    92240.00000  -999999.00000        1.60000      179.00000  -999999.00000
  -999999.00000  -999999.00000  -999999.00000  -999999.00000  -999999.00000  -999999.00000  -999999.00000  -999999.00000
ECOHUMUS                                   -31.65000   -68.30000   600.00000 2026-07-05 13:45:00     1
     1     1      283.85000       46.00000    95560.00000  -999999.00000        7.50000       10.00000  -999999.00000
  -999999.00000  -999999.00000  -999999.00000  -999999.00000  -999999.00000  -999999.00000  -999999.00000  -999999.00000
INTA_POCITO                                -31.65000   -68.58330   615.00000 2026-07-05 13:50:00     1
     1     1      284.65000       44.00000    94700.00000  -999999.00000        0.50000      299.00000  -999999.00000
  -999999.00000  -999999.00000  -999999.00000  -999999.00000  -999999.00000  -999999.00000  -999999.00000  -999999.00000
ULLUM_EMBALSE                              -31.46670   -68.66670   768.00000 2026-07-05 13:50:00     1
     1     1      281.85000       52.00000    93050.00000  -999999.00000        4.80000      262.00000  -999999.00000
  -999999.00000  -999999.00000  -999999.00000  -999999.00000  -999999.00000  -999999.00000  -999999.00000  -999999.00000
PUNTA_NEGRA                                -31.51920   -68.81780   800.00000 2026-07-05 13:50:00     1
     1     1      282.45000       47.00000    92230.00000  -999999.00000        1.80000      147.00000  -999999.00000
  -999999.00000  -999999.00000  -999999.00000  -999999.00000  -999999.00000  -999999.00000  -999999.00000  -999999.00000
ECOHUMUS                                   -31.65000   -68.30000   600.00000 2026-07-05 13:50:00     1
     1     1      284.15000       45.00000    95550.00000  -999999.00000        9.00000       43.00000  -999999.00000
  -999999.00000  -999999.00000  -999999.00000  -999999.00000  -999999.00000  -999999.00000  -999999.00000  -999999.00000
INTA_POCITO                                -31.65000   -68.58330   615.00000 2026-07-05 13:55:00     1
     1     1      284.95000       43.00000    94700.00000  -999999.00000        0.70000      314.00000  -999999.00000
  -999999.00000  -999999.00000  -999999.00000  -999999.00000  -999999.00000  -999999.00000  -999999.00000  -999999.00000
ULLUM_EMBALSE                              -31.46670   -68.66670   768.00000 2026-07-05 13:55:00     1
     1     1      282.45000       51.00000    93030.00000  -999999.00000        3.50000      279.00000  -999999.00000
  -999999.00000  -999999.00000  -999999.00000  -999999.00000  -999999.00000  -999999.00000  -999999.00000  -999999.00000
PUNTA_NEGRA                                -31.51920   -68.81780   800.00000 2026-07-05 13:55:00     1
     1     1      282.85000       46.00000    92220.00000  -999999.00000        2.20000      160.00000  -999999.00000
  -999999.00000  -999999.00000  -999999.00000  -999999.00000  -999999.00000  -999999.00000  -999999.00000  -999999.00000
ECOHUMUS                                   -31.65000   -68.30000   600.00000 2026-07-05 13:55:00     1
     1     1      283.95000       45.00000    95550.00000  -999999.00000        9.70000       25.00000  -999999.00000
  -999999.00000  -999999.00000  -999999.00000  -999999.00000  -999999.00000  -999999.00000  -999999.00000  -999999.00000
INTA_POCITO                                -31.65000   -68.58330   615.00000 2026-07-05 14:00:00     1
     1     1      284.75000       43.00000    94680.00000  -999999.00000        1.30000      306.00000  -999999.00000
  -999999.00000  -999999.00000  -999999.00000  -999999.00000  -999999.00000  -999999.00000  -999999.00000  -999999.00000
ULLUM_EMBALSE                              -31.46670   -68.66670   768.00000 2026-07-05 14:00:00     1
     1     1      282.65000       50.00000    93000.00000  -999999.00000        3.50000      278.00000  -999999.00000
  -999999.00000  -999999.00000  -999999.00000  -999999.00000  -999999.00000  -999999.00000  -999999.00000  -999999.00000
PUNTA_NEGRA                                -31.51920   -68.81780   800.00000 2026-07-05 14:00:00     1
     1     1      282.65000       47.00000    92200.00000  -999999.00000        2.20000      141.00000  -999999.00000
  -999999.00000  -999999.00000  -999999.00000  -999999.00000  -999999.00000  -999999.00000  -999999.00000  -999999.00000
ECOHUMUS                                   -31.65000   -68.30000   600.00000 2026-07-05 14:00:00     1
     1     1      283.95000       44.00000    95530.00000  -999999.00000       10.70000       21.00000  -999999.00000
  -999999.00000  -999999.00000  -999999.00000  -999999.00000  -999999.00000  -999999.00000  -999999.00000  -999999.00000
INTA_POCITO                                -31.65000   -68.58330   615.00000 2026-07-05 14:05:00     1
     1     1      285.05000       43.00000    94660.00000  -999999.00000        0.70000       37.00000  -999999.00000
  -999999.00000  -999999.00000  -999999.00000  -999999.00000  -999999.00000  -999999.00000  -999999.00000  -999999.00000
ULLUM_EMBALSE                              -31.46670   -68.66670   768.00000 2026-07-05 14:05:00     1
     1     1      282.75000       50.00000    93010.00000  -999999.00000        4.00000      273.00000  -999999.00000
  -999999.00000  -999999.00000  -999999.00000  -999999.00000  -999999.00000  -999999.00000  -999999.00000  -999999.00000
PUNTA_NEGRA                                -31.51920   -68.81780   800.00000 2026-07-05 14:05:00     1
     1     1      283.15000       46.00000    92200.00000  -999999.00000        2.80000      127.00000  -999999.00000
  -999999.00000  -999999.00000  -999999.00000  -999999.00000  -999999.00000  -999999.00000  -999999.00000  -999999.00000
ECOHUMUS                                   -31.65000   -68.30000   600.00000 2026-07-05 14:05:00     1
     1     1      284.25000       44.00000    95510.00000  -999999.00000        7.40000       32.00000  -999999.00000
  -999999.00000  -999999.00000  -999999.00000  -999999.00000  -999999.00000  -999999.00000  -999999.00000  -999999.00000
INTA_POCITO                                -31.65000   -68.58330   615.00000 2026-07-05 14:10:00     1
     1     1      285.45000       43.00000    94660.00000  -999999.00000        0.10000      112.00000  -999999.00000
  -999999.00000  -999999.00000  -999999.00000  -999999.00000  -999999.00000  -999999.00000  -999999.00000  -999999.00000
ULLUM_EMBALSE                              -31.46670   -68.66670   768.00000 2026-07-05 14:10:00     1
     1     1      282.65000       50.00000    92990.00000  -999999.00000        4.00000      276.00000  -999999.00000
  -999999.00000  -999999.00000  -999999.00000  -999999.00000  -999999.00000  -999999.00000  -999999.00000  -999999.00000
PUNTA_NEGRA                                -31.51920   -68.81780   800.00000 2026-07-05 14:10:00     1
     1     1      283.05000       46.00000    92190.00000  -999999.00000        1.50000      140.00000  -999999.00000
  -999999.00000  -999999.00000  -999999.00000  -999999.00000  -999999.00000  -999999.00000  -999999.00000  -999999.00000
ECOHUMUS                                   -31.65000   -68.30000   600.00000 2026-07-05 14:10:00     1
     1     1      284.45000       43.00000    95510.00000  -999999.00000        7.80000       15.00000  -999999.00000
  -999999.00000  -999999.00000  -999999.00000  -999999.00000  -999999.00000  -999999.00000  -999999.00000  -999999.00000
INTA_POCITO                                -31.65000   -68.58330   615.00000 2026-07-05 14:15:00     1
     1     1      286.05000       42.00000    94650.00000  -999999.00000        0.30000       27.00000  -999999.00000
  -999999.00000  -999999.00000  -999999.00000  -999999.00000  -999999.00000  -999999.00000  -999999.00000  -999999.00000
ULLUM_EMBALSE                              -31.46670   -68.66670   768.00000 2026-07-05 14:15:00     1
     1     1      282.75000       49.00000    92980.00000  -999999.00000        4.00000      270.00000  -999999.00000
  -999999.00000  -999999.00000  -999999.00000  -999999.00000  -999999.00000  -999999.00000  -999999.00000  -999999.00000
PUNTA_NEGRA                                -31.51920   -68.81780   800.00000 2026-07-05 14:15:00     1
     1     1      282.75000       46.00000    92180.00000  -999999.00000        2.30000      166.00000  -999999.00000
  -999999.00000  -999999.00000  -999999.00000  -999999.00000  -999999.00000  -999999.00000  -999999.00000  -999999.00000
ECOHUMUS                                   -31.65000   -68.30000   600.00000 2026-07-05 14:15:00     1
     1     1      284.75000       43.00000    95510.00000  -999999.00000        9.30000       19.00000  -999999.00000
  -999999.00000  -999999.00000  -999999.00000  -999999.00000  -999999.00000  -999999.00000  -999999.00000  -999999.00000
INTA_POCITO                                -31.65000   -68.58330   615.00000 2026-07-05 14:20:00     1
     1     1      285.95000       41.00000    94640.00000  -999999.00000        0.50000       36.00000  -999999.00000
  -999999.00000  -999999.00000  -999999.00000  -999999.00000  -999999.00000  -999999.00000  -999999.00000  -999999.00000
ULLUM_EMBALSE                              -31.46670   -68.66670   768.00000 2026-07-05 14:20:00     1
     1     1      282.75000       49.00000    92980.00000  -999999.00000        5.30000      271.00000  -999999.00000
  -999999.00000  -999999.00000  -999999.00000  -999999.00000  -999999.00000  -999999.00000  -999999.00000  -999999.00000
PUNTA_NEGRA                                -31.51920   -68.81780   800.00000 2026-07-05 14:20:00     1
     1     1      282.95000       46.00000    92150.00000  -999999.00000        2.20000      173.00000  -999999.00000
  -999999.00000  -999999.00000  -999999.00000  -999999.00000  -999999.00000  -999999.00000  -999999.00000  -999999.00000
ECOHUMUS                                   -31.65000   -68.30000   600.00000 2026-07-05 14:20:00     1
     1     1      284.65000       43.00000    95510.00000  -999999.00000        8.30000       22.00000  -999999.00000
  -999999.00000  -999999.00000  -999999.00000  -999999.00000  -999999.00000  -999999.00000  -999999.00000  -999999.00000
INTA_POCITO                                -31.65000   -68.58330   615.00000 2026-07-05 14:25:00     1
     1     1      286.35000       40.00000    94640.00000  -999999.00000        2.00000       22.00000  -999999.00000
  -999999.00000  -999999.00000  -999999.00000  -999999.00000  -999999.00000  -999999.00000  -999999.00000  -999999.00000
ULLUM_EMBALSE                              -31.46670   -68.66670   768.00000 2026-07-05 14:25:00     1
     1     1      282.65000       48.00000    92970.00000  -999999.00000        3.60000      263.00000  -999999.00000
  -999999.00000  -999999.00000  -999999.00000  -999999.00000  -999999.00000  -999999.00000  -999999.00000  -999999.00000
PUNTA_NEGRA                                -31.51920   -68.81780   800.00000 2026-07-05 14:25:00     1
     1     1      283.35000       45.00000    92160.00000  -999999.00000        2.30000      155.00000  -999999.00000
  -999999.00000  -999999.00000  -999999.00000  -999999.00000  -999999.00000  -999999.00000  -999999.00000  -999999.00000
ECOHUMUS                                   -31.65000   -68.30000   600.00000 2026-07-05 14:25:00     1
     1     1      284.55000       42.00000    95490.00000  -999999.00000       11.70000      345.00000  -999999.00000
  -999999.00000  -999999.00000  -999999.00000  -999999.00000  -999999.00000  -999999.00000  -999999.00000  -999999.00000
INTA_POCITO                                -31.65000   -68.58330   615.00000 2026-07-05 14:30:00     1
     1     1      285.95000       40.00000    94630.00000  -999999.00000        1.40000      337.00000  -999999.00000
  -999999.00000  -999999.00000  -999999.00000  -999999.00000  -999999.00000  -999999.00000  -999999.00000  -999999.00000
ULLUM_EMBALSE                              -31.46670   -68.66670   768.00000 2026-07-05 14:30:00     1
     1     1      282.85000       48.00000    92950.00000  -999999.00000        4.30000      252.00000  -999999.00000
  -999999.00000  -999999.00000  -999999.00000  -999999.00000  -999999.00000  -999999.00000  -999999.00000  -999999.00000
PUNTA_NEGRA                                -31.51920   -68.81780   800.00000 2026-07-05 14:30:00     1
     1     1      283.35000       44.00000    92150.00000  -999999.00000        2.20000      117.00000  -999999.00000
  -999999.00000  -999999.00000  -999999.00000  -999999.00000  -999999.00000  -999999.00000  -999999.00000  -999999.00000
ECOHUMUS                                   -31.65000   -68.30000   600.00000 2026-07-05 14:30:00     1
     1     1      284.75000       42.00000    95480.00000  -999999.00000        8.90000       23.00000  -999999.00000
  -999999.00000  -999999.00000  -999999.00000  -999999.00000  -999999.00000  -999999.00000  -999999.00000  -999999.00000
INTA_POCITO                                -31.65000   -68.58330   615.00000 2026-07-05 14:35:00     1
     1     1      286.15000       38.00000    94620.00000  -999999.00000        0.60000      350.00000  -999999.00000
  -999999.00000  -999999.00000  -999999.00000  -999999.00000  -999999.00000  -999999.00000  -999999.00000  -999999.00000
ULLUM_EMBALSE                              -31.46670   -68.66670   768.00000 2026-07-05 14:35:00     1
     1     1      282.95000       47.00000    92950.00000  -999999.00000        4.20000      260.00000  -999999.00000
  -999999.00000  -999999.00000  -999999.00000  -999999.00000  -999999.00000  -999999.00000  -999999.00000  -999999.00000
PUNTA_NEGRA                                -31.51920   -68.81780   800.00000 2026-07-05 14:35:00     1
     1     1      283.55000       43.00000    92140.00000  -999999.00000        2.40000      137.00000  -999999.00000
  -999999.00000  -999999.00000  -999999.00000  -999999.00000  -999999.00000  -999999.00000  -999999.00000  -999999.00000
ECOHUMUS                                   -31.65000   -68.30000   600.00000 2026-07-05 14:35:00     1
     1     1      284.85000       42.00000    95470.00000  -999999.00000        8.60000       22.00000  -999999.00000
  -999999.00000  -999999.00000  -999999.00000  -999999.00000  -999999.00000  -999999.00000  -999999.00000  -999999.00000
INTA_POCITO                                -31.65000   -68.58330   615.00000 2026-07-05 14:40:00     1
     1     1      286.45000       38.00000    94600.00000  -999999.00000        0.50000      131.00000  -999999.00000
  -999999.00000  -999999.00000  -999999.00000  -999999.00000  -999999.00000  -999999.00000  -999999.00000  -999999.00000
ULLUM_EMBALSE                              -31.46670   -68.66670   768.00000 2026-07-05 14:40:00     1
     1     1      283.45000       46.00000    92950.00000  -999999.00000        4.90000      268.00000  -999999.00000
  -999999.00000  -999999.00000  -999999.00000  -999999.00000  -999999.00000  -999999.00000  -999999.00000  -999999.00000
PUNTA_NEGRA                                -31.51920   -68.81780   800.00000 2026-07-05 14:40:00     1
     1     1      283.75000       43.00000    92130.00000  -999999.00000        1.40000      158.00000  -999999.00000
  -999999.00000  -999999.00000  -999999.00000  -999999.00000  -999999.00000  -999999.00000  -999999.00000  -999999.00000
ECOHUMUS                                   -31.65000   -68.30000   600.00000 2026-07-05 14:40:00     1
     1     1      284.85000       41.00000    95470.00000  -999999.00000        6.90000       30.00000  -999999.00000
  -999999.00000  -999999.00000  -999999.00000  -999999.00000  -999999.00000  -999999.00000  -999999.00000  -999999.00000
INTA_POCITO                                -31.65000   -68.58330   615.00000 2026-07-05 14:45:00     1
     1     1      286.35000       38.00000    94600.00000  -999999.00000        1.10000      342.00000  -999999.00000
  -999999.00000  -999999.00000  -999999.00000  -999999.00000  -999999.00000  -999999.00000  -999999.00000  -999999.00000
ULLUM_EMBALSE                              -31.46670   -68.66670   768.00000 2026-07-05 14:45:00     1
     1     1      283.45000       46.00000    92930.00000  -999999.00000        4.40000      266.00000  -999999.00000
  -999999.00000  -999999.00000  -999999.00000  -999999.00000  -999999.00000  -999999.00000  -999999.00000  -999999.00000
PUNTA_NEGRA                                -31.51920   -68.81780   800.00000 2026-07-05 14:45:00     1
     1     1      283.95000       41.00000    92110.00000  -999999.00000        3.90000      125.00000  -999999.00000
  -999999.00000  -999999.00000  -999999.00000  -999999.00000  -999999.00000  -999999.00000  -999999.00000  -999999.00000
ECOHUMUS                                   -31.65000   -68.30000   600.00000 2026-07-05 14:45:00     1
     1     1      284.85000       41.00000    95470.00000  -999999.00000       10.90000       29.00000  -999999.00000
  -999999.00000  -999999.00000  -999999.00000  -999999.00000  -999999.00000  -999999.00000  -999999.00000  -999999.00000
INTA_POCITO                                -31.65000   -68.58330   615.00000 2026-07-05 14:50:00     1
     1     1      286.15000       38.00000    94600.00000  -999999.00000        1.50000       39.00000  -999999.00000
  -999999.00000  -999999.00000  -999999.00000  -999999.00000  -999999.00000  -999999.00000  -999999.00000  -999999.00000
ULLUM_EMBALSE                              -31.46670   -68.66670   768.00000 2026-07-05 14:50:00     1
     1     1      283.85000       44.00000    92920.00000  -999999.00000        2.40000      264.00000  -999999.00000
  -999999.00000  -999999.00000  -999999.00000  -999999.00000  -999999.00000  -999999.00000  -999999.00000  -999999.00000
PUNTA_NEGRA                                -31.51920   -68.81780   800.00000 2026-07-05 14:50:00     1
     1     1      283.95000       42.00000    92110.00000  -999999.00000        1.90000      113.00000  -999999.00000
  -999999.00000  -999999.00000  -999999.00000  -999999.00000  -999999.00000  -999999.00000  -999999.00000  -999999.00000
ECOHUMUS                                   -31.65000   -68.30000   600.00000 2026-07-05 14:50:00     1
     1     1      284.95000       41.00000    95450.00000  -999999.00000        9.10000      359.00000  -999999.00000
  -999999.00000  -999999.00000  -999999.00000  -999999.00000  -999999.00000  -999999.00000  -999999.00000  -999999.00000
INTA_POCITO                                -31.65000   -68.58330   615.00000 2026-07-05 14:55:00     1
     1     1      285.95000       37.00000    94600.00000  -999999.00000        1.90000       36.00000  -999999.00000
  -999999.00000  -999999.00000  -999999.00000  -999999.00000  -999999.00000  -999999.00000  -999999.00000  -999999.00000
ULLUM_EMBALSE                              -31.46670   -68.66670   768.00000 2026-07-05 14:55:00     1
     1     1      284.35000       43.00000    92900.00000  -999999.00000        2.60000      265.00000  -999999.00000
  -999999.00000  -999999.00000  -999999.00000  -999999.00000  -999999.00000  -999999.00000  -999999.00000  -999999.00000
PUNTA_NEGRA                                -31.51920   -68.81780   800.00000 2026-07-05 14:55:00     1
     1     1      283.95000       41.00000    92110.00000  -999999.00000        4.50000      133.00000  -999999.00000
  -999999.00000  -999999.00000  -999999.00000  -999999.00000  -999999.00000  -999999.00000  -999999.00000  -999999.00000
ECOHUMUS                                   -31.65000   -68.30000   600.00000 2026-07-05 14:55:00     1
     1     1      285.05000       41.00000    95450.00000  -999999.00000        8.40000      357.00000  -999999.00000
  -999999.00000  -999999.00000  -999999.00000  -999999.00000  -999999.00000  -999999.00000  -999999.00000  -999999.00000
INTA_POCITO                                -31.65000   -68.58330   615.00000 2026-07-05 15:00:00     1
     1     1      285.85000       38.00000    94590.00000  -999999.00000        1.10000      332.00000  -999999.00000
  -999999.00000  -999999.00000  -999999.00000  -999999.00000  -999999.00000  -999999.00000  -999999.00000  -999999.00000
ULLUM_EMBALSE                              -31.46670   -68.66670   768.00000 2026-07-05 15:00:00     1
     1     1      284.45000       43.00000    92910.00000  -999999.00000        4.00000      276.00000  -999999.00000
  -999999.00000  -999999.00000  -999999.00000  -999999.00000  -999999.00000  -999999.00000  -999999.00000  -999999.00000
PUNTA_NEGRA                                -31.51920   -68.81780   800.00000 2026-07-05 15:00:00     1
     1     1      283.95000       40.00000    92110.00000  -999999.00000        3.70000      132.00000  -999999.00000
  -999999.00000  -999999.00000  -999999.00000  -999999.00000  -999999.00000  -999999.00000  -999999.00000  -999999.00000
ECOHUMUS                                   -31.65000   -68.30000   600.00000 2026-07-05 15:00:00     1
     1     1      285.15000       40.00000    95440.00000  -999999.00000        7.40000        1.00000  -999999.00000
  -999999.00000  -999999.00000  -999999.00000  -999999.00000  -999999.00000  -999999.00000  -999999.00000  -999999.00000
INTA_POCITO                                -31.65000   -68.58330   615.00000 2026-07-05 15:05:00     1
     1     1      286.05000       37.00000    94590.00000  -999999.00000        0.60000      320.00000  -999999.00000
  -999999.00000  -999999.00000  -999999.00000  -999999.00000  -999999.00000  -999999.00000  -999999.00000  -999999.00000
ULLUM_EMBALSE                              -31.46670   -68.66670   768.00000 2026-07-05 15:05:00     1
     1     1      284.15000       45.00000    92910.00000  -999999.00000        3.70000      276.00000  -999999.00000
  -999999.00000  -999999.00000  -999999.00000  -999999.00000  -999999.00000  -999999.00000  -999999.00000  -999999.00000
PUNTA_NEGRA                                -31.51920   -68.81780   800.00000 2026-07-05 15:05:00     1
     1     1      283.85000       40.00000    92100.00000  -999999.00000        3.50000      104.00000  -999999.00000
  -999999.00000  -999999.00000  -999999.00000  -999999.00000  -999999.00000  -999999.00000  -999999.00000  -999999.00000
ECOHUMUS                                   -31.65000   -68.30000   600.00000 2026-07-05 15:05:00     1
     1     1      285.15000       40.00000    95440.00000  -999999.00000        8.40000      356.00000  -999999.00000
  -999999.00000  -999999.00000  -999999.00000  -999999.00000  -999999.00000  -999999.00000  -999999.00000  -999999.00000
INTA_POCITO                                -31.65000   -68.58330   615.00000 2026-07-05 15:10:00     1
     1     1      286.45000       37.00000    94590.00000  -999999.00000        0.30000      142.00000  -999999.00000
  -999999.00000  -999999.00000  -999999.00000  -999999.00000  -999999.00000  -999999.00000  -999999.00000  -999999.00000
ULLUM_EMBALSE                              -31.46670   -68.66670   768.00000 2026-07-05 15:10:00     1
     1     1      284.25000       43.00000    92910.00000  -999999.00000        4.00000      277.00000  -999999.00000
  -999999.00000  -999999.00000  -999999.00000  -999999.00000  -999999.00000  -999999.00000  -999999.00000  -999999.00000
PUNTA_NEGRA                                -31.51920   -68.81780   800.00000 2026-07-05 15:10:00     1
     1     1      284.25000       39.00000    92100.00000  -999999.00000        2.40000      120.00000  -999999.00000
  -999999.00000  -999999.00000  -999999.00000  -999999.00000  -999999.00000  -999999.00000  -999999.00000  -999999.00000
ECOHUMUS                                   -31.65000   -68.30000   600.00000 2026-07-05 15:10:00     1
     1     1      285.25000       40.00000    95430.00000  -999999.00000        7.80000       21.00000  -999999.00000
  -999999.00000  -999999.00000  -999999.00000  -999999.00000  -999999.00000  -999999.00000  -999999.00000  -999999.00000
INTA_POCITO                                -31.65000   -68.58330   615.00000 2026-07-05 15:15:00     1
     1     1      286.65000       37.00000    94570.00000  -999999.00000        1.00000      138.00000  -999999.00000
  -999999.00000  -999999.00000  -999999.00000  -999999.00000  -999999.00000  -999999.00000  -999999.00000  -999999.00000
ULLUM_EMBALSE                              -31.46670   -68.66670   768.00000 2026-07-05 15:15:00     1
     1     1      283.95000       46.00000    92900.00000  -999999.00000        6.60000      303.00000  -999999.00000
  -999999.00000  -999999.00000  -999999.00000  -999999.00000  -999999.00000  -999999.00000  -999999.00000  -999999.00000
PUNTA_NEGRA                                -31.51920   -68.81780   800.00000 2026-07-05 15:15:00     1
     1     1      284.55000       38.00000    92100.00000  -999999.00000        1.30000      173.00000  -999999.00000
  -999999.00000  -999999.00000  -999999.00000  -999999.00000  -999999.00000  -999999.00000  -999999.00000  -999999.00000
ECOHUMUS                                   -31.65000   -68.30000   600.00000 2026-07-05 15:15:00     1
     1     1      285.05000       40.00000    95430.00000  -999999.00000        8.30000       31.00000  -999999.00000
  -999999.00000  -999999.00000  -999999.00000  -999999.00000  -999999.00000  -999999.00000  -999999.00000  -999999.00000
INTA_POCITO                                -31.65000   -68.58330   615.00000 2026-07-05 15:20:00     1
     1     1      286.45000       36.00000    94570.00000  -999999.00000        0.60000      347.00000  -999999.00000
  -999999.00000  -999999.00000  -999999.00000  -999999.00000  -999999.00000  -999999.00000  -999999.00000  -999999.00000
ULLUM_EMBALSE                              -31.46670   -68.66670   768.00000 2026-07-05 15:20:00     1
     1     1      284.05000       42.00000    92910.00000  -999999.00000        2.20000      339.00000  -999999.00000
  -999999.00000  -999999.00000  -999999.00000  -999999.00000  -999999.00000  -999999.00000  -999999.00000  -999999.00000
PUNTA_NEGRA                                -31.51920   -68.81780   800.00000 2026-07-05 15:20:00     1
     1     1      284.55000       39.00000    92100.00000  -999999.00000        4.10000       86.00000  -999999.00000
  -999999.00000  -999999.00000  -999999.00000  -999999.00000  -999999.00000  -999999.00000  -999999.00000  -999999.00000
ECOHUMUS                                   -31.65000   -68.30000   600.00000 2026-07-05 15:20:00     1
     1     1      285.15000       39.00000    95430.00000  -999999.00000        7.10000       22.00000  -999999.00000
  -999999.00000  -999999.00000  -999999.00000  -999999.00000  -999999.00000  -999999.00000  -999999.00000  -999999.00000
INTA_POCITO                                -31.65000   -68.58330   615.00000 2026-07-05 15:25:00     1
     1     1      286.25000       36.00000    94570.00000  -999999.00000        0.60000        1.00000  -999999.00000
  -999999.00000  -999999.00000  -999999.00000  -999999.00000  -999999.00000  -999999.00000  -999999.00000  -999999.00000
ULLUM_EMBALSE                              -31.46670   -68.66670   768.00000 2026-07-05 15:25:00     1
     1     1      284.95000       39.00000    92900.00000  -999999.00000        0.60000      340.00000  -999999.00000
  -999999.00000  -999999.00000  -999999.00000  -999999.00000  -999999.00000  -999999.00000  -999999.00000  -999999.00000
PUNTA_NEGRA                                -31.51920   -68.81780   800.00000 2026-07-05 15:25:00     1
     1     1      284.35000       38.00000    92100.00000  -999999.00000        3.50000      120.00000  -999999.00000
  -999999.00000  -999999.00000  -999999.00000  -999999.00000  -999999.00000  -999999.00000  -999999.00000  -999999.00000
ECOHUMUS                                   -31.65000   -68.30000   600.00000 2026-07-05 15:25:00     1
     1     1      285.45000       39.00000    95430.00000  -999999.00000        6.80000       33.00000  -999999.00000
  -999999.00000  -999999.00000  -999999.00000  -999999.00000  -999999.00000  -999999.00000  -999999.00000  -999999.00000
INTA_POCITO                                -31.65000   -68.58330   615.00000 2026-07-05 15:30:00     1
     1     1      286.45000       36.00000    94580.00000  -999999.00000        0.40000       78.00000  -999999.00000
  -999999.00000  -999999.00000  -999999.00000  -999999.00000  -999999.00000  -999999.00000  -999999.00000  -999999.00000
ULLUM_EMBALSE                              -31.46670   -68.66670   768.00000 2026-07-05 15:30:00     1
     1     1      285.05000       38.00000    92900.00000  -999999.00000        5.90000       42.00000  -999999.00000
  -999999.00000  -999999.00000  -999999.00000  -999999.00000  -999999.00000  -999999.00000  -999999.00000  -999999.00000
PUNTA_NEGRA                                -31.51920   -68.81780   800.00000 2026-07-05 15:30:00     1
     1     1      284.15000       39.00000    92100.00000  -999999.00000        4.00000      133.00000  -999999.00000
  -999999.00000  -999999.00000  -999999.00000  -999999.00000  -999999.00000  -999999.00000  -999999.00000  -999999.00000
ECOHUMUS                                   -31.65000   -68.30000   600.00000 2026-07-05 15:30:00     1
     1     1      285.55000       39.00000    95430.00000  -999999.00000        8.30000       15.00000  -999999.00000
  -999999.00000  -999999.00000  -999999.00000  -999999.00000  -999999.00000  -999999.00000  -999999.00000  -999999.00000
INTA_POCITO                                -31.65000   -68.58330   615.00000 2026-07-05 15:35:00     1
     1     1      286.55000       35.00000    94570.00000  -999999.00000        0.40000       77.00000  -999999.00000
  -999999.00000  -999999.00000  -999999.00000  -999999.00000  -999999.00000  -999999.00000  -999999.00000  -999999.00000
ULLUM_EMBALSE                              -31.46670   -68.66670   768.00000 2026-07-05 15:35:00     1
     1     1      285.25000       39.00000    92890.00000  -999999.00000        2.80000       22.00000  -999999.00000
  -999999.00000  -999999.00000  -999999.00000  -999999.00000  -999999.00000  -999999.00000  -999999.00000  -999999.00000
PUNTA_NEGRA                                -31.51920   -68.81780   800.00000 2026-07-05 15:35:00     1
     1     1      284.35000       38.00000    92090.00000  -999999.00000        4.00000      130.00000  -999999.00000
  -999999.00000  -999999.00000  -999999.00000  -999999.00000  -999999.00000  -999999.00000  -999999.00000  -999999.00000
ECOHUMUS                                   -31.65000   -68.30000   600.00000 2026-07-05 15:35:00     1
     1     1      285.65000       39.00000    95420.00000  -999999.00000        7.30000       23.00000  -999999.00000
  -999999.00000  -999999.00000  -999999.00000  -999999.00000  -999999.00000  -999999.00000  -999999.00000  -999999.00000
INTA_POCITO                                -31.65000   -68.58330   615.00000 2026-07-05 15:40:00     1
     1     1      286.65000       34.00000    94560.00000  -999999.00000        0.00000      140.00000  -999999.00000
  -999999.00000  -999999.00000  -999999.00000  -999999.00000  -999999.00000  -999999.00000  -999999.00000  -999999.00000
ULLUM_EMBALSE                              -31.46670   -68.66670   768.00000 2026-07-05 15:40:00     1
     1     1      284.85000       42.00000    92890.00000  -999999.00000        5.60000      352.00000  -999999.00000
  -999999.00000  -999999.00000  -999999.00000  -999999.00000  -999999.00000  -999999.00000  -999999.00000  -999999.00000
PUNTA_NEGRA                                -31.51920   -68.81780   800.00000 2026-07-05 15:40:00     1
     1     1      284.35000       39.00000    92090.00000  -999999.00000        4.10000      110.00000  -999999.00000
  -999999.00000  -999999.00000  -999999.00000  -999999.00000  -999999.00000  -999999.00000  -999999.00000  -999999.00000
ECOHUMUS                                   -31.65000   -68.30000   600.00000 2026-07-05 15:40:00     1
     1     1      285.65000       39.00000    95430.00000  -999999.00000        7.30000        5.00000  -999999.00000
  -999999.00000  -999999.00000  -999999.00000  -999999.00000  -999999.00000  -999999.00000  -999999.00000  -999999.00000
INTA_POCITO                                -31.65000   -68.58330   615.00000 2026-07-05 15:45:00     1
     1     1      287.15000       33.00000    94570.00000  -999999.00000        0.80000      343.00000  -999999.00000
  -999999.00000  -999999.00000  -999999.00000  -999999.00000  -999999.00000  -999999.00000  -999999.00000  -999999.00000
ULLUM_EMBALSE                              -31.46670   -68.66670   768.00000 2026-07-05 15:45:00     1
     1     1      284.35000       43.00000    92900.00000  -999999.00000        2.50000      336.00000  -999999.00000
  -999999.00000  -999999.00000  -999999.00000  -999999.00000  -999999.00000  -999999.00000  -999999.00000  -999999.00000
PUNTA_NEGRA                                -31.51920   -68.81780   800.00000 2026-07-05 15:45:00     1
     1     1      284.55000       38.00000    92070.00000  -999999.00000        3.50000      126.00000  -999999.00000
  -999999.00000  -999999.00000  -999999.00000  -999999.00000  -999999.00000  -999999.00000  -999999.00000  -999999.00000
ECOHUMUS                                   -31.65000   -68.30000   600.00000 2026-07-05 15:45:00     1
     1     1      285.45000       39.00000    95420.00000  -999999.00000        9.00000       16.00000  -999999.00000
  -999999.00000  -999999.00000  -999999.00000  -999999.00000  -999999.00000  -999999.00000  -999999.00000  -999999.00000
INTA_POCITO                                -31.65000   -68.58330   615.00000 2026-07-05 15:50:00     1
     1     1      286.75000       34.00000    94560.00000  -999999.00000        0.10000       56.00000  -999999.00000
  -999999.00000  -999999.00000  -999999.00000  -999999.00000  -999999.00000  -999999.00000  -999999.00000  -999999.00000
ULLUM_EMBALSE                              -31.46670   -68.66670   768.00000 2026-07-05 15:50:00     1
     1     1      285.15000       38.00000    92880.00000  -999999.00000        2.10000      280.00000  -999999.00000
  -999999.00000  -999999.00000  -999999.00000  -999999.00000  -999999.00000  -999999.00000  -999999.00000  -999999.00000
PUNTA_NEGRA                                -31.51920   -68.81780   800.00000 2026-07-05 15:50:00     1
     1     1      284.75000       37.00000    92070.00000  -999999.00000        2.90000      131.00000  -999999.00000
  -999999.00000  -999999.00000  -999999.00000  -999999.00000  -999999.00000  -999999.00000  -999999.00000  -999999.00000
ECOHUMUS                                   -31.65000   -68.30000   600.00000 2026-07-05 15:50:00     1
     1     1      285.65000       39.00000    95410.00000  -999999.00000        5.70000       32.00000  -999999.00000
  -999999.00000  -999999.00000  -999999.00000  -999999.00000  -999999.00000  -999999.00000  -999999.00000  -999999.00000
INTA_POCITO                                -31.65000   -68.58330   615.00000 2026-07-05 15:55:00     1
     1     1      286.65000       36.00000    94560.00000  -999999.00000        0.00000      111.00000  -999999.00000
  -999999.00000  -999999.00000  -999999.00000  -999999.00000  -999999.00000  -999999.00000  -999999.00000  -999999.00000
ULLUM_EMBALSE                              -31.46670   -68.66670   768.00000 2026-07-05 15:55:00     1
     1     1      285.85000       36.00000    92890.00000  -999999.00000        0.70000      280.00000  -999999.00000
  -999999.00000  -999999.00000  -999999.00000  -999999.00000  -999999.00000  -999999.00000  -999999.00000  -999999.00000
PUNTA_NEGRA                                -31.51920   -68.81780   800.00000 2026-07-05 15:55:00     1
     1     1      284.75000       37.00000    92080.00000  -999999.00000        4.00000      123.00000  -999999.00000
  -999999.00000  -999999.00000  -999999.00000  -999999.00000  -999999.00000  -999999.00000  -999999.00000  -999999.00000
ECOHUMUS                                   -31.65000   -68.30000   600.00000 2026-07-05 15:55:00     1
     1     1      285.85000       39.00000    95420.00000  -999999.00000        7.70000       21.00000  -999999.00000
  -999999.00000  -999999.00000  -999999.00000  -999999.00000  -999999.00000  -999999.00000  -999999.00000  -999999.00000
INTA_POCITO                                -31.65000   -68.58330   615.00000 2026-07-05 16:00:00     1
     1     1      287.05000       34.00000    94570.00000  -999999.00000        0.00000      197.00000  -999999.00000
  -999999.00000  -999999.00000  -999999.00000  -999999.00000  -999999.00000  -999999.00000  -999999.00000  -999999.00000
ULLUM_EMBALSE                              -31.46670   -68.66670   768.00000 2026-07-05 16:00:00     1
     1     1      285.95000       35.00000    92890.00000  -999999.00000        2.20000      279.00000  -999999.00000
  -999999.00000  -999999.00000  -999999.00000  -999999.00000  -999999.00000  -999999.00000  -999999.00000  -999999.00000
PUNTA_NEGRA                                -31.51920   -68.81780   800.00000 2026-07-05 16:00:00     1
     1     1      284.65000       37.00000    92080.00000  -999999.00000        4.00000      137.00000  -999999.00000
  -999999.00000  -999999.00000  -999999.00000  -999999.00000  -999999.00000  -999999.00000  -999999.00000  -999999.00000
ECOHUMUS                                   -31.65000   -68.30000   600.00000 2026-07-05 16:00:00     1
     1     1      285.75000       39.00000    95420.00000  -999999.00000        8.50000       20.00000  -999999.00000
  -999999.00000  -999999.00000  -999999.00000  -999999.00000  -999999.00000  -999999.00000  -999999.00000  -999999.00000
INTA_POCITO                                -31.65000   -68.58330   615.00000 2026-07-05 16:05:00     1
     1     1      287.25000       34.00000    94570.00000  -999999.00000        1.40000       30.00000  -999999.00000
  -999999.00000  -999999.00000  -999999.00000  -999999.00000  -999999.00000  -999999.00000  -999999.00000  -999999.00000
ULLUM_EMBALSE                              -31.46670   -68.66670   768.00000 2026-07-05 16:05:00     1
     1     1      286.35000       34.00000    92880.00000  -999999.00000        2.60000      280.00000  -999999.00000
  -999999.00000  -999999.00000  -999999.00000  -999999.00000  -999999.00000  -999999.00000  -999999.00000  -999999.00000
PUNTA_NEGRA                                -31.51920   -68.81780   800.00000 2026-07-05 16:05:00     1
     1     1      284.65000       37.00000    92080.00000  -999999.00000        3.50000      140.00000  -999999.00000
  -999999.00000  -999999.00000  -999999.00000  -999999.00000  -999999.00000  -999999.00000  -999999.00000  -999999.00000
ECOHUMUS                                   -31.65000   -68.30000   600.00000 2026-07-05 16:05:00     1
     1     1      285.65000       38.00000    95420.00000  -999999.00000        7.40000       17.00000  -999999.00000
  -999999.00000  -999999.00000  -999999.00000  -999999.00000  -999999.00000  -999999.00000  -999999.00000  -999999.00000
INTA_POCITO                                -31.65000   -68.58330   615.00000 2026-07-05 16:10:00     1
     1     1      286.95000       34.00000    94560.00000  -999999.00000        0.00000      152.00000  -999999.00000
  -999999.00000  -999999.00000  -999999.00000  -999999.00000  -999999.00000  -999999.00000  -999999.00000  -999999.00000
ULLUM_EMBALSE                              -31.46670   -68.66670   768.00000 2026-07-05 16:10:00     1
     1     1      285.95000       34.00000    92870.00000  -999999.00000        1.40000      284.00000  -999999.00000
  -999999.00000  -999999.00000  -999999.00000  -999999.00000  -999999.00000  -999999.00000  -999999.00000  -999999.00000
PUNTA_NEGRA                                -31.51920   -68.81780   800.00000 2026-07-05 16:10:00     1
     1     1      284.65000       37.00000    92060.00000  -999999.00000        3.80000      112.00000  -999999.00000
  -999999.00000  -999999.00000  -999999.00000  -999999.00000  -999999.00000  -999999.00000  -999999.00000  -999999.00000
ECOHUMUS                                   -31.65000   -68.30000   600.00000 2026-07-05 16:10:00     1
     1     1      285.75000       38.00000    95420.00000  -999999.00000        7.10000       28.00000  -999999.00000
  -999999.00000  -999999.00000  -999999.00000  -999999.00000  -999999.00000  -999999.00000  -999999.00000  -999999.00000
INTA_POCITO                                -31.65000   -68.58330   615.00000 2026-07-05 16:15:00     1
     1     1      287.25000       34.00000    94560.00000  -999999.00000        0.00000      169.00000  -999999.00000
  -999999.00000  -999999.00000  -999999.00000  -999999.00000  -999999.00000  -999999.00000  -999999.00000  -999999.00000
ULLUM_EMBALSE                              -31.46670   -68.66670   768.00000 2026-07-05 16:15:00     1
     1     1      285.55000       34.00000    92880.00000  -999999.00000        1.90000       75.00000  -999999.00000
  -999999.00000  -999999.00000  -999999.00000  -999999.00000  -999999.00000  -999999.00000  -999999.00000  -999999.00000
PUNTA_NEGRA                                -31.51920   -68.81780   800.00000 2026-07-05 16:15:00     1
     1     1      284.55000       37.00000    92070.00000  -999999.00000        4.10000      151.00000  -999999.00000
  -999999.00000  -999999.00000  -999999.00000  -999999.00000  -999999.00000  -999999.00000  -999999.00000  -999999.00000
ECOHUMUS                                   -31.65000   -68.30000   600.00000 2026-07-05 16:15:00     1
     1     1      285.95000       38.00000    95410.00000  -999999.00000        6.00000        4.00000  -999999.00000
  -999999.00000  -999999.00000  -999999.00000  -999999.00000  -999999.00000  -999999.00000  -999999.00000  -999999.00000
INTA_POCITO                                -31.65000   -68.58330   615.00000 2026-07-05 16:20:00     1
     1     1      287.35000       33.00000    94560.00000  -999999.00000        0.00000       69.00000  -999999.00000
  -999999.00000  -999999.00000  -999999.00000  -999999.00000  -999999.00000  -999999.00000  -999999.00000  -999999.00000
ULLUM_EMBALSE                              -31.46670   -68.66670   768.00000 2026-07-05 16:20:00     1
     1     1      285.65000       33.00000    92870.00000  -999999.00000        1.90000      104.00000  -999999.00000
  -999999.00000  -999999.00000  -999999.00000  -999999.00000  -999999.00000  -999999.00000  -999999.00000  -999999.00000
PUNTA_NEGRA                                -31.51920   -68.81780   800.00000 2026-07-05 16:20:00     1
     1     1      284.65000       36.00000    92080.00000  -999999.00000        3.70000      134.00000  -999999.00000
  -999999.00000  -999999.00000  -999999.00000  -999999.00000  -999999.00000  -999999.00000  -999999.00000  -999999.00000
ECOHUMUS                                   -31.65000   -68.30000   600.00000 2026-07-05 16:20:00     1
     1     1      285.95000       38.00000    95400.00000  -999999.00000        9.10000       24.00000  -999999.00000
  -999999.00000  -999999.00000  -999999.00000  -999999.00000  -999999.00000  -999999.00000  -999999.00000  -999999.00000
INTA_POCITO                                -31.65000   -68.58330   615.00000 2026-07-05 16:25:00     1
     1     1      287.15000       33.00000    94540.00000  -999999.00000        0.40000       80.00000  -999999.00000
  -999999.00000  -999999.00000  -999999.00000  -999999.00000  -999999.00000  -999999.00000  -999999.00000  -999999.00000
ULLUM_EMBALSE                              -31.46670   -68.66670   768.00000 2026-07-05 16:25:00     1
     1     1      285.75000       33.00000    92870.00000  -999999.00000        4.90000       85.00000  -999999.00000
  -999999.00000  -999999.00000  -999999.00000  -999999.00000  -999999.00000  -999999.00000  -999999.00000  -999999.00000
PUNTA_NEGRA                                -31.51920   -68.81780   800.00000 2026-07-05 16:25:00     1
     1     1      284.45000       37.00000    92070.00000  -999999.00000        4.00000      129.00000  -999999.00000
  -999999.00000  -999999.00000  -999999.00000  -999999.00000  -999999.00000  -999999.00000  -999999.00000  -999999.00000
ECOHUMUS                                   -31.65000   -68.30000   600.00000 2026-07-05 16:25:00     1
     1     1      285.75000       38.00000    95400.00000  -999999.00000        6.20000       26.00000  -999999.00000
  -999999.00000  -999999.00000  -999999.00000  -999999.00000  -999999.00000  -999999.00000  -999999.00000  -999999.00000
INTA_POCITO                                -31.65000   -68.58330   615.00000 2026-07-05 16:30:00     1
     1     1      286.95000       33.00000    94550.00000  -999999.00000        0.10000       16.00000  -999999.00000
  -999999.00000  -999999.00000  -999999.00000  -999999.00000  -999999.00000  -999999.00000  -999999.00000  -999999.00000
ULLUM_EMBALSE                              -31.46670   -68.66670   768.00000 2026-07-05 16:30:00     1
     1     1      284.95000       34.00000    92870.00000  -999999.00000        2.20000      116.00000  -999999.00000
  -999999.00000  -999999.00000  -999999.00000  -999999.00000  -999999.00000  -999999.00000  -999999.00000  -999999.00000
PUNTA_NEGRA                                -31.51920   -68.81780   800.00000 2026-07-05 16:30:00     1
     1     1      284.25000       37.00000    92070.00000  -999999.00000        2.90000      139.00000  -999999.00000
  -999999.00000  -999999.00000  -999999.00000  -999999.00000  -999999.00000  -999999.00000  -999999.00000  -999999.00000
ECOHUMUS                                   -31.65000   -68.30000   600.00000 2026-07-05 16:30:00     1
     1     1      285.85000       37.00000    95400.00000  -999999.00000        7.50000        5.00000  -999999.00000
  -999999.00000  -999999.00000  -999999.00000  -999999.00000  -999999.00000  -999999.00000  -999999.00000  -999999.00000
INTA_POCITO                                -31.65000   -68.58330   615.00000 2026-07-05 16:35:00     1
     1     1      287.25000       33.00000    94550.00000  -999999.00000        1.20000       47.00000  -999999.00000
  -999999.00000  -999999.00000  -999999.00000  -999999.00000  -999999.00000  -999999.00000  -999999.00000  -999999.00000
ULLUM_EMBALSE                              -31.46670   -68.66670   768.00000 2026-07-05 16:35:00     1
     1     1      285.35000       32.00000    92880.00000  -999999.00000        2.80000       77.00000  -999999.00000
  -999999.00000  -999999.00000  -999999.00000  -999999.00000  -999999.00000  -999999.00000  -999999.00000  -999999.00000
PUNTA_NEGRA                                -31.51920   -68.81780   800.00000 2026-07-05 16:35:00     1
     1     1      284.35000       37.00000    92070.00000  -999999.00000        3.50000      151.00000  -999999.00000
  -999999.00000  -999999.00000  -999999.00000  -999999.00000  -999999.00000  -999999.00000  -999999.00000  -999999.00000
ECOHUMUS                                   -31.65000   -68.30000   600.00000 2026-07-05 16:35:00     1
     1     1      285.95000       37.00000    95390.00000  -999999.00000        9.30000        2.00000  -999999.00000
  -999999.00000  -999999.00000  -999999.00000  -999999.00000  -999999.00000  -999999.00000  -999999.00000  -999999.00000
INTA_POCITO                                -31.65000   -68.58330   615.00000 2026-07-05 16:40:00     1
     1     1      286.95000       32.00000    94540.00000  -999999.00000        0.30000       50.00000  -999999.00000
  -999999.00000  -999999.00000  -999999.00000  -999999.00000  -999999.00000  -999999.00000  -999999.00000  -999999.00000
ULLUM_EMBALSE                              -31.46670   -68.66670   768.00000 2026-07-05 16:40:00     1
     1     1      285.35000       33.00000    92880.00000  -999999.00000        4.00000      109.00000  -999999.00000
  -999999.00000  -999999.00000  -999999.00000  -999999.00000  -999999.00000  -999999.00000  -999999.00000  -999999.00000
PUNTA_NEGRA                                -31.51920   -68.81780   800.00000 2026-07-05 16:40:00     1
     1     1      284.25000       37.00000    92070.00000  -999999.00000        3.60000      118.00000  -999999.00000
  -999999.00000  -999999.00000  -999999.00000  -999999.00000  -999999.00000  -999999.00000  -999999.00000  -999999.00000
ECOHUMUS                                   -31.65000   -68.30000   600.00000 2026-07-05 16:40:00     1
     1     1      285.85000       37.00000    95400.00000  -999999.00000        8.40000       34.00000  -999999.00000
  -999999.00000  -999999.00000  -999999.00000  -999999.00000  -999999.00000  -999999.00000  -999999.00000  -999999.00000
INTA_POCITO                                -31.65000   -68.58330   615.00000 2026-07-05 16:45:00     1
     1     1      286.95000       32.00000    94550.00000  -999999.00000        0.00000      176.00000  -999999.00000
  -999999.00000  -999999.00000  -999999.00000  -999999.00000  -999999.00000  -999999.00000  -999999.00000  -999999.00000
ULLUM_EMBALSE                              -31.46670   -68.66670   768.00000 2026-07-05 16:45:00     1
     1     1      285.25000       33.00000    92870.00000  -999999.00000        6.80000       69.00000  -999999.00000
  -999999.00000  -999999.00000  -999999.00000  -999999.00000  -999999.00000  -999999.00000  -999999.00000  -999999.00000
PUNTA_NEGRA                                -31.51920   -68.81780   800.00000 2026-07-05 16:45:00     1
     1     1      284.35000       36.00000    92070.00000  -999999.00000        2.20000      132.00000  -999999.00000
  -999999.00000  -999999.00000  -999999.00000  -999999.00000  -999999.00000  -999999.00000  -999999.00000  -999999.00000
ECOHUMUS                                   -31.65000   -68.30000   600.00000 2026-07-05 16:45:00     1
     1     1      285.75000       37.00000    95390.00000  -999999.00000        6.40000       40.00000  -999999.00000
  -999999.00000  -999999.00000  -999999.00000  -999999.00000  -999999.00000  -999999.00000  -999999.00000  -999999.00000
INTA_POCITO                                -31.65000   -68.58330   615.00000 2026-07-05 16:50:00     1
     1     1      287.15000       33.00000    94550.00000  -999999.00000        0.00000       96.00000  -999999.00000
  -999999.00000  -999999.00000  -999999.00000  -999999.00000  -999999.00000  -999999.00000  -999999.00000  -999999.00000
ULLUM_EMBALSE                              -31.46670   -68.66670   768.00000 2026-07-05 16:50:00     1
     1     1      284.85000       33.00000    92870.00000  -999999.00000        7.60000       98.00000  -999999.00000
  -999999.00000  -999999.00000  -999999.00000  -999999.00000  -999999.00000  -999999.00000  -999999.00000  -999999.00000
PUNTA_NEGRA                                -31.51920   -68.81780   800.00000 2026-07-05 16:50:00     1
     1     1      284.15000       36.00000    92080.00000  -999999.00000        2.60000      147.00000  -999999.00000
  -999999.00000  -999999.00000  -999999.00000  -999999.00000  -999999.00000  -999999.00000  -999999.00000  -999999.00000
ECOHUMUS                                   -31.65000   -68.30000   600.00000 2026-07-05 16:50:00     1
     1     1      285.95000       37.00000    95400.00000  -999999.00000        6.40000       28.00000  -999999.00000
  -999999.00000  -999999.00000  -999999.00000  -999999.00000  -999999.00000  -999999.00000  -999999.00000  -999999.00000
INTA_POCITO                                -31.65000   -68.58330   615.00000 2026-07-05 16:55:00     1
     1     1      287.05000       32.00000    94550.00000  -999999.00000        0.30000       19.00000  -999999.00000
  -999999.00000  -999999.00000  -999999.00000  -999999.00000  -999999.00000  -999999.00000  -999999.00000  -999999.00000
ULLUM_EMBALSE                              -31.46670   -68.66670   768.00000 2026-07-05 16:55:00     1
     1     1      284.95000       33.00000    92860.00000  -999999.00000        4.40000      113.00000  -999999.00000
  -999999.00000  -999999.00000  -999999.00000  -999999.00000  -999999.00000  -999999.00000  -999999.00000  -999999.00000
PUNTA_NEGRA                                -31.51920   -68.81780   800.00000 2026-07-05 16:55:00     1
     1     1      284.05000       36.00000    92080.00000  -999999.00000        2.70000      132.00000  -999999.00000
  -999999.00000  -999999.00000  -999999.00000  -999999.00000  -999999.00000  -999999.00000  -999999.00000  -999999.00000
ECOHUMUS                                   -31.65000   -68.30000   600.00000 2026-07-05 16:55:00     1
     1     1      285.95000       37.00000    95400.00000  -999999.00000        7.80000       28.00000  -999999.00000
  -999999.00000  -999999.00000  -999999.00000  -999999.00000  -999999.00000  -999999.00000  -999999.00000  -999999.00000
INTA_POCITO                                -31.65000   -68.58330   615.00000 2026-07-05 17:00:00     1
     1     1      286.95000       33.00000    94550.00000  -999999.00000        0.00000      117.00000  -999999.00000
  -999999.00000  -999999.00000  -999999.00000  -999999.00000  -999999.00000  -999999.00000  -999999.00000  -999999.00000
ULLUM_EMBALSE                              -31.46670   -68.66670   768.00000 2026-07-05 17:00:00     1
     1     1      285.05000       32.00000    92880.00000  -999999.00000        4.60000      109.00000  -999999.00000
  -999999.00000  -999999.00000  -999999.00000  -999999.00000  -999999.00000  -999999.00000  -999999.00000  -999999.00000
PUNTA_NEGRA                                -31.51920   -68.81780   800.00000 2026-07-05 17:00:00     1
     1     1      283.85000       38.00000    92080.00000  -999999.00000        0.70000      150.00000  -999999.00000
  -999999.00000  -999999.00000  -999999.00000  -999999.00000  -999999.00000  -999999.00000  -999999.00000  -999999.00000
ECOHUMUS                                   -31.65000   -68.30000   600.00000 2026-07-05 17:00:00     1
     1     1      285.55000       37.00000    95410.00000  -999999.00000        7.00000       36.00000  -999999.00000
  -999999.00000  -999999.00000  -999999.00000  -999999.00000  -999999.00000  -999999.00000  -999999.00000  -999999.00000
INTA_POCITO                                -31.65000   -68.58330   615.00000 2026-07-05 17:05:00     1
     1     1      286.95000       34.00000    94540.00000  -999999.00000        0.10000      352.00000  -999999.00000
  -999999.00000  -999999.00000  -999999.00000  -999999.00000  -999999.00000  -999999.00000  -999999.00000  -999999.00000
ULLUM_EMBALSE                              -31.46670   -68.66670   768.00000 2026-07-05 17:05:00     1
     1     1      285.05000       33.00000    92870.00000  -999999.00000        3.70000       89.00000  -999999.00000
  -999999.00000  -999999.00000  -999999.00000  -999999.00000  -999999.00000  -999999.00000  -999999.00000  -999999.00000
PUNTA_NEGRA                                -31.51920   -68.81780   800.00000 2026-07-05 17:05:00     1
     1     1      283.75000       37.00000    92080.00000  -999999.00000        1.90000      117.00000  -999999.00000
  -999999.00000  -999999.00000  -999999.00000  -999999.00000  -999999.00000  -999999.00000  -999999.00000  -999999.00000
ECOHUMUS                                   -31.65000   -68.30000   600.00000 2026-07-05 17:05:00     1
     1     1      285.45000       38.00000    95400.00000  -999999.00000        7.30000       21.00000  -999999.00000
  -999999.00000  -999999.00000  -999999.00000  -999999.00000  -999999.00000  -999999.00000  -999999.00000  -999999.00000
INTA_POCITO                                -31.65000   -68.58330   615.00000 2026-07-05 17:10:00     1
     1     1      286.85000       34.00000    94540.00000  -999999.00000        0.00000      104.00000  -999999.00000
  -999999.00000  -999999.00000  -999999.00000  -999999.00000  -999999.00000  -999999.00000  -999999.00000  -999999.00000
ULLUM_EMBALSE                              -31.46670   -68.66670   768.00000 2026-07-05 17:10:00     1
     1     1      285.15000       33.00000    92870.00000  -999999.00000        2.90000       86.00000  -999999.00000
  -999999.00000  -999999.00000  -999999.00000  -999999.00000  -999999.00000  -999999.00000  -999999.00000  -999999.00000
PUNTA_NEGRA                                -31.51920   -68.81780   800.00000 2026-07-05 17:10:00     1
     1     1      283.75000       37.00000    92080.00000  -999999.00000        2.60000       73.00000  -999999.00000
  -999999.00000  -999999.00000  -999999.00000  -999999.00000  -999999.00000  -999999.00000  -999999.00000  -999999.00000
ECOHUMUS                                   -31.65000   -68.30000   600.00000 2026-07-05 17:10:00     1
     1     1      285.35000       37.00000    95390.00000  -999999.00000        6.60000       24.00000  -999999.00000
  -999999.00000  -999999.00000  -999999.00000  -999999.00000  -999999.00000  -999999.00000  -999999.00000  -999999.00000
INTA_POCITO                                -31.65000   -68.58330   615.00000 2026-07-05 17:15:00     1
     1     1      286.65000       34.00000    94540.00000  -999999.00000        0.00000      120.00000  -999999.00000
  -999999.00000  -999999.00000  -999999.00000  -999999.00000  -999999.00000  -999999.00000  -999999.00000  -999999.00000
ULLUM_EMBALSE                              -31.46670   -68.66670   768.00000 2026-07-05 17:15:00     1
     1     1      285.15000       33.00000    92870.00000  -999999.00000        3.50000      141.00000  -999999.00000
  -999999.00000  -999999.00000  -999999.00000  -999999.00000  -999999.00000  -999999.00000  -999999.00000  -999999.00000
PUNTA_NEGRA                                -31.51920   -68.81780   800.00000 2026-07-05 17:15:00     1
     1     1      283.55000       37.00000    92070.00000  -999999.00000        1.70000      152.00000  -999999.00000
  -999999.00000  -999999.00000  -999999.00000  -999999.00000  -999999.00000  -999999.00000  -999999.00000  -999999.00000
ECOHUMUS                                   -31.65000   -68.30000   600.00000 2026-07-05 17:15:00     1
     1     1      285.25000       37.00000    95390.00000  -999999.00000        7.00000       16.00000  -999999.00000
  -999999.00000  -999999.00000  -999999.00000  -999999.00000  -999999.00000  -999999.00000  -999999.00000  -999999.00000
INTA_POCITO                                -31.65000   -68.58330   615.00000 2026-07-05 17:20:00     1
     1     1      286.45000       34.00000    94540.00000  -999999.00000        0.00000      146.00000  -999999.00000
  -999999.00000  -999999.00000  -999999.00000  -999999.00000  -999999.00000  -999999.00000  -999999.00000  -999999.00000
ULLUM_EMBALSE                              -31.46670   -68.66670   768.00000 2026-07-05 17:20:00     1
     1     1      285.15000       33.00000    92870.00000  -999999.00000        4.80000      128.00000  -999999.00000
  -999999.00000  -999999.00000  -999999.00000  -999999.00000  -999999.00000  -999999.00000  -999999.00000  -999999.00000
PUNTA_NEGRA                                -31.51920   -68.81780   800.00000 2026-07-05 17:20:00     1
     1     1      283.45000       37.00000    92080.00000  -999999.00000        1.30000      135.00000  -999999.00000
  -999999.00000  -999999.00000  -999999.00000  -999999.00000  -999999.00000  -999999.00000  -999999.00000  -999999.00000
ECOHUMUS                                   -31.65000   -68.30000   600.00000 2026-07-05 17:20:00     1
     1     1      285.35000       37.00000    95400.00000  -999999.00000        6.90000       29.00000  -999999.00000
  -999999.00000  -999999.00000  -999999.00000  -999999.00000  -999999.00000  -999999.00000  -999999.00000  -999999.00000
INTA_POCITO                                -31.65000   -68.58330   615.00000 2026-07-05 17:25:00     1
     1     1      286.35000       35.00000    94540.00000  -999999.00000        0.00000      262.00000  -999999.00000
  -999999.00000  -999999.00000  -999999.00000  -999999.00000  -999999.00000  -999999.00000  -999999.00000  -999999.00000
ULLUM_EMBALSE                              -31.46670   -68.66670   768.00000 2026-07-05 17:25:00     1
     1     1      284.95000       34.00000    92870.00000  -999999.00000        3.90000      126.00000  -999999.00000
  -999999.00000  -999999.00000  -999999.00000  -999999.00000  -999999.00000  -999999.00000  -999999.00000  -999999.00000
PUNTA_NEGRA                                -31.51920   -68.81780   800.00000 2026-07-05 17:25:00     1
     1     1      283.35000       37.00000    92090.00000  -999999.00000        1.30000      140.00000  -999999.00000
  -999999.00000  -999999.00000  -999999.00000  -999999.00000  -999999.00000  -999999.00000  -999999.00000  -999999.00000
ECOHUMUS                                   -31.65000   -68.30000   600.00000 2026-07-05 17:25:00     1
     1     1      285.45000       37.00000    95400.00000  -999999.00000        5.20000       30.00000  -999999.00000
  -999999.00000  -999999.00000  -999999.00000  -999999.00000  -999999.00000  -999999.00000  -999999.00000  -999999.00000
INTA_POCITO                                -31.65000   -68.58330   615.00000 2026-07-05 17:30:00     1
     1     1      285.75000       37.00000    94540.00000  -999999.00000        0.40000       42.00000  -999999.00000
  -999999.00000  -999999.00000  -999999.00000  -999999.00000  -999999.00000  -999999.00000  -999999.00000  -999999.00000
ULLUM_EMBALSE                              -31.46670   -68.66670   768.00000 2026-07-05 17:30:00     1
     1     1      284.95000       34.00000    92880.00000  -999999.00000        4.00000      141.00000  -999999.00000
  -999999.00000  -999999.00000  -999999.00000  -999999.00000  -999999.00000  -999999.00000  -999999.00000  -999999.00000
PUNTA_NEGRA                                -31.51920   -68.81780   800.00000 2026-07-05 17:30:00     1
     1     1      283.35000       36.00000    92090.00000  -999999.00000        0.90000       87.00000  -999999.00000
  -999999.00000  -999999.00000  -999999.00000  -999999.00000  -999999.00000  -999999.00000  -999999.00000  -999999.00000
ECOHUMUS                                   -31.65000   -68.30000   600.00000 2026-07-05 17:30:00     1
     1     1      285.85000       36.00000    95390.00000  -999999.00000        6.80000       15.00000  -999999.00000
  -999999.00000  -999999.00000  -999999.00000  -999999.00000  -999999.00000  -999999.00000  -999999.00000  -999999.00000
INTA_POCITO                                -31.65000   -68.58330   615.00000 2026-07-05 17:35:00     1
     1     1      285.55000       37.00000    94540.00000  -999999.00000        0.60000      339.00000  -999999.00000
  -999999.00000  -999999.00000  -999999.00000  -999999.00000  -999999.00000  -999999.00000  -999999.00000  -999999.00000
ULLUM_EMBALSE                              -31.46670   -68.66670   768.00000 2026-07-05 17:35:00     1
     1     1      284.85000       34.00000    92880.00000  -999999.00000        5.60000      112.00000  -999999.00000
  -999999.00000  -999999.00000  -999999.00000  -999999.00000  -999999.00000  -999999.00000  -999999.00000  -999999.00000
PUNTA_NEGRA                                -31.51920   -68.81780   800.00000 2026-07-05 17:35:00     1
     1     1      283.15000       37.00000    92080.00000  -999999.00000        0.40000      144.00000  -999999.00000
  -999999.00000  -999999.00000  -999999.00000  -999999.00000  -999999.00000  -999999.00000  -999999.00000  -999999.00000
ECOHUMUS                                   -31.65000   -68.30000   600.00000 2026-07-05 17:35:00     1
     1     1      285.75000       37.00000    95390.00000  -999999.00000        5.30000       13.00000  -999999.00000
  -999999.00000  -999999.00000  -999999.00000  -999999.00000  -999999.00000  -999999.00000  -999999.00000  -999999.00000
INTA_POCITO                                -31.65000   -68.58330   615.00000 2026-07-05 17:40:00     1
     1     1      285.65000       37.00000    94550.00000  -999999.00000        0.10000       38.00000  -999999.00000
  -999999.00000  -999999.00000  -999999.00000  -999999.00000  -999999.00000  -999999.00000  -999999.00000  -999999.00000
ULLUM_EMBALSE                              -31.46670   -68.66670   768.00000 2026-07-05 17:40:00     1
     1     1      284.85000       34.00000    92890.00000  -999999.00000        6.10000      114.00000  -999999.00000
  -999999.00000  -999999.00000  -999999.00000  -999999.00000  -999999.00000  -999999.00000  -999999.00000  -999999.00000
PUNTA_NEGRA                                -31.51920   -68.81780   800.00000 2026-07-05 17:40:00     1
     1     1      283.25000       36.00000    92090.00000  -999999.00000        0.60000      155.00000  -999999.00000
  -999999.00000  -999999.00000  -999999.00000  -999999.00000  -999999.00000  -999999.00000  -999999.00000  -999999.00000
ECOHUMUS                                   -31.65000   -68.30000   600.00000 2026-07-05 17:40:00     1
     1     1      285.75000       37.00000    95390.00000  -999999.00000        6.60000        1.00000  -999999.00000
  -999999.00000  -999999.00000  -999999.00000  -999999.00000  -999999.00000  -999999.00000  -999999.00000  -999999.00000
INTA_POCITO                                -31.65000   -68.58330   615.00000 2026-07-05 17:45:00     1
     1     1      285.55000       37.00000    94550.00000  -999999.00000        0.10000      343.00000  -999999.00000
  -999999.00000  -999999.00000  -999999.00000  -999999.00000  -999999.00000  -999999.00000  -999999.00000  -999999.00000
ULLUM_EMBALSE                              -31.46670   -68.66670   768.00000 2026-07-05 17:45:00     1
     1     1      284.75000       34.00000    92880.00000  -999999.00000        4.10000      145.00000  -999999.00000
  -999999.00000  -999999.00000  -999999.00000  -999999.00000  -999999.00000  -999999.00000  -999999.00000  -999999.00000
PUNTA_NEGRA                                -31.51920   -68.81780   800.00000 2026-07-05 17:45:00     1
     1     1      283.05000       36.00000    92100.00000  -999999.00000        0.60000      153.00000  -999999.00000
  -999999.00000  -999999.00000  -999999.00000  -999999.00000  -999999.00000  -999999.00000  -999999.00000  -999999.00000
ECOHUMUS                                   -31.65000   -68.30000   600.00000 2026-07-05 17:45:00     1
     1     1      285.65000       36.00000    95380.00000  -999999.00000        5.50000       10.00000  -999999.00000
  -999999.00000  -999999.00000  -999999.00000  -999999.00000  -999999.00000  -999999.00000  -999999.00000  -999999.00000
INTA_POCITO                                -31.65000   -68.58330   615.00000 2026-07-05 17:50:00     1
     1     1      285.25000       38.00000    94540.00000  -999999.00000        0.10000       55.00000  -999999.00000
  -999999.00000  -999999.00000  -999999.00000  -999999.00000  -999999.00000  -999999.00000  -999999.00000  -999999.00000
ULLUM_EMBALSE                              -31.46670   -68.66670   768.00000 2026-07-05 17:50:00     1
     1     1      284.95000       34.00000    92880.00000  -999999.00000        2.60000      116.00000  -999999.00000
  -999999.00000  -999999.00000  -999999.00000  -999999.00000  -999999.00000  -999999.00000  -999999.00000  -999999.00000
PUNTA_NEGRA                                -31.51920   -68.81780   800.00000 2026-07-05 17:50:00     1
     1     1      282.85000       35.00000    92080.00000  -999999.00000        0.70000      136.00000  -999999.00000
  -999999.00000  -999999.00000  -999999.00000  -999999.00000  -999999.00000  -999999.00000  -999999.00000  -999999.00000
ECOHUMUS                                   -31.65000   -68.30000   600.00000 2026-07-05 17:50:00     1
     1     1      285.65000       36.00000    95380.00000  -999999.00000        3.00000       17.00000  -999999.00000
  -999999.00000  -999999.00000  -999999.00000  -999999.00000  -999999.00000  -999999.00000  -999999.00000  -999999.00000
INTA_POCITO                                -31.65000   -68.58330   615.00000 2026-07-05 17:55:00     1
     1     1      285.05000       38.00000    94540.00000  -999999.00000        0.10000       96.00000  -999999.00000
  -999999.00000  -999999.00000  -999999.00000  -999999.00000  -999999.00000  -999999.00000  -999999.00000  -999999.00000
ULLUM_EMBALSE                              -31.46670   -68.66670   768.00000 2026-07-05 17:55:00     1
     1     1      284.85000       34.00000    92880.00000  -999999.00000        2.80000      108.00000  -999999.00000
  -999999.00000  -999999.00000  -999999.00000  -999999.00000  -999999.00000  -999999.00000  -999999.00000  -999999.00000
PUNTA_NEGRA                                -31.51920   -68.81780   800.00000 2026-07-05 17:55:00     1
     1     1      282.85000       36.00000    92090.00000  -999999.00000        0.10000      221.00000  -999999.00000
  -999999.00000  -999999.00000  -999999.00000  -999999.00000  -999999.00000  -999999.00000  -999999.00000  -999999.00000
ECOHUMUS                                   -31.65000   -68.30000   600.00000 2026-07-05 17:55:00     1
     1     1      285.65000       36.00000    95380.00000  -999999.00000        4.20000        5.00000  -999999.00000
  -999999.00000  -999999.00000  -999999.00000  -999999.00000  -999999.00000  -999999.00000  -999999.00000  -999999.00000
INTA_POCITO                                -31.65000   -68.58330   615.00000 2026-07-05 18:00:00     1
     1     1      284.95000       38.00000    94550.00000  -999999.00000        0.10000       64.00000  -999999.00000
  -999999.00000  -999999.00000  -999999.00000  -999999.00000  -999999.00000  -999999.00000  -999999.00000  -999999.00000
ULLUM_EMBALSE                              -31.46670   -68.66670   768.00000 2026-07-05 18:00:00     1
     1     1      284.85000       34.00000    92880.00000  -999999.00000        4.10000      110.00000  -999999.00000
  -999999.00000  -999999.00000  -999999.00000  -999999.00000  -999999.00000  -999999.00000  -999999.00000  -999999.00000
PUNTA_NEGRA                                -31.51920   -68.81780   800.00000 2026-07-05 18:00:00     1
     1     1      282.55000       36.00000    92100.00000  -999999.00000        0.50000      222.00000  -999999.00000
  -999999.00000  -999999.00000  -999999.00000  -999999.00000  -999999.00000  -999999.00000  -999999.00000  -999999.00000
ECOHUMUS                                   -31.65000   -68.30000   600.00000 2026-07-05 18:00:00     1
     1     1      285.55000       37.00000    95370.00000  -999999.00000        3.50000       11.00000  -999999.00000
  -999999.00000  -999999.00000  -999999.00000  -999999.00000  -999999.00000  -999999.00000  -999999.00000  -999999.00000
INTA_POCITO                                -31.65000   -68.58330   615.00000 2026-07-05 18:05:00     1
     1     1      284.75000       39.00000    94540.00000  -999999.00000        0.00000      140.00000  -999999.00000
  -999999.00000  -999999.00000  -999999.00000  -999999.00000  -999999.00000  -999999.00000  -999999.00000  -999999.00000
ULLUM_EMBALSE                              -31.46670   -68.66670   768.00000 2026-07-05 18:05:00     1
     1     1      284.65000       35.00000    92880.00000  -999999.00000        4.30000      111.00000  -999999.00000
  -999999.00000  -999999.00000  -999999.00000  -999999.00000  -999999.00000  -999999.00000  -999999.00000  -999999.00000
PUNTA_NEGRA                                -31.51920   -68.81780   800.00000 2026-07-05 18:05:00     1
     1     1      282.45000       37.00000    92100.00000  -999999.00000        0.90000      232.00000  -999999.00000
  -999999.00000  -999999.00000  -999999.00000  -999999.00000  -999999.00000  -999999.00000  -999999.00000  -999999.00000
ECOHUMUS                                   -31.65000   -68.30000   600.00000 2026-07-05 18:05:00     1
     1     1      285.45000       37.00000    95380.00000  -999999.00000        4.10000      353.00000  -999999.00000
  -999999.00000  -999999.00000  -999999.00000  -999999.00000  -999999.00000  -999999.00000  -999999.00000  -999999.00000
INTA_POCITO                                -31.65000   -68.58330   615.00000 2026-07-05 18:10:00     1
     1     1      284.25000       40.00000    94530.00000  -999999.00000        0.00000      121.00000  -999999.00000
  -999999.00000  -999999.00000  -999999.00000  -999999.00000  -999999.00000  -999999.00000  -999999.00000  -999999.00000
ULLUM_EMBALSE                              -31.46670   -68.66670   768.00000 2026-07-05 18:10:00     1
     1     1      284.45000       34.00000    92880.00000  -999999.00000        6.20000      119.00000  -999999.00000
  -999999.00000  -999999.00000  -999999.00000  -999999.00000  -999999.00000  -999999.00000  -999999.00000  -999999.00000
PUNTA_NEGRA                                -31.51920   -68.81780   800.00000 2026-07-05 18:10:00     1
     1     1      282.35000       38.00000    92090.00000  -999999.00000        1.40000      233.00000  -999999.00000
  -999999.00000  -999999.00000  -999999.00000  -999999.00000  -999999.00000  -999999.00000  -999999.00000  -999999.00000
ECOHUMUS                                   -31.65000   -68.30000   600.00000 2026-07-05 18:10:00     1
     1     1      285.25000       37.00000    95370.00000  -999999.00000        4.00000      355.00000  -999999.00000
  -999999.00000  -999999.00000  -999999.00000  -999999.00000  -999999.00000  -999999.00000  -999999.00000  -999999.00000
INTA_POCITO                                -31.65000   -68.58330   615.00000 2026-07-05 18:15:00     1
     1     1      283.85000       41.00000    94540.00000  -999999.00000        0.00000      135.00000  -999999.00000
  -999999.00000  -999999.00000  -999999.00000  -999999.00000  -999999.00000  -999999.00000  -999999.00000  -999999.00000
ULLUM_EMBALSE                              -31.46670   -68.66670   768.00000 2026-07-05 18:15:00     1
     1     1      284.35000       34.00000    92870.00000  -999999.00000        1.00000      144.00000  -999999.00000
  -999999.00000  -999999.00000  -999999.00000  -999999.00000  -999999.00000  -999999.00000  -999999.00000  -999999.00000
PUNTA_NEGRA                                -31.51920   -68.81780   800.00000 2026-07-05 18:15:00     1
     1     1      282.25000       39.00000    92090.00000  -999999.00000        0.90000      225.00000  -999999.00000
  -999999.00000  -999999.00000  -999999.00000  -999999.00000  -999999.00000  -999999.00000  -999999.00000  -999999.00000
ECOHUMUS                                   -31.65000   -68.30000   600.00000 2026-07-05 18:15:00     1
     1     1      285.15000       37.00000    95390.00000  -999999.00000        2.90000       21.00000  -999999.00000
  -999999.00000  -999999.00000  -999999.00000  -999999.00000  -999999.00000  -999999.00000  -999999.00000  -999999.00000
INTA_POCITO                                -31.65000   -68.58330   615.00000 2026-07-05 18:20:00     1
     1     1      283.45000       42.00000    94540.00000  -999999.00000        0.00000      135.00000  -999999.00000
  -999999.00000  -999999.00000  -999999.00000  -999999.00000  -999999.00000  -999999.00000  -999999.00000  -999999.00000
ULLUM_EMBALSE                              -31.46670   -68.66670   768.00000 2026-07-05 18:20:00     1
     1     1      284.55000       34.00000    92880.00000  -999999.00000        0.40000      140.00000  -999999.00000
  -999999.00000  -999999.00000  -999999.00000  -999999.00000  -999999.00000  -999999.00000  -999999.00000  -999999.00000
PUNTA_NEGRA                                -31.51920   -68.81780   800.00000 2026-07-05 18:20:00     1
     1     1      282.05000       40.00000    92090.00000  -999999.00000        0.00000      213.00000  -999999.00000
  -999999.00000  -999999.00000  -999999.00000  -999999.00000  -999999.00000  -999999.00000  -999999.00000  -999999.00000
ECOHUMUS                                   -31.65000   -68.30000   600.00000 2026-07-05 18:20:00     1
     1     1      284.95000       37.00000    95380.00000  -999999.00000        2.00000       24.00000  -999999.00000
  -999999.00000  -999999.00000  -999999.00000  -999999.00000  -999999.00000  -999999.00000  -999999.00000  -999999.00000
INTA_POCITO                                -31.65000   -68.58330   615.00000 2026-07-05 18:25:00     1
     1     1      282.65000       47.00000    94550.00000  -999999.00000        0.00000      136.00000  -999999.00000
  -999999.00000  -999999.00000  -999999.00000  -999999.00000  -999999.00000  -999999.00000  -999999.00000  -999999.00000
ULLUM_EMBALSE                              -31.46670   -68.66670   768.00000 2026-07-05 18:25:00     1
     1     1      284.15000       34.00000    92880.00000  -999999.00000        1.20000      116.00000  -999999.00000
  -999999.00000  -999999.00000  -999999.00000  -999999.00000  -999999.00000  -999999.00000  -999999.00000  -999999.00000
PUNTA_NEGRA                                -31.51920   -68.81780   800.00000 2026-07-05 18:25:00     1
     1     1      281.65000       41.00000    92080.00000  -999999.00000        0.00000      211.00000  -999999.00000
  -999999.00000  -999999.00000  -999999.00000  -999999.00000  -999999.00000  -999999.00000  -999999.00000  -999999.00000
ECOHUMUS                                   -31.65000   -68.30000   600.00000 2026-07-05 18:25:00     1
     1     1      284.65000       38.00000    95390.00000  -999999.00000        1.90000       34.00000  -999999.00000
  -999999.00000  -999999.00000  -999999.00000  -999999.00000  -999999.00000  -999999.00000  -999999.00000  -999999.00000
INTA_POCITO                                -31.65000   -68.58330   615.00000 2026-07-05 18:30:00     1
     1     1      282.05000       48.00000    94560.00000  -999999.00000        0.00000      136.00000  -999999.00000
  -999999.00000  -999999.00000  -999999.00000  -999999.00000  -999999.00000  -999999.00000  -999999.00000  -999999.00000
ULLUM_EMBALSE                              -31.46670   -68.66670   768.00000 2026-07-05 18:30:00     1
     1     1      283.85000       34.00000    92880.00000  -999999.00000        1.60000      113.00000  -999999.00000
  -999999.00000  -999999.00000  -999999.00000  -999999.00000  -999999.00000  -999999.00000  -999999.00000  -999999.00000
PUNTA_NEGRA                                -31.51920   -68.81780   800.00000 2026-07-05 18:30:00     1
     1     1      281.55000       42.00000    92110.00000  -999999.00000        0.10000      220.00000  -999999.00000
  -999999.00000  -999999.00000  -999999.00000  -999999.00000  -999999.00000  -999999.00000  -999999.00000  -999999.00000
ECOHUMUS                                   -31.65000   -68.30000   600.00000 2026-07-05 18:30:00     1
     1     1      284.15000       38.00000    95390.00000  -999999.00000        2.50000       11.00000  -999999.00000
  -999999.00000  -999999.00000  -999999.00000  -999999.00000  -999999.00000  -999999.00000  -999999.00000  -999999.00000
INTA_POCITO                                -31.65000   -68.58330   615.00000 2026-07-05 18:35:00     1
     1     1      281.25000       50.00000    94560.00000  -999999.00000        0.00000      136.00000  -999999.00000
  -999999.00000  -999999.00000  -999999.00000  -999999.00000  -999999.00000  -999999.00000  -999999.00000  -999999.00000
ULLUM_EMBALSE                              -31.46670   -68.66670   768.00000 2026-07-05 18:35:00     1
     1     1      283.65000       35.00000    92890.00000  -999999.00000        1.90000      113.00000  -999999.00000
  -999999.00000  -999999.00000  -999999.00000  -999999.00000  -999999.00000  -999999.00000  -999999.00000  -999999.00000
PUNTA_NEGRA                                -31.51920   -68.81780   800.00000 2026-07-05 18:35:00     1
     1     1      281.35000       42.00000    92100.00000  -999999.00000        0.10000      227.00000  -999999.00000
  -999999.00000  -999999.00000  -999999.00000  -999999.00000  -999999.00000  -999999.00000  -999999.00000  -999999.00000
ECOHUMUS                                   -31.65000   -68.30000   600.00000 2026-07-05 18:35:00     1
     1     1      283.75000       40.00000    95400.00000  -999999.00000        2.30000      352.00000  -999999.00000
  -999999.00000  -999999.00000  -999999.00000  -999999.00000  -999999.00000  -999999.00000  -999999.00000  -999999.00000
INTA_POCITO                                -31.65000   -68.58330   615.00000 2026-07-05 18:40:00     1
     1     1      280.65000       52.00000    94560.00000  -999999.00000        0.00000      136.00000  -999999.00000
  -999999.00000  -999999.00000  -999999.00000  -999999.00000  -999999.00000  -999999.00000  -999999.00000  -999999.00000
ULLUM_EMBALSE                              -31.46670   -68.66670   768.00000 2026-07-05 18:40:00     1
     1     1      283.55000       35.00000    92890.00000  -999999.00000        3.10000      112.00000  -999999.00000
  -999999.00000  -999999.00000  -999999.00000  -999999.00000  -999999.00000  -999999.00000  -999999.00000  -999999.00000
PUNTA_NEGRA                                -31.51920   -68.81780   800.00000 2026-07-05 18:40:00     1
     1     1      281.15000       42.00000    92100.00000  -999999.00000        0.10000      229.00000  -999999.00000
  -999999.00000  -999999.00000  -999999.00000  -999999.00000  -999999.00000  -999999.00000  -999999.00000  -999999.00000
ECOHUMUS                                   -31.65000   -68.30000   600.00000 2026-07-05 18:40:00     1
     1     1      283.25000       41.00000    95400.00000  -999999.00000        2.10000        1.00000  -999999.00000
  -999999.00000  -999999.00000  -999999.00000  -999999.00000  -999999.00000  -999999.00000  -999999.00000  -999999.00000
INTA_POCITO                                -31.65000   -68.58330   615.00000 2026-07-05 18:45:00     1
     1     1      280.35000       52.00000    94570.00000  -999999.00000        0.00000      136.00000  -999999.00000
  -999999.00000  -999999.00000  -999999.00000  -999999.00000  -999999.00000  -999999.00000  -999999.00000  -999999.00000
ULLUM_EMBALSE                              -31.46670   -68.66670   768.00000 2026-07-05 18:45:00     1
     1     1      283.45000       35.00000    92890.00000  -999999.00000        1.40000      112.00000  -999999.00000
  -999999.00000  -999999.00000  -999999.00000  -999999.00000  -999999.00000  -999999.00000  -999999.00000  -999999.00000
PUNTA_NEGRA                                -31.51920   -68.81780   800.00000 2026-07-05 18:45:00     1
     1     1      280.95000       43.00000    92100.00000  -999999.00000        0.00000      217.00000  -999999.00000
  -999999.00000  -999999.00000  -999999.00000  -999999.00000  -999999.00000  -999999.00000  -999999.00000  -999999.00000
ECOHUMUS                                   -31.65000   -68.30000   600.00000 2026-07-05 18:45:00     1
     1     1      282.85000       42.00000    95390.00000  -999999.00000        2.30000      360.00000  -999999.00000
  -999999.00000  -999999.00000  -999999.00000  -999999.00000  -999999.00000  -999999.00000  -999999.00000  -999999.00000
INTA_POCITO                                -31.65000   -68.58330   615.00000 2026-07-05 18:50:00     1
     1     1      280.25000       53.00000    94570.00000  -999999.00000        0.00000      136.00000  -999999.00000
  -999999.00000  -999999.00000  -999999.00000  -999999.00000  -999999.00000  -999999.00000  -999999.00000  -999999.00000
ULLUM_EMBALSE                              -31.46670   -68.66670   768.00000 2026-07-05 18:50:00     1
     1     1      283.25000       36.00000    92900.00000  -999999.00000        1.40000      112.00000  -999999.00000
  -999999.00000  -999999.00000  -999999.00000  -999999.00000  -999999.00000  -999999.00000  -999999.00000  -999999.00000
PUNTA_NEGRA                                -31.51920   -68.81780   800.00000 2026-07-05 18:50:00     1
     1     1      280.85000       43.00000    92110.00000  -999999.00000        0.00000      216.00000  -999999.00000
  -999999.00000  -999999.00000  -999999.00000  -999999.00000  -999999.00000  -999999.00000  -999999.00000  -999999.00000
ECOHUMUS                                   -31.65000   -68.30000   600.00000 2026-07-05 18:50:00     1
     1     1      282.65000       42.00000    95390.00000  -999999.00000        1.40000       12.00000  -999999.00000
  -999999.00000  -999999.00000  -999999.00000  -999999.00000  -999999.00000  -999999.00000  -999999.00000  -999999.00000
INTA_POCITO                                -31.65000   -68.58330   615.00000 2026-07-05 18:55:00     1
     1     1      280.25000       51.00000    94580.00000  -999999.00000        0.00000      136.00000  -999999.00000
  -999999.00000  -999999.00000  -999999.00000  -999999.00000  -999999.00000  -999999.00000  -999999.00000  -999999.00000
ULLUM_EMBALSE                              -31.46670   -68.66670   768.00000 2026-07-05 18:55:00     1
     1     1      283.15000       36.00000    92900.00000  -999999.00000        1.20000      112.00000  -999999.00000
  -999999.00000  -999999.00000  -999999.00000  -999999.00000  -999999.00000  -999999.00000  -999999.00000  -999999.00000
PUNTA_NEGRA                                -31.51920   -68.81780   800.00000 2026-07-05 18:55:00     1
     1     1      280.65000       44.00000    92120.00000  -999999.00000        0.10000      218.00000  -999999.00000
  -999999.00000  -999999.00000  -999999.00000  -999999.00000  -999999.00000  -999999.00000  -999999.00000  -999999.00000
ECOHUMUS                                   -31.65000   -68.30000   600.00000 2026-07-05 18:55:00     1
     1     1      282.55000       42.00000    95410.00000  -999999.00000        0.60000       12.00000  -999999.00000
  -999999.00000  -999999.00000  -999999.00000  -999999.00000  -999999.00000  -999999.00000  -999999.00000  -999999.00000
INTA_POCITO                                -31.65000   -68.58330   615.00000 2026-07-05 19:00:00     1
     1     1      280.25000       51.00000    94590.00000  -999999.00000        0.00000      136.00000  -999999.00000
  -999999.00000  -999999.00000  -999999.00000  -999999.00000  -999999.00000  -999999.00000  -999999.00000  -999999.00000
ULLUM_EMBALSE                              -31.46670   -68.66670   768.00000 2026-07-05 19:00:00     1
     1     1      283.05000       37.00000    92910.00000  -999999.00000        3.20000      113.00000  -999999.00000
  -999999.00000  -999999.00000  -999999.00000  -999999.00000  -999999.00000  -999999.00000  -999999.00000  -999999.00000
PUNTA_NEGRA                                -31.51920   -68.81780   800.00000 2026-07-05 19:00:00     1
     1     1      280.45000       44.00000    92120.00000  -999999.00000        0.30000      228.00000  -999999.00000
  -999999.00000  -999999.00000  -999999.00000  -999999.00000  -999999.00000  -999999.00000  -999999.00000  -999999.00000
ECOHUMUS                                   -31.65000   -68.30000   600.00000 2026-07-05 19:00:00     1
     1     1      282.45000       42.00000    95420.00000  -999999.00000        0.00000       13.00000  -999999.00000
  -999999.00000  -999999.00000  -999999.00000  -999999.00000  -999999.00000  -999999.00000  -999999.00000  -999999.00000
INTA_POCITO                                -31.65000   -68.58330   615.00000 2026-07-05 19:05:00     1
     1     1      280.05000       52.00000    94590.00000  -999999.00000        0.00000      136.00000  -999999.00000
  -999999.00000  -999999.00000  -999999.00000  -999999.00000  -999999.00000  -999999.00000  -999999.00000  -999999.00000
ULLUM_EMBALSE                              -31.46670   -68.66670   768.00000 2026-07-05 19:05:00     1
     1     1      282.95000       39.00000    92910.00000  -999999.00000        3.50000      137.00000  -999999.00000
  -999999.00000  -999999.00000  -999999.00000  -999999.00000  -999999.00000  -999999.00000  -999999.00000  -999999.00000
PUNTA_NEGRA                                -31.51920   -68.81780   800.00000 2026-07-05 19:05:00     1
     1     1      280.55000       43.00000    92130.00000  -999999.00000        0.60000      236.00000  -999999.00000
  -999999.00000  -999999.00000  -999999.00000  -999999.00000  -999999.00000  -999999.00000  -999999.00000  -999999.00000
ECOHUMUS                                   -31.65000   -68.30000   600.00000 2026-07-05 19:05:00     1
     1     1      282.25000       42.00000    95410.00000  -999999.00000        0.00000       13.00000  -999999.00000
  -999999.00000  -999999.00000  -999999.00000  -999999.00000  -999999.00000  -999999.00000  -999999.00000  -999999.00000
INTA_POCITO                                -31.65000   -68.58330   615.00000 2026-07-05 19:10:00     1
     1     1      279.65000       54.00000    94590.00000  -999999.00000        0.00000      136.00000  -999999.00000
  -999999.00000  -999999.00000  -999999.00000  -999999.00000  -999999.00000  -999999.00000  -999999.00000  -999999.00000
ULLUM_EMBALSE                              -31.46670   -68.66670   768.00000 2026-07-05 19:10:00     1
     1     1      282.85000       39.00000    92910.00000  -999999.00000        3.00000      188.00000  -999999.00000
  -999999.00000  -999999.00000  -999999.00000  -999999.00000  -999999.00000  -999999.00000  -999999.00000  -999999.00000
PUNTA_NEGRA                                -31.51920   -68.81780   800.00000 2026-07-05 19:10:00     1
     1     1      280.55000       43.00000    92130.00000  -999999.00000        0.50000      221.00000  -999999.00000
  -999999.00000  -999999.00000  -999999.00000  -999999.00000  -999999.00000  -999999.00000  -999999.00000  -999999.00000
ECOHUMUS                                   -31.65000   -68.30000   600.00000 2026-07-05 19:10:00     1
     1     1      281.85000       44.00000    95420.00000  -999999.00000        0.00000       13.00000  -999999.00000
  -999999.00000  -999999.00000  -999999.00000  -999999.00000  -999999.00000  -999999.00000  -999999.00000  -999999.00000
INTA_POCITO                                -31.65000   -68.58330   615.00000 2026-07-05 19:15:00     1
     1     1      279.05000       58.00000    94590.00000  -999999.00000        0.00000      168.00000  -999999.00000
  -999999.00000  -999999.00000  -999999.00000  -999999.00000  -999999.00000  -999999.00000  -999999.00000  -999999.00000
ULLUM_EMBALSE                              -31.46670   -68.66670   768.00000 2026-07-05 19:15:00     1
     1     1      282.85000       37.00000    92920.00000  -999999.00000        4.70000      174.00000  -999999.00000
  -999999.00000  -999999.00000  -999999.00000  -999999.00000  -999999.00000  -999999.00000  -999999.00000  -999999.00000
PUNTA_NEGRA                                -31.51920   -68.81780   800.00000 2026-07-05 19:15:00     1
     1     1      280.55000       43.00000    92130.00000  -999999.00000        0.00000      210.00000  -999999.00000
  -999999.00000  -999999.00000  -999999.00000  -999999.00000  -999999.00000  -999999.00000  -999999.00000  -999999.00000
ECOHUMUS                                   -31.65000   -68.30000   600.00000 2026-07-05 19:15:00     1
     1     1      281.15000       45.00000    95430.00000  -999999.00000        0.00000       13.00000  -999999.00000
  -999999.00000  -999999.00000  -999999.00000  -999999.00000  -999999.00000  -999999.00000  -999999.00000  -999999.00000
INTA_POCITO                                -31.65000   -68.58330   615.00000 2026-07-05 19:20:00     1
     1     1      278.75000       58.00000    94590.00000  -999999.00000        0.00000      177.00000  -999999.00000
  -999999.00000  -999999.00000  -999999.00000  -999999.00000  -999999.00000  -999999.00000  -999999.00000  -999999.00000
ULLUM_EMBALSE                              -31.46670   -68.66670   768.00000 2026-07-05 19:20:00     1
     1     1      282.45000       37.00000    92930.00000  -999999.00000        3.40000      158.00000  -999999.00000
  -999999.00000  -999999.00000  -999999.00000  -999999.00000  -999999.00000  -999999.00000  -999999.00000  -999999.00000
PUNTA_NEGRA                                -31.51920   -68.81780   800.00000 2026-07-05 19:20:00     1
     1     1      280.35000       43.00000    92130.00000  -999999.00000        0.10000      240.00000  -999999.00000
  -999999.00000  -999999.00000  -999999.00000  -999999.00000  -999999.00000  -999999.00000  -999999.00000  -999999.00000
ECOHUMUS                                   -31.65000   -68.30000   600.00000 2026-07-05 19:20:00     1
     1     1      280.75000       46.00000    95430.00000  -999999.00000        0.00000       13.00000  -999999.00000
  -999999.00000  -999999.00000  -999999.00000  -999999.00000  -999999.00000  -999999.00000  -999999.00000  -999999.00000
INTA_POCITO                                -31.65000   -68.58330   615.00000 2026-07-05 19:25:00     1
     1     1      278.25000       59.00000    94590.00000  -999999.00000        0.00000      173.00000  -999999.00000
  -999999.00000  -999999.00000  -999999.00000  -999999.00000  -999999.00000  -999999.00000  -999999.00000  -999999.00000
ULLUM_EMBALSE                              -31.46670   -68.66670   768.00000 2026-07-05 19:25:00     1
     1     1      282.35000       38.00000    92940.00000  -999999.00000        1.70000      157.00000  -999999.00000
  -999999.00000  -999999.00000  -999999.00000  -999999.00000  -999999.00000  -999999.00000  -999999.00000  -999999.00000
PUNTA_NEGRA                                -31.51920   -68.81780   800.00000 2026-07-05 19:25:00     1
     1     1      280.35000       43.00000    92140.00000  -999999.00000        0.90000      228.00000  -999999.00000
  -999999.00000  -999999.00000  -999999.00000  -999999.00000  -999999.00000  -999999.00000  -999999.00000  -999999.00000
ECOHUMUS                                   -31.65000   -68.30000   600.00000 2026-07-05 19:25:00     1
     1     1      280.55000       47.00000    95430.00000  -999999.00000        0.40000       13.00000  -999999.00000
  -999999.00000  -999999.00000  -999999.00000  -999999.00000  -999999.00000  -999999.00000  -999999.00000  -999999.00000
INTA_POCITO                                -31.65000   -68.58330   615.00000 2026-07-05 19:30:00     1
     1     1      278.35000       58.00000    94610.00000  -999999.00000        0.00000      150.00000  -999999.00000
  -999999.00000  -999999.00000  -999999.00000  -999999.00000  -999999.00000  -999999.00000  -999999.00000  -999999.00000
ULLUM_EMBALSE                              -31.46670   -68.66670   768.00000 2026-07-05 19:30:00     1
     1     1      282.35000       40.00000    92950.00000  -999999.00000        1.40000      141.00000  -999999.00000
  -999999.00000  -999999.00000  -999999.00000  -999999.00000  -999999.00000  -999999.00000  -999999.00000  -999999.00000
PUNTA_NEGRA                                -31.51920   -68.81780   800.00000 2026-07-05 19:30:00     1
     1     1      280.25000       44.00000    92160.00000  -999999.00000        0.40000      227.00000  -999999.00000
  -999999.00000  -999999.00000  -999999.00000  -999999.00000  -999999.00000  -999999.00000  -999999.00000  -999999.00000
ECOHUMUS                                   -31.65000   -68.30000   600.00000 2026-07-05 19:30:00     1
     1     1      280.35000       47.00000    95430.00000  -999999.00000        1.70000       19.00000  -999999.00000
  -999999.00000  -999999.00000  -999999.00000  -999999.00000  -999999.00000  -999999.00000  -999999.00000  -999999.00000
INTA_POCITO                                -31.65000   -68.58330   615.00000 2026-07-05 19:35:00     1
     1     1      278.45000       58.00000    94620.00000  -999999.00000        0.00000      138.00000  -999999.00000
  -999999.00000  -999999.00000  -999999.00000  -999999.00000  -999999.00000  -999999.00000  -999999.00000  -999999.00000
ULLUM_EMBALSE                              -31.46670   -68.66670   768.00000 2026-07-05 19:35:00     1
     1     1      282.15000       41.00000    92940.00000  -999999.00000        0.60000      141.00000  -999999.00000
  -999999.00000  -999999.00000  -999999.00000  -999999.00000  -999999.00000  -999999.00000  -999999.00000  -999999.00000
PUNTA_NEGRA                                -31.51920   -68.81780   800.00000 2026-07-05 19:35:00     1
     1     1      280.15000       44.00000    92170.00000  -999999.00000        0.10000      224.00000  -999999.00000
  -999999.00000  -999999.00000  -999999.00000  -999999.00000  -999999.00000  -999999.00000  -999999.00000  -999999.00000
ECOHUMUS                                   -31.65000   -68.30000   600.00000 2026-07-05 19:35:00     1
     1     1      280.35000       47.00000    95450.00000  -999999.00000        1.70000       12.00000  -999999.00000
  -999999.00000  -999999.00000  -999999.00000  -999999.00000  -999999.00000  -999999.00000  -999999.00000  -999999.00000
INTA_POCITO                                -31.65000   -68.58330   615.00000 2026-07-05 19:40:00     1
     1     1      278.75000       57.00000    94630.00000  -999999.00000        0.00000      127.00000  -999999.00000
  -999999.00000  -999999.00000  -999999.00000  -999999.00000  -999999.00000  -999999.00000  -999999.00000  -999999.00000
ULLUM_EMBALSE                              -31.46670   -68.66670   768.00000 2026-07-05 19:40:00     1
     1     1      281.95000       42.00000    92960.00000  -999999.00000        0.00000      141.00000  -999999.00000
  -999999.00000  -999999.00000  -999999.00000  -999999.00000  -999999.00000  -999999.00000  -999999.00000  -999999.00000
PUNTA_NEGRA                                -31.51920   -68.81780   800.00000 2026-07-05 19:40:00     1
     1     1      279.85000       45.00000    92170.00000  -999999.00000        0.10000      167.00000  -999999.00000
  -999999.00000  -999999.00000  -999999.00000  -999999.00000  -999999.00000  -999999.00000  -999999.00000  -999999.00000
ECOHUMUS                                   -31.65000   -68.30000   600.00000 2026-07-05 19:40:00     1
     1     1      280.45000       47.00000    95450.00000  -999999.00000        1.60000        5.00000  -999999.00000
  -999999.00000  -999999.00000  -999999.00000  -999999.00000  -999999.00000  -999999.00000  -999999.00000  -999999.00000
INTA_POCITO                                -31.65000   -68.58330   615.00000 2026-07-05 19:45:00     1
     1     1      278.45000       58.00000    94630.00000  -999999.00000        0.00000      150.00000  -999999.00000
  -999999.00000  -999999.00000  -999999.00000  -999999.00000  -999999.00000  -999999.00000  -999999.00000  -999999.00000
ULLUM_EMBALSE                              -31.46670   -68.66670   768.00000 2026-07-05 19:45:00     1
     1     1      281.65000       42.00000    92960.00000  -999999.00000        0.00000      141.00000  -999999.00000
  -999999.00000  -999999.00000  -999999.00000  -999999.00000  -999999.00000  -999999.00000  -999999.00000  -999999.00000
PUNTA_NEGRA                                -31.51920   -68.81780   800.00000 2026-07-05 19:45:00     1
     1     1      279.85000       45.00000    92180.00000  -999999.00000        0.30000      201.00000  -999999.00000
  -999999.00000  -999999.00000  -999999.00000  -999999.00000  -999999.00000  -999999.00000  -999999.00000  -999999.00000
ECOHUMUS                                   -31.65000   -68.30000   600.00000 2026-07-05 19:45:00     1
     1     1      280.55000       46.00000    95470.00000  -999999.00000        1.90000        3.00000  -999999.00000
  -999999.00000  -999999.00000  -999999.00000  -999999.00000  -999999.00000  -999999.00000  -999999.00000  -999999.00000
INTA_POCITO                                -31.65000   -68.58330   615.00000 2026-07-05 19:50:00     1
     1     1      278.05000       59.00000    94640.00000  -999999.00000        0.00000      150.00000  -999999.00000
  -999999.00000  -999999.00000  -999999.00000  -999999.00000  -999999.00000  -999999.00000  -999999.00000  -999999.00000
ULLUM_EMBALSE                              -31.46670   -68.66670   768.00000 2026-07-05 19:50:00     1
     1     1      281.75000       43.00000    92970.00000  -999999.00000        0.00000      141.00000  -999999.00000
  -999999.00000  -999999.00000  -999999.00000  -999999.00000  -999999.00000  -999999.00000  -999999.00000  -999999.00000
PUNTA_NEGRA                                -31.51920   -68.81780   800.00000 2026-07-05 19:50:00     1
     1     1      279.65000       45.00000    92180.00000  -999999.00000        0.40000      221.00000  -999999.00000
  -999999.00000  -999999.00000  -999999.00000  -999999.00000  -999999.00000  -999999.00000  -999999.00000  -999999.00000
ECOHUMUS                                   -31.65000   -68.30000   600.00000 2026-07-05 19:50:00     1
     1     1      280.35000       47.00000    95470.00000  -999999.00000        0.80000      354.00000  -999999.00000
  -999999.00000  -999999.00000  -999999.00000  -999999.00000  -999999.00000  -999999.00000  -999999.00000  -999999.00000
INTA_POCITO                                -31.65000   -68.58330   615.00000 2026-07-05 19:55:00     1
     1     1      278.15000       58.00000    94640.00000  -999999.00000        0.00000      134.00000  -999999.00000
  -999999.00000  -999999.00000  -999999.00000  -999999.00000  -999999.00000  -999999.00000  -999999.00000  -999999.00000
ULLUM_EMBALSE                              -31.46670   -68.66670   768.00000 2026-07-05 19:55:00     1
     1     1      281.85000       43.00000    92970.00000  -999999.00000        0.90000      135.00000  -999999.00000
  -999999.00000  -999999.00000  -999999.00000  -999999.00000  -999999.00000  -999999.00000  -999999.00000  -999999.00000
PUNTA_NEGRA                                -31.51920   -68.81780   800.00000 2026-07-05 19:55:00     1
     1     1      279.65000       45.00000    92190.00000  -999999.00000        0.10000      147.00000  -999999.00000
  -999999.00000  -999999.00000  -999999.00000  -999999.00000  -999999.00000  -999999.00000  -999999.00000  -999999.00000
ECOHUMUS                                   -31.65000   -68.30000   600.00000 2026-07-05 19:55:00     1
     1     1      280.05000       47.00000    95470.00000  -999999.00000        0.00000      352.00000  -999999.00000
  -999999.00000  -999999.00000  -999999.00000  -999999.00000  -999999.00000  -999999.00000  -999999.00000  -999999.00000
INTA_POCITO                                -31.65000   -68.58330   615.00000 2026-07-05 20:00:00     1
     1     1      277.95000       59.00000    94650.00000  -999999.00000        0.00000      114.00000  -999999.00000
  -999999.00000  -999999.00000  -999999.00000  -999999.00000  -999999.00000  -999999.00000  -999999.00000  -999999.00000
ULLUM_EMBALSE                              -31.46670   -68.66670   768.00000 2026-07-05 20:00:00     1
     1     1      281.75000       44.00000    92980.00000  -999999.00000        1.40000      135.00000  -999999.00000
  -999999.00000  -999999.00000  -999999.00000  -999999.00000  -999999.00000  -999999.00000  -999999.00000  -999999.00000
PUNTA_NEGRA                                -31.51920   -68.81780   800.00000 2026-07-05 20:00:00     1
     1     1      279.65000       46.00000    92200.00000  -999999.00000        0.00000      185.00000  -999999.00000
  -999999.00000  -999999.00000  -999999.00000  -999999.00000  -999999.00000  -999999.00000  -999999.00000  -999999.00000
ECOHUMUS                                   -31.65000   -68.30000   600.00000 2026-07-05 20:00:00     1
     1     1      280.05000       47.00000    95460.00000  -999999.00000        0.00000      352.00000  -999999.00000
  -999999.00000  -999999.00000  -999999.00000  -999999.00000  -999999.00000  -999999.00000  -999999.00000  -999999.00000
INTA_POCITO                                -31.65000   -68.58330   615.00000 2026-07-05 20:05:00     1
     1     1      277.45000       60.00000    94650.00000  -999999.00000        0.00000      128.00000  -999999.00000
  -999999.00000  -999999.00000  -999999.00000  -999999.00000  -999999.00000  -999999.00000  -999999.00000  -999999.00000
ULLUM_EMBALSE                              -31.46670   -68.66670   768.00000 2026-07-05 20:05:00     1
     1     1      281.55000       45.00000    92970.00000  -999999.00000        1.20000      135.00000  -999999.00000
  -999999.00000  -999999.00000  -999999.00000  -999999.00000  -999999.00000  -999999.00000  -999999.00000  -999999.00000
PUNTA_NEGRA                                -31.51920   -68.81780   800.00000 2026-07-05 20:05:00     1
     1     1      279.35000       47.00000    92200.00000  -999999.00000        0.60000      230.00000  -999999.00000
  -999999.00000  -999999.00000  -999999.00000  -999999.00000  -999999.00000  -999999.00000  -999999.00000  -999999.00000
ECOHUMUS                                   -31.65000   -68.30000   600.00000 2026-07-05 20:05:00     1
     1     1      280.15000       47.00000    95470.00000  -999999.00000        0.00000      352.00000  -999999.00000
  -999999.00000  -999999.00000  -999999.00000  -999999.00000  -999999.00000  -999999.00000  -999999.00000  -999999.00000
INTA_POCITO                                -31.65000   -68.58330   615.00000 2026-07-05 20:10:00     1
     1     1      277.75000       60.00000    94650.00000  -999999.00000        0.00000      142.00000  -999999.00000
  -999999.00000  -999999.00000  -999999.00000  -999999.00000  -999999.00000  -999999.00000  -999999.00000  -999999.00000
ULLUM_EMBALSE                              -31.46670   -68.66670   768.00000 2026-07-05 20:10:00     1
     1     1      281.55000       45.00000    92980.00000  -999999.00000        2.90000      135.00000  -999999.00000
  -999999.00000  -999999.00000  -999999.00000  -999999.00000  -999999.00000  -999999.00000  -999999.00000  -999999.00000
PUNTA_NEGRA                                -31.51920   -68.81780   800.00000 2026-07-05 20:10:00     1
     1     1      279.35000       47.00000    92200.00000  -999999.00000        1.10000      231.00000  -999999.00000
  -999999.00000  -999999.00000  -999999.00000  -999999.00000  -999999.00000  -999999.00000  -999999.00000  -999999.00000
ECOHUMUS                                   -31.65000   -68.30000   600.00000 2026-07-05 20:10:00     1
     1     1      279.55000       48.00000    95470.00000  -999999.00000        0.00000      352.00000  -999999.00000
  -999999.00000  -999999.00000  -999999.00000  -999999.00000  -999999.00000  -999999.00000  -999999.00000  -999999.00000
INTA_POCITO                                -31.65000   -68.58330   615.00000 2026-07-05 20:15:00     1
     1     1      277.35000       61.00000    94650.00000  -999999.00000        0.00000      146.00000  -999999.00000
  -999999.00000  -999999.00000  -999999.00000  -999999.00000  -999999.00000  -999999.00000  -999999.00000  -999999.00000
ULLUM_EMBALSE                              -31.46670   -68.66670   768.00000 2026-07-05 20:15:00     1
     1     1      281.65000       44.00000    92980.00000  -999999.00000        4.30000      169.00000  -999999.00000
  -999999.00000  -999999.00000  -999999.00000  -999999.00000  -999999.00000  -999999.00000  -999999.00000  -999999.00000
PUNTA_NEGRA                                -31.51920   -68.81780   800.00000 2026-07-05 20:15:00     1
     1     1      279.45000       46.00000    92200.00000  -999999.00000        0.00000      214.00000  -999999.00000
  -999999.00000  -999999.00000  -999999.00000  -999999.00000  -999999.00000  -999999.00000  -999999.00000  -999999.00000
ECOHUMUS                                   -31.65000   -68.30000   600.00000 2026-07-05 20:15:00     1
     1     1      278.85000       50.00000    95470.00000  -999999.00000        0.40000       39.00000  -999999.00000
  -999999.00000  -999999.00000  -999999.00000  -999999.00000  -999999.00000  -999999.00000  -999999.00000  -999999.00000
INTA_POCITO                                -31.65000   -68.58330   615.00000 2026-07-05 20:20:00     1
     1     1      277.05000       61.00000    94660.00000  -999999.00000        0.00000      146.00000  -999999.00000
  -999999.00000  -999999.00000  -999999.00000  -999999.00000  -999999.00000  -999999.00000  -999999.00000  -999999.00000
ULLUM_EMBALSE                              -31.46670   -68.66670   768.00000 2026-07-05 20:20:00     1
     1     1      281.55000       44.00000    92980.00000  -999999.00000        2.40000      177.00000  -999999.00000
  -999999.00000  -999999.00000  -999999.00000  -999999.00000  -999999.00000  -999999.00000  -999999.00000  -999999.00000
PUNTA_NEGRA                                -31.51920   -68.81780   800.00000 2026-07-05 20:20:00     1
     1     1      279.45000       46.00000    92200.00000  -999999.00000        0.00000      216.00000  -999999.00000
  -999999.00000  -999999.00000  -999999.00000  -999999.00000  -999999.00000  -999999.00000  -999999.00000  -999999.00000
ECOHUMUS                                   -31.65000   -68.30000   600.00000 2026-07-05 20:20:00     1
     1     1      278.05000       51.00000    95490.00000  -999999.00000        0.10000       40.00000  -999999.00000
  -999999.00000  -999999.00000  -999999.00000  -999999.00000  -999999.00000  -999999.00000  -999999.00000  -999999.00000
INTA_POCITO                                -31.65000   -68.58330   615.00000 2026-07-05 20:25:00     1
     1     1      276.65000       62.00000    94680.00000  -999999.00000        0.00000      175.00000  -999999.00000
  -999999.00000  -999999.00000  -999999.00000  -999999.00000  -999999.00000  -999999.00000  -999999.00000  -999999.00000
ULLUM_EMBALSE                              -31.46670   -68.66670   768.00000 2026-07-05 20:25:00     1
     1     1      281.45000       44.00000    93000.00000  -999999.00000        2.30000      178.00000  -999999.00000
  -999999.00000  -999999.00000  -999999.00000  -999999.00000  -999999.00000  -999999.00000  -999999.00000  -999999.00000
PUNTA_NEGRA                                -31.51920   -68.81780   800.00000 2026-07-05 20:25:00     1
     1     1      279.25000       47.00000    92220.00000  -999999.00000        0.50000      229.00000  -999999.00000
  -999999.00000  -999999.00000  -999999.00000  -999999.00000  -999999.00000  -999999.00000  -999999.00000  -999999.00000
ECOHUMUS                                   -31.65000   -68.30000   600.00000 2026-07-05 20:25:00     1
     1     1      277.55000       53.00000    95490.00000  -999999.00000        0.00000       39.00000  -999999.00000
  -999999.00000  -999999.00000  -999999.00000  -999999.00000  -999999.00000  -999999.00000  -999999.00000  -999999.00000
INTA_POCITO                                -31.65000   -68.58330   615.00000 2026-07-05 20:30:00     1
     1     1      276.65000       62.00000    94670.00000  -999999.00000        0.00000      177.00000  -999999.00000
  -999999.00000  -999999.00000  -999999.00000  -999999.00000  -999999.00000  -999999.00000  -999999.00000  -999999.00000
ULLUM_EMBALSE                              -31.46670   -68.66670   768.00000 2026-07-05 20:30:00     1
     1     1      281.65000       44.00000    92990.00000  -999999.00000        2.00000      176.00000  -999999.00000
  -999999.00000  -999999.00000  -999999.00000  -999999.00000  -999999.00000  -999999.00000  -999999.00000  -999999.00000
PUNTA_NEGRA                                -31.51920   -68.81780   800.00000 2026-07-05 20:30:00     1
     1     1      279.15000       48.00000    92210.00000  -999999.00000        1.40000      236.00000  -999999.00000
  -999999.00000  -999999.00000  -999999.00000  -999999.00000  -999999.00000  -999999.00000  -999999.00000  -999999.00000
ECOHUMUS                                   -31.65000   -68.30000   600.00000 2026-07-05 20:30:00     1
     1     1      277.05000       55.00000    95490.00000  -999999.00000        0.00000       39.00000  -999999.00000
  -999999.00000  -999999.00000  -999999.00000  -999999.00000  -999999.00000  -999999.00000  -999999.00000  -999999.00000
INTA_POCITO                                -31.65000   -68.58330   615.00000 2026-07-05 20:35:00     1
     1     1      277.05000       60.00000    94670.00000  -999999.00000        0.00000      176.00000  -999999.00000
  -999999.00000  -999999.00000  -999999.00000  -999999.00000  -999999.00000  -999999.00000  -999999.00000  -999999.00000
ULLUM_EMBALSE                              -31.46670   -68.66670   768.00000 2026-07-05 20:35:00     1
     1     1      281.55000       44.00000    93000.00000  -999999.00000        2.40000      161.00000  -999999.00000
  -999999.00000  -999999.00000  -999999.00000  -999999.00000  -999999.00000  -999999.00000  -999999.00000  -999999.00000
PUNTA_NEGRA                                -31.51920   -68.81780   800.00000 2026-07-05 20:35:00     1
     1     1      279.05000       47.00000    92210.00000  -999999.00000        0.10000      163.00000  -999999.00000
  -999999.00000  -999999.00000  -999999.00000  -999999.00000  -999999.00000  -999999.00000  -999999.00000  -999999.00000
ECOHUMUS                                   -31.65000   -68.30000   600.00000 2026-07-05 20:35:00     1
     1     1      276.95000       57.00000    95500.00000  -999999.00000        0.00000       39.00000  -999999.00000
  -999999.00000  -999999.00000  -999999.00000  -999999.00000  -999999.00000  -999999.00000  -999999.00000  -999999.00000
INTA_POCITO                                -31.65000   -68.58330   615.00000 2026-07-05 20:40:00     1
     1     1      278.05000       55.00000    94670.00000  -999999.00000        0.60000      250.00000  -999999.00000
  -999999.00000  -999999.00000  -999999.00000  -999999.00000  -999999.00000  -999999.00000  -999999.00000  -999999.00000
ULLUM_EMBALSE                              -31.46670   -68.66670   768.00000 2026-07-05 20:40:00     1
     1     1      281.85000       44.00000    93010.00000  -999999.00000        1.00000      161.00000  -999999.00000
  -999999.00000  -999999.00000  -999999.00000  -999999.00000  -999999.00000  -999999.00000  -999999.00000  -999999.00000
PUNTA_NEGRA                                -31.51920   -68.81780   800.00000 2026-07-05 20:40:00     1
     1     1      278.95000       48.00000    92220.00000  -999999.00000        0.00000      171.00000  -999999.00000
  -999999.00000  -999999.00000  -999999.00000  -999999.00000  -999999.00000  -999999.00000  -999999.00000  -999999.00000
ECOHUMUS                                   -31.65000   -68.30000   600.00000 2026-07-05 20:40:00     1
     1     1      276.55000       57.00000    95490.00000  -999999.00000        1.00000      116.00000  -999999.00000
  -999999.00000  -999999.00000  -999999.00000  -999999.00000  -999999.00000  -999999.00000  -999999.00000  -999999.00000
INTA_POCITO                                -31.65000   -68.58330   615.00000 2026-07-05 20:45:00     1
     1     1      279.35000       50.00000    94670.00000  -999999.00000        0.00000      264.00000  -999999.00000
  -999999.00000  -999999.00000  -999999.00000  -999999.00000  -999999.00000  -999999.00000  -999999.00000  -999999.00000
ULLUM_EMBALSE                              -31.46670   -68.66670   768.00000 2026-07-05 20:45:00     1
     1     1      281.45000       44.00000    93020.00000  -999999.00000        1.50000      161.00000  -999999.00000
  -999999.00000  -999999.00000  -999999.00000  -999999.00000  -999999.00000  -999999.00000  -999999.00000  -999999.00000
PUNTA_NEGRA                                -31.51920   -68.81780   800.00000 2026-07-05 20:45:00     1
     1     1      278.75000       49.00000    92230.00000  -999999.00000        0.40000      226.00000  -999999.00000
  -999999.00000  -999999.00000  -999999.00000  -999999.00000  -999999.00000  -999999.00000  -999999.00000  -999999.00000
ECOHUMUS                                   -31.65000   -68.30000   600.00000 2026-07-05 20:45:00     1
     1     1      276.35000       57.00000    95500.00000  -999999.00000        0.00000      135.00000  -999999.00000
  -999999.00000  -999999.00000  -999999.00000  -999999.00000  -999999.00000  -999999.00000  -999999.00000  -999999.00000
INTA_POCITO                                -31.65000   -68.58330   615.00000 2026-07-05 20:50:00     1
     1     1      279.05000       51.00000    94670.00000  -999999.00000        0.10000      265.00000  -999999.00000
  -999999.00000  -999999.00000  -999999.00000  -999999.00000  -999999.00000  -999999.00000  -999999.00000  -999999.00000
ULLUM_EMBALSE                              -31.46670   -68.66670   768.00000 2026-07-05 20:50:00     1
     1     1      281.45000       45.00000    93010.00000  -999999.00000        1.70000      162.00000  -999999.00000
  -999999.00000  -999999.00000  -999999.00000  -999999.00000  -999999.00000  -999999.00000  -999999.00000  -999999.00000
PUNTA_NEGRA                                -31.51920   -68.81780   800.00000 2026-07-05 20:50:00     1
     1     1      278.55000       50.00000    92220.00000  -999999.00000        1.20000       81.00000  -999999.00000
  -999999.00000  -999999.00000  -999999.00000  -999999.00000  -999999.00000  -999999.00000  -999999.00000  -999999.00000
ECOHUMUS                                   -31.65000   -68.30000   600.00000 2026-07-05 20:50:00     1
     1     1      276.15000       57.00000    95490.00000  -999999.00000        0.10000      135.00000  -999999.00000
  -999999.00000  -999999.00000  -999999.00000  -999999.00000  -999999.00000  -999999.00000  -999999.00000  -999999.00000
INTA_POCITO                                -31.65000   -68.58330   615.00000 2026-07-05 20:55:00     1
     1     1      278.85000       51.00000    94670.00000  -999999.00000        0.10000      265.00000  -999999.00000
  -999999.00000  -999999.00000  -999999.00000  -999999.00000  -999999.00000  -999999.00000  -999999.00000  -999999.00000
ULLUM_EMBALSE                              -31.46670   -68.66670   768.00000 2026-07-05 20:55:00     1
     1     1      281.35000       45.00000    93000.00000  -999999.00000        0.00000      164.00000  -999999.00000
  -999999.00000  -999999.00000  -999999.00000  -999999.00000  -999999.00000  -999999.00000  -999999.00000  -999999.00000
PUNTA_NEGRA                                -31.51920   -68.81780   800.00000 2026-07-05 20:55:00     1
     1     1      278.35000       51.00000    92230.00000  -999999.00000        0.70000      246.00000  -999999.00000
  -999999.00000  -999999.00000  -999999.00000  -999999.00000  -999999.00000  -999999.00000  -999999.00000  -999999.00000
ECOHUMUS                                   -31.65000   -68.30000   600.00000 2026-07-05 20:55:00     1
     1     1      276.45000       58.00000    95480.00000  -999999.00000        0.00000      135.00000  -999999.00000
  -999999.00000  -999999.00000  -999999.00000  -999999.00000  -999999.00000  -999999.00000  -999999.00000  -999999.00000
INTA_POCITO                                -31.65000   -68.58330   615.00000 2026-07-05 21:00:00     1
     1     1      278.55000       54.00000    94680.00000  -999999.00000        0.00000      265.00000  -999999.00000
  -999999.00000  -999999.00000  -999999.00000  -999999.00000  -999999.00000  -999999.00000  -999999.00000  -999999.00000
ULLUM_EMBALSE                              -31.46670   -68.66670   768.00000 2026-07-05 21:00:00     1
     1     1      280.95000       46.00000    93000.00000  -999999.00000        0.00000      164.00000  -999999.00000
  -999999.00000  -999999.00000  -999999.00000  -999999.00000  -999999.00000  -999999.00000  -999999.00000  -999999.00000
PUNTA_NEGRA                                -31.51920   -68.81780   800.00000 2026-07-05 21:00:00     1
     1     1      278.35000       52.00000    92240.00000  -999999.00000        1.50000      241.00000  -999999.00000
  -999999.00000  -999999.00000  -999999.00000  -999999.00000  -999999.00000  -999999.00000  -999999.00000  -999999.00000
ECOHUMUS                                   -31.65000   -68.30000   600.00000 2026-07-05 21:00:00     1
     1     1      276.45000       58.00000    95500.00000  -999999.00000        0.10000      135.00000  -999999.00000
  -999999.00000  -999999.00000  -999999.00000  -999999.00000  -999999.00000  -999999.00000  -999999.00000  -999999.00000
INTA_POCITO                                -31.65000   -68.58330   615.00000 2026-07-05 21:05:00     1
     1     1      277.45000       57.00000    94680.00000  -999999.00000        0.00000      265.00000  -999999.00000
  -999999.00000  -999999.00000  -999999.00000  -999999.00000  -999999.00000  -999999.00000  -999999.00000  -999999.00000
ULLUM_EMBALSE                              -31.46670   -68.66670   768.00000 2026-07-05 21:05:00     1
     1     1      280.95000       45.00000    93020.00000  -999999.00000        3.90000      182.00000  -999999.00000
  -999999.00000  -999999.00000  -999999.00000  -999999.00000  -999999.00000  -999999.00000  -999999.00000  -999999.00000
PUNTA_NEGRA                                -31.51920   -68.81780   800.00000 2026-07-05 21:05:00     1
     1     1      278.45000       50.00000    92240.00000  -999999.00000        0.40000      234.00000  -999999.00000
  -999999.00000  -999999.00000  -999999.00000  -999999.00000  -999999.00000  -999999.00000  -999999.00000  -999999.00000
ECOHUMUS                                   -31.65000   -68.30000   600.00000 2026-07-05 21:05:00     1
     1     1      276.15000       57.00000    95500.00000  -999999.00000        0.70000      135.00000  -999999.00000
  -999999.00000  -999999.00000  -999999.00000  -999999.00000  -999999.00000  -999999.00000  -999999.00000  -999999.00000
INTA_POCITO                                -31.65000   -68.58330   615.00000 2026-07-05 21:10:00     1
     1     1      277.05000       57.00000    94680.00000  -999999.00000        0.00000      265.00000  -999999.00000
  -999999.00000  -999999.00000  -999999.00000  -999999.00000  -999999.00000  -999999.00000  -999999.00000  -999999.00000
ULLUM_EMBALSE                              -31.46670   -68.66670   768.00000 2026-07-05 21:10:00     1
     1     1      280.85000       46.00000    93010.00000  -999999.00000        3.20000      270.00000  -999999.00000
  -999999.00000  -999999.00000  -999999.00000  -999999.00000  -999999.00000  -999999.00000  -999999.00000  -999999.00000
PUNTA_NEGRA                                -31.51920   -68.81780   800.00000 2026-07-05 21:10:00     1
     1     1      278.55000       49.00000    92240.00000  -999999.00000        0.70000      227.00000  -999999.00000
  -999999.00000  -999999.00000  -999999.00000  -999999.00000  -999999.00000  -999999.00000  -999999.00000  -999999.00000
ECOHUMUS                                   -31.65000   -68.30000   600.00000 2026-07-05 21:10:00     1
     1     1      276.25000       58.00000    95500.00000  -999999.00000        1.90000      135.00000  -999999.00000
  -999999.00000  -999999.00000  -999999.00000  -999999.00000  -999999.00000  -999999.00000  -999999.00000  -999999.00000
INTA_POCITO                                -31.65000   -68.58330   615.00000 2026-07-05 21:15:00     1
     1     1      277.85000       54.00000    94680.00000  -999999.00000        0.00000      265.00000  -999999.00000
  -999999.00000  -999999.00000  -999999.00000  -999999.00000  -999999.00000  -999999.00000  -999999.00000  -999999.00000
ULLUM_EMBALSE                              -31.46670   -68.66670   768.00000 2026-07-05 21:15:00     1
     1     1      280.55000       47.00000    93020.00000  -999999.00000        3.80000      357.00000  -999999.00000
  -999999.00000  -999999.00000  -999999.00000  -999999.00000  -999999.00000  -999999.00000  -999999.00000  -999999.00000
PUNTA_NEGRA                                -31.51920   -68.81780   800.00000 2026-07-05 21:15:00     1
     1     1      278.55000       49.00000    92250.00000  -999999.00000        0.20000      228.00000  -999999.00000
  -999999.00000  -999999.00000  -999999.00000  -999999.00000  -999999.00000  -999999.00000  -999999.00000  -999999.00000
ECOHUMUS                                   -31.65000   -68.30000   600.00000 2026-07-05 21:15:00     1
     1     1      276.45000       55.00000    95500.00000  -999999.00000        1.20000      135.00000  -999999.00000
  -999999.00000  -999999.00000  -999999.00000  -999999.00000  -999999.00000  -999999.00000  -999999.00000  -999999.00000
INTA_POCITO                                -31.65000   -68.58330   615.00000 2026-07-05 21:20:00     1
     1     1      278.25000       53.00000    94680.00000  -999999.00000        0.00000      266.00000  -999999.00000
  -999999.00000  -999999.00000  -999999.00000  -999999.00000  -999999.00000  -999999.00000  -999999.00000  -999999.00000
ULLUM_EMBALSE                              -31.46670   -68.66670   768.00000 2026-07-05 21:20:00     1
     1     1      279.95000       53.00000    93020.00000  -999999.00000        5.90000      311.00000  -999999.00000
  -999999.00000  -999999.00000  -999999.00000  -999999.00000  -999999.00000  -999999.00000  -999999.00000  -999999.00000
PUNTA_NEGRA                                -31.51920   -68.81780   800.00000 2026-07-05 21:20:00     1
     1     1      278.55000       49.00000    92240.00000  -999999.00000        0.00000      210.00000  -999999.00000
  -999999.00000  -999999.00000  -999999.00000  -999999.00000  -999999.00000  -999999.00000  -999999.00000  -999999.00000
ECOHUMUS                                   -31.65000   -68.30000   600.00000 2026-07-05 21:20:00     1
     1     1      275.45000       58.00000    95500.00000  -999999.00000        0.00000      135.00000  -999999.00000
  -999999.00000  -999999.00000  -999999.00000  -999999.00000  -999999.00000  -999999.00000  -999999.00000  -999999.00000
INTA_POCITO                                -31.65000   -68.58330   615.00000 2026-07-05 21:25:00     1
     1     1      278.05000       54.00000    94680.00000  -999999.00000        0.00000      266.00000  -999999.00000
  -999999.00000  -999999.00000  -999999.00000  -999999.00000  -999999.00000  -999999.00000  -999999.00000  -999999.00000
ULLUM_EMBALSE                              -31.46670   -68.66670   768.00000 2026-07-05 21:25:00     1
     1     1      279.65000       51.00000    93030.00000  -999999.00000        7.10000      327.00000  -999999.00000
  -999999.00000  -999999.00000  -999999.00000  -999999.00000  -999999.00000  -999999.00000  -999999.00000  -999999.00000
PUNTA_NEGRA                                -31.51920   -68.81780   800.00000 2026-07-05 21:25:00     1
     1     1      278.25000       51.00000    92250.00000  -999999.00000        0.00000      208.00000  -999999.00000
  -999999.00000  -999999.00000  -999999.00000  -999999.00000  -999999.00000  -999999.00000  -999999.00000  -999999.00000
ECOHUMUS                                   -31.65000   -68.30000   600.00000 2026-07-05 21:25:00     1
     1     1      274.85000       60.00000    95510.00000  -999999.00000        0.00000      135.00000  -999999.00000
  -999999.00000  -999999.00000  -999999.00000  -999999.00000  -999999.00000  -999999.00000  -999999.00000  -999999.00000
INTA_POCITO                                -31.65000   -68.58330   615.00000 2026-07-05 21:30:00     1
     1     1      278.25000       53.00000    94680.00000  -999999.00000        0.00000      294.00000  -999999.00000
  -999999.00000  -999999.00000  -999999.00000  -999999.00000  -999999.00000  -999999.00000  -999999.00000  -999999.00000
ULLUM_EMBALSE                              -31.46670   -68.66670   768.00000 2026-07-05 21:30:00     1
     1     1      279.65000       50.00000    93030.00000  -999999.00000        9.70000      332.00000  -999999.00000
  -999999.00000  -999999.00000  -999999.00000  -999999.00000  -999999.00000  -999999.00000  -999999.00000  -999999.00000
PUNTA_NEGRA                                -31.51920   -68.81780   800.00000 2026-07-05 21:30:00     1
     1     1      278.25000       51.00000    92250.00000  -999999.00000        0.00000      195.00000  -999999.00000
  -999999.00000  -999999.00000  -999999.00000  -999999.00000  -999999.00000  -999999.00000  -999999.00000  -999999.00000
ECOHUMUS                                   -31.65000   -68.30000   600.00000 2026-07-05 21:30:00     1
     1     1      274.05000       61.00000    95510.00000  -999999.00000        0.00000      135.00000  -999999.00000
  -999999.00000  -999999.00000  -999999.00000  -999999.00000  -999999.00000  -999999.00000  -999999.00000  -999999.00000
INTA_POCITO                                -31.65000   -68.58330   615.00000 2026-07-05 21:35:00     1
     1     1      278.35000       52.00000    94680.00000  -999999.00000        0.00000        6.00000  -999999.00000
  -999999.00000  -999999.00000  -999999.00000  -999999.00000  -999999.00000  -999999.00000  -999999.00000  -999999.00000
ULLUM_EMBALSE                              -31.46670   -68.66670   768.00000 2026-07-05 21:35:00     1
     1     1      279.45000       50.00000    93030.00000  -999999.00000        8.60000      352.00000  -999999.00000
  -999999.00000  -999999.00000  -999999.00000  -999999.00000  -999999.00000  -999999.00000  -999999.00000  -999999.00000
PUNTA_NEGRA                                -31.51920   -68.81780   800.00000 2026-07-05 21:35:00     1
     1     1      278.25000       51.00000    92250.00000  -999999.00000        0.40000      180.00000  -999999.00000
  -999999.00000  -999999.00000  -999999.00000  -999999.00000  -999999.00000  -999999.00000  -999999.00000  -999999.00000
ECOHUMUS                                   -31.65000   -68.30000   600.00000 2026-07-05 21:35:00     1
     1     1      274.05000       64.00000    95510.00000  -999999.00000        0.00000      135.00000  -999999.00000
  -999999.00000  -999999.00000  -999999.00000  -999999.00000  -999999.00000  -999999.00000  -999999.00000  -999999.00000
INTA_POCITO                                -31.65000   -68.58330   615.00000 2026-07-05 21:40:00     1
     1     1      277.75000       55.00000    94680.00000  -999999.00000        0.00000       15.00000  -999999.00000
  -999999.00000  -999999.00000  -999999.00000  -999999.00000  -999999.00000  -999999.00000  -999999.00000  -999999.00000
ULLUM_EMBALSE                              -31.46670   -68.66670   768.00000 2026-07-05 21:40:00     1
     1     1      279.15000       50.00000    93030.00000  -999999.00000        6.10000       19.00000  -999999.00000
  -999999.00000  -999999.00000  -999999.00000  -999999.00000  -999999.00000  -999999.00000  -999999.00000  -999999.00000
PUNTA_NEGRA                                -31.51920   -68.81780   800.00000 2026-07-05 21:40:00     1
     1     1      278.45000       51.00000    92240.00000  -999999.00000        1.10000      246.00000  -999999.00000
  -999999.00000  -999999.00000  -999999.00000  -999999.00000  -999999.00000  -999999.00000  -999999.00000  -999999.00000
ECOHUMUS                                   -31.65000   -68.30000   600.00000 2026-07-05 21:40:00     1
     1     1      274.05000       64.00000    95490.00000  -999999.00000        0.00000      135.00000  -999999.00000
  -999999.00000  -999999.00000  -999999.00000  -999999.00000  -999999.00000  -999999.00000  -999999.00000  -999999.00000
INTA_POCITO                                -31.65000   -68.58330   615.00000 2026-07-05 21:45:00     1
     1     1      277.35000       56.00000    94690.00000  -999999.00000        0.00000       18.00000  -999999.00000
  -999999.00000  -999999.00000  -999999.00000  -999999.00000  -999999.00000  -999999.00000  -999999.00000  -999999.00000
ULLUM_EMBALSE                              -31.46670   -68.66670   768.00000 2026-07-05 21:45:00     1
     1     1      279.25000       51.00000    93030.00000  -999999.00000        5.10000       25.00000  -999999.00000
  -999999.00000  -999999.00000  -999999.00000  -999999.00000  -999999.00000  -999999.00000  -999999.00000  -999999.00000
PUNTA_NEGRA                                -31.51920   -68.81780   800.00000 2026-07-05 21:45:00     1
     1     1      279.05000       50.00000    92240.00000  -999999.00000        5.40000      266.00000  -999999.00000
  -999999.00000  -999999.00000  -999999.00000  -999999.00000  -999999.00000  -999999.00000  -999999.00000  -999999.00000
ECOHUMUS                                   -31.65000   -68.30000   600.00000 2026-07-05 21:45:00     1
     1     1      273.65000       65.00000    95500.00000  -999999.00000        0.00000      135.00000  -999999.00000
  -999999.00000  -999999.00000  -999999.00000  -999999.00000  -999999.00000  -999999.00000  -999999.00000  -999999.00000
INTA_POCITO                                -31.65000   -68.58330   615.00000 2026-07-05 21:50:00     1
     1     1      277.65000       55.00000    94690.00000  -999999.00000        0.00000       19.00000  -999999.00000
  -999999.00000  -999999.00000  -999999.00000  -999999.00000  -999999.00000  -999999.00000  -999999.00000  -999999.00000
ULLUM_EMBALSE                              -31.46670   -68.66670   768.00000 2026-07-05 21:50:00     1
     1     1      279.45000       50.00000    93030.00000  -999999.00000        5.70000       26.00000  -999999.00000
  -999999.00000  -999999.00000  -999999.00000  -999999.00000  -999999.00000  -999999.00000  -999999.00000  -999999.00000
PUNTA_NEGRA                                -31.51920   -68.81780   800.00000 2026-07-05 21:50:00     1
     1     1      280.35000       46.00000    92240.00000  -999999.00000        4.80000      266.00000  -999999.00000
  -999999.00000  -999999.00000  -999999.00000  -999999.00000  -999999.00000  -999999.00000  -999999.00000  -999999.00000
ECOHUMUS                                   -31.65000   -68.30000   600.00000 2026-07-05 21:50:00     1
     1     1      273.55000       67.00000    95500.00000  -999999.00000        0.40000      135.00000  -999999.00000
  -999999.00000  -999999.00000  -999999.00000  -999999.00000  -999999.00000  -999999.00000  -999999.00000  -999999.00000
INTA_POCITO                                -31.65000   -68.58330   615.00000 2026-07-05 21:55:00     1
     1     1      276.95000       58.00000    94690.00000  -999999.00000        0.00000       19.00000  -999999.00000
  -999999.00000  -999999.00000  -999999.00000  -999999.00000  -999999.00000  -999999.00000  -999999.00000  -999999.00000
ULLUM_EMBALSE                              -31.46670   -68.66670   768.00000 2026-07-05 21:55:00     1
     1     1      279.25000       54.00000    93030.00000  -999999.00000        8.50000        6.00000  -999999.00000
  -999999.00000  -999999.00000  -999999.00000  -999999.00000  -999999.00000  -999999.00000  -999999.00000  -999999.00000
PUNTA_NEGRA                                -31.51920   -68.81780   800.00000 2026-07-05 21:55:00     1
     1     1      280.55000       44.00000    92230.00000  -999999.00000        6.10000      275.00000  -999999.00000
  -999999.00000  -999999.00000  -999999.00000  -999999.00000  -999999.00000  -999999.00000  -999999.00000  -999999.00000
ECOHUMUS                                   -31.65000   -68.30000   600.00000 2026-07-05 21:55:00     1
     1     1      273.45000       67.00000    95500.00000  -999999.00000        0.40000      135.00000  -999999.00000
  -999999.00000  -999999.00000  -999999.00000  -999999.00000  -999999.00000  -999999.00000  -999999.00000  -999999.00000
INTA_POCITO                                -31.65000   -68.58330   615.00000 2026-07-05 22:00:00     1
     1     1      276.05000       61.00000    94680.00000  -999999.00000        0.00000       19.00000  -999999.00000
  -999999.00000  -999999.00000  -999999.00000  -999999.00000  -999999.00000  -999999.00000  -999999.00000  -999999.00000
ULLUM_EMBALSE                              -31.46670   -68.66670   768.00000 2026-07-05 22:00:00     1
     1     1      279.15000       57.00000    93030.00000  -999999.00000       11.20000      355.00000  -999999.00000
  -999999.00000  -999999.00000  -999999.00000  -999999.00000  -999999.00000  -999999.00000  -999999.00000  -999999.00000
PUNTA_NEGRA                                -31.51920   -68.81780   800.00000 2026-07-05 22:00:00     1
     1     1      280.55000       43.00000    92240.00000  -999999.00000        4.90000      260.00000  -999999.00000
  -999999.00000  -999999.00000  -999999.00000  -999999.00000  -999999.00000  -999999.00000  -999999.00000  -999999.00000
ECOHUMUS                                   -31.65000   -68.30000   600.00000 2026-07-05 22:00:00     1
     1     1      273.55000       67.00000    95510.00000  -999999.00000        0.00000      135.00000  -999999.00000
  -999999.00000  -999999.00000  -999999.00000  -999999.00000  -999999.00000  -999999.00000  -999999.00000  -999999.00000
INTA_POCITO                                -31.65000   -68.58330   615.00000 2026-07-05 22:05:00     1
     1     1      275.25000       66.00000    94700.00000  -999999.00000        0.00000       19.00000  -999999.00000
  -999999.00000  -999999.00000  -999999.00000  -999999.00000  -999999.00000  -999999.00000  -999999.00000  -999999.00000
ULLUM_EMBALSE                              -31.46670   -68.66670   768.00000 2026-07-05 22:05:00     1
     1     1      279.15000       59.00000    93020.00000  -999999.00000       13.70000      336.00000  -999999.00000
  -999999.00000  -999999.00000  -999999.00000  -999999.00000  -999999.00000  -999999.00000  -999999.00000  -999999.00000
PUNTA_NEGRA                                -31.51920   -68.81780   800.00000 2026-07-05 22:05:00     1
     1     1      280.45000       43.00000    92230.00000  -999999.00000        5.80000      267.00000  -999999.00000
  -999999.00000  -999999.00000  -999999.00000  -999999.00000  -999999.00000  -999999.00000  -999999.00000  -999999.00000
ECOHUMUS                                   -31.65000   -68.30000   600.00000 2026-07-05 22:05:00     1
     1     1      273.75000       67.00000    95510.00000  -999999.00000        0.70000      135.00000  -999999.00000
  -999999.00000  -999999.00000  -999999.00000  -999999.00000  -999999.00000  -999999.00000  -999999.00000  -999999.00000
INTA_POCITO                                -31.65000   -68.58330   615.00000 2026-07-05 22:10:00     1
     1     1      274.75000       68.00000    94690.00000  -999999.00000        0.00000       19.00000  -999999.00000
  -999999.00000  -999999.00000  -999999.00000  -999999.00000  -999999.00000  -999999.00000  -999999.00000  -999999.00000
ULLUM_EMBALSE                              -31.46670   -68.66670   768.00000 2026-07-05 22:10:00     1
     1     1      279.15000       60.00000    93020.00000  -999999.00000       12.70000      346.00000  -999999.00000
  -999999.00000  -999999.00000  -999999.00000  -999999.00000  -999999.00000  -999999.00000  -999999.00000  -999999.00000
PUNTA_NEGRA                                -31.51920   -68.81780   800.00000 2026-07-05 22:10:00     1
     1     1      280.45000       44.00000    92240.00000  -999999.00000        2.40000      262.00000  -999999.00000
  -999999.00000  -999999.00000  -999999.00000  -999999.00000  -999999.00000  -999999.00000  -999999.00000  -999999.00000
ECOHUMUS                                   -31.65000   -68.30000   600.00000 2026-07-05 22:10:00     1
     1     1      273.75000       67.00000    95520.00000  -999999.00000        0.90000      135.00000  -999999.00000
  -999999.00000  -999999.00000  -999999.00000  -999999.00000  -999999.00000  -999999.00000  -999999.00000  -999999.00000
INTA_POCITO                                -31.65000   -68.58330   615.00000 2026-07-05 22:15:00     1
     1     1      274.65000       69.00000    94690.00000  -999999.00000        0.00000       19.00000  -999999.00000
  -999999.00000  -999999.00000  -999999.00000  -999999.00000  -999999.00000  -999999.00000  -999999.00000  -999999.00000
ULLUM_EMBALSE                              -31.46670   -68.66670   768.00000 2026-07-05 22:15:00     1
     1     1      278.95000       59.00000    93030.00000  -999999.00000       10.80000      345.00000  -999999.00000
  -999999.00000  -999999.00000  -999999.00000  -999999.00000  -999999.00000  -999999.00000  -999999.00000  -999999.00000
PUNTA_NEGRA                                -31.51920   -68.81780   800.00000 2026-07-05 22:15:00     1
     1     1      280.15000       44.00000    92240.00000  -999999.00000        1.40000      221.00000  -999999.00000
  -999999.00000  -999999.00000  -999999.00000  -999999.00000  -999999.00000  -999999.00000  -999999.00000  -999999.00000
ECOHUMUS                                   -31.65000   -68.30000   600.00000 2026-07-05 22:15:00     1
     1     1      273.95000       67.00000    95520.00000  -999999.00000        0.00000      135.00000  -999999.00000
  -999999.00000  -999999.00000  -999999.00000  -999999.00000  -999999.00000  -999999.00000  -999999.00000  -999999.00000
INTA_POCITO                                -31.65000   -68.58330   615.00000 2026-07-05 22:20:00     1
     1     1      274.25000       69.00000    94680.00000  -999999.00000        0.00000       19.00000  -999999.00000
  -999999.00000  -999999.00000  -999999.00000  -999999.00000  -999999.00000  -999999.00000  -999999.00000  -999999.00000
ULLUM_EMBALSE                              -31.46670   -68.66670   768.00000 2026-07-05 22:20:00     1
     1     1      278.95000       60.00000    93030.00000  -999999.00000        9.40000      348.00000  -999999.00000
  -999999.00000  -999999.00000  -999999.00000  -999999.00000  -999999.00000  -999999.00000  -999999.00000  -999999.00000
PUNTA_NEGRA                                -31.51920   -68.81780   800.00000 2026-07-05 22:20:00     1
     1     1      279.85000       45.00000    92240.00000  -999999.00000        1.20000      229.00000  -999999.00000
  -999999.00000  -999999.00000  -999999.00000  -999999.00000  -999999.00000  -999999.00000  -999999.00000  -999999.00000
ECOHUMUS                                   -31.65000   -68.30000   600.00000 2026-07-05 22:20:00     1
     1     1      273.65000       67.00000    95520.00000  -999999.00000        0.00000      135.00000  -999999.00000
  -999999.00000  -999999.00000  -999999.00000  -999999.00000  -999999.00000  -999999.00000  -999999.00000  -999999.00000
INTA_POCITO                                -31.65000   -68.58330   615.00000 2026-07-05 22:25:00     1
     1     1      273.95000       71.00000    94700.00000  -999999.00000        0.00000       19.00000  -999999.00000
  -999999.00000  -999999.00000  -999999.00000  -999999.00000  -999999.00000  -999999.00000  -999999.00000  -999999.00000
ULLUM_EMBALSE                              -31.46670   -68.66670   768.00000 2026-07-05 22:25:00     1
     1     1      278.85000       59.00000    93040.00000  -999999.00000       13.20000      343.00000  -999999.00000
  -999999.00000  -999999.00000  -999999.00000  -999999.00000  -999999.00000  -999999.00000  -999999.00000  -999999.00000
PUNTA_NEGRA                                -31.51920   -68.81780   800.00000 2026-07-05 22:25:00     1
     1     1      279.95000       47.00000    92240.00000  -999999.00000        1.70000      236.00000  -999999.00000
  -999999.00000  -999999.00000  -999999.00000  -999999.00000  -999999.00000  -999999.00000  -999999.00000  -999999.00000
ECOHUMUS                                   -31.65000   -68.30000   600.00000 2026-07-05 22:25:00     1
     1     1      273.55000       68.00000    95520.00000  -999999.00000        0.00000      135.00000  -999999.00000
  -999999.00000  -999999.00000  -999999.00000  -999999.00000  -999999.00000  -999999.00000  -999999.00000  -999999.00000
INTA_POCITO                                -31.65000   -68.58330   615.00000 2026-07-05 22:30:00     1
     1     1      273.75000       71.00000    94700.00000  -999999.00000        0.00000       19.00000  -999999.00000
  -999999.00000  -999999.00000  -999999.00000  -999999.00000  -999999.00000  -999999.00000  -999999.00000  -999999.00000
ULLUM_EMBALSE                              -31.46670   -68.66670   768.00000 2026-07-05 22:30:00     1
     1     1      279.05000       59.00000    93040.00000  -999999.00000       12.80000      333.00000  -999999.00000
  -999999.00000  -999999.00000  -999999.00000  -999999.00000  -999999.00000  -999999.00000  -999999.00000  -999999.00000
PUNTA_NEGRA                                -31.51920   -68.81780   800.00000 2026-07-05 22:30:00     1
     1     1      279.45000       48.00000    92250.00000  -999999.00000        0.80000      226.00000  -999999.00000
  -999999.00000  -999999.00000  -999999.00000  -999999.00000  -999999.00000  -999999.00000  -999999.00000  -999999.00000
ECOHUMUS                                   -31.65000   -68.30000   600.00000 2026-07-05 22:30:00     1
     1     1      273.45000       67.00000    95530.00000  -999999.00000        0.00000      135.00000  -999999.00000
  -999999.00000  -999999.00000  -999999.00000  -999999.00000  -999999.00000  -999999.00000  -999999.00000  -999999.00000
INTA_POCITO                                -31.65000   -68.58330   615.00000 2026-07-05 22:35:00     1
     1     1      274.05000       71.00000    94710.00000  -999999.00000        0.00000       19.00000  -999999.00000
  -999999.00000  -999999.00000  -999999.00000  -999999.00000  -999999.00000  -999999.00000  -999999.00000  -999999.00000
ULLUM_EMBALSE                              -31.46670   -68.66670   768.00000 2026-07-05 22:35:00     1
     1     1      278.65000       57.00000    93030.00000  -999999.00000       12.10000      346.00000  -999999.00000
  -999999.00000  -999999.00000  -999999.00000  -999999.00000  -999999.00000  -999999.00000  -999999.00000  -999999.00000
PUNTA_NEGRA                                -31.51920   -68.81780   800.00000 2026-07-05 22:35:00     1
     1     1      279.35000       48.00000    92250.00000  -999999.00000        3.40000      258.00000  -999999.00000
  -999999.00000  -999999.00000  -999999.00000  -999999.00000  -999999.00000  -999999.00000  -999999.00000  -999999.00000
ECOHUMUS                                   -31.65000   -68.30000   600.00000 2026-07-05 22:35:00     1
     1     1      273.35000       67.00000    95520.00000  -999999.00000        0.00000      135.00000  -999999.00000
  -999999.00000  -999999.00000  -999999.00000  -999999.00000  -999999.00000  -999999.00000  -999999.00000  -999999.00000
INTA_POCITO                                -31.65000   -68.58330   615.00000 2026-07-05 22:40:00     1
     1     1      274.45000       70.00000    94710.00000  -999999.00000        0.00000       19.00000  -999999.00000
  -999999.00000  -999999.00000  -999999.00000  -999999.00000  -999999.00000  -999999.00000  -999999.00000  -999999.00000
ULLUM_EMBALSE                              -31.46670   -68.66670   768.00000 2026-07-05 22:40:00     1
     1     1      278.45000       56.00000    93050.00000  -999999.00000       10.00000      344.00000  -999999.00000
  -999999.00000  -999999.00000  -999999.00000  -999999.00000  -999999.00000  -999999.00000  -999999.00000  -999999.00000
PUNTA_NEGRA                                -31.51920   -68.81780   800.00000 2026-07-05 22:40:00     1
     1     1      279.55000       49.00000    92250.00000  -999999.00000        0.60000      134.00000  -999999.00000
  -999999.00000  -999999.00000  -999999.00000  -999999.00000  -999999.00000  -999999.00000  -999999.00000  -999999.00000
ECOHUMUS                                   -31.65000   -68.30000   600.00000 2026-07-05 22:40:00     1
     1     1      273.15000       68.00000    95530.00000  -999999.00000        0.00000      135.00000  -999999.00000
  -999999.00000  -999999.00000  -999999.00000  -999999.00000  -999999.00000  -999999.00000  -999999.00000  -999999.00000
INTA_POCITO                                -31.65000   -68.58330   615.00000 2026-07-05 22:45:00     1
     1     1      274.35000       69.00000    94710.00000  -999999.00000        0.00000       19.00000  -999999.00000
  -999999.00000  -999999.00000  -999999.00000  -999999.00000  -999999.00000  -999999.00000  -999999.00000  -999999.00000
ULLUM_EMBALSE                              -31.46670   -68.66670   768.00000 2026-07-05 22:45:00     1
     1     1      278.65000       55.00000    93060.00000  -999999.00000       12.60000      334.00000  -999999.00000
  -999999.00000  -999999.00000  -999999.00000  -999999.00000  -999999.00000  -999999.00000  -999999.00000  -999999.00000
PUNTA_NEGRA                                -31.51920   -68.81780   800.00000 2026-07-05 22:45:00     1
     1     1      279.25000       49.00000    92270.00000  -999999.00000        1.10000      198.00000  -999999.00000
  -999999.00000  -999999.00000  -999999.00000  -999999.00000  -999999.00000  -999999.00000  -999999.00000  -999999.00000
ECOHUMUS                                   -31.65000   -68.30000   600.00000 2026-07-05 22:45:00     1
     1     1      272.75000       69.00000    95530.00000  -999999.00000        0.00000      135.00000  -999999.00000
  -999999.00000  -999999.00000  -999999.00000  -999999.00000  -999999.00000  -999999.00000  -999999.00000  -999999.00000
INTA_POCITO                                -31.65000   -68.58330   615.00000 2026-07-05 22:50:00     1
     1     1      274.15000       69.00000    94710.00000  -999999.00000        0.00000       19.00000  -999999.00000
  -999999.00000  -999999.00000  -999999.00000  -999999.00000  -999999.00000  -999999.00000  -999999.00000  -999999.00000
ULLUM_EMBALSE                              -31.46670   -68.66670   768.00000 2026-07-05 22:50:00     1
     1     1      278.85000       56.00000    93060.00000  -999999.00000       14.80000      336.00000  -999999.00000
  -999999.00000  -999999.00000  -999999.00000  -999999.00000  -999999.00000  -999999.00000  -999999.00000  -999999.00000
PUNTA_NEGRA                                -31.51920   -68.81780   800.00000 2026-07-05 22:50:00     1
     1     1      279.55000       49.00000    92260.00000  -999999.00000        1.80000      216.00000  -999999.00000
  -999999.00000  -999999.00000  -999999.00000  -999999.00000  -999999.00000  -999999.00000  -999999.00000  -999999.00000
ECOHUMUS                                   -31.65000   -68.30000   600.00000 2026-07-05 22:50:00     1
     1     1      272.65000       69.00000    95520.00000  -999999.00000        0.00000      135.00000  -999999.00000
  -999999.00000  -999999.00000  -999999.00000  -999999.00000  -999999.00000  -999999.00000  -999999.00000  -999999.00000
INTA_POCITO                                -31.65000   -68.58330   615.00000 2026-07-05 22:55:00     1
     1     1      273.95000       69.00000    94720.00000  -999999.00000        0.00000       19.00000  -999999.00000
  -999999.00000  -999999.00000  -999999.00000  -999999.00000  -999999.00000  -999999.00000  -999999.00000  -999999.00000
ULLUM_EMBALSE                              -31.46670   -68.66670   768.00000 2026-07-05 22:55:00     1
     1     1      278.85000       56.00000    93060.00000  -999999.00000       13.70000      337.00000  -999999.00000
  -999999.00000  -999999.00000  -999999.00000  -999999.00000  -999999.00000  -999999.00000  -999999.00000  -999999.00000
PUNTA_NEGRA                                -31.51920   -68.81780   800.00000 2026-07-05 22:55:00     1
     1     1      279.25000       50.00000    92270.00000  -999999.00000        1.20000      228.00000  -999999.00000
  -999999.00000  -999999.00000  -999999.00000  -999999.00000  -999999.00000  -999999.00000  -999999.00000  -999999.00000
ECOHUMUS                                   -31.65000   -68.30000   600.00000 2026-07-05 22:55:00     1
     1     1      273.05000       69.00000    95520.00000  -999999.00000        1.10000      135.00000  -999999.00000
  -999999.00000  -999999.00000  -999999.00000  -999999.00000  -999999.00000  -999999.00000  -999999.00000  -999999.00000
INTA_POCITO                                -31.65000   -68.58330   615.00000 2026-07-05 23:00:00     1
     1     1      273.85000       70.00000    94730.00000  -999999.00000        0.00000       19.00000  -999999.00000
  -999999.00000  -999999.00000  -999999.00000  -999999.00000  -999999.00000  -999999.00000  -999999.00000  -999999.00000
ULLUM_EMBALSE                              -31.46670   -68.66670   768.00000 2026-07-05 23:00:00     1
     1     1      278.85000       58.00000    93060.00000  -999999.00000       13.00000      334.00000  -999999.00000
  -999999.00000  -999999.00000  -999999.00000  -999999.00000  -999999.00000  -999999.00000  -999999.00000  -999999.00000
PUNTA_NEGRA                                -31.51920   -68.81780   800.00000 2026-07-05 23:00:00     1
     1     1      279.05000       51.00000    92280.00000  -999999.00000        0.30000      199.00000  -999999.00000
  -999999.00000  -999999.00000  -999999.00000  -999999.00000  -999999.00000  -999999.00000  -999999.00000  -999999.00000
ECOHUMUS                                   -31.65000   -68.30000   600.00000 2026-07-05 23:00:00     1
     1     1      273.55000       69.00000    95520.00000  -999999.00000        0.10000      135.00000  -999999.00000
  -999999.00000  -999999.00000  -999999.00000  -999999.00000  -999999.00000  -999999.00000  -999999.00000  -999999.00000
INTA_POCITO                                -31.65000   -68.58330   615.00000 2026-07-05 23:05:00     1
     1     1      274.25000       70.00000    94720.00000  -999999.00000        0.00000       19.00000  -999999.00000
  -999999.00000  -999999.00000  -999999.00000  -999999.00000  -999999.00000  -999999.00000  -999999.00000  -999999.00000
ULLUM_EMBALSE                              -31.46670   -68.66670   768.00000 2026-07-05 23:05:00     1
     1     1      278.75000       60.00000    93060.00000  -999999.00000       14.70000      339.00000  -999999.00000
  -999999.00000  -999999.00000  -999999.00000  -999999.00000  -999999.00000  -999999.00000  -999999.00000  -999999.00000
PUNTA_NEGRA                                -31.51920   -68.81780   800.00000 2026-07-05 23:05:00     1
     1     1      278.55000       53.00000    92270.00000  -999999.00000        1.40000      174.00000  -999999.00000
  -999999.00000  -999999.00000  -999999.00000  -999999.00000  -999999.00000  -999999.00000  -999999.00000  -999999.00000
ECOHUMUS                                   -31.65000   -68.30000   600.00000 2026-07-05 23:05:00     1
     1     1      273.85000       68.00000    95520.00000  -999999.00000        0.10000      134.00000  -999999.00000
  -999999.00000  -999999.00000  -999999.00000  -999999.00000  -999999.00000  -999999.00000  -999999.00000  -999999.00000
INTA_POCITO                                -31.65000   -68.58330   615.00000 2026-07-05 23:10:00     1
     1     1      274.45000       69.00000    94720.00000  -999999.00000        0.00000       20.00000  -999999.00000
  -999999.00000  -999999.00000  -999999.00000  -999999.00000  -999999.00000  -999999.00000  -999999.00000  -999999.00000
ULLUM_EMBALSE                              -31.46670   -68.66670   768.00000 2026-07-05 23:10:00     1
     1     1      278.55000       61.00000    93070.00000  -999999.00000       14.50000      335.00000  -999999.00000
  -999999.00000  -999999.00000  -999999.00000  -999999.00000  -999999.00000  -999999.00000  -999999.00000  -999999.00000
PUNTA_NEGRA                                -31.51920   -68.81780   800.00000 2026-07-05 23:10:00     1
     1     1      278.95000       52.00000    92280.00000  -999999.00000        2.40000      243.00000  -999999.00000
  -999999.00000  -999999.00000  -999999.00000  -999999.00000  -999999.00000  -999999.00000  -999999.00000  -999999.00000
ECOHUMUS                                   -31.65000   -68.30000   600.00000 2026-07-05 23:10:00     1
     1     1      274.45000       67.00000    95520.00000  -999999.00000        0.10000      134.00000  -999999.00000
  -999999.00000  -999999.00000  -999999.00000  -999999.00000  -999999.00000  -999999.00000  -999999.00000  -999999.00000
INTA_POCITO                                -31.65000   -68.58330   615.00000 2026-07-05 23:15:00     1
     1     1      274.35000       68.00000    94730.00000  -999999.00000        0.00000       20.00000  -999999.00000
  -999999.00000  -999999.00000  -999999.00000  -999999.00000  -999999.00000  -999999.00000  -999999.00000  -999999.00000
ULLUM_EMBALSE                              -31.46670   -68.66670   768.00000 2026-07-05 23:15:00     1
     1     1      278.55000       58.00000    93070.00000  -999999.00000       13.50000      340.00000  -999999.00000
  -999999.00000  -999999.00000  -999999.00000  -999999.00000  -999999.00000  -999999.00000  -999999.00000  -999999.00000
PUNTA_NEGRA                                -31.51920   -68.81780   800.00000 2026-07-05 23:15:00     1
     1     1      279.75000       50.00000    92290.00000  -999999.00000        2.50000      261.00000  -999999.00000
  -999999.00000  -999999.00000  -999999.00000  -999999.00000  -999999.00000  -999999.00000  -999999.00000  -999999.00000
ECOHUMUS                                   -31.65000   -68.30000   600.00000 2026-07-05 23:15:00     1
     1     1      274.95000       65.00000    95530.00000  -999999.00000        0.00000      134.00000  -999999.00000
  -999999.00000  -999999.00000  -999999.00000  -999999.00000  -999999.00000  -999999.00000  -999999.00000  -999999.00000
INTA_POCITO                                -31.65000   -68.58330   615.00000 2026-07-05 23:20:00     1
     1     1      274.15000       68.00000    94730.00000  -999999.00000        0.00000       21.00000  -999999.00000
  -999999.00000  -999999.00000  -999999.00000  -999999.00000  -999999.00000  -999999.00000  -999999.00000  -999999.00000
ULLUM_EMBALSE                              -31.46670   -68.66670   768.00000 2026-07-05 23:20:00     1
     1     1      278.45000       57.00000    93070.00000  -999999.00000       13.70000      338.00000  -999999.00000
  -999999.00000  -999999.00000  -999999.00000  -999999.00000  -999999.00000  -999999.00000  -999999.00000  -999999.00000
PUNTA_NEGRA                                -31.51920   -68.81780   800.00000 2026-07-05 23:20:00     1
     1     1      279.85000       50.00000    92290.00000  -999999.00000        4.20000      272.00000  -999999.00000
  -999999.00000  -999999.00000  -999999.00000  -999999.00000  -999999.00000  -999999.00000  -999999.00000  -999999.00000
ECOHUMUS                                   -31.65000   -68.30000   600.00000 2026-07-05 23:20:00     1
     1     1      274.95000       64.00000    95540.00000  -999999.00000        0.00000      134.00000  -999999.00000
  -999999.00000  -999999.00000  -999999.00000  -999999.00000  -999999.00000  -999999.00000  -999999.00000  -999999.00000
INTA_POCITO                                -31.65000   -68.58330   615.00000 2026-07-05 23:25:00     1
     1     1      274.25000       68.00000    94740.00000  -999999.00000        0.00000       24.00000  -999999.00000
  -999999.00000  -999999.00000  -999999.00000  -999999.00000  -999999.00000  -999999.00000  -999999.00000  -999999.00000
ULLUM_EMBALSE                              -31.46670   -68.66670   768.00000 2026-07-05 23:25:00     1
     1     1      278.45000       57.00000    93080.00000  -999999.00000       16.20000      327.00000  -999999.00000
  -999999.00000  -999999.00000  -999999.00000  -999999.00000  -999999.00000  -999999.00000  -999999.00000  -999999.00000
PUNTA_NEGRA                                -31.51920   -68.81780   800.00000 2026-07-05 23:25:00     1
     1     1      279.85000       50.00000    92290.00000  -999999.00000        6.70000      266.00000  -999999.00000
  -999999.00000  -999999.00000  -999999.00000  -999999.00000  -999999.00000  -999999.00000  -999999.00000  -999999.00000
ECOHUMUS                                   -31.65000   -68.30000   600.00000 2026-07-05 23:25:00     1
     1     1      274.45000       64.00000    95530.00000  -999999.00000        0.00000      134.00000  -999999.00000
  -999999.00000  -999999.00000  -999999.00000  -999999.00000  -999999.00000  -999999.00000  -999999.00000  -999999.00000
INTA_POCITO                                -31.65000   -68.58330   615.00000 2026-07-05 23:30:00     1
     1     1      274.25000       68.00000    94720.00000  -999999.00000        0.00000       24.00000  -999999.00000
  -999999.00000  -999999.00000  -999999.00000  -999999.00000  -999999.00000  -999999.00000  -999999.00000  -999999.00000
ULLUM_EMBALSE                              -31.46670   -68.66670   768.00000 2026-07-05 23:30:00     1
     1     1      278.25000       60.00000    93100.00000  -999999.00000       15.00000      344.00000  -999999.00000
  -999999.00000  -999999.00000  -999999.00000  -999999.00000  -999999.00000  -999999.00000  -999999.00000  -999999.00000
PUNTA_NEGRA                                -31.51920   -68.81780   800.00000 2026-07-05 23:30:00     1
     1     1      279.65000       48.00000    92290.00000  -999999.00000        8.40000      278.00000  -999999.00000
  -999999.00000  -999999.00000  -999999.00000  -999999.00000  -999999.00000  -999999.00000  -999999.00000  -999999.00000
ECOHUMUS                                   -31.65000   -68.30000   600.00000 2026-07-05 23:30:00     1
     1     1      273.35000       67.00000    95540.00000  -999999.00000        0.40000      135.00000  -999999.00000
  -999999.00000  -999999.00000  -999999.00000  -999999.00000  -999999.00000  -999999.00000  -999999.00000  -999999.00000
INTA_POCITO                                -31.65000   -68.58330   615.00000 2026-07-05 23:35:00     1
     1     1      274.65000       68.00000    94720.00000  -999999.00000        0.00000       10.00000  -999999.00000
  -999999.00000  -999999.00000  -999999.00000  -999999.00000  -999999.00000  -999999.00000  -999999.00000  -999999.00000
ULLUM_EMBALSE                              -31.46670   -68.66670   768.00000 2026-07-05 23:35:00     1
     1     1      277.85000       62.00000    93090.00000  -999999.00000       15.60000      332.00000  -999999.00000
  -999999.00000  -999999.00000  -999999.00000  -999999.00000  -999999.00000  -999999.00000  -999999.00000  -999999.00000
PUNTA_NEGRA                                -31.51920   -68.81780   800.00000 2026-07-05 23:35:00     1
     1     1      279.75000       47.00000    92290.00000  -999999.00000        8.10000      258.00000  -999999.00000
  -999999.00000  -999999.00000  -999999.00000  -999999.00000  -999999.00000  -999999.00000  -999999.00000  -999999.00000
ECOHUMUS                                   -31.65000   -68.30000   600.00000 2026-07-05 23:35:00     1
     1     1      273.75000       67.00000    95530.00000  -999999.00000        2.20000      135.00000  -999999.00000
  -999999.00000  -999999.00000  -999999.00000  -999999.00000  -999999.00000  -999999.00000  -999999.00000  -999999.00000
INTA_POCITO                                -31.65000   -68.58330   615.00000 2026-07-05 23:40:00     1
     1     1      274.65000       66.00000    94720.00000  -999999.00000        0.00000      268.00000  -999999.00000
  -999999.00000  -999999.00000  -999999.00000  -999999.00000  -999999.00000  -999999.00000  -999999.00000  -999999.00000
ULLUM_EMBALSE                              -31.46670   -68.66670   768.00000 2026-07-05 23:40:00     1
     1     1      277.25000       65.00000    93090.00000  -999999.00000       13.60000      345.00000  -999999.00000
  -999999.00000  -999999.00000  -999999.00000  -999999.00000  -999999.00000  -999999.00000  -999999.00000  -999999.00000
PUNTA_NEGRA                                -31.51920   -68.81780   800.00000 2026-07-05 23:40:00     1
     1     1      279.75000       47.00000    92300.00000  -999999.00000        8.60000      269.00000  -999999.00000
  -999999.00000  -999999.00000  -999999.00000  -999999.00000  -999999.00000  -999999.00000  -999999.00000  -999999.00000
ECOHUMUS                                   -31.65000   -68.30000   600.00000 2026-07-05 23:40:00     1
     1     1      273.45000       67.00000    95530.00000  -999999.00000        2.90000      133.00000  -999999.00000
  -999999.00000  -999999.00000  -999999.00000  -999999.00000  -999999.00000  -999999.00000  -999999.00000  -999999.00000
INTA_POCITO                                -31.65000   -68.58330   615.00000 2026-07-05 23:45:00     1
     1     1      275.45000       63.00000    94710.00000  -999999.00000        1.70000      336.00000  -999999.00000
  -999999.00000  -999999.00000  -999999.00000  -999999.00000  -999999.00000  -999999.00000  -999999.00000  -999999.00000
ULLUM_EMBALSE                              -31.46670   -68.66670   768.00000 2026-07-05 23:45:00     1
     1     1      276.95000       65.00000    93090.00000  -999999.00000       14.10000      339.00000  -999999.00000
  -999999.00000  -999999.00000  -999999.00000  -999999.00000  -999999.00000  -999999.00000  -999999.00000  -999999.00000
PUNTA_NEGRA                                -31.51920   -68.81780   800.00000 2026-07-05 23:45:00     1
     1     1      279.75000       47.00000    92300.00000  -999999.00000        8.40000      274.00000  -999999.00000
  -999999.00000  -999999.00000  -999999.00000  -999999.00000  -999999.00000  -999999.00000  -999999.00000  -999999.00000
ECOHUMUS                                   -31.65000   -68.30000   600.00000 2026-07-05 23:45:00     1
     1     1      273.35000       68.00000    95540.00000  -999999.00000        2.50000      135.00000  -999999.00000
  -999999.00000  -999999.00000  -999999.00000  -999999.00000  -999999.00000  -999999.00000  -999999.00000  -999999.00000
INTA_POCITO                                -31.65000   -68.58330   615.00000 2026-07-05 23:50:00     1
     1     1      276.35000       60.00000    94710.00000  -999999.00000        0.50000      327.00000  -999999.00000
  -999999.00000  -999999.00000  -999999.00000  -999999.00000  -999999.00000  -999999.00000  -999999.00000  -999999.00000
ULLUM_EMBALSE                              -31.46670   -68.66670   768.00000 2026-07-05 23:50:00     1
     1     1      277.35000       60.00000    93080.00000  -999999.00000       12.80000      344.00000  -999999.00000
  -999999.00000  -999999.00000  -999999.00000  -999999.00000  -999999.00000  -999999.00000  -999999.00000  -999999.00000
PUNTA_NEGRA                                -31.51920   -68.81780   800.00000 2026-07-05 23:50:00     1
     1     1      279.75000       48.00000    92310.00000  -999999.00000        5.80000      261.00000  -999999.00000
  -999999.00000  -999999.00000  -999999.00000  -999999.00000  -999999.00000  -999999.00000  -999999.00000  -999999.00000
ECOHUMUS                                   -31.65000   -68.30000   600.00000 2026-07-05 23:50:00     1
     1     1      273.45000       68.00000    95540.00000  -999999.00000        1.70000      135.00000  -999999.00000
  -999999.00000  -999999.00000  -999999.00000  -999999.00000  -999999.00000  -999999.00000  -999999.00000  -999999.00000
INTA_POCITO                                -31.65000   -68.58330   615.00000 2026-07-05 23:55:00     1
     1     1      276.15000       60.00000    94710.00000  -999999.00000        0.00000        1.00000  -999999.00000
  -999999.00000  -999999.00000  -999999.00000  -999999.00000  -999999.00000  -999999.00000  -999999.00000  -999999.00000
ULLUM_EMBALSE                              -31.46670   -68.66670   768.00000 2026-07-05 23:55:00     1
     1     1      277.45000       57.00000    93090.00000  -999999.00000       12.70000      351.00000  -999999.00000
  -999999.00000  -999999.00000  -999999.00000  -999999.00000  -999999.00000  -999999.00000  -999999.00000  -999999.00000
PUNTA_NEGRA                                -31.51920   -68.81780   800.00000 2026-07-05 23:55:00     1
     1     1      279.65000       50.00000    92300.00000  -999999.00000        5.10000      266.00000  -999999.00000
  -999999.00000  -999999.00000  -999999.00000  -999999.00000  -999999.00000  -999999.00000  -999999.00000  -999999.00000
ECOHUMUS                                   -31.65000   -68.30000   600.00000 2026-07-05 23:55:00     1
     1     1      273.65000       67.00000    95540.00000  -999999.00000        2.20000      135.00000  -999999.00000
  -999999.00000  -999999.00000  -999999.00000  -999999.00000  -999999.00000  -999999.00000  -999999.00000  -999999.00000
  -999999.00000
  -999999.00000
  -999999.00000
  -999999.00000
  -999999.00000
  -999999.00000
  -999999.00000
000000000000000000000000000000000000000000000000000000000000000000000000000000000000000000000000000000000000000000000000