INTA_POCITO                                -31.65000   -68.58330   615.00000 2026-07-02 00:00:00     1
     1     1      273.95000       90.00000    95790.00000  -999999.00000        0.20000      153.00000  -999999.00000
  -999999.00000  -999999.00000  -999999.00000  -999999.00000  -999999.00000  -999999.00000  -999999.00000  -999999.00000
INTA_POCITO                                -31.65000   -68.58330   615.00000 2026-07-02 00:05:00     1
     1     1      273.95000       90.00000    95790.00000  -999999.00000        0.10000      151.00000  -999999.00000
  -999999.00000  -999999.00000  -999999.00000  -999999.00000  -999999.00000  -999999.00000  -999999.00000  -999999.00000
INTA_POCITO                                -31.65000   -68.58330   615.00000 2026-07-02 00:10:00     1
     1     1      273.95000       90.00000    95780.00000  -999999.00000        0.00000      166.00000  -999999.00000
  -999999.00000  -999999.00000  -999999.00000  -999999.00000  -999999.00000  -999999.00000  -999999.00000  -999999.00000
INTA_POCITO                                -31.65000   -68.58330   615.00000 2026-07-02 00:15:00     1
     1     1      274.05000       90.00000    95790.00000  -999999.00000        0.00000      167.00000  -999999.00000
  -999999.00000  -999999.00000  -999999.00000  -999999.00000  -999999.00000  -999999.00000  -999999.00000  -999999.00000
INTA_POCITO                                -31.65000   -68.58330   615.00000 2026-07-02 00:20:00     1
     1     1      273.95000       90.00000    95780.00000  -999999.00000        0.00000      161.00000  -999999.00000
  -999999.00000  -999999.00000  -999999.00000  -999999.00000  -999999.00000  -999999.00000  -999999.00000  -999999.00000
INTA_POCITO                                -31.65000   -68.58330   615.00000 2026-07-02 00:25:00     1
     1     1      273.95000       90.00000    95790.00000  -999999.00000        0.00000      158.00000  -999999.00000
  -999999.00000  -999999.00000  -999999.00000  -999999.00000  -999999.00000  -999999.00000  -999999.00000  -999999.00000
INTA_POCITO                                -31.65000   -68.58330   615.00000 2026-07-02 00:30:00     1
     1     1      274.05000       90.00000    95790.00000  -999999.00000        0.00000      154.00000  -999999.00000
  -999999.00000  -999999.00000  -999999.00000  -999999.00000  -999999.00000  -999999.00000  -999999.00000  -999999.00000
INTA_POCITO                                -31.65000   -68.58330   615.00000 2026-07-02 00:35:00     1
     1     1      274.05000       90.00000    95810.00000  -999999.00000        0.00000      141.00000  -999999.00000
  -999999.00000  -999999.00000  -999999.00000  -999999.00000  -999999.00000  -999999.00000  -999999.00000  -999999.00000
INTA_POCITO                                -31.65000   -68.58330   615.00000 2026-07-02 00:40:00     1
     1     1      274.05000       90.00000    95800.00000  -999999.00000        0.00000      136.00000  -999999.00000
  -999999.00000  -999999.00000  -999999.00000  -999999.00000  -999999.00000  -999999.00000  -999999.00000  -999999.00000
INTA_POCITO                                -31.65000   -68.58330   615.00000 2026-07-02 00:45:00     1
     1     1      274.05000       90.00000    95800.00000  -999999.00000        0.00000      145.00000  -999999.00000
  -999999.00000  -999999.00000  -999999.00000  -999999.00000  -999999.00000  -999999.00000  -999999.00000  -999999.00000
INTA_POCITO                                -31.65000   -68.58330   615.00000 2026-07-02 00:50:00     1
     1     1      274.05000       91.00000    95800.00000  -999999.00000        0.00000      143.00000  -999999.00000
  -999999.00000  -999999.00000  -999999.00000  -999999.00000  -999999.00000  -999999.00000  -999999.00000  -999999.00000
INTA_POCITO                                -31.65000   -68.58330   615.00000 2026-07-02 00:55:00     1
     1     1      274.05000       91.00000    95810.00000  -999999.00000        0.00000      146.00000  -999999.00000
  -999999.00000  -999999.00000  -999999.00000  -999999.00000  -999999.00000  -999999.00000  -999999.00000  -999999.00000
INTA_POCITO                                -31.65000   -68.58330   615.00000 2026-07-02 01:00:00     1
     1     1      274.05000       91.00000    95810.00000  -999999.00000        0.00000      157.00000  -999999.00000
  -999999.00000  -999999.00000  -999999.00000  -999999.00000  -999999.00000  -999999.00000  -999999.00000  -999999.00000
INTA_POCITO                                -31.65000   -68.58330   615.00000 2026-07-02 01:05:00     1
     1     1      274.05000       91.00000    95820.00000  -999999.00000        0.00000      150.00000  -999999.00000
  -999999.00000  -999999.00000  -999999.00000  -999999.00000  -999999.00000  -999999.00000  -999999.00000  -999999.00000
INTA_POCITO                                -31.65000   -68.58330   615.00000 2026-07-02 01:10:00     1
     1     1      274.05000       91.00000    95810.00000  -999999.00000        0.00000      143.00000  -999999.00000
  -999999.00000  -999999.00000  -999999.00000  -999999.00000  -999999.00000  -999999.00000  -999999.00000  -999999.00000
INTA_POCITO                                -31.65000   -68.58330   615.00000 2026-07-02 01:15:00     1
     1     1      274.05000       91.00000    95820.00000  -999999.00000        0.00000      150.00000  -999999.00000
  -999999.00000  -999999.00000  -999999.00000  -999999.00000  -999999.00000  -999999.00000  -999999.00000  -999999.00000
INTA_POCITO                                -31.65000   -68.58330   615.00000 2026-07-02 01:20:00     1
     1     1      273.95000       91.00000    95810.00000  -999999.00000        0.00000      146.00000  -999999.00000
  -999999.00000  -999999.00000  -999999.00000  -999999.00000  -999999.00000  -999999.00000  -999999.00000  -999999.00000
INTA_POCITO                                -31.65000   -68.58330   615.00000 2026-07-02 01:25:00     1
     1     1      273.95000       91.00000    95810.00000  -999999.00000        0.20000      105.00000  -999999.00000
  -999999.00000  -999999.00000  -999999.00000  -999999.00000  -999999.00000  -999999.00000  -999999.00000  -999999.00000
INTA_POCITO                                -31.65000   -68.58330   615.00000 2026-07-02 01:30:00     1
     1     1      273.95000       91.00000    95820.00000  -999999.00000        0.40000      182.00000  -999999.00000
  -999999.00000  -999999.00000  -999999.00000  -999999.00000  -999999.00000  -999999.00000  -999999.00000  -999999.00000
INTA_POCITO                                -31.65000   -68.58330   615.00000 2026-07-02 01:35:00     1
     1     1      273.95000       91.00000    95810.00000  -999999.00000        0.00000      158.00000  -999999.00000
  -999999.00000  -999999.00000  -999999.00000  -999999.00000  -999999.00000  -999999.00000  -999999.00000  -999999.00000
INTA_POCITO                                -31.65000   -68.58330   615.00000 2026-07-02 01:40:00     1
     1     1      273.95000       91.00000    95810.00000  -999999.00000        0.00000      158.00000  -999999.00000
  -999999.00000  -999999.00000  -999999.00000  -999999.00000  -999999.00000  -999999.00000  -999999.00000  -999999.00000
INTA_POCITO                                -31.65000   -68.58330   615.00000 2026-07-02 01:45:00     1
     1     1      274.05000       91.00000    95800.00000  -999999.00000        0.00000      163.00000  -999999.00000
  -999999.00000  -999999.00000  -999999.00000  -999999.00000  -999999.00000  -999999.00000  -999999.00000  -999999.00000
INTA_POCITO                                -31.65000   -68.58330   615.00000 2026-07-02 01:50:00     1
     1     1      273.95000       91.00000    95810.00000  -999999.00000        0.00000      158.00000  -999999.00000
  -999999.00000  -999999.00000  -999999.00000  -999999.00000  -999999.00000  -999999.00000  -999999.00000  -999999.00000
INTA_POCITO                                -31.65000   -68.58330   615.00000 2026-07-02 01:55:00     1
     1     1      273.95000       91.00000    95810.00000  -999999.00000        0.00000      154.00000  -999999.00000
  -999999.00000  -999999.00000  -999999.00000  -999999.00000  -999999.00000  -999999.00000  -999999.00000  -999999.00000
INTA_POCITO                                -31.65000   -68.58330   615.00000 2026-07-02 02:00:00     1
     1     1      273.95000       90.00000    95810.00000  -999999.00000        0.00000      165.00000  -999999.00000
  -999999.00000  -999999.00000  -999999.00000  -999999.00000  -999999.00000  -999999.00000  -999999.00000  -999999.00000
INTA_POCITO                                -31.65000   -68.58330   615.00000 2026-07-02 02:05:00     1
     1     1      273.95000       90.00000    95820.00000  -999999.00000        0.00000      155.00000  -999999.00000
  -999999.00000  -999999.00000  -999999.00000  -999999.00000  -999999.00000  -999999.00000  -999999.00000  -999999.00000
INTA_POCITO                                -31.65000   -68.58330   615.00000 2026-07-02 02:10:00     1
     1     1      273.95000       90.00000    95810.00000  -999999.00000        0.00000      156.00000  -999999.00000
  -999999.00000  -999999.00000  -999999.00000  -999999.00000  -999999.00000  -999999.00000  -999999.00000  -999999.00000
INTA_POCITO                                -31.65000   -68.58330   615.00000 2026-07-02 02:15:00     1
     1     1      273.95000       90.00000    95810.00000  -999999.00000        0.00000      156.00000  -999999.00000
  -999999.00000  -999999.00000  -999999.00000  -999999.00000  -999999.00000  -999999.00000  -999999.00000  -999999.00000
INTA_POCITO                                -31.65000   -68.58330   615.00000 2026-07-02 02:20:00     1
     1     1      273.95000       90.00000    95820.00000  -999999.00000        0.00000      150.00000  -999999.00000
  -999999.00000  -999999.00000  -999999.00000  -999999.00000  -999999.00000  -999999.00000  -999999.00000  -999999.00000
INTA_POCITO                                -31.65000   -68.58330   615.00000 2026-07-02 02:25:00     1
     1     1      273.95000       90.00000    95810.00000  -999999.00000        0.00000      149.00000  -999999.00000
  -999999.00000  -999999.00000  -999999.00000  -999999.00000  -999999.00000  -999999.00000  -999999.00000  -999999.00000
INTA_POCITO                                -31.65000   -68.58330   615.00000 2026-07-02 02:30:00     1
     1     1      273.95000       90.00000    95800.00000  -999999.00000        0.00000      149.00000  -999999.00000
  -999999.00000  -999999.00000  -999999.00000  -999999.00000  -999999.00000  -999999.00000  -999999.00000  -999999.00000
INTA_POCITO                                -31.65000   -68.58330   615.00000 2026-07-02 02:35:00     1
     1     1      273.95000       91.00000    95810.00000  -999999.00000        0.00000      149.00000  -999999.00000
  -999999.00000  -999999.00000  -999999.00000  -999999.00000  -999999.00000  -999999.00000  -999999.00000  -999999.00000
INTA_POCITO                                -31.65000   -68.58330   615.00000 2026-07-02 02:40:00     1
     1     1      273.95000       91.00000    95790.00000  -999999.00000        0.00000      143.00000  -999999.00000
  -999999.00000  -999999.00000  -999999.00000  -999999.00000  -999999.00000  -999999.00000  -999999.00000  -999999.00000
INTA_POCITO                                -31.65000   -68.58330   615.00000 2026-07-02 02:45:00     1
     1     1      273.85000       91.00000    95810.00000  -999999.00000        0.00000      131.00000  -999999.00000
  -999999.00000  -999999.00000  -999999.00000  -999999.00000  -999999.00000  -999999.00000  -999999.00000  -999999.00000
INTA_POCITO                                -31.65000   -68.58330   615.00000 2026-07-02 02:50:00     1
     1     1      273.85000       91.00000    95800.00000  -999999.00000        0.00000      149.00000  -999999.00000
  -999999.00000  -999999.00000  -999999.00000  -999999.00000  -999999.00000  -999999.00000  -999999.00000  -999999.00000
INTA_POCITO                                -31.65000   -68.58330   615.00000 2026-07-02 02:55:00     1
     1     1      273.85000       91.00000    95790.00000  -999999.00000        0.00000      152.00000  -999999.00000
  -999999.00000  -999999.00000  -999999.00000  -999999.00000  -999999.00000  -999999.00000  -999999.00000  -999999.00000
INTA_POCITO                                -31.65000   -68.58330   615.00000 2026-07-02 03:00:00     1
     1     1      273.75000       91.00000    95790.00000  -999999.00000        0.00000      146.00000  -999999.00000
  -999999.00000  -999999.00000  -999999.00000  -999999.00000  -999999.00000  -999999.00000  -999999.00000  -999999.00000
INTA_POCITO                                -31.65000   -68.58330   615.00000 2026-07-02 03:05:00     1
     1     1      273.75000       91.00000    95780.00000  -999999.00000        0.00000      154.00000  -999999.00000
  -999999.00000  -999999.00000  -999999.00000  -999999.00000  -999999.00000  -999999.00000  -999999.00000  -999999.00000
INTA_POCITO                                -31.65000   -68.58330   615.00000 2026-07-02 03:10:00     1
     1     1      273.75000       91.00000    95790.00000  -999999.00000        0.00000      152.00000  -999999.00000
  -999999.00000  -999999.00000  -999999.00000  -999999.00000  -999999.00000  -999999.00000  -999999.00000  -999999.00000
INTA_POCITO                                -31.65000   -68.58330   615.00000 2026-07-02 03:15:00     1
     1     1      273.65000       92.00000    95780.00000  -999999.00000        0.00000      158.00000  -999999.00000
  -999999.00000  -999999.00000  -999999.00000  -999999.00000  -999999.00000  -999999.00000  -999999.00000  -999999.00000
INTA_POCITO                                -31.65000   -68.58330   615.00000 2026-07-02 03:20:00     1
     1     1      273.65000       92.00000    95770.00000  -999999.00000        0.00000      163.00000  -999999.00000
  -999999.00000  -999999.00000  -999999.00000  -999999.00000  -999999.00000  -999999.00000  -999999.00000  -999999.00000
INTA_POCITO                                -31.65000   -68.58330   615.00000 2026-07-02 03:25:00     1
     1     1      273.75000       92.00000    95760.00000  -999999.00000        0.00000      165.00000  -999999.00000
  -999999.00000  -999999.00000  -999999.00000  -999999.00000  -999999.00000  -999999.00000  -999999.00000  -999999.00000
INTA_POCITO                                -31.65000   -68.58330   615.00000 2026-07-02 03:30:00     1
     1     1      273.65000       92.00000    95750.00000  -999999.00000        0.00000      162.00000  -999999.00000
  -999999.00000  -999999.00000  -999999.00000  -999999.00000  -999999.00000  -999999.00000  -999999.00000  -999999.00000
INTA_POCITO                                -31.65000   -68.58330   615.00000 2026-07-02 03:35:00     1
     1     1      273.65000       92.00000    95750.00000  -999999.00000        0.00000      159.00000  -999999.00000
  -999999.00000  -999999.00000  -999999.00000  -999999.00000  -999999.00000  -999999.00000  -999999.00000  -999999.00000
INTA_POCITO                                -31.65000   -68.58330   615.00000 2026-07-02 03:40:00     1
     1     1      273.65000       92.00000    95750.00000  -999999.00000        0.00000      164.00000  -999999.00000
  -999999.00000  -999999.00000  -999999.00000  -999999.00000  -999999.00000  -999999.00000  -999999.00000  -999999.00000
INTA_POCITO                                -31.65000   -68.58330   615.00000 2026-07-02 03:45:00     1
     1     1      273.65000       92.00000    95740.00000  -999999.00000        0.00000      160.00000  -999999.00000
  -999999.00000  -999999.00000  -999999.00000  -999999.00000  -999999.00000  -999999.00000  -999999.00000  -999999.00000
INTA_POCITO                                -31.65000   -68.58330   615.00000 2026-07-02 03:50:00     1
     1     1      273.65000       92.00000    95750.00000  -999999.00000        0.20000      168.00000  -999999.00000
  -999999.00000  -999999.00000  -999999.00000  -999999.00000  -999999.00000  -999999.00000  -999999.00000  -999999.00000
INTA_POCITO                                -31.65000   -68.58330   615.00000 2026-07-02 03:55:00     1
     1     1      273.65000       93.00000    95750.00000  -999999.00000        0.10000      171.00000  -999999.00000
  -999999.00000  -999999.00000  -999999.00000  -999999.00000  -999999.00000  -999999.00000  -999999.00000  -999999.00000
INTA_POCITO                                -31.65000   -68.58330   615.00000 2026-07-02 04:00:00     1
     1     1      273.65000       93.00000    95740.00000  -999999.00000        0.00000      175.00000  -999999.00000
  -999999.00000  -999999.00000  -999999.00000  -999999.00000  -999999.00000  -999999.00000  -999999.00000  -999999.00000
INTA_POCITO                                -31.65000   -68.58330   615.00000 2026-07-02 04:05:00     1
     1     1      273.65000       93.00000    95730.00000  -999999.00000        0.00000      165.00000  -999999.00000
  -999999.00000  -999999.00000  -999999.00000  -999999.00000  -999999.00000  -999999.00000  -999999.00000  -999999.00000
INTA_POCITO                                -31.65000   -68.58330   615.00000 2026-07-02 04:10:00     1
     1     1      273.65000       93.00000    95750.00000  -999999.00000        0.10000      193.00000  -999999.00000
  -999999.00000  -999999.00000  -999999.00000  -999999.00000  -999999.00000  -999999.00000  -999999.00000  -999999.00000
INTA_POCITO                                -31.65000   -68.58330   615.00000 2026-07-02 04:15:00     1
     1     1      273.65000       93.00000    95740.00000  -999999.00000        0.00000      162.00000  -999999.00000
  -999999.00000  -999999.00000  -999999.00000  -999999.00000  -999999.00000  -999999.00000  -999999.00000  -999999.00000
INTA_POCITO                                -31.65000   -68.58330   615.00000 2026-07-02 04:20:00     1
     1     1      273.65000       93.00000    95730.00000  -999999.00000        0.00000      167.00000  -999999.00000
  -999999.00000  -999999.00000  -999999.00000  -999999.00000  -999999.00000  -999999.00000  -999999.00000  -999999.00000
INTA_POCITO                                -31.65000   -68.58330   615.00000 2026-07-02 04:25:00     1
     1     1      273.65000       93.00000    95730.00000  -999999.00000        0.00000      167.00000  -999999.00000
  -999999.00000  -999999.00000  -999999.00000  -999999.00000  -999999.00000  -999999.00000  -999999.00000  -999999.00000
INTA_POCITO                                -31.65000   -68.58330   615.00000 2026-07-02 04:30:00     1
     1     1      273.65000       93.00000    95730.00000  -999999.00000        0.00000      169.00000  -999999.00000
  -999999.00000  -999999.00000  -999999.00000  -999999.00000  -999999.00000  -999999.00000  -999999.00000  -999999.00000
INTA_POCITO                                -31.65000   -68.58330   615.00000 2026-07-02 04:35:00     1
     1     1      273.65000       93.00000    95720.00000  -999999.00000        0.00000      168.00000  -999999.00000
  -999999.00000  -999999.00000  -999999.00000  -999999.00000  -999999.00000  -999999.00000  -999999.00000  -999999.00000
INTA_POCITO                                -31.65000   -68.58330   615.00000 2026-07-02 04:40:00     1
     1     1      273.75000       93.00000    95720.00000  -999999.00000        0.40000      170.00000  -999999.00000
  -999999.00000  -999999.00000  -999999.00000  -999999.00000  -999999.00000  -999999.00000  -999999.00000  -999999.00000
INTA_POCITO                                -31.65000   -68.58330   615.00000 2026-07-02 04:45:00     1
     1     1      273.65000       93.00000    95720.00000  -999999.00000        0.00000      159.00000  -999999.00000
  -999999.00000  -999999.00000  -999999.00000  -999999.00000  -999999.00000  -999999.00000  -999999.00000  -999999.00000
INTA_POCITO                                -31.65000   -68.58330   615.00000 2026-07-02 04:50:00     1
     1     1      273.75000       93.00000    95720.00000  -999999.00000        0.00000      164.00000  -999999.00000
  -999999.00000  -999999.00000  -999999.00000  -999999.00000  -999999.00000  -999999.00000  -999999.00000  -999999.00000
INTA_POCITO                                -31.65000   -68.58330   615.00000 2026-07-02 04:55:00     1
     1     1      273.75000       93.00000    95720.00000  -999999.00000        0.00000      158.00000  -999999.00000
  -999999.00000  -999999.00000  -999999.00000  -999999.00000  -999999.00000  -999999.00000  -999999.00000  -999999.00000
INTA_POCITO                                -31.65000   -68.58330   615.00000 2026-07-02 05:00:00     1
     1     1      273.75000       93.00000    95720.00000  -999999.00000        0.00000      158.00000  -999999.00000
  -999999.00000  -999999.00000  -999999.00000  -999999.00000  -999999.00000  -999999.00000  -999999.00000  -999999.00000
INTA_POCITO                                -31.65000   -68.58330   615.00000 2026-07-02 05:05:00     1
     1     1      273.65000       93.00000    95720.00000  -999999.00000        0.00000      150.00000  -999999.00000
  -999999.00000  -999999.00000  -999999.00000  -999999.00000  -999999.00000  -999999.00000  -999999.00000  -999999.00000
INTA_POCITO                                -31.65000   -68.58330   615.00000 2026-07-02 05:10:00     1
     1     1      273.65000       93.00000    95710.00000  -999999.00000        0.00000      155.00000  -999999.00000
  -999999.00000  -999999.00000  -999999.00000  -999999.00000  -999999.00000  -999999.00000  -999999.00000  -999999.00000
INTA_POCITO                                -31.65000   -68.58330   615.00000 2026-07-02 05:15:00     1
     1     1      273.65000       93.00000    95700.00000  -999999.00000        0.00000      160.00000  -999999.00000
  -999999.00000  -999999.00000  -999999.00000  -999999.00000  -999999.00000  -999999.00000  -999999.00000  -999999.00000
INTA_POCITO                                -31.65000   -68.58330   615.00000 2026-07-02 05:20:00     1
     1     1      273.65000       93.00000    95700.00000  -999999.00000        0.00000      164.00000  -999999.00000
  -999999.00000  -999999.00000  -999999.00000  -999999.00000  -999999.00000  -999999.00000  -999999.00000  -999999.00000
INTA_POCITO                                -31.65000   -68.58330   615.00000 2026-07-02 05:25:00     1
     1     1      273.65000       93.00000    95690.00000  -999999.00000        0.00000      165.00000  -999999.00000
  -999999.00000  -999999.00000  -999999.00000  -999999.00000  -999999.00000  -999999.00000  -999999.00000  -999999.00000
INTA_POCITO                                -31.65000   -68.58330   615.00000 2026-07-02 05:30:00     1
     1     1      273.65000       93.00000    95700.00000  -999999.00000        0.00000      162.00000  -999999.00000
  -999999.00000  -999999.00000  -999999.00000  -999999.00000  -999999.00000  -999999.00000  -999999.00000  -999999.00000
INTA_POCITO                                -31.65000   -68.58330   615.00000 2026-07-02 05:35:00     1
     1     1      273.65000       93.00000    95690.00000  -999999.00000        0.00000      162.00000  -999999.00000
  -999999.00000  -999999.00000  -999999.00000  -999999.00000  -999999.00000  -999999.00000  -999999.00000  -999999.00000
INTA_POCITO                                -31.65000   -68.58330   615.00000 2026-07-02 05:40:00     1
     1     1      273.65000       93.00000    95700.00000  -999999.00000        0.00000      170.00000  -999999.00000
  -999999.00000  -999999.00000  -999999.00000  -999999.00000  -999999.00000  -999999.00000  -999999.00000  -999999.00000
INTA_POCITO                                -31.65000   -68.58330   615.00000 2026-07-02 05:45:00     1
     1     1      273.75000       93.00000    95690.00000  -999999.00000        0.00000      166.00000  -999999.00000
  -999999.00000  -999999.00000  -999999.00000  -999999.00000  -999999.00000  -999999.00000  -999999.00000  -999999.00000
INTA_POCITO                                -31.65000   -68.58330   615.00000 2026-07-02 05:50:00     1
     1     1      273.75000       93.00000    95700.00000  -999999.00000        0.00000      161.00000  -999999.00000
  -999999.00000  -999999.00000  -999999.00000  -999999.00000  -999999.00000  -999999.00000  -999999.00000  -999999.00000
INTA_POCITO                                -31.65000   -68.58330   615.00000 2026-07-02 05:55:00     1
     1     1      273.85000       93.00000    95700.00000  -999999.00000        0.00000      159.00000  -999999.00000
  -999999.00000  -999999.00000  -999999.00000  -999999.00000  -999999.00000  -999999.00000  -999999.00000  -999999.00000
INTA_POCITO                                -31.65000   -68.58330   615.00000 2026-07-02 06:00:00     1
     1     1      273.85000       93.00000    95690.00000  -999999.00000        0.00000      163.00000  -999999.00000
  -999999.00000  -999999.00000  -999999.00000  -999999.00000  -999999.00000  -999999.00000  -999999.00000  -999999.00000
INTA_POCITO                                -31.65000   -68.58330   615.00000 2026-07-02 06:05:00     1
     1     1      273.75000       93.00000    95700.00000  -999999.00000        0.00000      162.00000  -999999.00000
  -999999.00000  -999999.00000  -999999.00000  -999999.00000  -999999.00000  -999999.00000  -999999.00000  -999999.00000
INTA_POCITO                                -31.65000   -68.58330   615.00000 2026-07-02 06:10:00     1
     1     1      273.85000       93.00000    95690.00000  -999999.00000        0.00000      162.00000  -999999.00000
  -999999.00000  -999999.00000  -999999.00000  -999999.00000  -999999.00000  -999999.00000  -999999.00000  -999999.00000
INTA_POCITO                                -31.65000   -68.58330   615.00000 2026-07-02 06:15:00     1
     1     1      273.85000       93.00000    95690.00000  -999999.00000        0.00000      161.00000  -999999.00000
  -999999.00000  -999999.00000  -999999.00000  -999999.00000  -999999.00000  -999999.00000  -999999.00000  -999999.00000
INTA_POCITO                                -31.65000   -68.58330   615.00000 2026-07-02 06:20:00     1
     1     1      273.85000       93.00000    95690.00000  -999999.00000        0.00000      162.00000  -999999.00000
  -999999.00000  -999999.00000  -999999.00000  -999999.00000  -999999.00000  -999999.00000  -999999.00000  -999999.00000
INTA_POCITO                                -31.65000   -68.58330   615.00000 2026-07-02 06:25:00     1
     1     1      273.85000       93.00000    95700.00000  -999999.00000        0.00000      162.00000  -999999.00000
  -999999.00000  -999999.00000  -999999.00000  -999999.00000  -999999.00000  -999999.00000  -999999.00000  -999999.00000
INTA_POCITO                                -31.65000   -68.58330   615.00000 2026-07-02 06:30:00     1
     1     1      273.85000       93.00000    95680.00000  -999999.00000        0.00000      162.00000  -999999.00000
  -999999.00000  -999999.00000  -999999.00000  -999999.00000  -999999.00000  -999999.00000  -999999.00000  -999999.00000
INTA_POCITO                                -31.65000   -68.58330   615.00000 2026-07-02 06:35:00     1
     1     1      273.85000       93.00000    95690.00000  -999999.00000        0.00000      158.00000  -999999.00000
  -999999.00000  -999999.00000  -999999.00000  -999999.00000  -999999.00000  -999999.00000  -999999.00000  -999999.00000
INTA_POCITO                                -31.65000   -68.58330   615.00000 2026-07-02 06:40:00     1
     1     1      273.75000       93.00000    95700.00000  -999999.00000        0.00000      159.00000  -999999.00000
  -999999.00000  -999999.00000  -999999.00000  -999999.00000  -999999.00000  -999999.00000  -999999.00000  -999999.00000
INTA_POCITO                                -31.65000   -68.58330   615.00000 2026-07-02 06:45:00     1
     1     1      273.85000       93.00000    95690.00000  -999999.00000        0.00000      157.00000  -999999.00000
  -999999.00000  -999999.00000  -999999.00000  -999999.00000  -999999.00000  -999999.00000  -999999.00000  -999999.00000
INTA_POCITO                                -31.65000   -68.58330   615.00000 2026-07-02 06:50:00     1
     1     1      273.85000       93.00000    95680.00000  -999999.00000        0.00000      157.00000  -999999.00000
  -999999.00000  -999999.00000  -999999.00000  -999999.00000  -999999.00000  -999999.00000  -999999.00000  -999999.00000
INTA_POCITO                                -31.65000   -68.58330   615.00000 2026-07-02 06:55:00     1
     1     1      273.85000       93.00000    95690.00000  -999999.00000        0.00000      156.00000  -999999.00000
  -999999.00000  -999999.00000  -999999.00000  -999999.00000  -999999.00000  -999999.00000  -999999.00000  -999999.00000
INTA_POCITO                                -31.65000   -68.58330   615.00000 2026-07-02 07:00:00     1
     1     1      273.85000       93.00000    95700.00000  -999999.00000        0.00000      145.00000  -999999.00000
  -999999.00000  -999999.00000  -999999.00000  -999999.00000  -999999.00000  -999999.00000  -999999.00000  -999999.00000
INTA_POCITO                                -31.65000   -68.58330   615.00000 2026-07-02 07:05:00     1
     1     1      273.85000       93.00000    95700.00000  -999999.00000        0.00000      154.00000  -999999.00000
  -999999.00000  -999999.00000  -999999.00000  -999999.00000  -999999.00000  -999999.00000  -999999.00000  -999999.00000
INTA_POCITO                                -31.65000   -68.58330   615.00000 2026-07-02 07:10:00     1
     1     1      273.85000       93.00000    95700.00000  -999999.00000        0.00000      143.00000  -999999.00000
  -999999.00000  -999999.00000  -999999.00000  -999999.00000  -999999.00000  -999999.00000  -999999.00000  -999999.00000
INTA_POCITO                                -31.65000   -68.58330   615.00000 2026-07-02 07:15:00     1
     1     1      273.75000       93.00000    95700.00000  -999999.00000        0.00000      147.00000  -999999.00000
  -999999.00000  -999999.00000  -999999.00000  -999999.00000  -999999.00000  -999999.00000  -999999.00000  -999999.00000
INTA_POCITO                                -31.65000   -68.58330   615.00000 2026-07-02 07:20:00     1
     1     1      273.85000       93.00000    95710.00000  -999999.00000        0.00000      142.00000  -999999.00000
  -999999.00000  -999999.00000  -999999.00000  -999999.00000  -999999.00000  -999999.00000  -999999.00000  -999999.00000
INTA_POCITO                                -31.65000   -68.58330   615.00000 2026-07-02 07:25:00     1
     1     1      273.85000       93.00000    95710.00000  -999999.00000        0.00000      145.00000  -999999.00000
  -999999.00000  -999999.00000  -999999.00000  -999999.00000  -999999.00000  -999999.00000  -999999.00000  -999999.00000
INTA_POCITO                                -31.65000   -68.58330   615.00000 2026-07-02 07:30:00     1
     1     1      273.85000       93.00000    95710.00000  -999999.00000        0.00000      148.00000  -999999.00000
  -999999.00000  -999999.00000  -999999.00000  -999999.00000  -999999.00000  -999999.00000  -999999.00000  -999999.00000
INTA_POCITO                                -31.65000   -68.58330   615.00000 2026-07-02 07:35:00     1
     1     1      273.85000       93.00000    95710.00000  -999999.00000        0.00000      155.00000  -999999.00000
  -999999.00000  -999999.00000  -999999.00000  -999999.00000  -999999.00000  -999999.00000  -999999.00000  -999999.00000
INTA_POCITO                                -31.65000   -68.58330   615.00000 2026-07-02 07:40:00     1
     1     1      273.85000       93.00000    95720.00000  -999999.00000        0.00000      150.00000  -999999.00000
  -999999.00000  -999999.00000  -999999.00000  -999999.00000  -999999.00000  -999999.00000  -999999.00000  -999999.00000
INTA_POCITO                                -31.65000   -68.58330   615.00000 2026-07-02 07:45:00     1
     1     1      273.75000       93.00000    95720.00000  -999999.00000        0.00000      151.00000  -999999.00000
  -999999.00000  -999999.00000  -999999.00000  -999999.00000  -999999.00000  -999999.00000  -999999.00000  -999999.00000
INTA_POCITO                                -31.65000   -68.58330   615.00000 2026-07-02 07:50:00     1
     1     1      273.75000       93.00000    95720.00000  -999999.00000        0.00000      152.00000  -999999.00000
  -999999.00000  -999999.00000  -999999.00000  -999999.00000  -999999.00000  -999999.00000  -999999.00000  -999999.00000
INTA_POCITO                                -31.65000   -68.58330   615.00000 2026-07-02 07:55:00     1
     1     1      273.75000       93.00000    95710.00000  -999999.00000        0.00000      138.00000  -999999.00000
  -999999.00000  -999999.00000  -999999.00000  -999999.00000  -999999.00000  -999999.00000  -999999.00000  -999999.00000
INTA_POCITO                                -31.65000   -68.58330   615.00000 2026-07-02 08:00:00     1
     1     1      273.75000       93.00000    95720.00000  -999999.00000        0.00000      144.00000  -999999.00000
  -999999.00000  -999999.00000  -999999.00000  -999999.00000  -999999.00000  -999999.00000  -999999.00000  -999999.00000
INTA_POCITO                                -31.65000   -68.58330   615.00000 2026-07-02 08:05:00     1
     1     1      273.75000       93.00000    95720.00000  -999999.00000        0.00000      141.00000  -999999.00000
  -999999.00000  -999999.00000  -999999.00000  -999999.00000  -999999.00000  -999999.00000  -999999.00000  -999999.00000
INTA_POCITO                                -31.65000   -68.58330   615.00000 2026-07-02 08:10:00     1
     1     1      273.75000       93.00000    95710.00000  -999999.00000        0.00000      142.00000  -999999.00000
  -999999.00000  -999999.00000  -999999.00000  -999999.00000  -999999.00000  -999999.00000  -999999.00000  -999999.00000
INTA_POCITO                                -31.65000   -68.58330   615.00000 2026-07-02 08:15:00     1
     1     1      273.75000       93.00000    95710.00000  -999999.00000        0.00000      140.00000  -999999.00000
  -999999.00000  -999999.00000  -999999.00000  -999999.00000  -999999.00000  -999999.00000  -999999.00000  -999999.00000
INTA_POCITO                                -31.65000   -68.58330   615.00000 2026-07-02 08:20:00     1
     1     1      273.75000       93.00000    95720.00000  -999999.00000        0.00000      150.00000  -999999.00000
  -999999.00000  -999999.00000  -999999.00000  -999999.00000  -999999.00000  -999999.00000  -999999.00000  -999999.00000
INTA_POCITO                                -31.65000   -68.58330   615.00000 2026-07-02 08:25:00     1
     1     1      273.65000       93.00000    95710.00000  -999999.00000        0.00000      149.00000  -999999.00000
  -999999.00000  -999999.00000  -999999.00000  -999999.00000  -999999.00000  -999999.00000  -999999.00000  -999999.00000
INTA_POCITO                                -31.65000   -68.58330   615.00000 2026-07-02 08:30:00     1
     1     1      273.65000       93.00000    95720.00000  -999999.00000        0.00000      142.00000  -999999.00000
  -999999.00000  -999999.00000  -999999.00000  -999999.00000  -999999.00000  -999999.00000  -999999.00000  -999999.00000
INTA_POCITO                                -31.65000   -68.58330   615.00000 2026-07-02 08:35:00     1
     1     1      273.65000       94.00000    95710.00000  -999999.00000        0.00000      140.00000  -999999.00000
  -999999.00000  -999999.00000  -999999.00000  -999999.00000  -999999.00000  -999999.00000  -999999.00000  -999999.00000
INTA_POCITO                                -31.65000   -68.58330   615.00000 2026-07-02 08:40:00     1
     1     1      273.75000       94.00000    95720.00000  -999999.00000        0.00000      147.00000  -999999.00000
  -999999.00000  -999999.00000  -999999.00000  -999999.00000  -999999.00000  -999999.00000  -999999.00000  -999999.00000
INTA_POCITO                                -31.65000   -68.58330   615.00000 2026-07-02 08:45:00     1
     1     1      273.75000       94.00000    95720.00000  -999999.00000        0.00000      151.00000  -999999.00000
  -999999.00000  -999999.00000  -999999.00000  -999999.00000  -999999.00000  -999999.00000  -999999.00000  -999999.00000
INTA_POCITO                                -31.65000   -68.58330   615.00000 2026-07-02 08:50:00     1
     1     1      273.85000       94.00000    95730.00000  -999999.00000        0.00000      151.00000  -999999.00000
  -999999.00000  -999999.00000  -999999.00000  -999999.00000  -999999.00000  -999999.00000  -999999.00000  -999999.00000
INTA_POCITO                                -31.65000   -68.58330   615.00000 2026-07-02 08:55:00     1
     1     1      273.85000       94.00000    95730.00000  -999999.00000        0.00000      151.00000  -999999.00000
  -999999.00000  -999999.00000  -999999.00000  -999999.00000  -999999.00000  -999999.00000  -999999.00000  -999999.00000
INTA_POCITO                                -31.65000   -68.58330   615.00000 2026-07-02 09:00:00     1
     1     1      273.85000       94.00000    95730.00000  -999999.00000        0.00000      145.00000  -999999.00000
  -999999.00000  -999999.00000  -999999.00000  -999999.00000  -999999.00000  -999999.00000  -999999.00000  -999999.00000
INTA_POCITO                                -31.65000   -68.58330   615.00000 2026-07-02 09:05:00     1
     1     1      273.75000       94.00000    95720.00000  -999999.00000        0.00000      132.00000  -999999.00000
  -999999.00000  -999999.00000  -999999.00000  -999999.00000  -999999.00000  -999999.00000  -999999.00000  -999999.00000
INTA_POCITO                                -31.65000   -68.58330   615.00000 2026-07-02 09:10:00     1
     1     1      273.85000       93.00000    95730.00000  -999999.00000        0.00000      141.00000  -999999.00000
  -999999.00000  -999999.00000  -999999.00000  -999999.00000  -999999.00000  -999999.00000  -999999.00000  -999999.00000
INTA_POCITO                                -31.65000   -68.58330   615.00000 2026-07-02 09:15:00     1
     1     1      273.85000       93.00000    95720.00000  -999999.00000        0.00000      146.00000  -999999.00000
  -999999.00000  -999999.00000  -999999.00000  -999999.00000  -999999.00000  -999999.00000  -999999.00000  -999999.00000
INTA_POCITO                                -31.65000   -68.58330   615.00000 2026-07-02 09:20:00     1
     1     1      273.95000       93.00000    95730.00000  -999999.00000        0.00000      138.00000  -999999.00000
  -999999.00000  -999999.00000  -999999.00000  -999999.00000  -999999.00000  -999999.00000  -999999.00000  -999999.00000
INTA_POCITO                                -31.65000   -68.58330   615.00000 2026-07-02 09:25:00     1
     1     1      273.85000       93.00000    95740.00000  -999999.00000        0.00000      162.00000  -999999.00000
  -999999.00000  -999999.00000  -999999.00000  -999999.00000  -999999.00000  -999999.00000  -999999.00000  -999999.00000
INTA_POCITO                                -31.65000   -68.58330   615.00000 2026-07-02 09:30:00     1
     1     1      273.95000       93.00000    95730.00000  -999999.00000        0.00000      140.00000  -999999.00000
  -999999.00000  -999999.00000  -999999.00000  -999999.00000  -999999.00000  -999999.00000  -999999.00000  -999999.00000
INTA_POCITO                                -31.65000   -68.58330   615.00000 2026-07-02 09:35:00     1
     1     1      274.05000       93.00000    95730.00000  -999999.00000        0.00000      136.00000  -999999.00000
  -999999.00000  -999999.00000  -999999.00000  -999999.00000  -999999.00000  -999999.00000  -999999.00000  -999999.00000
INTA_POCITO                                -31.65000   -68.58330   615.00000 2026-07-02 09:40:00     1
     1     1      273.95000       93.00000    95750.00000  -999999.00000        0.00000      141.00000  -999999.00000
  -999999.00000  -999999.00000  -999999.00000  -999999.00000  -999999.00000  -999999.00000  -999999.00000  -999999.00000
INTA_POCITO                                -31.65000   -68.58330   615.00000 2026-07-02 09:45:00     1
     1     1      274.05000       93.00000    95750.00000  -999999.00000        0.00000      133.00000  -999999.00000
  -999999.00000  -999999.00000  -999999.00000  -999999.00000  -999999.00000  -999999.00000  -999999.00000  -999999.00000
INTA_POCITO                                -31.65000   -68.58330   615.00000 2026-07-02 09:50:00     1
     1     1      274.15000       93.00000    95740.00000  -999999.00000        0.00000      140.00000  -999999.00000
  -999999.00000  -999999.00000  -999999.00000  -999999.00000  -999999.00000  -999999.00000  -999999.00000  -999999.00000
INTA_POCITO                                -31.65000   -68.58330   615.00000 2026-07-02 09:55:00     1
     1     1      274.25000       93.00000    95740.00000  -999999.00000        0.00000      184.00000  -999999.00000
  -999999.00000  -999999.00000  -999999.00000  -999999.00000  -999999.00000  -999999.00000  -999999.00000  -999999.00000
INTA_POCITO                                -31.65000   -68.58330   615.00000 2026-07-02 10:00:00     1
     1     1      274.35000       93.00000    95750.00000  -999999.00000        0.00000      134.00000  -999999.00000
  -999999.00000  -999999.00000  -999999.00000  -999999.00000  -999999.00000  -999999.00000  -999999.00000  -999999.00000
INTA_POCITO                                -31.65000   -68.58330   615.00000 2026-07-02 10:05:00     1
     1     1      274.35000       93.00000    95750.00000  -999999.00000        0.00000      168.00000  -999999.00000
  -999999.00000  -999999.00000  -999999.00000  -999999.00000  -999999.00000  -999999.00000  -999999.00000  -999999.00000
INTA_POCITO                                -31.65000   -68.58330   615.00000 2026-07-02 10:10:00     1
     1     1      274.45000       93.00000    95740.00000  -999999.00000        0.00000      244.00000  -999999.00000
  -999999.00000  -999999.00000  -999999.00000  -999999.00000  -999999.00000  -999999.00000  -999999.00000  -999999.00000
INTA_POCITO                                -31.65000   -68.58330   615.00000 2026-07-02 10:15:00     1
     1     1      274.35000       92.00000    95740.00000  -999999.00000        0.00000      184.00000  -999999.00000
  -999999.00000  -999999.00000  -999999.00000  -999999.00000  -999999.00000  -999999.00000  -999999.00000  -999999.00000
INTA_POCITO                                -31.65000   -68.58330   615.00000 2026-07-02 10:20:00     1
     1     1      274.55000       92.00000    95740.00000  -999999.00000        0.00000      139.00000  -999999.00000
  -999999.00000  -999999.00000  -999999.00000  -999999.00000  -999999.00000  -999999.00000  -999999.00000  -999999.00000
INTA_POCITO                                -31.65000   -68.58330   615.00000 2026-07-02 10:25:00     1
     1     1      274.85000       92.00000    95730.00000  -999999.00000        0.00000      140.00000  -999999.00000
  -999999.00000  -999999.00000  -999999.00000  -999999.00000  -999999.00000  -999999.00000  -999999.00000  -999999.00000
INTA_POCITO                                -31.65000   -68.58330   615.00000 2026-07-02 10:30:00     1
     1     1      274.75000       92.00000    95740.00000  -999999.00000        0.00000      138.00000  -999999.00000
  -999999.00000  -999999.00000  -999999.00000  -999999.00000  -999999.00000  -999999.00000  -999999.00000  -999999.00000
INTA_POCITO                                -31.65000   -68.58330   615.00000 2026-07-02 10:35:00     1
     1     1      274.65000       91.00000    95720.00000  -999999.00000        0.00000      151.00000  -999999.00000
  -999999.00000  -999999.00000  -999999.00000  -999999.00000  -999999.00000  -999999.00000  -999999.00000  -999999.00000
INTA_POCITO                                -31.65000   -68.58330   615.00000 2026-07-02 10:40:00     1
     1     1      274.85000       91.00000    95730.00000  -999999.00000        0.00000      135.00000  -999999.00000
  -999999.00000  -999999.00000  -999999.00000  -999999.00000  -999999.00000  -999999.00000  -999999.00000  -999999.00000
INTA_POCITO                                -31.65000   -68.58330   615.00000 2026-07-02 10:45:00     1
     1     1      275.15000       91.00000    95730.00000  -999999.00000        0.00000      148.00000  -999999.00000
  -999999.00000  -999999.00000  -999999.00000  -999999.00000  -999999.00000  -999999.00000  -999999.00000  -999999.00000
INTA_POCITO                                -31.65000   -68.58330   615.00000 2026-07-02 10:50:00     1
     1     1      275.15000       90.00000    95730.00000  -999999.00000        0.00000      159.00000  -999999.00000
  -999999.00000  -999999.00000  -999999.00000  -999999.00000  -999999.00000  -999999.00000  -999999.00000  -999999.00000
INTA_POCITO                                -31.65000   -68.58330   615.00000 2026-07-02 10:55:00     1
     1     1      275.25000       89.00000    95720.00000  -999999.00000        0.00000      138.00000  -999999.00000
  -999999.00000  -999999.00000  -999999.00000  -999999.00000  -999999.00000  -999999.00000  -999999.00000  -999999.00000
INTA_POCITO                                -31.65000   -68.58330   615.00000 2026-07-02 11:00:00     1
     1     1      275.25000       88.00000    95730.00000  -999999.00000        0.10000      161.00000  -999999.00000
  -999999.00000  -999999.00000  -999999.00000  -999999.00000  -999999.00000  -999999.00000  -999999.00000  -999999.00000
INTA_POCITO                                -31.65000   -68.58330   615.00000 2026-07-02 11:05:00     1
     1     1      275.55000       87.00000    95730.00000  -999999.00000        0.00000      160.00000  -999999.00000
  -999999.00000  -999999.00000  -999999.00000  -999999.00000  -999999.00000  -999999.00000  -999999.00000  -999999.00000
INTA_POCITO                                -31.65000   -68.58330   615.00000 2026-07-02 11:10:00     1
     1     1      275.75000       86.00000    95730.00000  -999999.00000        0.20000      245.00000  -999999.00000
  -999999.00000  -999999.00000  -999999.00000  -999999.00000  -999999.00000  -999999.00000  -999999.00000  -999999.00000
INTA_POCITO                                -31.65000   -68.58330   615.00000 2026-07-02 11:15:00     1
     1     1      275.65000       85.00000    95730.00000  -999999.00000        0.00000      183.00000  -999999.00000
  -999999.00000  -999999.00000  -999999.00000  -999999.00000  -999999.00000  -999999.00000  -999999.00000  -999999.00000
INTA_POCITO                                -31.65000   -68.58330   615.00000 2026-07-02 11:20:00     1
     1     1      275.95000       85.00000    95710.00000  -999999.00000        0.10000      179.00000  -999999.00000
  -999999.00000  -999999.00000  -999999.00000  -999999.00000  -999999.00000  -999999.00000  -999999.00000  -999999.00000
INTA_POCITO                                -31.65000   -68.58330   615.00000 2026-07-02 11:25:00     1
     1     1      276.05000       85.00000    95710.00000  -999999.00000        0.00000      203.00000  -999999.00000
  -999999.00000  -999999.00000  -999999.00000  -999999.00000  -999999.00000  -999999.00000  -999999.00000  -999999.00000
INTA_POCITO                                -31.65000   -68.58330   615.00000 2026-07-02 11:30:00     1
     1     1      276.15000       84.00000    95710.00000  -999999.00000        0.10000      215.00000  -999999.00000
  -999999.00000  -999999.00000  -999999.00000  -999999.00000  -999999.00000  -999999.00000  -999999.00000  -999999.00000
INTA_POCITO                                -31.65000   -68.58330   615.00000 2026-07-02 11:35:00     1
     1     1      275.95000       84.00000    95700.00000  -999999.00000        0.00000      188.00000  -999999.00000
  -999999.00000  -999999.00000  -999999.00000  -999999.00000  -999999.00000  -999999.00000  -999999.00000  -999999.00000
INTA_POCITO                                -31.65000   -68.58330   615.00000 2026-07-02 11:40:00     1
     1     1      276.15000       84.00000    95690.00000  -999999.00000        0.40000      170.00000  -999999.00000
  -999999.00000  -999999.00000  -999999.00000  -999999.00000  -999999.00000  -999999.00000  -999999.00000  -999999.00000
INTA_POCITO                                -31.65000   -68.58330   615.00000 2026-07-02 11:45:00     1
     1     1      276.15000       84.00000    95690.00000  -999999.00000        0.90000      168.00000  -999999.00000
  -999999.00000  -999999.00000  -999999.00000  -999999.00000  -999999.00000  -999999.00000  -999999.00000  -999999.00000
INTA_POCITO                                -31.65000   -68.58330   615.00000 2026-07-02 11:50:00     1
     1     1      275.85000       84.00000    95680.00000  -999999.00000        0.30000      173.00000  -999999.00000
  -999999.00000  -999999.00000  -999999.00000  -999999.00000  -999999.00000  -999999.00000  -999999.00000  -999999.00000
INTA_POCITO                                -31.65000   -68.58330   615.00000 2026-07-02 11:55:00     1
     1     1      276.15000       84.00000    95670.00000  -999999.00000        0.00000      167.00000  -999999.00000
  -999999.00000  -999999.00000  -999999.00000  -999999.00000  -999999.00000  -999999.00000  -999999.00000  -999999.00000
INTA_POCITO                                -31.65000   -68.58330   615.00000 2026-07-02 12:00:00     1
     1     1      276.15000       84.00000    95670.00000  -999999.00000        0.00000      164.00000  -999999.00000
  -999999.00000  -999999.00000  -999999.00000  -999999.00000  -999999.00000  -999999.00000  -999999.00000  -999999.00000
INTA_POCITO                                -31.65000   -68.58330   615.00000 2026-07-02 12:05:00     1
     1     1      275.95000       84.00000    95670.00000  -999999.00000        0.10000      143.00000  -999999.00000
  -999999.00000  -999999.00000  -999999.00000  -999999.00000  -999999.00000  -999999.00000  -999999.00000  -999999.00000
INTA_POCITO                                -31.65000   -68.58330   615.00000 2026-07-02 12:10:00     1
     1     1      276.05000       84.00000    95660.00000  -999999.00000        0.00000      176.00000  -999999.00000
  -999999.00000  -999999.00000  -999999.00000  -999999.00000  -999999.00000  -999999.00000  -999999.00000  -999999.00000
INTA_POCITO                                -31.65000   -68.58330   615.00000 2026-07-02 12:15:00     1
     1     1      276.05000       84.00000    95650.00000  -999999.00000        0.10000      148.00000  -999999.00000
  -999999.00000  -999999.00000  -999999.00000  -999999.00000  -999999.00000  -999999.00000  -999999.00000  -999999.00000
INTA_POCITO                                -31.65000   -68.58330   615.00000 2026-07-02 12:20:00     1
     1     1      276.15000       84.00000    95640.00000  -999999.00000        0.70000      158.00000  -999999.00000
  -999999.00000  -999999.00000  -999999.00000  -999999.00000  -999999.00000  -999999.00000  -999999.00000  -999999.00000
INTA_POCITO                                -31.65000   -68.58330   615.00000 2026-07-02 12:25:00     1
     1     1      276.15000       84.00000    95640.00000  -999999.00000        0.20000      164.00000  -999999.00000
  -999999.00000  -999999.00000  -999999.00000  -999999.00000  -999999.00000  -999999.00000  -999999.00000  -999999.00000
INTA_POCITO                                -31.65000   -68.58330   615.00000 2026-07-02 12:30:00     1
     1     1      276.25000       84.00000    95630.00000  -999999.00000        1.30000      161.00000  -999999.00000
  -999999.00000  -999999.00000  -999999.00000  -999999.00000  -999999.00000  -999999.00000  -999999.00000  -999999.00000
INTA_POCITO                                -31.65000   -68.58330   615.00000 2026-07-02 12:35:00     1
     1     1      276.45000       83.00000    95630.00000  -999999.00000        0.30000      150.00000  -999999.00000
  -999999.00000  -999999.00000  -999999.00000  -999999.00000  -999999.00000  -999999.00000  -999999.00000  -999999.00000
INTA_POCITO                                -31.65000   -68.58330   615.00000 2026-07-02 12:40:00     1
     1     1      276.35000       83.00000    95620.00000  -999999.00000        0.70000      164.00000  -999999.00000
  -999999.00000  -999999.00000  -999999.00000  -999999.00000  -999999.00000  -999999.00000  -999999.00000  -999999.00000
INTA_POCITO                                -31.65000   -68.58330   615.00000 2026-07-02 12:45:00     1
     1     1      276.55000       82.00000    95610.00000  -999999.00000        0.10000      146.00000  -999999.00000
  -999999.00000  -999999.00000  -999999.00000  -999999.00000  -999999.00000  -999999.00000  -999999.00000  -999999.00000
INTA_POCITO                                -31.65000   -68.58330   615.00000 2026-07-02 12:50:00     1
     1     1      276.95000       82.00000    95610.00000  -999999.00000        0.00000      169.00000  -999999.00000
  -999999.00000  -999999.00000  -999999.00000  -999999.00000  -999999.00000  -999999.00000  -999999.00000  -999999.00000
INTA_POCITO                                -31.65000   -68.58330   615.00000 2026-07-02 12:55:00     1
     1     1      276.95000       81.00000    95610.00000  -999999.00000        1.50000      171.00000  -999999.00000
  -999999.00000  -999999.00000  -999999.00000  -999999.00000  -999999.00000  -999999.00000  -999999.00000  -999999.00000
INTA_POCITO                                -31.65000   -68.58330   615.00000 2026-07-02 13:00:00     1
     1     1      276.85000       81.00000    95610.00000  -999999.00000        0.30000      169.00000  -999999.00000
  -999999.00000  -999999.00000  -999999.00000  -999999.00000  -999999.00000  -999999.00000  -999999.00000  -999999.00000
INTA_POCITO                                -31.65000   -68.58330   615.00000 2026-07-02 13:05:00     1
     1     1      276.95000       80.00000    95590.00000  -999999.00000        0.00000      159.00000  -999999.00000
  -999999.00000  -999999.00000  -999999.00000  -999999.00000  -999999.00000  -999999.00000  -999999.00000  -999999.00000
INTA_POCITO                                -31.65000   -68.58330   615.00000 2026-07-02 13:10:00     1
     1     1      277.15000       80.00000    95590.00000  -999999.00000        0.70000      181.00000  -999999.00000
  -999999.00000  -999999.00000  -999999.00000  -999999.00000  -999999.00000  -999999.00000  -999999.00000  -999999.00000
INTA_POCITO                                -31.65000   -68.58330   615.00000 2026-07-02 13:15:00     1
     1     1      277.25000       79.00000    95570.00000  -999999.00000        0.00000      176.00000  -999999.00000
  -999999.00000  -999999.00000  -999999.00000  -999999.00000  -999999.00000  -999999.00000  -999999.00000  -999999.00000
INTA_POCITO                                -31.65000   -68.58330   615.00000 2026-07-02 13:20:00     1
     1     1      277.35000       79.00000    95570.00000  -999999.00000        0.10000      185.00000  -999999.00000
  -999999.00000  -999999.00000  -999999.00000  -999999.00000  -999999.00000  -999999.00000  -999999.00000  -999999.00000
INTA_POCITO                                -31.65000   -68.58330   615.00000 2026-07-02 13:25:00     1
     1     1      277.25000       79.00000    95560.00000  -999999.00000        0.90000      172.00000  -999999.00000
  -999999.00000  -999999.00000  -999999.00000  -999999.00000  -999999.00000  -999999.00000  -999999.00000  -999999.00000
INTA_POCITO                                -31.65000   -68.58330   615.00000 2026-07-02 13:30:00     1
     1     1      277.15000       79.00000    95560.00000  -999999.00000        0.40000      164.00000  -999999.00000
  -999999.00000  -999999.00000  -999999.00000  -999999.00000  -999999.00000  -999999.00000  -999999.00000  -999999.00000
INTA_POCITO                                -31.65000   -68.58330   615.00000 2026-07-02 13:35:00     1
     1     1      276.95000       79.00000    95540.00000  -999999.00000        1.20000      168.00000  -999999.00000
  -999999.00000  -999999.00000  -999999.00000  -999999.00000  -999999.00000  -999999.00000  -999999.00000  -999999.00000
INTA_POCITO                                -31.65000   -68.58330   615.00000 2026-07-02 13:40:00     1
     1     1      277.05000       79.00000    95530.00000  -999999.00000        1.30000      167.00000  -999999.00000
  -999999.00000  -999999.00000  -999999.00000  -999999.00000  -999999.00000  -999999.00000  -999999.00000  -999999.00000
INTA_POCITO                                -31.65000   -68.58330   615.00000 2026-07-02 13:45:00     1
     1     1      277.35000       79.00000    95530.00000  -999999.00000        0.80000      187.00000  -999999.00000
  -999999.00000  -999999.00000  -999999.00000  -999999.00000  -999999.00000  -999999.00000  -999999.00000  -999999.00000
INTA_POCITO                                -31.65000   -68.58330   615.00000 2026-07-02 13:50:00     1
     1     1      277.45000       78.00000    95520.00000  -999999.00000        0.00000      168.00000  -999999.00000
  -999999.00000  -999999.00000  -999999.00000  -999999.00000  -999999.00000  -999999.00000  -999999.00000  -999999.00000
INTA_POCITO                                -31.65000   -68.58330   615.00000 2026-07-02 13:55:00     1
     1     1      277.35000       77.00000    95510.00000  -999999.00000        3.50000      163.00000  -999999.00000
  -999999.00000  -999999.00000  -999999.00000  -999999.00000  -999999.00000  -999999.00000  -999999.00000  -999999.00000
INTA_POCITO                                -31.65000   -68.58330   615.00000 2026-07-02 14:00:00     1
     1     1      277.25000       77.00000    95490.00000  -999999.00000        2.40000      153.00000  -999999.00000
  -999999.00000  -999999.00000  -999999.00000  -999999.00000  -999999.00000  -999999.00000  -999999.00000  -999999.00000
INTA_POCITO                                -31.65000   -68.58330   615.00000 2026-07-02 14:05:00     1
     1     1      277.55000       77.00000    95490.00000  -999999.00000        0.90000      189.00000  -999999.00000
  -999999.00000  -999999.00000  -999999.00000  -999999.00000  -999999.00000  -999999.00000  -999999.00000  -999999.00000
INTA_POCITO                                -31.65000   -68.58330   615.00000 2026-07-02 14:10:00     1
     1     1      277.75000       77.00000    95490.00000  -999999.00000        1.80000      157.00000  -999999.00000
  -999999.00000  -999999.00000  -999999.00000  -999999.00000  -999999.00000  -999999.00000  -999999.00000  -999999.00000
INTA_POCITO                                -31.65000   -68.58330   615.00000 2026-07-02 14:15:00     1
     1     1      277.85000       77.00000    95480.00000  -999999.00000        0.40000      168.00000  -999999.00000
  -999999.00000  -999999.00000  -999999.00000  -999999.00000  -999999.00000  -999999.00000  -999999.00000  -999999.00000
INTA_POCITO                                -31.65000   -68.58330   615.00000 2026-07-02 14:20:00     1
     1     1      277.75000       77.00000    95460.00000  -999999.00000        1.00000      184.00000  -999999.00000
  -999999.00000  -999999.00000  -999999.00000  -999999.00000  -999999.00000  -999999.00000  -999999.00000  -999999.00000
INTA_POCITO                                -31.65000   -68.58330   615.00000 2026-07-02 14:25:00     1
     1     1      278.05000       76.00000    95450.00000  -999999.00000        0.40000      224.00000  -999999.00000
  -999999.00000  -999999.00000  -999999.00000  -999999.00000  -999999.00000  -999999.00000  -999999.00000  -999999.00000
INTA_POCITO                                -31.65000   -68.58330   615.00000 2026-07-02 14:30:00     1
     1     1      278.15000       76.00000    95440.00000  -999999.00000        0.00000      187.00000  -999999.00000
  -999999.00000  -999999.00000  -999999.00000  -999999.00000  -999999.00000  -999999.00000  -999999.00000  -999999.00000
INTA_POCITO                                -31.65000   -68.58330   615.00000 2026-07-02 14:35:00     1
     1     1      277.95000       76.00000    95440.00000  -999999.00000        1.60000      203.00000  -999999.00000
  -999999.00000  -999999.00000  -999999.00000  -999999.00000  -999999.00000  -999999.00000  -999999.00000  -999999.00000
INTA_POCITO                                -31.65000   -68.58330   615.00000 2026-07-02 14:40:00     1
     1     1      277.65000       76.00000    95430.00000  -999999.00000        1.30000      175.00000  -999999.00000
  -999999.00000  -999999.00000  -999999.00000  -999999.00000  -999999.00000  -999999.00000  -999999.00000  -999999.00000
INTA_POCITO                                -31.65000   -68.58330   615.00000 2026-07-02 14:45:00     1
     1     1      277.65000       77.00000    95420.00000  -999999.00000        0.10000      172.00000  -999999.00000
  -999999.00000  -999999.00000  -999999.00000  -999999.00000  -999999.00000  -999999.00000  -999999.00000  -999999.00000
INTA_POCITO                                -31.65000   -68.58330   615.00000 2026-07-02 14:50:00     1
     1     1      277.65000       76.00000    95420.00000  -999999.00000        1.70000      177.00000  -999999.00000
  -999999.00000  -999999.00000  -999999.00000  -999999.00000  -999999.00000  -999999.00000  -999999.00000  -999999.00000
INTA_POCITO                                -31.65000   -68.58330   615.00000 2026-07-02 14:55:00     1
     1     1      277.55000       76.00000    95410.00000  -999999.00000        1.90000      161.00000  -999999.00000
  -999999.00000  -999999.00000  -999999.00000  -999999.00000  -999999.00000  -999999.00000  -999999.00000  -999999.00000
INTA_POCITO                                -31.65000   -68.58330   615.00000 2026-07-02 15:00:00     1
     1     1      277.55000       77.00000    95410.00000  -999999.00000        0.60000      200.00000  -999999.00000
  -999999.00000  -999999.00000  -999999.00000  -999999.00000  -999999.00000  -999999.00000  -999999.00000  -999999.00000
INTA_POCITO                                -31.65000   -68.58330   615.00000 2026-07-02 15:05:00     1
     1     1      277.65000       76.00000    95410.00000  -999999.00000        3.10000      167.00000  -999999.00000
  -999999.00000  -999999.00000  -999999.00000  -999999.00000  -999999.00000  -999999.00000  -999999.00000  -999999.00000
INTA_POCITO                                -31.65000   -68.58330   615.00000 2026-07-02 15:10:00     1
     1     1      277.55000       76.00000    95400.00000  -999999.00000        1.40000      172.00000  -999999.00000
  -999999.00000  -999999.00000  -999999.00000  -999999.00000  -999999.00000  -999999.00000  -999999.00000  -999999.00000
INTA_POCITO                                -31.65000   -68.58330   615.00000 2026-07-02 15:15:00     1
     1     1      277.65000       76.00000    95390.00000  -999999.00000        0.20000      203.00000  -999999.00000
  -999999.00000  -999999.00000  -999999.00000  -999999.00000  -999999.00000  -999999.00000  -999999.00000  -999999.00000
INTA_POCITO                                -31.65000   -68.58330   615.00000 2026-07-02 15:20:00     1
     1     1      277.55000       76.00000    95400.00000  -999999.00000        2.90000      177.00000  -999999.00000
  -999999.00000  -999999.00000  -999999.00000  -999999.00000  -999999.00000  -999999.00000  -999999.00000  -999999.00000
INTA_POCITO                                -31.65000   -68.58330   615.00000 2026-07-02 15:25:00     1
     1     1      277.45000       76.00000    95390.00000  -999999.00000        0.40000      174.00000  -999999.00000
  -999999.00000  -999999.00000  -999999.00000  -999999.00000  -999999.00000  -999999.00000  -999999.00000  -999999.00000
INTA_POCITO                                -31.65000   -68.58330   615.00000 2026-07-02 15:30:00     1
     1     1      277.35000       76.00000    95370.00000  -999999.00000        2.20000      163.00000  -999999.00000
  -999999.00000  -999999.00000  -999999.00000  -999999.00000  -999999.00000  -999999.00000  -999999.00000  -999999.00000
INTA_POCITO                                -31.65000   -68.58330   615.00000 2026-07-02 15:35:00     1
     1     1      277.45000       76.00000    95390.00000  -999999.00000        1.70000      178.00000  -999999.00000
  -999999.00000  -999999.00000  -999999.00000  -999999.00000  -999999.00000  -999999.00000  -999999.00000  -999999.00000
INTA_POCITO                                -31.65000   -68.58330   615.00000 2026-07-02 15:40:00     1
     1     1      277.35000       76.00000    95370.00000  -999999.00000        2.10000      155.00000  -999999.00000
  -999999.00000  -999999.00000  -999999.00000  -999999.00000  -999999.00000  -999999.00000  -999999.00000  -999999.00000
INTA_POCITO                                -31.65000   -68.58330   615.00000 2026-07-02 15:45:00     1
     1     1      277.45000       76.00000    95380.00000  -999999.00000        1.00000      174.00000  -999999.00000
  -999999.00000  -999999.00000  -999999.00000  -999999.00000  -999999.00000  -999999.00000  -999999.00000  -999999.00000
INTA_POCITO                                -31.65000   -68.58330   615.00000 2026-07-02 15:50:00     1
     1     1      277.55000       75.00000    95370.00000  -999999.00000        0.40000      168.00000  -999999.00000
  -999999.00000  -999999.00000  -999999.00000  -999999.00000  -999999.00000  -999999.00000  -999999.00000  -999999.00000
INTA_POCITO                                -31.65000   -68.58330   615.00000 2026-07-02 15:55:00     1
     1     1      277.45000       75.00000    95360.00000  -999999.00000        0.90000      173.00000  -999999.00000
  -999999.00000  -999999.00000  -999999.00000  -999999.00000  -999999.00000  -999999.00000  -999999.00000  -999999.00000
INTA_POCITO                                -31.65000   -68.58330   615.00000 2026-07-02 16:00:00     1
     1     1      277.45000       75.00000    95370.00000  -999999.00000        1.90000      175.00000  -999999.00000
  -999999.00000  -999999.00000  -999999.00000  -999999.00000  -999999.00000  -999999.00000  -999999.00000  -999999.00000
INTA_POCITO                                -31.65000   -68.58330   615.00000 2026-07-02 16:05:00     1
     1     1      277.35000       76.00000    95370.00000  -999999.00000        0.20000      163.00000  -999999.00000
  -999999.00000  -999999.00000  -999999.00000  -999999.00000  -999999.00000  -999999.00000  -999999.00000  -999999.00000
INTA_POCITO                                -31.65000   -68.58330   615.00000 2026-07-02 16:10:00     1
     1     1      277.45000       75.00000    95370.00000  -999999.00000        1.80000      166.00000  -999999.00000
  -999999.00000  -999999.00000  -999999.00000  -999999.00000  -999999.00000  -999999.00000  -999999.00000  -999999.00000
INTA_POCITO                                -31.65000   -68.58330   615.00000 2026-07-02 16:15:00     1
     1     1      277.35000       75.00000    95360.00000  -999999.00000        0.90000      162.00000  -999999.00000
  -999999.00000  -999999.00000  -999999.00000  -999999.00000  -999999.00000  -999999.00000  -999999.00000  -999999.00000
INTA_POCITO                                -31.65000   -68.58330   615.00000 2026-07-02 16:20:00     1
     1     1      277.75000       75.00000    95360.00000  -999999.00000        2.00000      187.00000  -999999.00000
  -999999.00000  -999999.00000  -999999.00000  -999999.00000  -999999.00000  -999999.00000  -999999.00000  -999999.00000
INTA_POCITO                                -31.65000   -68.58330   615.00000 2026-07-02 16:25:00     1
     1     1      277.95000       73.00000    95360.00000  -999999.00000        3.70000      163.00000  -999999.00000
  -999999.00000  -999999.00000  -999999.00000  -999999.00000  -999999.00000  -999999.00000  -999999.00000  -999999.00000
INTA_POCITO                                -31.65000   -68.58330   615.00000 2026-07-02 16:30:00     1
     1     1      277.85000       73.00000    95350.00000  -999999.00000        5.80000      159.00000  -999999.00000
  -999999.00000  -999999.00000  -999999.00000  -999999.00000  -999999.00000  -999999.00000  -999999.00000  -999999.00000
INTA_POCITO                                -31.65000   -68.58330   615.00000 2026-07-02 16:35:00     1
     1     1      277.55000       74.00000    95350.00000  -999999.00000        5.20000      182.00000  -999999.00000
  -999999.00000  -999999.00000  -999999.00000  -999999.00000  -999999.00000  -999999.00000  -999999.00000  -999999.00000
INTA_POCITO                                -31.65000   -68.58330   615.00000 2026-07-02 16:40:00     1
     1     1      277.25000       75.00000    95350.00000  -999999.00000        2.30000      170.00000  -999999.00000
  -999999.00000  -999999.00000  -999999.00000  -999999.00000  -999999.00000  -999999.00000  -999999.00000  -999999.00000
INTA_POCITO                                -31.65000   -68.58330   615.00000 2026-07-02 16:45:00     1
     1     1      277.35000       75.00000    95350.00000  -999999.00000        0.60000      149.00000  -999999.00000
  -999999.00000  -999999.00000  -999999.00000  -999999.00000  -999999.00000  -999999.00000  -999999.00000  -999999.00000
INTA_POCITO                                -31.65000   -68.58330   615.00000 2026-07-02 16:50:00     1
     1     1      277.35000       75.00000    95360.00000  -999999.00000        2.30000      190.00000  -999999.00000
  -999999.00000  -999999.00000  -999999.00000  -999999.00000  -999999.00000  -999999.00000  -999999.00000  -999999.00000
INTA_POCITO                                -31.65000   -68.58330   615.00000 2026-07-02 16:55:00     1
     1     1      277.25000       75.00000    95350.00000  -999999.00000        1.90000      180.00000  -999999.00000
  -999999.00000  -999999.00000  -999999.00000  -999999.00000  -999999.00000  -999999.00000  -999999.00000  -999999.00000
INTA_POCITO                                -31.65000   -68.58330   615.00000 2026-07-02 17:00:00     1
     1     1      277.35000       75.00000    95340.00000  -999999.00000        0.50000      158.00000  -999999.00000
  -999999.00000  -999999.00000  -999999.00000  -999999.00000  -999999.00000  -999999.00000  -999999.00000  -999999.00000
INTA_POCITO                                -31.65000   -68.58330   615.00000 2026-07-02 17:05:00     1
     1     1      277.35000       76.00000    95340.00000  -999999.00000        1.10000      164.00000  -999999.00000
  -999999.00000  -999999.00000  -999999.00000  -999999.00000  -999999.00000  -999999.00000  -999999.00000  -999999.00000
INTA_POCITO                                -31.65000   -68.58330   615.00000 2026-07-02 17:10:00     1
     1     1      277.35000       76.00000    95350.00000  -999999.00000        0.70000      157.00000  -999999.00000
  -999999.00000  -999999.00000  -999999.00000  -999999.00000  -999999.00000  -999999.00000  -999999.00000  -999999.00000
INTA_POCITO                                -31.65000   -68.58330   615.00000 2026-07-02 17:15:00     1
     1     1      277.25000       75.00000    95360.00000  -999999.00000        1.70000      176.00000  -999999.00000
  -999999.00000  -999999.00000  -999999.00000  -999999.00000  -999999.00000  -999999.00000  -999999.00000  -999999.00000
INTA_POCITO                                -31.65000   -68.58330   615.00000 2026-07-02 17:20:00     1
     1     1      277.15000       74.00000    95350.00000  -999999.00000        3.80000      149.00000  -999999.00000
  -999999.00000  -999999.00000  -999999.00000  -999999.00000  -999999.00000  -999999.00000  -999999.00000  -999999.00000
INTA_POCITO                                -31.65000   -68.58330   615.00000 2026-07-02 17:25:00     1
     1     1      276.95000       74.00000    95350.00000  -999999.00000        1.80000      168.00000  -999999.00000
  -999999.00000  -999999.00000  -999999.00000  -999999.00000  -999999.00000  -999999.00000  -999999.00000  -999999.00000
INTA_POCITO                                -31.65000   -68.58330   615.00000 2026-07-02 17:30:00     1
     1     1      277.15000       74.00000    95350.00000  -999999.00000        2.50000      174.00000  -999999.00000
  -999999.00000  -999999.00000  -999999.00000  -999999.00000  -999999.00000  -999999.00000  -999999.00000  -999999.00000
INTA_POCITO                                -31.65000   -68.58330   615.00000 2026-07-02 17:35:00     1
     1     1      277.25000       75.00000    95360.00000  -999999.00000        0.10000      230.00000  -999999.00000
  -999999.00000  -999999.00000  -999999.00000  -999999.00000  -999999.00000  -999999.00000  -999999.00000  -999999.00000
INTA_POCITO                                -31.65000   -68.58330   615.00000 2026-07-02 17:40:00     1
     1     1      277.15000       75.00000    95360.00000  -999999.00000        0.70000      173.00000  -999999.00000
  -999999.00000  -999999.00000  -999999.00000  -999999.00000  -999999.00000  -999999.00000  -999999.00000  -999999.00000
INTA_POCITO                                -31.65000   -68.58330   615.00000 2026-07-02 17:45:00     1
     1     1      277.15000       75.00000    95360.00000  -999999.00000        1.50000      182.00000  -999999.00000
  -999999.00000  -999999.00000  -999999.00000  -999999.00000  -999999.00000  -999999.00000  -999999.00000  -999999.00000
INTA_POCITO                                -31.65000   -68.58330   615.00000 2026-07-02 17:50:00     1
     1     1      276.95000       75.00000    95360.00000  -999999.00000        1.90000      207.00000  -999999.00000
  -999999.00000  -999999.00000  -999999.00000  -999999.00000  -999999.00000  -999999.00000  -999999.00000  -999999.00000
INTA_POCITO                                -31.65000   -68.58330   615.00000 2026-07-02 17:55:00     1
     1     1      276.85000       75.00000    95370.00000  -999999.00000        0.60000      172.00000  -999999.00000
  -999999.00000  -999999.00000  -999999.00000  -999999.00000  -999999.00000  -999999.00000  -999999.00000  -999999.00000
INTA_POCITO                                -31.65000   -68.58330   615.00000 2026-07-02 18:00:00     1
     1     1      276.85000       76.00000    95380.00000  -999999.00000        0.10000      184.00000  -999999.00000
  -999999.00000  -999999.00000  -999999.00000  -999999.00000  -999999.00000  -999999.00000  -999999.00000  -999999.00000
INTA_POCITO                                -31.65000   -68.58330   615.00000 2026-07-02 18:05:00     1
     1     1      276.75000       76.00000    95370.00000  -999999.00000        0.80000      168.00000  -999999.00000
  -999999.00000  -999999.00000  -999999.00000  -999999.00000  -999999.00000  -999999.00000  -999999.00000  -999999.00000
INTA_POCITO                                -31.65000   -68.58330   615.00000 2026-07-02 18:10:00     1
     1     1      276.75000       76.00000    95380.00000  -999999.00000        0.00000      167.00000  -999999.00000
  -999999.00000  -999999.00000  -999999.00000  -999999.00000  -999999.00000  -999999.00000  -999999.00000  -999999.00000
INTA_POCITO                                -31.65000   -68.58330   615.00000 2026-07-02 18:15:00     1
     1     1      276.65000       76.00000    95380.00000  -999999.00000        0.00000      176.00000  -999999.00000
  -999999.00000  -999999.00000  -999999.00000  -999999.00000  -999999.00000  -999999.00000  -999999.00000  -999999.00000
INTA_POCITO                                -31.65000   -68.58330   615.00000 2026-07-02 18:20:00     1
     1     1      276.65000       76.00000    95370.00000  -999999.00000        0.90000      169.00000  -999999.00000
  -999999.00000  -999999.00000  -999999.00000  -999999.00000  -999999.00000  -999999.00000  -999999.00000  -999999.00000
INTA_POCITO                                -31.65000   -68.58330   615.00000 2026-07-02 18:25:00     1
     1     1      276.45000       76.00000    95370.00000  -999999.00000        2.20000      177.00000  -999999.00000
  -999999.00000  -999999.00000  -999999.00000  -999999.00000  -999999.00000  -999999.00000  -999999.00000  -999999.00000
INTA_POCITO                                -31.65000   -68.58330   615.00000 2026-07-02 18:30:00     1
     1     1      276.55000       76.00000    95390.00000  -999999.00000        0.40000      180.00000  -999999.00000
  -999999.00000  -999999.00000  -999999.00000  -999999.00000  -999999.00000  -999999.00000  -999999.00000  -999999.00000
INTA_POCITO                                -31.65000   -68.58330   615.00000 2026-07-02 18:35:00     1
     1     1      276.55000       76.00000    95390.00000  -999999.00000        0.40000      177.00000  -999999.00000
  -999999.00000  -999999.00000  -999999.00000  -999999.00000  -999999.00000  -999999.00000  -999999.00000  -999999.00000
INTA_POCITO                                -31.65000   -68.58330   615.00000 2026-07-02 18:40:00     1
     1     1      276.45000       77.00000    95380.00000  -999999.00000        0.60000      159.00000  -999999.00000
  -999999.00000  -999999.00000  -999999.00000  -999999.00000  -999999.00000  -999999.00000  -999999.00000  -999999.00000
INTA_POCITO                                -31.65000   -68.58330   615.00000 2026-07-02 18:45:00     1
     1     1      276.35000       77.00000    95390.00000  -999999.00000        0.80000      162.00000  -999999.00000
  -999999.00000  -999999.00000  -999999.00000  -999999.00000  -999999.00000  -999999.00000  -999999.00000  -999999.00000
INTA_POCITO                                -31.65000   -68.58330   615.00000 2026-07-02 18:50:00     1
     1     1      276.35000       77.00000    95380.00000  -999999.00000        1.20000      182.00000  -999999.00000
  -999999.00000  -999999.00000  -999999.00000  -999999.00000  -999999.00000  -999999.00000  -999999.00000  -999999.00000
INTA_POCITO                                -31.65000   -68.58330   615.00000 2026-07-02 18:55:00     1
     1     1      276.35000       77.00000    95400.00000  -999999.00000        0.10000      163.00000  -999999.00000
  -999999.00000  -999999.00000  -999999.00000  -999999.00000  -999999.00000  -999999.00000  -999999.00000  -999999.00000
INTA_POCITO                                -31.65000   -68.58330   615.00000 2026-07-02 19:00:00     1
     1     1      276.35000       77.00000    95400.00000  -999999.00000        0.30000      153.00000  -999999.00000
  -999999.00000  -999999.00000  -999999.00000  -999999.00000  -999999.00000  -999999.00000  -999999.00000  -999999.00000
INTA_POCITO                                -31.65000   -68.58330   615.00000 2026-07-02 19:05:00     1
     1     1      276.35000       77.00000    95400.00000  -999999.00000        0.00000      174.00000  -999999.00000
  -999999.00000  -999999.00000  -999999.00000  -999999.00000  -999999.00000  -999999.00000  -999999.00000  -999999.00000
INTA_POCITO                                -31.65000   -68.58330   615.00000 2026-07-02 19:10:00     1
     1     1      276.35000       77.00000    95410.00000  -999999.00000        0.00000      172.00000  -999999.00000
  -999999.00000  -999999.00000  -999999.00000  -999999.00000  -999999.00000  -999999.00000  -999999.00000  -999999.00000
INTA_POCITO                                -31.65000   -68.58330   615.00000 2026-07-02 19:15:00     1
     1     1      276.35000       77.00000    95410.00000  -999999.00000        0.00000      165.00000  -999999.00000
  -999999.00000  -999999.00000  -999999.00000  -999999.00000  -999999.00000  -999999.00000  -999999.00000  -999999.00000
INTA_POCITO                                -31.65000   -68.58330   615.00000 2026-07-02 19:20:00     1
     1     1      276.35000       77.00000    95410.00000  -999999.00000        0.10000      159.00000  -999999.00000
  -999999.00000  -999999.00000  -999999.00000  -999999.00000  -999999.00000  -999999.00000  -999999.00000  -999999.00000
INTA_POCITO                                -31.65000   -68.58330   615.00000 2026-07-02 19:25:00     1
     1     1      276.35000       77.00000    95410.00000  -999999.00000        0.00000      163.00000  -999999.00000
  -999999.00000  -999999.00000  -999999.00000  -999999.00000  -999999.00000  -999999.00000  -999999.00000  -999999.00000
INTA_POCITO                                -31.65000   -68.58330   615.00000 2026-07-02 19:30:00     1
     1     1      276.35000       77.00000    95410.00000  -999999.00000        0.10000      158.00000  -999999.00000
  -999999.00000  -999999.00000  -999999.00000  -999999.00000  -999999.00000  -999999.00000  -999999.00000  -999999.00000
INTA_POCITO                                -31.65000   -68.58330   615.00000 2026-07-02 19:35:00     1
     1     1      276.35000       77.00000    95410.00000  -999999.00000        0.00000      170.00000  -999999.00000
  -999999.00000  -999999.00000  -999999.00000  -999999.00000  -999999.00000  -999999.00000  -999999.00000  -999999.00000
INTA_POCITO                                -31.65000   -68.58330   615.00000 2026-07-02 19:40:00     1
     1     1      276.25000       77.00000    95410.00000  -999999.00000        0.00000      164.00000  -999999.00000
  -999999.00000  -999999.00000  -999999.00000  -999999.00000  -999999.00000  -999999.00000  -999999.00000  -999999.00000
INTA_POCITO                                -31.65000   -68.58330   615.00000 2026-07-02 19:45:00     1
     1     1      276.35000       77.00000    95430.00000  -999999.00000        0.00000      164.00000  -999999.00000
  -999999.00000  -999999.00000  -999999.00000  -999999.00000  -999999.00000  -999999.00000  -999999.00000  -999999.00000
INTA_POCITO                                -31.65000   -68.58330   615.00000 2026-07-02 19:50:00     1
     1     1      276.35000       77.00000    95430.00000  -999999.00000        0.00000      158.00000  -999999.00000
  -999999.00000  -999999.00000  -999999.00000  -999999.00000  -999999.00000  -999999.00000  -999999.00000  -999999.00000
INTA_POCITO                                -31.65000   -68.58330   615.00000 2026-07-02 19:55:00     1
     1     1      276.35000       77.00000    95430.00000  -999999.00000        0.00000      162.00000  -999999.00000
  -999999.00000  -999999.00000  -999999.00000  -999999.00000  -999999.00000  -999999.00000  -999999.00000  -999999.00000
INTA_POCITO                                -31.65000   -68.58330   615.00000 2026-07-02 20:00:00     1
     1     1      276.25000       77.00000    95420.00000  -999999.00000        0.00000      154.00000  -999999.00000
  -999999.00000  -999999.00000  -999999.00000  -999999.00000  -999999.00000  -999999.00000  -999999.00000  -999999.00000
INTA_POCITO                                -31.65000   -68.58330   615.00000 2026-07-02 20:05:00     1
     1     1      276.25000       77.00000    95430.00000  -999999.00000        0.10000      166.00000  -999999.00000
  -999999.00000  -999999.00000  -999999.00000  -999999.00000  -999999.00000  -999999.00000  -999999.00000  -999999.00000
INTA_POCITO                                -31.65000   -68.58330   615.00000 2026-07-02 20:10:00     1
     1     1      276.35000       77.00000    95430.00000  -999999.00000        0.00000      164.00000  -999999.00000
  -999999.00000  -999999.00000  -999999.00000  -999999.00000  -999999.00000  -999999.00000  -999999.00000  -999999.00000
INTA_POCITO                                -31.65000   -68.58330   615.00000 2026-07-02 20:15:00     1
     1     1      276.35000       76.00000    95430.00000  -999999.00000        0.40000      182.00000  -999999.00000
  -999999.00000  -999999.00000  -999999.00000  -999999.00000  -999999.00000  -999999.00000  -999999.00000  -999999.00000
INTA_POCITO                                -31.65000   -68.58330   615.00000 2026-07-02 20:20:00     1
     1     1      276.35000       76.00000    95420.00000  -999999.00000        0.00000      169.00000  -999999.00000
  -999999.00000  -999999.00000  -999999.00000  -999999.00000  -999999.00000  -999999.00000  -999999.00000  -999999.00000
INTA_POCITO                                -31.65000   -68.58330   615.00000 2026-07-02 20:25:00     1
     1     1      276.35000       76.00000    95420.00000  -999999.00000        0.00000      161.00000  -999999.00000
  -999999.00000  -999999.00000  -999999.00000  -999999.00000  -999999.00000  -999999.00000  -999999.00000  -999999.00000
INTA_POCITO                                -31.65000   -68.58330   615.00000 2026-07-02 20:30:00     1
     1     1      276.35000       76.00000    95430.00000  -999999.00000        0.00000      155.00000  -999999.00000
  -999999.00000  -999999.00000  -999999.00000  -999999.00000  -999999.00000  -999999.00000  -999999.00000  -999999.00000
INTA_POCITO                                -31.65000   -68.58330   615.00000 2026-07-02 20:35:00     1
     1     1      276.35000       76.00000    95420.00000  -999999.00000        0.00000      165.00000  -999999.00000
  -999999.00000  -999999.00000  -999999.00000  -999999.00000  -999999.00000  -999999.00000  -999999.00000  -999999.00000
INTA_POCITO                                -31.65000   -68.58330   615.00000 2026-07-02 20:40:00     1
     1     1      276.25000       76.00000    95420.00000  -999999.00000        0.00000      168.00000  -999999.00000
  -999999.00000  -999999.00000  -999999.00000  -999999.00000  -999999.00000  -999999.00000  -999999.00000  -999999.00000
INTA_POCITO                                -31.65000   -68.58330   615.00000 2026-07-02 20:45:00     1
     1     1      276.25000       76.00000    95400.00000  -999999.00000        0.10000      168.00000  -999999.00000
  -999999.00000  -999999.00000  -999999.00000  -999999.00000  -999999.00000  -999999.00000  -999999.00000  -999999.00000
INTA_POCITO                                -31.65000   -68.58330   615.00000 2026-07-02 20:50:00     1
     1     1      276.25000       76.00000    95410.00000  -999999.00000        0.00000      160.00000  -999999.00000
  -999999.00000  -999999.00000  -999999.00000  -999999.00000  -999999.00000  -999999.00000  -999999.00000  -999999.00000
INTA_POCITO                                -31.65000   -68.58330   615.00000 2026-07-02 20:55:00     1
     1     1      276.25000       76.00000    95410.00000  -999999.00000        0.00000      161.00000  -999999.00000
  -999999.00000  -999999.00000  -999999.00000  -999999.00000  -999999.00000  -999999.00000  -999999.00000  -999999.00000
INTA_POCITO                                -31.65000   -68.58330   615.00000 2026-07-02 21:00:00     1
     1     1      276.25000       76.00000    95410.00000  -999999.00000        0.00000      166.00000  -999999.00000
  -999999.00000  -999999.00000  -999999.00000  -999999.00000  -999999.00000  -999999.00000  -999999.00000  -999999.00000
INTA_POCITO                                -31.65000   -68.58330   615.00000 2026-07-02 21:05:00     1
     1     1      276.35000       76.00000    95420.00000  -999999.00000        0.00000      162.00000  -999999.00000
  -999999.00000  -999999.00000  -999999.00000  -999999.00000  -999999.00000  -999999.00000  -999999.00000  -999999.00000
INTA_POCITO                                -31.65000   -68.58330   615.00000 2026-07-02 21:10:00     1
     1     1      276.35000       76.00000    95420.00000  -999999.00000        0.00000      166.00000  -999999.00000
  -999999.00000  -999999.00000  -999999.00000  -999999.00000  -999999.00000  -999999.00000  -999999.00000  -999999.00000
INTA_POCITO                                -31.65000   -68.58330   615.00000 2026-07-02 21:15:00     1
     1     1      276.35000       76.00000    95420.00000  -999999.00000        0.00000      158.00000  -999999.00000
  -999999.00000  -999999.00000  -999999.00000  -999999.00000  -999999.00000  -999999.00000  -999999.00000  -999999.00000
INTA_POCITO                                -31.65000   -68.58330   615.00000 2026-07-02 21:20:00     1
     1     1      276.35000       76.00000    95410.00000  -999999.00000        0.00000      159.00000  -999999.00000
  -999999.00000  -999999.00000  -999999.00000  -999999.00000  -999999.00000  -999999.00000  -999999.00000  -999999.00000
INTA_POCITO                                -31.65000   -68.58330   615.00000 2026-07-02 21:25:00     1
     1     1      276.35000       76.00000    95420.00000  -999999.00000        0.00000      169.00000  -999999.00000
  -999999.00000  -999999.00000  -999999.00000  -999999.00000  -999999.00000  -999999.00000  -999999.00000  -999999.00000
INTA_POCITO                                -31.65000   -68.58330   615.00000 2026-07-02 21:30:00     1
     1     1      276.35000       76.00000    95420.00000  -999999.00000        0.00000      165.00000  -999999.00000
  -999999.00000  -999999.00000  -999999.00000  -999999.00000  -999999.00000  -999999.00000  -999999.00000  -999999.00000
INTA_POCITO                                -31.65000   -68.58330   615.00000 2026-07-02 21:35:00     1
     1     1      276.35000       76.00000    95410.00000  -999999.00000        0.00000      164.00000  -999999.00000
  -999999.00000  -999999.00000  -999999.00000  -999999.00000  -999999.00000  -999999.00000  -999999.00000  -999999.00000
INTA_POCITO                                -31.65000   -68.58330   615.00000 2026-07-02 21:40:00     1
     1     1      276.35000       76.00000    95410.00000  -999999.00000        0.00000      166.00000  -999999.00000
  -999999.00000  -999999.00000  -999999.00000  -999999.00000  -999999.00000  -999999.00000  -999999.00000  -999999.00000
INTA_POCITO                                -31.65000   -68.58330   615.00000 2026-07-02 21:45:00     1
     1     1      276.35000       76.00000    95420.00000  -999999.00000        0.00000      158.00000  -999999.00000
  -999999.00000  -999999.00000  -999999.00000  -999999.00000  -999999.00000  -999999.00000  -999999.00000  -999999.00000
INTA_POCITO                                -31.65000   -68.58330   615.00000 2026-07-02 21:50:00     1
     1     1      276.35000       76.00000    95420.00000  -999999.00000        0.00000      159.00000  -999999.00000
  -999999.00000  -999999.00000  -999999.00000  -999999.00000  -999999.00000  -999999.00000  -999999.00000  -999999.00000
INTA_POCITO                                -31.65000   -68.58330   615.00000 2026-07-02 21:55:00     1
     1     1      276.35000       76.00000    95410.00000  -999999.00000        0.00000      159.00000  -999999.00000
  -999999.00000  -999999.00000  -999999.00000  -999999.00000  -999999.00000  -999999.00000  -999999.00000  -999999.00000
INTA_POCITO                                -31.65000   -68.58330   615.00000 2026-07-02 22:00:00     1
     1     1      276.35000       76.00000    95410.00000  -999999.00000        0.00000      162.00000  -999999.00000
  -999999.00000  -999999.00000  -999999.00000  -999999.00000  -999999.00000  -999999.00000  -999999.00000  -999999.00000
INTA_POCITO                                -31.65000   -68.58330   615.00000 2026-07-02 22:05:00     1
     1     1      276.35000       76.00000    95400.00000  -999999.00000        0.00000      159.00000  -999999.00000
  -999999.00000  -999999.00000  -999999.00000  -999999.00000  -999999.00000  -999999.00000  -999999.00000  -999999.00000
INTA_POCITO                                -31.65000   -68.58330   615.00000 2026-07-02 22:10:00     1
     1     1      276.35000       76.00000    95410.00000  -999999.00000        0.00000      162.00000  -999999.00000
  -999999.00000  -999999.00000  -999999.00000  -999999.00000  -999999.00000  -999999.00000  -999999.00000  -999999.00000
INTA_POCITO                                -31.65000   -68.58330   615.00000 2026-07-02 22:15:00     1
     1     1      276.35000       76.00000    95400.00000  -999999.00000        0.00000      165.00000  -999999.00000
  -999999.00000  -999999.00000  -999999.00000  -999999.00000  -999999.00000  -999999.00000  -999999.00000  -999999.00000
INTA_POCITO                                -31.65000   -68.58330   615.00000 2026-07-02 22:20:00     1
     1     1      276.35000       76.00000    95400.00000  -999999.00000        0.00000      166.00000  -999999.00000
  -999999.00000  -999999.00000  -999999.00000  -999999.00000  -999999.00000  -999999.00000  -999999.00000  -999999.00000
INTA_POCITO                                -31.65000   -68.58330   615.00000 2026-07-02 22:25:00     1
     1     1      276.35000       77.00000    95400.00000  -999999.00000        0.00000      165.00000  -999999.00000
  -999999.00000  -999999.00000  -999999.00000  -999999.00000  -999999.00000  -999999.00000  -999999.00000  -999999.00000
INTA_POCITO                                -31.65000   -68.58330   615.00000 2026-07-02 22:30:00     1
     1     1      276.35000       77.00000    95390.00000  -999999.00000        0.00000      168.00000  -999999.00000
  -999999.00000  -999999.00000  -999999.00000  -999999.00000  -999999.00000  -999999.00000  -999999.00000  -999999.00000
INTA_POCITO                                -31.65000   -68.58330   615.00000 2026-07-02 22:35:00     1
     1     1      276.35000       78.00000    95390.00000  -999999.00000        0.00000      168.00000  -999999.00000
  -999999.00000  -999999.00000  -999999.00000  -999999.00000  -999999.00000  -999999.00000  -999999.00000  -999999.00000
INTA_POCITO                                -31.65000   -68.58330   615.00000 2026-07-02 22:40:00     1
     1     1      276.25000       78.00000    95390.00000  -999999.00000        0.00000      168.00000  -999999.00000
  -999999.00000  -999999.00000  -999999.00000  -999999.00000  -999999.00000  -999999.00000  -999999.00000  -999999.00000
INTA_POCITO                                -31.65000   -68.58330   615.00000 2026-07-02 22:45:00     1
     1     1      276.25000       79.00000    95400.00000  -999999.00000        0.00000      172.00000  -999999.00000
  -999999.00000  -999999.00000  -999999.00000  -999999.00000  -999999.00000  -999999.00000  -999999.00000  -999999.00000
INTA_POCITO                                -31.65000   -68.58330   615.00000 2026-07-02 22:50:00     1
     1     1      276.15000       79.00000    95390.00000  -999999.00000        0.00000      172.00000  -999999.00000
  -999999.00000  -999999.00000  -999999.00000  -999999.00000  -999999.00000  -999999.00000  -999999.00000  -999999.00000
INTA_POCITO                                -31.65000   -68.58330   615.00000 2026-07-02 22:55:00     1
     1     1      276.15000       80.00000    95390.00000  -999999.00000        0.00000      170.00000  -999999.00000
  -999999.00000  -999999.00000  -999999.00000  -999999.00000  -999999.00000  -999999.00000  -999999.00000  -999999.00000
INTA_POCITO                                -31.65000   -68.58330   615.00000 2026-07-02 23:00:00     1
     1     1      276.15000       80.00000    95390.00000  -999999.00000        0.00000      170.00000  -999999.00000
  -999999.00000  -999999.00000  -999999.00000  -999999.00000  -999999.00000  -999999.00000  -999999.00000  -999999.00000
INTA_POCITO                                -31.65000   -68.58330   615.00000 2026-07-02 23:05:00     1
     1     1      276.05000       80.00000    95390.00000  -999999.00000        0.00000      168.00000  -999999.00000
  -999999.00000  -999999.00000  -999999.00000  -999999.00000  -999999.00000  -999999.00000  -999999.00000  -999999.00000
INTA_POCITO                                -31.65000   -68.58330   615.00000 2026-07-02 23:10:00     1
     1     1      276.05000       80.00000    95390.00000  -999999.00000        0.00000      167.00000  -999999.00000
  -999999.00000  -999999.00000  -999999.00000  -999999.00000  -999999.00000  -999999.00000  -999999.00000  -999999.00000
INTA_POCITO                                -31.65000   -68.58330   615.00000 2026-07-02 23:15:00     1
     1     1      276.05000       80.00000    95370.00000  -999999.00000        0.00000      167.00000  -999999.00000
  -999999.00000  -999999.00000  -999999.00000  -999999.00000  -999999.00000  -999999.00000  -999999.00000  -999999.00000
INTA_POCITO                                -31.65000   -68.58330   615.00000 2026-07-02 23:20:00     1
     1     1      276.05000       80.00000    95370.00000  -999999.00000        0.00000      167.00000  -999999.00000
  -999999.00000  -999999.00000  -999999.00000  -999999.00000  -999999.00000  -999999.00000  -999999.00000  -999999.00000
INTA_POCITO                                -31.65000   -68.58330   615.00000 2026-07-02 23:25:00     1
     1     1      276.05000       80.00000    95360.00000  -999999.00000        0.00000      167.00000  -999999.00000
  -999999.00000  -999999.00000  -999999.00000  -999999.00000  -999999.00000  -999999.00000  -999999.00000  -999999.00000
INTA_POCITO                                -31.65000   -68.58330   615.00000 2026-07-02 23:30:00     1
     1     1      276.05000       80.00000    95360.00000  -999999.00000        0.00000      165.00000  -999999.00000
  -999999.00000  -999999.00000  -999999.00000  -999999.00000  -999999.00000  -999999.00000  -999999.00000  -999999.00000
INTA_POCITO                                -31.65000   -68.58330   615.00000 2026-07-02 23:35:00     1
     1     1      276.05000       79.00000    95360.00000  -999999.00000        0.00000      161.00000  -999999.00000
  -999999.00000  -999999.00000  -999999.00000  -999999.00000  -999999.00000  -999999.00000  -999999.00000  -999999.00000
INTA_POCITO                                -31.65000   -68.58330   615.00000 2026-07-02 23:40:00     1
     1     1      276.15000       79.00000    95360.00000  -999999.00000        0.00000      161.00000  -999999.00000
  -999999.00000  -999999.00000  -999999.00000  -999999.00000  -999999.00000  -999999.00000  -999999.00000  -999999.00000
INTA_POCITO                                -31.65000   -68.58330   615.00000 2026-07-02 23:45:00     1
     1     1      276.15000       79.00000    95360.00000  -999999.00000        0.00000      163.00000  -999999.00000
  -999999.00000  -999999.00000  -999999.00000  -999999.00000  -999999.00000  -999999.00000  -999999.00000  -999999.00000
INTA_POCITO                                -31.65000   -68.58330   615.00000 2026-07-02 23:50:00     1
     1     1      276.15000       79.00000    95360.00000  -999999.00000        0.00000      163.00000  -999999.00000
  -999999.00000  -999999.00000  -999999.00000  -999999.00000  -999999.00000  -999999.00000  -999999.00000  -999999.00000
INTA_POCITO                                -31.65000   -68.58330   615.00000 2026-07-02 23:55:00     1
     1     1      276.05000       79.00000    95360.00000  -999999.00000        0.00000      163.00000  -999999.00000
  -999999.00000  -999999.00000  -999999.00000  -999999.00000  -999999.00000  -999999.00000  -999999.00000  -999999.00000
ULLUM_EMBALSE                              -31.46670   -68.66670   768.00000 2026-07-02 00:00:00     1
     1     1      273.25000       93.00000    94030.00000  -999999.00000        9.00000      192.00000  -999999.00000
  -999999.00000  -999999.00000  -999999.00000  -999999.00000  -999999.00000  -999999.00000  -999999.00000  -999999.00000
ULLUM_EMBALSE                              -31.46670   -68.66670   768.00000 2026-07-02 00:05:00     1
     1     1      273.15000       93.00000    94040.00000  -999999.00000        7.80000      184.00000  -999999.00000
  -999999.00000  -999999.00000  -999999.00000  -999999.00000  -999999.00000  -999999.00000  -999999.00000  -999999.00000
ULLUM_EMBALSE                              -31.46670   -68.66670   768.00000 2026-07-02 00:10:00     1
     1     1      273.25000       93.00000    94010.00000  -999999.00000        7.20000      188.00000  -999999.00000
  -999999.00000  -999999.00000  -999999.00000  -999999.00000  -999999.00000  -999999.00000  -999999.00000  -999999.00000
ULLUM_EMBALSE                              -31.46670   -68.66670   768.00000 2026-07-02 00:15:00     1
     1     1      273.25000       93.00000    94040.00000  -999999.00000        8.00000      185.00000  -999999.00000
  -999999.00000  -999999.00000  -999999.00000  -999999.00000  -999999.00000  -999999.00000  -999999.00000  -999999.00000
ULLUM_EMBALSE                              -31.46670   -68.66670   768.00000 2026-07-02 00:20:00     1
     1     1      273.15000       93.00000    94030.00000  -999999.00000        9.40000      165.00000  -999999.00000
  -999999.00000  -999999.00000  -999999.00000  -999999.00000  -999999.00000  -999999.00000  -999999.00000  -999999.00000
ULLUM_EMBALSE                              -31.46670   -68.66670   768.00000 2026-07-02 00:25:00     1
     1     1      273.15000       93.00000    94010.00000  -999999.00000        9.40000      176.00000  -999999.00000
  -999999.00000  -999999.00000  -999999.00000  -999999.00000  -999999.00000  -999999.00000  -999999.00000  -999999.00000
ULLUM_EMBALSE                              -31.46670   -68.66670   768.00000 2026-07-02 00:30:00     1
     1     1      273.15000       93.00000    94030.00000  -999999.00000       10.60000      167.00000  -999999.00000
  -999999.00000  -999999.00000  -999999.00000  -999999.00000  -999999.00000  -999999.00000  -999999.00000  -999999.00000
ULLUM_EMBALSE                              -31.46670   -68.66670   768.00000 2026-07-02 00:35:00     1
     1     1      273.05000       93.00000    94030.00000  -999999.00000        9.30000      171.00000  -999999.00000
  -999999.00000  -999999.00000  -999999.00000  -999999.00000  -999999.00000  -999999.00000  -999999.00000  -999999.00000
ULLUM_EMBALSE                              -31.46670   -68.66670   768.00000 2026-07-02 00:40:00     1
     1     1      273.15000       93.00000    94030.00000  -999999.00000        9.50000      174.00000  -999999.00000
  -999999.00000  -999999.00000  -999999.00000  -999999.00000  -999999.00000  -999999.00000  -999999.00000  -999999.00000
ULLUM_EMBALSE                              -31.46670   -68.66670   768.00000 2026-07-02 00:45:00     1
     1     1      273.05000       93.00000    94030.00000  -999999.00000        9.00000      176.00000  -999999.00000
  -999999.00000  -999999.00000  -999999.00000  -999999.00000  -999999.00000  -999999.00000  -999999.00000  -999999.00000
ULLUM_EMBALSE                              -31.46670   -68.66670   768.00000 2026-07-02 00:50:00     1
     1     1      273.15000       93.00000    94040.00000  -999999.00000       10.10000      169.00000  -999999.00000
  -999999.00000  -999999.00000  -999999.00000  -999999.00000  -999999.00000  -999999.00000  -999999.00000  -999999.00000
ULLUM_EMBALSE                              -31.46670   -68.66670   768.00000 2026-07-02 00:55:00     1
     1     1      273.15000       93.00000    94040.00000  -999999.00000        7.50000      158.00000  -999999.00000
  -999999.00000  -999999.00000  -999999.00000  -999999.00000  -999999.00000  -999999.00000  -999999.00000  -999999.00000
ULLUM_EMBALSE                              -31.46670   -68.66670   768.00000 2026-07-02 01:00:00     1
     1     1      273.35000       93.00000    94040.00000  -999999.00000        9.40000      175.00000  -999999.00000
  -999999.00000  -999999.00000  -999999.00000  -999999.00000  -999999.00000  -999999.00000  -999999.00000  -999999.00000
ULLUM_EMBALSE                              -31.46670   -68.66670   768.00000 2026-07-02 01:05:00     1
     1     1      273.25000       93.00000    94050.00000  -999999.00000        9.60000      182.00000  -999999.00000
  -999999.00000  -999999.00000  -999999.00000  -999999.00000  -999999.00000  -999999.00000  -999999.00000  -999999.00000
ULLUM_EMBALSE                              -31.46670   -68.66670   768.00000 2026-07-02 01:10:00     1
     1     1      273.15000       93.00000    94050.00000  -999999.00000       10.30000      175.00000  -999999.00000
  -999999.00000  -999999.00000  -999999.00000  -999999.00000  -999999.00000  -999999.00000  -999999.00000  -999999.00000
ULLUM_EMBALSE                              -31.46670   -68.66670   768.00000 2026-07-02 01:15:00     1
     1     1      273.15000       93.00000    94050.00000  -999999.00000       11.00000      167.00000  -999999.00000
  -999999.00000  -999999.00000  -999999.00000  -999999.00000  -999999.00000  -999999.00000  -999999.00000  -999999.00000
ULLUM_EMBALSE                              -31.46670   -68.66670   768.00000 2026-07-02 01:20:00     1
     1     1      273.15000       93.00000    94040.00000  -999999.00000       10.10000      175.00000  -999999.00000
  -999999.00000  -999999.00000  -999999.00000  -999999.00000  -999999.00000  -999999.00000  -999999.00000  -999999.00000
ULLUM_EMBALSE                              -31.46670   -68.66670   768.00000 2026-07-02 01:25:00     1
     1     1      273.05000       93.00000    94040.00000  -999999.00000       10.80000      171.00000  -999999.00000
  -999999.00000  -999999.00000  -999999.00000  -999999.00000  -999999.00000  -999999.00000  -999999.00000  -999999.00000
ULLUM_EMBALSE                              -31.46670   -68.66670   768.00000 2026-07-02 01:30:00     1
     1     1      273.15000       93.00000    94050.00000  -999999.00000        8.90000      174.00000  -999999.00000
  -999999.00000  -999999.00000  -999999.00000  -999999.00000  -999999.00000  -999999.00000  -999999.00000  -999999.00000
ULLUM_EMBALSE                              -31.46670   -68.66670   768.00000 2026-07-02 01:35:00     1
     1     1      273.15000       93.00000    94040.00000  -999999.00000       11.30000      166.00000  -999999.00000
  -999999.00000  -999999.00000  -999999.00000  -999999.00000  -999999.00000  -999999.00000  -999999.00000  -999999.00000
ULLUM_EMBALSE                              -31.46670   -68.66670   768.00000 2026-07-02 01:40:00     1
     1     1      273.15000       93.00000    94040.00000  -999999.00000        8.00000      165.00000  -999999.00000
  -999999.00000  -999999.00000  -999999.00000  -999999.00000  -999999.00000  -999999.00000  -999999.00000  -999999.00000
ULLUM_EMBALSE                              -31.46670   -68.66670   768.00000 2026-07-02 01:45:00     1
     1     1      273.05000       93.00000    94050.00000  -999999.00000       10.20000      175.00000  -999999.00000
  -999999.00000  -999999.00000  -999999.00000  -999999.00000  -999999.00000  -999999.00000  -999999.00000  -999999.00000
ULLUM_EMBALSE                              -31.46670   -68.66670   768.00000 2026-07-02 01:50:00     1
     1     1      273.05000       93.00000    94050.00000  -999999.00000        9.10000      169.00000  -999999.00000
  -999999.00000  -999999.00000  -999999.00000  -999999.00000  -999999.00000  -999999.00000  -999999.00000  -999999.00000
ULLUM_EMBALSE                              -31.46670   -68.66670   768.00000 2026-07-02 01:55:00     1
     1     1      272.95000       93.00000    94050.00000  -999999.00000       10.20000      173.00000  -999999.00000
  -999999.00000  -999999.00000  -999999.00000  -999999.00000  -999999.00000  -999999.00000  -999999.00000  -999999.00000
ULLUM_EMBALSE                              -31.46670   -68.66670   768.00000 2026-07-02 02:00:00     1
     1     1      273.05000       93.00000    94060.00000  -999999.00000        7.70000      173.00000  -999999.00000
  -999999.00000  -999999.00000  -999999.00000  -999999.00000  -999999.00000  -999999.00000  -999999.00000  -999999.00000
ULLUM_EMBALSE                              -31.46670   -68.66670   768.00000 2026-07-02 02:05:00     1
     1     1      273.05000       92.00000    94040.00000  -999999.00000       10.70000      169.00000  -999999.00000
  -999999.00000  -999999.00000  -999999.00000  -999999.00000  -999999.00000  -999999.00000  -999999.00000  -999999.00000
ULLUM_EMBALSE                              -31.46670   -68.66670   768.00000 2026-07-02 02:10:00     1
     1     1      273.05000       92.00000    94050.00000  -999999.00000       10.10000      171.00000  -999999.00000
  -999999.00000  -999999.00000  -999999.00000  -999999.00000  -999999.00000  -999999.00000  -999999.00000  -999999.00000
ULLUM_EMBALSE                              -31.46670   -68.66670   768.00000 2026-07-02 02:15:00     1
     1     1      273.05000       92.00000    94040.00000  -999999.00000        9.00000      181.00000  -999999.00000
  -999999.00000  -999999.00000  -999999.00000  -999999.00000  -999999.00000  -999999.00000  -999999.00000  -999999.00000
ULLUM_EMBALSE                              -31.46670   -68.66670   768.00000 2026-07-02 02:20:00     1
     1     1      272.95000       92.00000    94040.00000  -999999.00000        9.40000      180.00000  -999999.00000
  -999999.00000  -999999.00000  -999999.00000  -999999.00000  -999999.00000  -999999.00000  -999999.00000  -999999.00000
ULLUM_EMBALSE                              -31.46670   -68.66670   768.00000 2026-07-02 02:25:00     1
     1     1      273.05000       92.00000    94030.00000  -999999.00000        9.10000      180.00000  -999999.00000
  -999999.00000  -999999.00000  -999999.00000  -999999.00000  -999999.00000  -999999.00000  -999999.00000  -999999.00000
ULLUM_EMBALSE                              -31.46670   -68.66670   768.00000 2026-07-02 02:30:00     1
     1     1      272.95000       92.00000    94030.00000  -999999.00000       10.40000      172.00000  -999999.00000
  -999999.00000  -999999.00000  -999999.00000  -999999.00000  -999999.00000  -999999.00000  -999999.00000  -999999.00000
ULLUM_EMBALSE                              -31.46670   -68.66670   768.00000 2026-07-02 02:35:00     1
     1     1      272.95000       92.00000    94040.00000  -999999.00000        9.00000      186.00000  -999999.00000
  -999999.00000  -999999.00000  -999999.00000  -999999.00000  -999999.00000  -999999.00000  -999999.00000  -999999.00000
ULLUM_EMBALSE                              -31.46670   -68.66670   768.00000 2026-07-02 02:40:00     1
     1     1      272.95000       92.00000    94030.00000  -999999.00000        9.20000      180.00000  -999999.00000
  -999999.00000  -999999.00000  -999999.00000  -999999.00000  -999999.00000  -999999.00000  -999999.00000  -999999.00000
ULLUM_EMBALSE                              -31.46670   -68.66670   768.00000 2026-07-02 02:45:00     1
     1     1      272.95000       92.00000    94030.00000  -999999.00000        8.80000      168.00000  -999999.00000
  -999999.00000  -999999.00000  -999999.00000  -999999.00000  -999999.00000  -999999.00000  -999999.00000  -999999.00000
ULLUM_EMBALSE                              -31.46670   -68.66670   768.00000 2026-07-02 02:50:00     1
     1     1      272.95000       92.00000    94030.00000  -999999.00000        9.40000      175.00000  -999999.00000
  -999999.00000  -999999.00000  -999999.00000  -999999.00000  -999999.00000  -999999.00000  -999999.00000  -999999.00000
ULLUM_EMBALSE                              -31.46670   -68.66670   768.00000 2026-07-02 02:55:00     1
     1     1      272.85000       93.00000    94030.00000  -999999.00000       10.70000      169.00000  -999999.00000
  -999999.00000  -999999.00000  -999999.00000  -999999.00000  -999999.00000  -999999.00000  -999999.00000  -999999.00000
ULLUM_EMBALSE                              -31.46670   -68.66670   768.00000 2026-07-02 03:00:00     1
     1     1      272.85000       93.00000    94020.00000  -999999.00000        9.40000      176.00000  -999999.00000
  -999999.00000  -999999.00000  -999999.00000  -999999.00000  -999999.00000  -999999.00000  -999999.00000  -999999.00000
ULLUM_EMBALSE                              -31.46670   -68.66670   768.00000 2026-07-02 03:05:00     1
     1     1      272.95000       93.00000    94010.00000  -999999.00000        8.40000      188.00000  -999999.00000
  -999999.00000  -999999.00000  -999999.00000  -999999.00000  -999999.00000  -999999.00000  -999999.00000  -999999.00000
ULLUM_EMBALSE                              -31.46670   -68.66670   768.00000 2026-07-02 03:10:00     1
     1     1      272.95000       93.00000    94010.00000  -999999.00000        8.60000      184.00000  -999999.00000
  -999999.00000  -999999.00000  -999999.00000  -999999.00000  -999999.00000  -999999.00000  -999999.00000  -999999.00000
ULLUM_EMBALSE                              -31.46670   -68.66670   768.00000 2026-07-02 03:15:00     1
     1     1      272.95000       93.00000    94010.00000  -999999.00000        8.00000      182.00000  -999999.00000
  -999999.00000  -999999.00000  -999999.00000  -999999.00000  -999999.00000  -999999.00000  -999999.00000  -999999.00000
ULLUM_EMBALSE                              -31.46670   -68.66670   768.00000 2026-07-02 03:20:00     1
     1     1      272.85000       93.00000    94000.00000  -999999.00000        7.20000      184.00000  -999999.00000
  -999999.00000  -999999.00000  -999999.00000  -999999.00000  -999999.00000  -999999.00000  -999999.00000  -999999.00000
ULLUM_EMBALSE                              -31.46670   -68.66670   768.00000 2026-07-02 03:25:00     1
     1     1      272.95000       94.00000    93990.00000  -999999.00000        6.60000      181.00000  -999999.00000
  -999999.00000  -999999.00000  -999999.00000  -999999.00000  -999999.00000  -999999.00000  -999999.00000  -999999.00000
ULLUM_EMBALSE                              -31.46670   -68.66670   768.00000 2026-07-02 03:30:00     1
     1     1      272.95000       94.00000    93990.00000  -999999.00000        6.60000      192.00000  -999999.00000
  -999999.00000  -999999.00000  -999999.00000  -999999.00000  -999999.00000  -999999.00000  -999999.00000  -999999.00000
ULLUM_EMBALSE                              -31.46670   -68.66670   768.00000 2026-07-02 03:35:00     1
     1     1      272.75000       94.00000    93980.00000  -999999.00000        7.80000      191.00000  -999999.00000
  -999999.00000  -999999.00000  -999999.00000  -999999.00000  -999999.00000  -999999.00000  -999999.00000  -999999.00000
ULLUM_EMBALSE                              -31.46670   -68.66670   768.00000 2026-07-02 03:40:00     1
     1     1      272.85000       94.00000    93990.00000  -999999.00000        8.10000      191.00000  -999999.00000
  -999999.00000  -999999.00000  -999999.00000  -999999.00000  -999999.00000  -999999.00000  -999999.00000  -999999.00000
ULLUM_EMBALSE                              -31.46670   -68.66670   768.00000 2026-07-02 03:45:00     1
     1     1      272.95000       94.00000    93990.00000  -999999.00000        6.30000      182.00000  -999999.00000
  -999999.00000  -999999.00000  -999999.00000  -999999.00000  -999999.00000  -999999.00000  -999999.00000  -999999.00000
ULLUM_EMBALSE                              -31.46670   -68.66670   768.00000 2026-07-02 03:50:00     1
     1     1      272.85000       94.00000    93990.00000  -999999.00000        6.80000      184.00000  -999999.00000
  -999999.00000  -999999.00000  -999999.00000  -999999.00000  -999999.00000  -999999.00000  -999999.00000  -999999.00000
ULLUM_EMBALSE                              -31.46670   -68.66670   768.00000 2026-07-02 03:55:00     1
     1     1      272.85000       94.00000    93990.00000  -999999.00000        8.60000      172.00000  -999999.00000
  -999999.00000  -999999.00000  -999999.00000  -999999.00000  -999999.00000  -999999.00000  -999999.00000  -999999.00000
ULLUM_EMBALSE                              -31.46670   -68.66670   768.00000 2026-07-02 04:00:00     1
     1     1      272.85000       94.00000    93980.00000  -999999.00000        7.10000      178.00000  -999999.00000
  -999999.00000  -999999.00000  -999999.00000  -999999.00000  -999999.00000  -999999.00000  -999999.00000  -999999.00000
ULLUM_EMBALSE                              -31.46670   -68.66670   768.00000 2026-07-02 04:05:00     1
     1     1      272.95000       94.00000    93970.00000  -999999.00000        7.70000      175.00000  -999999.00000
  -999999.00000  -999999.00000  -999999.00000  -999999.00000  -999999.00000  -999999.00000  -999999.00000  -999999.00000
ULLUM_EMBALSE                              -31.46670   -68.66670   768.00000 2026-07-02 04:10:00     1
     1     1      272.85000       94.00000    93980.00000  -999999.00000        6.00000      168.00000  -999999.00000
  -999999.00000  -999999.00000  -999999.00000  -999999.00000  -999999.00000  -999999.00000  -999999.00000  -999999.00000
ULLUM_EMBALSE                              -31.46670   -68.66670   768.00000 2026-07-02 04:15:00     1
     1     1      272.85000       94.00000    93970.00000  -999999.00000        8.20000      172.00000  -999999.00000
  -999999.00000  -999999.00000  -999999.00000  -999999.00000  -999999.00000  -999999.00000  -999999.00000  -999999.00000
ULLUM_EMBALSE                              -31.46670   -68.66670   768.00000 2026-07-02 04:20:00     1
     1     1      272.85000       94.00000    93970.00000  -999999.00000        7.70000      180.00000  -999999.00000
  -999999.00000  -999999.00000  -999999.00000  -999999.00000  -999999.00000  -999999.00000  -999999.00000  -999999.00000
ULLUM_EMBALSE                              -31.46670   -68.66670   768.00000 2026-07-02 04:25:00     1
     1     1      272.85000       94.00000    93970.00000  -999999.00000        6.30000      186.00000  -999999.00000
  -999999.00000  -999999.00000  -999999.00000  -999999.00000  -999999.00000  -999999.00000  -999999.00000  -999999.00000
ULLUM_EMBALSE                              -31.46670   -68.66670   768.00000 2026-07-02 04:30:00     1
     1     1      272.75000       94.00000    93960.00000  -999999.00000        6.80000      180.00000  -999999.00000
  -999999.00000  -999999.00000  -999999.00000  -999999.00000  -999999.00000  -999999.00000  -999999.00000  -999999.00000
ULLUM_EMBALSE                              -31.46670   -68.66670   768.00000 2026-07-02 04:35:00     1
     1     1      272.85000       95.00000    93960.00000  -999999.00000        7.40000      183.00000  -999999.00000
  -999999.00000  -999999.00000  -999999.00000  -999999.00000  -999999.00000  -999999.00000  -999999.00000  -999999.00000
ULLUM_EMBALSE                              -31.46670   -68.66670   768.00000 2026-07-02 04:40:00     1
     1     1      272.75000       95.00000    93960.00000  -999999.00000        5.80000      188.00000  -999999.00000
  -999999.00000  -999999.00000  -999999.00000  -999999.00000  -999999.00000  -999999.00000  -999999.00000  -999999.00000
ULLUM_EMBALSE                              -31.46670   -68.66670   768.00000 2026-07-02 04:45:00     1
     1     1      272.75000       95.00000    93950.00000  -999999.00000        7.00000      174.00000  -999999.00000
  -999999.00000  -999999.00000  -999999.00000  -999999.00000  -999999.00000  -999999.00000  -999999.00000  -999999.00000
ULLUM_EMBALSE                              -31.46670   -68.66670   768.00000 2026-07-02 04:50:00     1
     1     1      272.75000       95.00000    93960.00000  -999999.00000        6.90000      167.00000  -999999.00000
  -999999.00000  -999999.00000  -999999.00000  -999999.00000  -999999.00000  -999999.00000  -999999.00000  -999999.00000
ULLUM_EMBALSE                              -31.46670   -68.66670   768.00000 2026-07-02 04:55:00     1
     1     1      272.75000       95.00000    93950.00000  -999999.00000        7.20000      176.00000  -999999.00000
  -999999.00000  -999999.00000  -999999.00000  -999999.00000  -999999.00000  -999999.00000  -999999.00000  -999999.00000
ULLUM_EMBALSE                              -31.46670   -68.66670   768.00000 2026-07-02 05:00:00     1
     1     1      272.65000       95.00000    93950.00000  -999999.00000        7.90000      171.00000  -999999.00000
  -999999.00000  -999999.00000  -999999.00000  -999999.00000  -999999.00000  -999999.00000  -999999.00000  -999999.00000
ULLUM_EMBALSE                              -31.46670   -68.66670   768.00000 2026-07-02 05:05:00     1
     1     1      272.55000       95.00000    93960.00000  -999999.00000        6.70000      168.00000  -999999.00000
  -999999.00000  -999999.00000  -999999.00000  -999999.00000  -999999.00000  -999999.00000  -999999.00000  -999999.00000
ULLUM_EMBALSE                              -31.46670   -68.66670   768.00000 2026-07-02 05:10:00     1
     1     1      272.45000       95.00000    93950.00000  -999999.00000        7.80000      166.00000  -999999.00000
  -999999.00000  -999999.00000  -999999.00000  -999999.00000  -999999.00000  -999999.00000  -999999.00000  -999999.00000
ULLUM_EMBALSE                              -31.46670   -68.66670   768.00000 2026-07-02 05:15:00     1
     1     1      272.55000       95.00000    93950.00000  -999999.00000        6.50000      167.00000  -999999.00000
  -999999.00000  -999999.00000  -999999.00000  -999999.00000  -999999.00000  -999999.00000  -999999.00000  -999999.00000
ULLUM_EMBALSE                              -31.46670   -68.66670   768.00000 2026-07-02 05:20:00     1
     1     1      272.65000       95.00000    93950.00000  -999999.00000        5.00000      174.00000  -999999.00000
  -999999.00000  -999999.00000  -999999.00000  -999999.00000  -999999.00000  -999999.00000  -999999.00000  -999999.00000
ULLUM_EMBALSE                              -31.46670   -68.66670   768.00000 2026-07-02 05:25:00     1
     1     1      272.65000       95.00000    93950.00000  -999999.00000        6.00000      171.00000  -999999.00000
  -999999.00000  -999999.00000  -999999.00000  -999999.00000  -999999.00000  -999999.00000  -999999.00000  -999999.00000
ULLUM_EMBALSE                              -31.46670   -68.66670   768.00000 2026-07-02 05:30:00     1
     1     1      272.55000       95.00000    93950.00000  -999999.00000        4.00000      171.00000  -999999.00000
  -999999.00000  -999999.00000  -999999.00000  -999999.00000  -999999.00000  -999999.00000  -999999.00000  -999999.00000
ULLUM_EMBALSE                              -31.46670   -68.66670   768.00000 2026-07-02 05:35:00     1
     1     1      272.65000       95.00000    93940.00000  -999999.00000        2.20000      171.00000  -999999.00000
  -999999.00000  -999999.00000  -999999.00000  -999999.00000  -999999.00000  -999999.00000  -999999.00000  -999999.00000
ULLUM_EMBALSE                              -31.46670   -68.66670   768.00000 2026-07-02 05:40:00     1
     1     1      272.65000       95.00000    93940.00000  -999999.00000        2.70000      171.00000  -999999.00000
  -999999.00000  -999999.00000  -999999.00000  -999999.00000  -999999.00000  -999999.00000  -999999.00000  -999999.00000
ULLUM_EMBALSE                              -31.46670   -68.66670   768.00000 2026-07-02 05:45:00     1
     1     1      272.65000       95.00000    93940.00000  -999999.00000        4.20000      174.00000  -999999.00000
  -999999.00000  -999999.00000  -999999.00000  -999999.00000  -999999.00000  -999999.00000  -999999.00000  -999999.00000
ULLUM_EMBALSE                              -31.46670   -68.66670   768.00000 2026-07-02 05:50:00     1
     1     1      272.65000       95.00000    93940.00000  -999999.00000        4.10000      174.00000  -999999.00000
  -999999.00000  -999999.00000  -999999.00000  -999999.00000  -999999.00000  -999999.00000  -999999.00000  -999999.00000
ULLUM_EMBALSE                              -31.46670   -68.66670   768.00000 2026-07-02 05:55:00     1
     1     1      272.65000       95.00000    93930.00000  -999999.00000        3.10000      175.00000  -999999.00000
  -999999.00000  -999999.00000  -999999.00000  -999999.00000  -999999.00000  -999999.00000  -999999.00000  -999999.00000
ULLUM_EMBALSE                              -31.46670   -68.66670   768.00000 2026-07-02 06:00:00     1
     1     1      272.75000       95.00000    93940.00000  -999999.00000        5.40000      175.00000  -999999.00000
  -999999.00000  -999999.00000  -999999.00000  -999999.00000  -999999.00000  -999999.00000  -999999.00000  -999999.00000
ULLUM_EMBALSE                              -31.46670   -68.66670   768.00000 2026-07-02 06:05:00     1
     1     1      272.65000       95.00000    93940.00000  -999999.00000        2.40000      175.00000  -999999.00000
  -999999.00000  -999999.00000  -999999.00000  -999999.00000  -999999.00000  -999999.00000  -999999.00000  -999999.00000
ULLUM_EMBALSE                              -31.46670   -68.66670   768.00000 2026-07-02 06:10:00     1
     1     1      272.75000       95.00000    93940.00000  -999999.00000        4.70000      175.00000  -999999.00000
  -999999.00000  -999999.00000  -999999.00000  -999999.00000  -999999.00000  -999999.00000  -999999.00000  -999999.00000
ULLUM_EMBALSE                              -31.46670   -68.66670   768.00000 2026-07-02 06:15:00     1
     1     1      272.65000       95.00000    93930.00000  -999999.00000        4.90000      173.00000  -999999.00000
  -999999.00000  -999999.00000  -999999.00000  -999999.00000  -999999.00000  -999999.00000  -999999.00000  -999999.00000
ULLUM_EMBALSE                              -31.46670   -68.66670   768.00000 2026-07-02 06:20:00     1
     1     1      272.75000       95.00000    93950.00000  -999999.00000        4.50000      178.00000  -999999.00000
  -999999.00000  -999999.00000  -999999.00000  -999999.00000  -999999.00000  -999999.00000  -999999.00000  -999999.00000
ULLUM_EMBALSE                              -31.46670   -68.66670   768.00000 2026-07-02 06:25:00     1
     1     1      272.65000       95.00000    93940.00000  -999999.00000        5.50000      175.00000  -999999.00000
  -999999.00000  -999999.00000  -999999.00000  -999999.00000  -999999.00000  -999999.00000  -999999.00000  -999999.00000
ULLUM_EMBALSE                              -31.46670   -68.66670   768.00000 2026-07-02 06:30:00     1
     1     1      272.75000       95.00000    93930.00000  -999999.00000        4.80000      170.00000  -999999.00000
  -999999.00000  -999999.00000  -999999.00000  -999999.00000  -999999.00000  -999999.00000  -999999.00000  -999999.00000
ULLUM_EMBALSE                              -31.46670   -68.66670   768.00000 2026-07-02 06:35:00     1
     1     1      272.75000       95.00000    93930.00000  -999999.00000        3.70000      170.00000  -999999.00000
  -999999.00000  -999999.00000  -999999.00000  -999999.00000  -999999.00000  -999999.00000  -999999.00000  -999999.00000
ULLUM_EMBALSE                              -31.46670   -68.66670   768.00000 2026-07-02 06:40:00     1
     1     1      272.75000       95.00000    93930.00000  -999999.00000        3.50000      170.00000  -999999.00000
  -999999.00000  -999999.00000  -999999.00000  -999999.00000  -999999.00000  -999999.00000  -999999.00000  -999999.00000
ULLUM_EMBALSE                              -31.46670   -68.66670   768.00000 2026-07-02 06:45:00     1
     1     1      272.75000       95.00000    93930.00000  -999999.00000        4.00000      170.00000  -999999.00000
  -999999.00000  -999999.00000  -999999.00000  -999999.00000  -999999.00000  -999999.00000  -999999.00000  -999999.00000
ULLUM_EMBALSE                              -31.46670   -68.66670   768.00000 2026-07-02 06:50:00     1
     1     1      272.65000       95.00000    93930.00000  -999999.00000        5.80000      170.00000  -999999.00000
  -999999.00000  -999999.00000  -999999.00000  -999999.00000  -999999.00000  -999999.00000  -999999.00000  -999999.00000
ULLUM_EMBALSE                              -31.46670   -68.66670   768.00000 2026-07-02 06:55:00     1
     1     1      272.75000       95.00000    93930.00000  -999999.00000        5.30000      170.00000  -999999.00000
  -999999.00000  -999999.00000  -999999.00000  -999999.00000  -999999.00000  -999999.00000  -999999.00000  -999999.00000
ULLUM_EMBALSE                              -31.46670   -68.66670   768.00000 2026-07-02 07:00:00     1
     1     1      272.85000       95.00000    93940.00000  -999999.00000        4.90000      169.00000  -999999.00000
  -999999.00000  -999999.00000  -999999.00000  -999999.00000  -999999.00000  -999999.00000  -999999.00000  -999999.00000
ULLUM_EMBALSE                              -31.46670   -68.66670   768.00000 2026-07-02 07:05:00     1
     1     1      272.85000       95.00000    93930.00000  -999999.00000        4.30000      165.00000  -999999.00000
  -999999.00000  -999999.00000  -999999.00000  -999999.00000  -999999.00000  -999999.00000  -999999.00000  -999999.00000
ULLUM_EMBALSE                              -31.46670   -68.66670   768.00000 2026-07-02 07:10:00     1
     1     1      272.85000       95.00000    93920.00000  -999999.00000        4.30000      166.00000  -999999.00000
  -999999.00000  -999999.00000  -999999.00000  -999999.00000  -999999.00000  -999999.00000  -999999.00000  -999999.00000
ULLUM_EMBALSE                              -31.46670   -68.66670   768.00000 2026-07-02 07:15:00     1
     1     1      272.85000       95.00000    93930.00000  -999999.00000        2.90000      166.00000  -999999.00000
  -999999.00000  -999999.00000  -999999.00000  -999999.00000  -999999.00000  -999999.00000  -999999.00000  -999999.00000
ULLUM_EMBALSE                              -31.46670   -68.66670   768.00000 2026-07-02 07:20:00     1
     1     1      272.85000       95.00000    93950.00000  -999999.00000        4.40000      166.00000  -999999.00000
  -999999.00000  -999999.00000  -999999.00000  -999999.00000  -999999.00000  -999999.00000  -999999.00000  -999999.00000
ULLUM_EMBALSE                              -31.46670   -68.66670   768.00000 2026-07-02 07:25:00     1
     1     1      272.75000       95.00000    93950.00000  -999999.00000        3.50000      166.00000  -999999.00000
  -999999.00000  -999999.00000  -999999.00000  -999999.00000  -999999.00000  -999999.00000  -999999.00000  -999999.00000
ULLUM_EMBALSE                              -31.46670   -68.66670   768.00000 2026-07-02 07:30:00     1
     1     1      272.75000       96.00000    93950.00000  -999999.00000        2.50000      166.00000  -999999.00000
  -999999.00000  -999999.00000  -999999.00000  -999999.00000  -999999.00000  -999999.00000  -999999.00000  -999999.00000
ULLUM_EMBALSE                              -31.46670   -68.66670   768.00000 2026-07-02 07:35:00     1
     1     1      272.75000       95.00000    93960.00000  -999999.00000        4.00000      166.00000  -999999.00000
  -999999.00000  -999999.00000  -999999.00000  -999999.00000  -999999.00000  -999999.00000  -999999.00000  -999999.00000
ULLUM_EMBALSE                              -31.46670   -68.66670   768.00000 2026-07-02 07:40:00     1
     1     1      272.75000       96.00000    93950.00000  -999999.00000        3.50000      166.00000  -999999.00000
  -999999.00000  -999999.00000  -999999.00000  -999999.00000  -999999.00000  -999999.00000  -999999.00000  -999999.00000
ULLUM_EMBALSE                              -31.46670   -68.66670   768.00000 2026-07-02 07:45:00     1
     1     1      272.75000       96.00000    93960.00000  -999999.00000        4.00000      166.00000  -999999.00000
  -999999.00000  -999999.00000  -999999.00000  -999999.00000  -999999.00000  -999999.00000  -999999.00000  -999999.00000
ULLUM_EMBALSE                              -31.46670   -68.66670   768.00000 2026-07-02 07:50:00     1
     1     1      272.75000       96.00000    93950.00000  -999999.00000        4.00000      166.00000  -999999.00000
  -999999.00000  -999999.00000  -999999.00000  -999999.00000  -999999.00000  -999999.00000  -999999.00000  -999999.00000
ULLUM_EMBALSE                              -31.46670   -68.66670   768.00000 2026-07-02 07:55:00     1
     1     1      272.85000       96.00000    93950.00000  -999999.00000        2.50000      166.00000  -999999.00000
  -999999.00000  -999999.00000  -999999.00000  -999999.00000  -999999.00000  -999999.00000  -999999.00000  -999999.00000
ULLUM_EMBALSE                              -31.46670   -68.66670   768.00000 2026-07-02 08:00:00     1
     1     1      272.85000       95.00000    93950.00000  -999999.00000        1.40000      166.00000  -999999.00000
  -999999.00000  -999999.00000  -999999.00000  -999999.00000  -999999.00000  -999999.00000  -999999.00000  -999999.00000
ULLUM_EMBALSE                              -31.46670   -68.66670   768.00000 2026-07-02 08:05:00     1
     1     1      272.85000       96.00000    93950.00000  -999999.00000        0.00000      166.00000  -999999.00000
  -999999.00000  -999999.00000  -999999.00000  -999999.00000  -999999.00000  -999999.00000  -999999.00000  -999999.00000
ULLUM_EMBALSE                              -31.46670   -68.66670   768.00000 2026-07-02 08:10:00     1
     1     1      272.85000       95.00000    93960.00000  -999999.00000        0.10000      166.00000  -999999.00000
  -999999.00000  -999999.00000  -999999.00000  -999999.00000  -999999.00000  -999999.00000  -999999.00000  -999999.00000
ULLUM_EMBALSE                              -31.46670   -68.66670   768.00000 2026-07-02 08:15:00     1
     1     1      272.85000       95.00000    93950.00000  -999999.00000        0.80000      166.00000  -999999.00000
  -999999.00000  -999999.00000  -999999.00000  -999999.00000  -999999.00000  -999999.00000  -999999.00000  -999999.00000
ULLUM_EMBALSE                              -31.46670   -68.66670   768.00000 2026-07-02 08:20:00     1
     1     1      272.95000       95.00000    93950.00000  -999999.00000        0.90000      166.00000  -999999.00000
  -999999.00000  -999999.00000  -999999.00000  -999999.00000  -999999.00000  -999999.00000  -999999.00000  -999999.00000
ULLUM_EMBALSE                              -31.46670   -68.66670   768.00000 2026-07-02 08:25:00     1
     1     1      272.85000       95.00000    93940.00000  -999999.00000        1.30000      165.00000  -999999.00000
  -999999.00000  -999999.00000  -999999.00000  -999999.00000  -999999.00000  -999999.00000  -999999.00000  -999999.00000
ULLUM_EMBALSE                              -31.46670   -68.66670   768.00000 2026-07-02 08:30:00     1
     1     1      272.95000       95.00000    93950.00000  -999999.00000        0.40000      166.00000  -999999.00000
  -999999.00000  -999999.00000  -999999.00000  -999999.00000  -999999.00000  -999999.00000  -999999.00000  -999999.00000
ULLUM_EMBALSE                              -31.46670   -68.66670   768.00000 2026-07-02 08:35:00     1
     1     1      273.05000       95.00000    93940.00000  -999999.00000        0.30000      166.00000  -999999.00000
  -999999.00000  -999999.00000  -999999.00000  -999999.00000  -999999.00000  -999999.00000  -999999.00000  -999999.00000
ULLUM_EMBALSE                              -31.46670   -68.66670   768.00000 2026-07-02 08:40:00     1
     1     1      273.05000       95.00000    93940.00000  -999999.00000        2.80000      166.00000  -999999.00000
  -999999.00000  -999999.00000  -999999.00000  -999999.00000  -999999.00000  -999999.00000  -999999.00000  -999999.00000
ULLUM_EMBALSE                              -31.46670   -68.66670   768.00000 2026-07-02 08:45:00     1
     1     1      272.95000       95.00000    93950.00000  -999999.00000        1.70000      166.00000  -999999.00000
  -999999.00000  -999999.00000  -999999.00000  -999999.00000  -999999.00000  -999999.00000  -999999.00000  -999999.00000
ULLUM_EMBALSE                              -31.46670   -68.66670   768.00000 2026-07-02 08:50:00     1
     1     1      272.95000       95.00000    93950.00000  -999999.00000        1.80000      166.00000  -999999.00000
  -999999.00000  -999999.00000  -999999.00000  -999999.00000  -999999.00000  -999999.00000  -999999.00000  -999999.00000
ULLUM_EMBALSE                              -31.46670   -68.66670   768.00000 2026-07-02 08:55:00     1
     1     1      272.95000       95.00000    93950.00000  -999999.00000        2.30000      165.00000  -999999.00000
  -999999.00000  -999999.00000  -999999.00000  -999999.00000  -999999.00000  -999999.00000  -999999.00000  -999999.00000
ULLUM_EMBALSE                              -31.46670   -68.66670   768.00000 2026-07-02 09:00:00     1
     1     1      272.95000       95.00000    93960.00000  -999999.00000        1.70000      165.00000  -999999.00000
  -999999.00000  -999999.00000  -999999.00000  -999999.00000  -999999.00000  -999999.00000  -999999.00000  -999999.00000
ULLUM_EMBALSE                              -31.46670   -68.66670   768.00000 2026-07-02 09:05:00     1
     1     1      272.95000       95.00000    93960.00000  -999999.00000        2.80000      165.00000  -999999.00000
  -999999.00000  -999999.00000  -999999.00000  -999999.00000  -999999.00000  -999999.00000  -999999.00000  -999999.00000
ULLUM_EMBALSE                              -31.46670   -68.66670   768.00000 2026-07-02 09:10:00     1
     1     1      273.05000       95.00000    93960.00000  -999999.00000        2.40000      165.00000  -999999.00000
  -999999.00000  -999999.00000  -999999.00000  -999999.00000  -999999.00000  -999999.00000  -999999.00000  -999999.00000
ULLUM_EMBALSE                              -31.46670   -68.66670   768.00000 2026-07-02 09:15:00     1
     1     1      273.15000       95.00000    93950.00000  -999999.00000        1.90000      165.00000  -999999.00000
  -999999.00000  -999999.00000  -999999.00000  -999999.00000  -999999.00000  -999999.00000  -999999.00000  -999999.00000
ULLUM_EMBALSE                              -31.46670   -68.66670   768.00000 2026-07-02 09:20:00     1
     1     1      273.25000       95.00000    93960.00000  -999999.00000        3.00000      165.00000  -999999.00000
  -999999.00000  -999999.00000  -999999.00000  -999999.00000  -999999.00000  -999999.00000  -999999.00000  -999999.00000
ULLUM_EMBALSE                              -31.46670   -68.66670   768.00000 2026-07-02 09:25:00     1
     1     1      273.25000       95.00000    93960.00000  -999999.00000        3.50000      165.00000  -999999.00000
  -999999.00000  -999999.00000  -999999.00000  -999999.00000  -999999.00000  -999999.00000  -999999.00000  -999999.00000
ULLUM_EMBALSE                              -31.46670   -68.66670   768.00000 2026-07-02 09:30:00     1
     1     1      273.25000       95.00000    93950.00000  -999999.00000        2.60000      165.00000  -999999.00000
  -999999.00000  -999999.00000  -999999.00000  -999999.00000  -999999.00000  -999999.00000  -999999.00000  -999999.00000
ULLUM_EMBALSE                              -31.46670   -68.66670   768.00000 2026-07-02 09:35:00     1
     1     1      273.25000       95.00000    93960.00000  -999999.00000        4.00000      165.00000  -999999.00000
  -999999.00000  -999999.00000  -999999.00000  -999999.00000  -999999.00000  -999999.00000  -999999.00000  -999999.00000
ULLUM_EMBALSE                              -31.46670   -68.66670   768.00000 2026-07-02 09:40:00     1
     1     1      273.15000       95.00000    93970.00000  -999999.00000        4.60000      165.00000  -999999.00000
  -999999.00000  -999999.00000  -999999.00000  -999999.00000  -999999.00000  -999999.00000  -999999.00000  -999999.00000
ULLUM_EMBALSE                              -31.46670   -68.66670   768.00000 2026-07-02 09:45:00     1
     1     1      273.15000       94.00000    93960.00000  -999999.00000        3.30000      165.00000  -999999.00000
  -999999.00000  -999999.00000  -999999.00000  -999999.00000  -999999.00000  -999999.00000  -999999.00000  -999999.00000
ULLUM_EMBALSE                              -31.46670   -68.66670   768.00000 2026-07-02 09:50:00     1
     1     1      273.25000       94.00000    93970.00000  -999999.00000        1.00000      165.00000  -999999.00000
  -999999.00000  -999999.00000  -999999.00000  -999999.00000  -999999.00000  -999999.00000  -999999.00000  -999999.00000
ULLUM_EMBALSE                              -31.46670   -68.66670   768.00000 2026-07-02 09:55:00     1
     1     1      273.55000       94.00000    93970.00000  -999999.00000        0.70000      165.00000  -999999.00000
  -999999.00000  -999999.00000  -999999.00000  -999999.00000  -999999.00000  -999999.00000  -999999.00000  -999999.00000
ULLUM_EMBALSE                              -31.46670   -68.66670   768.00000 2026-07-02 10:00:00     1
     1     1      273.45000       94.00000    93970.00000  -999999.00000        2.70000      165.00000  -999999.00000
  -999999.00000  -999999.00000  -999999.00000  -999999.00000  -999999.00000  -999999.00000  -999999.00000  -999999.00000
ULLUM_EMBALSE                              -31.46670   -68.66670   768.00000 2026-07-02 10:05:00     1
     1     1      273.45000       93.00000    93950.00000  -999999.00000        2.50000      165.00000  -999999.00000
  -999999.00000  -999999.00000  -999999.00000  -999999.00000  -999999.00000  -999999.00000  -999999.00000  -999999.00000
ULLUM_EMBALSE                              -31.46670   -68.66670   768.00000 2026-07-02 10:10:00     1
     1     1      273.55000       93.00000    93960.00000  -999999.00000        2.60000      165.00000  -999999.00000
  -999999.00000  -999999.00000  -999999.00000  -999999.00000  -999999.00000  -999999.00000  -999999.00000  -999999.00000
ULLUM_EMBALSE                              -31.46670   -68.66670   768.00000 2026-07-02 10:15:00     1
     1     1      273.55000       92.00000    93950.00000  -999999.00000        4.50000      165.00000  -999999.00000
  -999999.00000  -999999.00000  -999999.00000  -999999.00000  -999999.00000  -999999.00000  -999999.00000  -999999.00000
ULLUM_EMBALSE                              -31.46670   -68.66670   768.00000 2026-07-02 10:20:00     1
     1     1      273.65000       92.00000    93940.00000  -999999.00000        2.50000      165.00000  -999999.00000
  -999999.00000  -999999.00000  -999999.00000  -999999.00000  -999999.00000  -999999.00000  -999999.00000  -999999.00000
ULLUM_EMBALSE                              -31.46670   -68.66670   768.00000 2026-07-02 10:25:00     1
     1     1      273.75000       91.00000    93960.00000  -999999.00000        2.40000      165.00000  -999999.00000
  -999999.00000  -999999.00000  -999999.00000  -999999.00000  -999999.00000  -999999.00000  -999999.00000  -999999.00000
ULLUM_EMBALSE                              -31.46670   -68.66670   768.00000 2026-07-02 10:30:00     1
     1     1      273.85000       91.00000    93960.00000  -999999.00000        2.20000      165.00000  -999999.00000
  -999999.00000  -999999.00000  -999999.00000  -999999.00000  -999999.00000  -999999.00000  -999999.00000  -999999.00000
ULLUM_EMBALSE                              -31.46670   -68.66670   768.00000 2026-07-02 10:35:00     1
     1     1      273.85000       90.00000    93950.00000  -999999.00000        1.90000      165.00000  -999999.00000
  -999999.00000  -999999.00000  -999999.00000  -999999.00000  -999999.00000  -999999.00000  -999999.00000  -999999.00000
ULLUM_EMBALSE                              -31.46670   -68.66670   768.00000 2026-07-02 10:40:00     1
     1     1      274.05000       89.00000    93950.00000  -999999.00000        0.60000      165.00000  -999999.00000
  -999999.00000  -999999.00000  -999999.00000  -999999.00000  -999999.00000  -999999.00000  -999999.00000  -999999.00000
ULLUM_EMBALSE                              -31.46670   -68.66670   768.00000 2026-07-02 10:45:00     1
     1     1      274.35000       89.00000    93960.00000  -999999.00000        0.30000      166.00000  -999999.00000
  -999999.00000  -999999.00000  -999999.00000  -999999.00000  -999999.00000  -999999.00000  -999999.00000  -999999.00000
ULLUM_EMBALSE                              -31.46670   -68.66670   768.00000 2026-07-02 10:50:00     1
     1     1      274.55000       88.00000    93950.00000  -999999.00000        0.90000      165.00000  -999999.00000
  -999999.00000  -999999.00000  -999999.00000  -999999.00000  -999999.00000  -999999.00000  -999999.00000  -999999.00000
ULLUM_EMBALSE                              -31.46670   -68.66670   768.00000 2026-07-02 10:55:00     1
     1     1      274.45000       87.00000    93940.00000  -999999.00000        0.90000      165.00000  -999999.00000
  -999999.00000  -999999.00000  -999999.00000  -999999.00000  -999999.00000  -999999.00000  -999999.00000  -999999.00000
ULLUM_EMBALSE                              -31.46670   -68.66670   768.00000 2026-07-02 11:00:00     1
     1     1      274.95000       86.00000    93950.00000  -999999.00000        0.10000      165.00000  -999999.00000
  -999999.00000  -999999.00000  -999999.00000  -999999.00000  -999999.00000  -999999.00000  -999999.00000  -999999.00000
ULLUM_EMBALSE                              -31.46670   -68.66670   768.00000 2026-07-02 11:05:00     1
     1     1      275.05000       85.00000    93950.00000  -999999.00000        0.60000      166.00000  -999999.00000
  -999999.00000  -999999.00000  -999999.00000  -999999.00000  -999999.00000  -999999.00000  -999999.00000  -999999.00000
ULLUM_EMBALSE                              -31.46670   -68.66670   768.00000 2026-07-02 11:10:00     1
     1     1      274.95000       84.00000    93950.00000  -999999.00000        1.20000      165.00000  -999999.00000
  -999999.00000  -999999.00000  -999999.00000  -999999.00000  -999999.00000  -999999.00000  -999999.00000  -999999.00000
ULLUM_EMBALSE                              -31.46670   -68.66670   768.00000 2026-07-02 11:15:00     1
     1     1      275.05000       82.00000    93940.00000  -999999.00000        1.20000      165.00000  -999999.00000
  -999999.00000  -999999.00000  -999999.00000  -999999.00000  -999999.00000  -999999.00000  -999999.00000  -999999.00000
ULLUM_EMBALSE                              -31.46670   -68.66670   768.00000 2026-07-02 11:20:00     1
     1     1      275.25000       81.00000    93940.00000  -999999.00000        1.30000      166.00000  -999999.00000
  -999999.00000  -999999.00000  -999999.00000  -999999.00000  -999999.00000  -999999.00000  -999999.00000  -999999.00000
ULLUM_EMBALSE                              -31.46670   -68.66670   768.00000 2026-07-02 11:25:00     1
     1     1      275.35000       80.00000    93940.00000  -999999.00000        1.90000      165.00000  -999999.00000
  -999999.00000  -999999.00000  -999999.00000  -999999.00000  -999999.00000  -999999.00000  -999999.00000  -999999.00000
ULLUM_EMBALSE                              -31.46670   -68.66670   768.00000 2026-07-02 11:30:00     1
     1     1      275.45000       79.00000    93930.00000  -999999.00000        2.40000      125.00000  -999999.00000
  -999999.00000  -999999.00000  -999999.00000  -999999.00000  -999999.00000  -999999.00000  -999999.00000  -999999.00000
ULLUM_EMBALSE                              -31.46670   -68.66670   768.00000 2026-07-02 11:35:00     1
     1     1      275.15000       79.00000    93920.00000  -999999.00000        4.80000       32.00000  -999999.00000
  -999999.00000  -999999.00000  -999999.00000  -999999.00000  -999999.00000  -999999.00000  -999999.00000  -999999.00000
ULLUM_EMBALSE                              -31.46670   -68.66670   768.00000 2026-07-02 11:40:00     1
     1     1      275.15000       78.00000    93920.00000  -999999.00000        4.80000       17.00000  -999999.00000
  -999999.00000  -999999.00000  -999999.00000  -999999.00000  -999999.00000  -999999.00000  -999999.00000  -999999.00000
ULLUM_EMBALSE                              -31.46670   -68.66670   768.00000 2026-07-02 11:45:00     1
     1     1      275.25000       78.00000    93910.00000  -999999.00000        3.00000      340.00000  -999999.00000
  -999999.00000  -999999.00000  -999999.00000  -999999.00000  -999999.00000  -999999.00000  -999999.00000  -999999.00000
ULLUM_EMBALSE                              -31.46670   -68.66670   768.00000 2026-07-02 11:50:00     1
     1     1      275.35000       78.00000    93910.00000  -999999.00000        4.30000      344.00000  -999999.00000
  -999999.00000  -999999.00000  -999999.00000  -999999.00000  -999999.00000  -999999.00000  -999999.00000  -999999.00000
ULLUM_EMBALSE                              -31.46670   -68.66670   768.00000 2026-07-02 11:55:00     1
     1     1      275.35000       78.00000    93900.00000  -999999.00000        3.80000      315.00000  -999999.00000
  -999999.00000  -999999.00000  -999999.00000  -999999.00000  -999999.00000  -999999.00000  -999999.00000  -999999.00000
ULLUM_EMBALSE                              -31.46670   -68.66670   768.00000 2026-07-02 12:00:00     1
     1     1      275.35000       78.00000    93890.00000  -999999.00000        2.70000      353.00000  -999999.00000
  -999999.00000  -999999.00000  -999999.00000  -999999.00000  -999999.00000  -999999.00000  -999999.00000  -999999.00000
ULLUM_EMBALSE                              -31.46670   -68.66670   768.00000 2026-07-02 12:05:00     1
     1     1      275.65000       78.00000    93890.00000  -999999.00000        1.90000      353.00000  -999999.00000
  -999999.00000  -999999.00000  -999999.00000  -999999.00000  -999999.00000  -999999.00000  -999999.00000  -999999.00000
ULLUM_EMBALSE                              -31.46670   -68.66670   768.00000 2026-07-02 12:10:00     1
     1     1      275.65000       77.00000    93870.00000  -999999.00000        6.60000       49.00000  -999999.00000
  -999999.00000  -999999.00000  -999999.00000  -999999.00000  -999999.00000  -999999.00000  -999999.00000  -999999.00000
ULLUM_EMBALSE                              -31.46670   -68.66670   768.00000 2026-07-02 12:15:00     1
     1     1      275.45000       77.00000    93870.00000  -999999.00000        6.60000       72.00000  -999999.00000
  -999999.00000  -999999.00000  -999999.00000  -999999.00000  -999999.00000  -999999.00000  -999999.00000  -999999.00000
ULLUM_EMBALSE                              -31.46670   -68.66670   768.00000 2026-07-02 12:20:00     1
     1     1      275.45000       77.00000    93860.00000  -999999.00000        7.10000       91.00000  -999999.00000
  -999999.00000  -999999.00000  -999999.00000  -999999.00000  -999999.00000  -999999.00000  -999999.00000  -999999.00000
ULLUM_EMBALSE                              -31.46670   -68.66670   768.00000 2026-07-02 12:25:00     1
     1     1      275.45000       77.00000    93850.00000  -999999.00000        6.80000       81.00000  -999999.00000
  -999999.00000  -999999.00000  -999999.00000  -999999.00000  -999999.00000  -999999.00000  -999999.00000  -999999.00000
ULLUM_EMBALSE                              -31.46670   -68.66670   768.00000 2026-07-02 12:30:00     1
     1     1      275.75000       76.00000    93830.00000  -999999.00000        3.50000      114.00000  -999999.00000
  -999999.00000  -999999.00000  -999999.00000  -999999.00000  -999999.00000  -999999.00000  -999999.00000  -999999.00000
ULLUM_EMBALSE                              -31.46670   -68.66670   768.00000 2026-07-02 12:35:00     1
     1     1      276.15000       76.00000    93850.00000  -999999.00000        1.70000      105.00000  -999999.00000
  -999999.00000  -999999.00000  -999999.00000  -999999.00000  -999999.00000  -999999.00000  -999999.00000  -999999.00000
ULLUM_EMBALSE                              -31.46670   -68.66670   768.00000 2026-07-02 12:40:00     1
     1     1      276.45000       74.00000    93830.00000  -999999.00000        1.90000      123.00000  -999999.00000
  -999999.00000  -999999.00000  -999999.00000  -999999.00000  -999999.00000  -999999.00000  -999999.00000  -999999.00000
ULLUM_EMBALSE                              -31.46670   -68.66670   768.00000 2026-07-02 12:45:00     1
     1     1      276.25000       74.00000    93830.00000  -999999.00000        1.00000      136.00000  -999999.00000
  -999999.00000  -999999.00000  -999999.00000  -999999.00000  -999999.00000  -999999.00000  -999999.00000  -999999.00000
ULLUM_EMBALSE                              -31.46670   -68.66670   768.00000 2026-07-02 12:50:00     1
     1     1      276.45000       74.00000    93830.00000  -999999.00000        2.30000       35.00000  -999999.00000
  -999999.00000  -999999.00000  -999999.00000  -999999.00000  -999999.00000  -999999.00000  -999999.00000  -999999.00000
ULLUM_EMBALSE                              -31.46670   -68.66670   768.00000 2026-07-02 12:55:00     1
     1     1      276.55000       74.00000    93830.00000  -999999.00000        0.50000       63.00000  -999999.00000
  -999999.00000  -999999.00000  -999999.00000  -999999.00000  -999999.00000  -999999.00000  -999999.00000  -999999.00000
ULLUM_EMBALSE                              -31.46670   -68.66670   768.00000 2026-07-02 13:00:00     1
     1     1      276.95000       73.00000    93810.00000  -999999.00000        0.40000       88.00000  -999999.00000
  -999999.00000  -999999.00000  -999999.00000  -999999.00000  -999999.00000  -999999.00000  -999999.00000  -999999.00000
ULLUM_EMBALSE                              -31.46670   -68.66670   768.00000 2026-07-02 13:05:00     1
     1     1      277.25000       72.00000    93810.00000  -999999.00000        1.60000      140.00000  -999999.00000
  -999999.00000  -999999.00000  -999999.00000  -999999.00000  -999999.00000  -999999.00000  -999999.00000  -999999.00000
ULLUM_EMBALSE                              -31.46670   -68.66670   768.00000 2026-07-02 13:10:00     1
     1     1      277.25000       71.00000    93790.00000  -999999.00000        0.90000      153.00000  -999999.00000
  -999999.00000  -999999.00000  -999999.00000  -999999.00000  -999999.00000  -999999.00000  -999999.00000  -999999.00000
ULLUM_EMBALSE                              -31.46670   -68.66670   768.00000 2026-07-02 13:15:00     1
     1     1      277.25000       71.00000    93790.00000  -999999.00000        1.40000      153.00000  -999999.00000
  -999999.00000  -999999.00000  -999999.00000  -999999.00000  -999999.00000  -999999.00000  -999999.00000  -999999.00000
ULLUM_EMBALSE                              -31.46670   -68.66670   768.00000 2026-07-02 13:20:00     1
     1     1      277.05000       72.00000    93780.00000  -999999.00000        4.80000      195.00000  -999999.00000
  -999999.00000  -999999.00000  -999999.00000  -999999.00000  -999999.00000  -999999.00000  -999999.00000  -999999.00000
ULLUM_EMBALSE                              -31.46670   -68.66670   768.00000 2026-07-02 13:25:00     1
     1     1      276.95000       73.00000    93770.00000  -999999.00000        3.70000      183.00000  -999999.00000
  -999999.00000  -999999.00000  -999999.00000  -999999.00000  -999999.00000  -999999.00000  -999999.00000  -999999.00000
ULLUM_EMBALSE                              -31.46670   -68.66670   768.00000 2026-07-02 13:30:00     1
     1     1      276.85000       73.00000    93770.00000  -999999.00000        6.50000      178.00000  -999999.00000
  -999999.00000  -999999.00000  -999999.00000  -999999.00000  -999999.00000  -999999.00000  -999999.00000  -999999.00000
ULLUM_EMBALSE                              -31.46670   -68.66670   768.00000 2026-07-02 13:35:00     1
     1     1      276.45000       74.00000    93750.00000  -999999.00000        5.90000      170.00000  -999999.00000
  -999999.00000  -999999.00000  -999999.00000  -999999.00000  -999999.00000  -999999.00000  -999999.00000  -999999.00000
ULLUM_EMBALSE                              -31.46670   -68.66670   768.00000 2026-07-02 13:40:00     1
     1     1      276.45000       74.00000    93740.00000  -999999.00000        7.90000      178.00000  -999999.00000
  -999999.00000  -999999.00000  -999999.00000  -999999.00000  -999999.00000  -999999.00000  -999999.00000  -999999.00000
ULLUM_EMBALSE                              -31.46670   -68.66670   768.00000 2026-07-02 13:45:00     1
     1     1      276.45000       74.00000    93730.00000  -999999.00000        4.60000      174.00000  -999999.00000
  -999999.00000  -999999.00000  -999999.00000  -999999.00000  -999999.00000  -999999.00000  -999999.00000  -999999.00000
ULLUM_EMBALSE                              -31.46670   -68.66670   768.00000 2026-07-02 13:50:00     1
     1     1      276.45000       74.00000    93730.00000  -999999.00000        7.80000      171.00000  -999999.00000
  -999999.00000  -999999.00000  -999999.00000  -999999.00000  -999999.00000  -999999.00000  -999999.00000  -999999.00000
ULLUM_EMBALSE                              -31.46670   -68.66670   768.00000 2026-07-02 13:55:00     1
     1     1      276.55000       73.00000    93720.00000  -999999.00000        9.10000      160.00000  -999999.00000
  -999999.00000  -999999.00000  -999999.00000  -999999.00000  -999999.00000  -999999.00000  -999999.00000  -999999.00000
ULLUM_EMBALSE                              -31.46670   -68.66670   768.00000 2026-07-02 14:00:00     1
     1     1      276.45000       73.00000    93710.00000  -999999.00000        8.00000      174.00000  -999999.00000
  -999999.00000  -999999.00000  -999999.00000  -999999.00000  -999999.00000  -999999.00000  -999999.00000  -999999.00000
ULLUM_EMBALSE                              -31.46670   -68.66670   768.00000 2026-07-02 14:05:00     1
     1     1      276.75000       73.00000    93710.00000  -999999.00000        6.40000      174.00000  -999999.00000
  -999999.00000  -999999.00000  -999999.00000  -999999.00000  -999999.00000  -999999.00000  -999999.00000  -999999.00000
ULLUM_EMBALSE                              -31.46670   -68.66670   768.00000 2026-07-02 14:10:00     1
     1     1      276.85000       73.00000    93690.00000  -999999.00000        1.70000      187.00000  -999999.00000
  -999999.00000  -999999.00000  -999999.00000  -999999.00000  -999999.00000  -999999.00000  -999999.00000  -999999.00000
ULLUM_EMBALSE                              -31.46670   -68.66670   768.00000 2026-07-02 14:15:00     1
     1     1      276.95000       72.00000    93690.00000  -999999.00000        6.40000      172.00000  -999999.00000
  -999999.00000  -999999.00000  -999999.00000  -999999.00000  -999999.00000  -999999.00000  -999999.00000  -999999.00000
ULLUM_EMBALSE                              -31.46670   -68.66670   768.00000 2026-07-02 14:20:00     1
     1     1      276.85000       72.00000    93680.00000  -999999.00000        5.80000      176.00000  -999999.00000
  -999999.00000  -999999.00000  -999999.00000  -999999.00000  -999999.00000  -999999.00000  -999999.00000  -999999.00000
ULLUM_EMBALSE                              -31.46670   -68.66670   768.00000 2026-07-02 14:25:00     1
     1     1      276.95000       72.00000    93660.00000  -999999.00000        6.50000      159.00000  -999999.00000
  -999999.00000  -999999.00000  -999999.00000  -999999.00000  -999999.00000  -999999.00000  -999999.00000  -999999.00000
ULLUM_EMBALSE                              -31.46670   -68.66670   768.00000 2026-07-02 14:30:00     1
     1     1      276.65000       71.00000    93650.00000  -999999.00000        7.30000      165.00000  -999999.00000
  -999999.00000  -999999.00000  -999999.00000  -999999.00000  -999999.00000  -999999.00000  -999999.00000  -999999.00000
ULLUM_EMBALSE                              -31.46670   -68.66670   768.00000 2026-07-02 14:35:00     1
     1     1      276.45000       72.00000    93650.00000  -999999.00000        8.70000      167.00000  -999999.00000
  -999999.00000  -999999.00000  -999999.00000  -999999.00000  -999999.00000  -999999.00000  -999999.00000  -999999.00000
ULLUM_EMBALSE                              -31.46670   -68.66670   768.00000 2026-07-02 14:40:00     1
     1     1      276.85000       72.00000    93640.00000  -999999.00000        6.80000      178.00000  -999999.00000
  -999999.00000  -999999.00000  -999999.00000  -999999.00000  -999999.00000  -999999.00000  -999999.00000  -999999.00000
ULLUM_EMBALSE                              -31.46670   -68.66670   768.00000 2026-07-02 14:45:00     1
     1     1      276.85000       71.00000    93630.00000  -999999.00000        6.00000      177.00000  -999999.00000
  -999999.00000  -999999.00000  -999999.00000  -999999.00000  -999999.00000  -999999.00000  -999999.00000  -999999.00000
ULLUM_EMBALSE                              -31.46670   -68.66670   768.00000 2026-07-02 14:50:00     1
     1     1      276.85000       72.00000    93630.00000  -999999.00000        7.20000      179.00000  -999999.00000
  -999999.00000  -999999.00000  -999999.00000  -999999.00000  -999999.00000  -999999.00000  -999999.00000  -999999.00000
ULLUM_EMBALSE                              -31.46670   -68.66670   768.00000 2026-07-02 14:55:00     1
     1     1      276.95000       72.00000    93620.00000  -999999.00000        8.10000      182.00000  -999999.00000
  -999999.00000  -999999.00000  -999999.00000  -999999.00000  -999999.00000  -999999.00000  -999999.00000  -999999.00000
ULLUM_EMBALSE                              -31.46670   -68.66670   768.00000 2026-07-02 15:00:00     1
     1     1      276.85000       72.00000    93630.00000  -999999.00000        8.80000      177.00000  -999999.00000
  -999999.00000  -999999.00000  -999999.00000  -999999.00000  -999999.00000  -999999.00000  -999999.00000  -999999.00000
ULLUM_EMBALSE                              -31.46670   -68.66670   768.00000 2026-07-02 15:05:00     1
     1     1      276.65000       73.00000    93600.00000  -999999.00000        9.70000      193.00000  -999999.00000
  -999999.00000  -999999.00000  -999999.00000  -999999.00000  -999999.00000  -999999.00000  -999999.00000  -999999.00000
ULLUM_EMBALSE                              -31.46670   -68.66670   768.00000 2026-07-02 15:10:00     1
     1     1      276.45000       73.00000    93610.00000  -999999.00000        9.20000      199.00000  -999999.00000
  -999999.00000  -999999.00000  -999999.00000  -999999.00000  -999999.00000  -999999.00000  -999999.00000  -999999.00000
ULLUM_EMBALSE                              -31.46670   -68.66670   768.00000 2026-07-02 15:15:00     1
     1     1      276.65000       74.00000    93600.00000  -999999.00000        5.70000      179.00000  -999999.00000
  -999999.00000  -999999.00000  -999999.00000  -999999.00000  -999999.00000  -999999.00000  -999999.00000  -999999.00000
ULLUM_EMBALSE                              -31.46670   -68.66670   768.00000 2026-07-02 15:20:00     1
     1     1      276.55000       73.00000    93600.00000  -999999.00000        9.70000      192.00000  -999999.00000
  -999999.00000  -999999.00000  -999999.00000  -999999.00000  -999999.00000  -999999.00000  -999999.00000  -999999.00000
ULLUM_EMBALSE                              -31.46670   -68.66670   768.00000 2026-07-02 15:25:00     1
     1     1      276.45000       74.00000    93590.00000  -999999.00000       11.40000      201.00000  -999999.00000
  -999999.00000  -999999.00000  -999999.00000  -999999.00000  -999999.00000  -999999.00000  -999999.00000  -999999.00000
ULLUM_EMBALSE                              -31.46670   -68.66670   768.00000 2026-07-02 15:30:00     1
     1     1      276.55000       75.00000    93580.00000  -999999.00000       10.90000      196.00000  -999999.00000
  -999999.00000  -999999.00000  -999999.00000  -999999.00000  -999999.00000  -999999.00000  -999999.00000  -999999.00000
ULLUM_EMBALSE                              -31.46670   -68.66670   768.00000 2026-07-02 15:35:00     1
     1     1      276.55000       75.00000    93590.00000  -999999.00000       10.90000      187.00000  -999999.00000
  -999999.00000  -999999.00000  -999999.00000  -999999.00000  -999999.00000  -999999.00000  -999999.00000  -999999.00000
ULLUM_EMBALSE                              -31.46670   -68.66670   768.00000 2026-07-02 15:40:00     1
     1     1      276.35000       75.00000    93600.00000  -999999.00000       10.40000      200.00000  -999999.00000
  -999999.00000  -999999.00000  -999999.00000  -999999.00000  -999999.00000  -999999.00000  -999999.00000  -999999.00000
ULLUM_EMBALSE                              -31.46670   -68.66670   768.00000 2026-07-02 15:45:00     1
     1     1      276.45000       74.00000    93590.00000  -999999.00000        7.90000      185.00000  -999999.00000
  -999999.00000  -999999.00000  -999999.00000  -999999.00000  -999999.00000  -999999.00000  -999999.00000  -999999.00000
ULLUM_EMBALSE                              -31.46670   -68.66670   768.00000 2026-07-02 15:50:00     1
     1     1      276.55000       75.00000    93580.00000  -999999.00000        9.30000      182.00000  -999999.00000
  -999999.00000  -999999.00000  -999999.00000  -999999.00000  -999999.00000  -999999.00000  -999999.00000  -999999.00000
ULLUM_EMBALSE                              -31.46670   -68.66670   768.00000 2026-07-02 15:55:00     1
     1     1      276.45000       75.00000    93580.00000  -999999.00000        9.90000      168.00000  -999999.00000
  -999999.00000  -999999.00000  -999999.00000  -999999.00000  -999999.00000  -999999.00000  -999999.00000  -999999.00000
ULLUM_EMBALSE                              -31.46670   -68.66670   768.00000 2026-07-02 16:00:00     1
     1     1      276.45000       75.00000    93580.00000  -999999.00000       11.70000      187.00000  -999999.00000
  -999999.00000  -999999.00000  -999999.00000  -999999.00000  -999999.00000  -999999.00000  -999999.00000  -999999.00000
ULLUM_EMBALSE                              -31.46670   -68.66670   768.00000 2026-07-02 16:05:00     1
     1     1      276.55000       75.00000    93580.00000  -999999.00000        6.10000      176.00000  -999999.00000
  -999999.00000  -999999.00000  -999999.00000  -999999.00000  -999999.00000  -999999.00000  -999999.00000  -999999.00000
ULLUM_EMBALSE                              -31.46670   -68.66670   768.00000 2026-07-02 16:10:00     1
     1     1      276.75000       75.00000    93580.00000  -999999.00000        8.20000      171.00000  -999999.00000
  -999999.00000  -999999.00000  -999999.00000  -999999.00000  -999999.00000  -999999.00000  -999999.00000  -999999.00000
ULLUM_EMBALSE                              -31.46670   -68.66670   768.00000 2026-07-02 16:15:00     1
     1     1      276.55000       75.00000    93570.00000  -999999.00000       10.20000      184.00000  -999999.00000
  -999999.00000  -999999.00000  -999999.00000  -999999.00000  -999999.00000  -999999.00000  -999999.00000  -999999.00000
ULLUM_EMBALSE                              -31.46670   -68.66670   768.00000 2026-07-02 16:20:00     1
     1     1      276.65000       75.00000    93580.00000  -999999.00000        5.90000      173.00000  -999999.00000
  -999999.00000  -999999.00000  -999999.00000  -999999.00000  -999999.00000  -999999.00000  -999999.00000  -999999.00000
ULLUM_EMBALSE                              -31.46670   -68.66670   768.00000 2026-07-02 16:25:00     1
     1     1      276.65000       75.00000    93570.00000  -999999.00000        7.70000      175.00000  -999999.00000
  -999999.00000  -999999.00000  -999999.00000  -999999.00000  -999999.00000  -999999.00000  -999999.00000  -999999.00000
ULLUM_EMBALSE                              -31.46670   -68.66670   768.00000 2026-07-02 16:30:00     1
     1     1      276.45000       76.00000    93580.00000  -999999.00000       10.90000      188.00000  -999999.00000
  -999999.00000  -999999.00000  -999999.00000  -999999.00000  -999999.00000  -999999.00000  -999999.00000  -999999.00000
ULLUM_EMBALSE                              -31.46670   -68.66670   768.00000 2026-07-02 16:35:00     1
     1     1      276.25000       77.00000    93570.00000  -999999.00000       11.00000      178.00000  -999999.00000
  -999999.00000  -999999.00000  -999999.00000  -999999.00000  -999999.00000  -999999.00000  -999999.00000  -999999.00000
ULLUM_EMBALSE                              -31.46670   -68.66670   768.00000 2026-07-02 16:40:00     1
     1     1      276.25000       77.00000    93590.00000  -999999.00000        8.90000      176.00000  -999999.00000
  -999999.00000  -999999.00000  -999999.00000  -999999.00000  -999999.00000  -999999.00000  -999999.00000  -999999.00000
ULLUM_EMBALSE                              -31.46670   -68.66670   768.00000 2026-07-02 16:45:00     1
     1     1      276.35000       77.00000    93570.00000  -999999.00000        9.10000      175.00000  -999999.00000
  -999999.00000  -999999.00000  -999999.00000  -999999.00000  -999999.00000  -999999.00000  -999999.00000  -999999.00000
ULLUM_EMBALSE                              -31.46670   -68.66670   768.00000 2026-07-02 16:50:00     1
     1     1      276.35000       77.00000    93560.00000  -999999.00000        9.00000      193.00000  -999999.00000
  -999999.00000  -999999.00000  -999999.00000  -999999.00000  -999999.00000  -999999.00000  -999999.00000  -999999.00000
ULLUM_EMBALSE                              -31.46670   -68.66670   768.00000 2026-07-02 17:00:00     1
     1     1      276.35000       77.00000    93570.00000  -999999.00000       11.20000      183.00000  -999999.00000
  -999999.00000  -999999.00000  -999999.00000  -999999.00000  -999999.00000  -999999.00000  -999999.00000  -999999.00000
ULLUM_EMBALSE                              -31.46670   -68.66670   768.00000 2026-07-02 17:05:00     1
     1     1      276.25000       77.00000    93580.00000  -999999.00000       10.40000      172.00000  -999999.00000
  -999999.00000  -999999.00000  -999999.00000  -999999.00000  -999999.00000  -999999.00000  -999999.00000  -999999.00000
ULLUM_EMBALSE                              -31.46670   -68.66670   768.00000 2026-07-02 17:10:00     1
     1     1      276.15000       77.00000    93570.00000  -999999.00000       12.00000      176.00000  -999999.00000
  -999999.00000  -999999.00000  -999999.00000  -999999.00000  -999999.00000  -999999.00000  -999999.00000  -999999.00000
ULLUM_EMBALSE                              -31.46670   -68.66670   768.00000 2026-07-02 17:15:00     1
     1     1      276.05000       78.00000    93580.00000  -999999.00000        8.60000      185.00000  -999999.00000
  -999999.00000  -999999.00000  -999999.00000  -999999.00000  -999999.00000  -999999.00000  -999999.00000  -999999.00000
ULLUM_EMBALSE                              -31.46670   -68.66670   768.00000 2026-07-02 17:20:00     1
     1     1      276.05000       78.00000    93580.00000  -999999.00000        7.30000      175.00000  -999999.00000
  -999999.00000  -999999.00000  -999999.00000  -999999.00000  -999999.00000  -999999.00000  -999999.00000  -999999.00000
ULLUM_EMBALSE                              -31.46670   -68.66670   768.00000 2026-07-02 17:25:00     1
     1     1      276.05000       78.00000    93580.00000  -999999.00000        9.60000      188.00000  -999999.00000
  -999999.00000  -999999.00000  -999999.00000  -999999.00000  -999999.00000  -999999.00000  -999999.00000  -999999.00000
ULLUM_EMBALSE                              -31.46670   -68.66670   768.00000 2026-07-02 17:30:00     1
     1     1      275.95000       78.00000    93580.00000  -999999.00000       12.90000      200.00000  -999999.00000
  -999999.00000  -999999.00000  -999999.00000  -999999.00000  -999999.00000  -999999.00000  -999999.00000  -999999.00000
ULLUM_EMBALSE                              -31.46670   -68.66670   768.00000 2026-07-02 17:35:00     1
     1     1      275.85000       78.00000    93580.00000  -999999.00000        9.80000      191.00000  -999999.00000
  -999999.00000  -999999.00000  -999999.00000  -999999.00000  -999999.00000  -999999.00000  -999999.00000  -999999.00000
ULLUM_EMBALSE                              -31.46670   -68.66670   768.00000 2026-07-02 17:40:00     1
     1     1      275.85000       78.00000    93600.00000  -999999.00000        9.20000      185.00000  -999999.00000
  -999999.00000  -999999.00000  -999999.00000  -999999.00000  -999999.00000  -999999.00000  -999999.00000  -999999.00000
ULLUM_EMBALSE                              -31.46670   -68.66670   768.00000 2026-07-02 17:45:00     1
     1     1      275.85000       78.00000    93600.00000  -999999.00000       10.00000      186.00000  -999999.00000
  -999999.00000  -999999.00000  -999999.00000  -999999.00000  -999999.00000  -999999.00000  -999999.00000  -999999.00000
ULLUM_EMBALSE                              -31.46670   -68.66670   768.00000 2026-07-02 17:50:00     1
     1     1      275.85000       79.00000    93590.00000  -999999.00000       11.80000      184.00000  -999999.00000
  -999999.00000  -999999.00000  -999999.00000  -999999.00000  -999999.00000  -999999.00000  -999999.00000  -999999.00000
ULLUM_EMBALSE                              -31.46670   -68.66670   768.00000 2026-07-02 17:55:00     1
     1     1      275.65000       79.00000    93600.00000  -999999.00000       12.00000      193.00000  -999999.00000
  -999999.00000  -999999.00000  -999999.00000  -999999.00000  -999999.00000  -999999.00000  -999999.00000  -999999.00000
ULLUM_EMBALSE                              -31.46670   -68.66670   768.00000 2026-07-02 18:00:00     1
     1     1      275.85000       79.00000    93600.00000  -999999.00000       11.00000      187.00000  -999999.00000
  -999999.00000  -999999.00000  -999999.00000  -999999.00000  -999999.00000  -999999.00000  -999999.00000  -999999.00000
ULLUM_EMBALSE                              -31.46670   -68.66670   768.00000 2026-07-02 18:05:00     1
     1     1      275.75000       79.00000    93610.00000  -999999.00000       13.00000      196.00000  -999999.00000
  -999999.00000  -999999.00000  -999999.00000  -999999.00000  -999999.00000  -999999.00000  -999999.00000  -999999.00000
ULLUM_EMBALSE                              -31.46670   -68.66670   768.00000 2026-07-02 18:10:00     1
     1     1      275.65000       79.00000    93600.00000  -999999.00000       13.00000      190.00000  -999999.00000
  -999999.00000  -999999.00000  -999999.00000  -999999.00000  -999999.00000  -999999.00000  -999999.00000  -999999.00000
ULLUM_EMBALSE                              -31.46670   -68.66670   768.00000 2026-07-02 18:15:00     1
     1     1      275.55000       79.00000    93610.00000  -999999.00000       11.70000      178.00000  -999999.00000
  -999999.00000  -999999.00000  -999999.00000  -999999.00000  -999999.00000  -999999.00000  -999999.00000  -999999.00000
ULLUM_EMBALSE                              -31.46670   -68.66670   768.00000 2026-07-02 18:20:00     1
     1     1      275.55000       80.00000    93610.00000  -999999.00000       11.20000      184.00000  -999999.00000
  -999999.00000  -999999.00000  -999999.00000  -999999.00000  -999999.00000  -999999.00000  -999999.00000  -999999.00000
ULLUM_EMBALSE                              -31.46670   -68.66670   768.00000 2026-07-02 18:25:00     1
     1     1      275.55000       79.00000    93600.00000  -999999.00000       10.70000      191.00000  -999999.00000
  -999999.00000  -999999.00000  -999999.00000  -999999.00000  -999999.00000  -999999.00000  -999999.00000  -999999.00000
ULLUM_EMBALSE                              -31.46670   -68.66670   768.00000 2026-07-02 18:30:00     1
     1     1      275.65000       79.00000    93630.00000  -999999.00000        9.10000      189.00000  -999999.00000
  -999999.00000  -999999.00000  -999999.00000  -999999.00000  -999999.00000  -999999.00000  -999999.00000  -999999.00000
ULLUM_EMBALSE                              -31.46670   -68.66670   768.00000 2026-07-02 18:35:00     1
     1     1      275.65000       79.00000    93630.00000  -999999.00000        9.90000      192.00000  -999999.00000
  -999999.00000  -999999.00000  -999999.00000  -999999.00000  -999999.00000  -999999.00000  -999999.00000  -999999.00000
ULLUM_EMBALSE                              -31.46670   -68.66670   768.00000 2026-07-02 18:40:00     1
     1     1      275.45000       79.00000    93630.00000  -999999.00000       10.90000      190.00000  -999999.00000
  -999999.00000  -999999.00000  -999999.00000  -999999.00000  -999999.00000  -999999.00000  -999999.00000  -999999.00000
ULLUM_EMBALSE                              -31.46670   -68.66670   768.00000 2026-07-02 18:45:00     1
     1     1      275.45000       79.00000    93630.00000  -999999.00000        9.00000      179.00000  -999999.00000
  -999999.00000  -999999.00000  -999999.00000  -999999.00000  -999999.00000  -999999.00000  -999999.00000  -999999.00000
ULLUM_EMBALSE                              -31.46670   -68.66670   768.00000 2026-07-02 18:50:00     1
     1     1      275.45000       79.00000    93620.00000  -999999.00000       10.00000      190.00000  -999999.00000
  -999999.00000  -999999.00000  -999999.00000  -999999.00000  -999999.00000  -999999.00000  -999999.00000  -999999.00000
ULLUM_EMBALSE                              -31.46670   -68.66670   768.00000 2026-07-02 18:55:00     1
     1     1      275.45000       79.00000    93630.00000  -999999.00000       11.10000      194.00000  -999999.00000
  -999999.00000  -999999.00000  -999999.00000  -999999.00000  -999999.00000  -999999.00000  -999999.00000  -999999.00000
ULLUM_EMBALSE                              -31.46670   -68.66670   768.00000 2026-07-02 19:00:00     1
     1     1      275.45000       79.00000    93640.00000  -999999.00000        7.70000      184.00000  -999999.00000
  -999999.00000  -999999.00000  -999999.00000  -999999.00000  -999999.00000  -999999.00000  -999999.00000  -999999.00000
ULLUM_EMBALSE                              -31.46670   -68.66670   768.00000 2026-07-02 19:05:00     1
     1     1      275.45000       80.00000    93640.00000  -999999.00000        8.60000      181.00000  -999999.00000
  -999999.00000  -999999.00000  -999999.00000  -999999.00000  -999999.00000  -999999.00000  -999999.00000  -999999.00000
ULLUM_EMBALSE                              -31.46670   -68.66670   768.00000 2026-07-02 19:10:00     1
     1     1      275.45000       80.00000    93640.00000  -999999.00000        9.70000      175.00000  -999999.00000
  -999999.00000  -999999.00000  -999999.00000  -999999.00000  -999999.00000  -999999.00000  -999999.00000  -999999.00000
ULLUM_EMBALSE                              -31.46670   -68.66670   768.00000 2026-07-02 19:15:00     1
     1     1      275.35000       80.00000    93640.00000  -999999.00000       11.30000      194.00000  -999999.00000
  -999999.00000  -999999.00000  -999999.00000  -999999.00000  -999999.00000  -999999.00000  -999999.00000  -999999.00000
ULLUM_EMBALSE                              -31.46670   -68.66670   768.00000 2026-07-02 19:20:00     1
     1     1      275.35000       80.00000    93670.00000  -999999.00000       11.20000      191.00000  -999999.00000
  -999999.00000  -999999.00000  -999999.00000  -999999.00000  -999999.00000  -999999.00000  -999999.00000  -999999.00000
ULLUM_EMBALSE                              -31.46670   -68.66670   768.00000 2026-07-02 19:25:00     1
     1     1      275.35000       80.00000    93650.00000  -999999.00000        7.10000      178.00000  -999999.00000
  -999999.00000  -999999.00000  -999999.00000  -999999.00000  -999999.00000  -999999.00000  -999999.00000  -999999.00000
ULLUM_EMBALSE                              -31.46670   -68.66670   768.00000 2026-07-02 19:30:00     1
     1     1      275.35000       80.00000    93650.00000  -999999.00000        9.60000      191.00000  -999999.00000
  -999999.00000  -999999.00000  -999999.00000  -999999.00000  -999999.00000  -999999.00000  -999999.00000  -999999.00000
ULLUM_EMBALSE                              -31.46670   -68.66670   768.00000 2026-07-02 19:35:00     1
     1     1      275.35000       80.00000    93650.00000  -999999.00000        9.40000      181.00000  -999999.00000
  -999999.00000  -999999.00000  -999999.00000  -999999.00000  -999999.00000  -999999.00000  -999999.00000  -999999.00000
ULLUM_EMBALSE                              -31.46670   -68.66670   768.00000 2026-07-02 19:40:00     1
     1     1      275.35000       80.00000    93670.00000  -999999.00000        6.50000      183.00000  -999999.00000
  -999999.00000  -999999.00000  -999999.00000  -999999.00000  -999999.00000  -999999.00000  -999999.00000  -999999.00000
ULLUM_EMBALSE                              -31.46670   -68.66670   768.00000 2026-07-02 19:45:00     1
     1     1      275.25000       80.00000    93670.00000  -999999.00000        7.30000      183.00000  -999999.00000
  -999999.00000  -999999.00000  -999999.00000  -999999.00000  -999999.00000  -999999.00000  -999999.00000  -999999.00000
ULLUM_EMBALSE                              -31.46670   -68.66670   768.00000 2026-07-02 19:50:00     1
     1     1      275.15000       80.00000    93670.00000  -999999.00000        9.60000      191.00000  -999999.00000
  -999999.00000  -999999.00000  -999999.00000  -999999.00000  -999999.00000  -999999.00000  -999999.00000  -999999.00000
ULLUM_EMBALSE                              -31.46670   -68.66670   768.00000 2026-07-02 19:55:00     1
     1     1      275.25000       80.00000    93670.00000  -999999.00000        9.60000      188.00000  -999999.00000
  -999999.00000  -999999.00000  -999999.00000  -999999.00000  -999999.00000  -999999.00000  -999999.00000  -999999.00000
ULLUM_EMBALSE                              -31.46670   -68.66670   768.00000 2026-07-02 20:00:00     1
     1     1      275.25000       80.00000    93660.00000  -999999.00000        7.90000      183.00000  -999999.00000
  -999999.00000  -999999.00000  -999999.00000  -999999.00000  -999999.00000  -999999.00000  -999999.00000  -999999.00000
ULLUM_EMBALSE                              -31.46670   -68.66670   768.00000 2026-07-02 20:05:00     1
     1     1      275.25000       80.00000    93670.00000  -999999.00000        6.90000      175.00000  -999999.00000
  -999999.00000  -999999.00000  -999999.00000  -999999.00000  -999999.00000  -999999.00000  -999999.00000  -999999.00000
ULLUM_EMBALSE                              -31.46670   -68.66670   768.00000 2026-07-02 20:10:00     1
     1     1      275.25000       80.00000    93670.00000  -999999.00000        6.60000      189.00000  -999999.00000
  -999999.00000  -999999.00000  -999999.00000  -999999.00000  -999999.00000  -999999.00000  -999999.00000  -999999.00000
ULLUM_EMBALSE                              -31.46670   -68.66670   768.00000 2026-07-02 20:15:00     1
     1     1      275.25000       80.00000    93670.00000  -999999.00000        5.80000      188.00000  -999999.00000
  -999999.00000  -999999.00000  -999999.00000  -999999.00000  -999999.00000  -999999.00000  -999999.00000  -999999.00000
ULLUM_EMBALSE                              -31.46670   -68.66670   768.00000 2026-07-02 20:20:00     1
     1     1      275.25000       80.00000    93670.00000  -999999.00000        9.20000      181.00000  -999999.00000
  -999999.00000  -999999.00000  -999999.00000  -999999.00000  -999999.00000  -999999.00000  -999999.00000  -999999.00000
ULLUM_EMBALSE                              -31.46670   -68.66670   768.00000 2026-07-02 20:25:00     1
     1     1      275.25000       80.00000    93700.00000  -999999.00000        8.00000      169.00000  -999999.00000
  -999999.00000  -999999.00000  -999999.00000  -999999.00000  -999999.00000  -999999.00000  -999999.00000  -999999.00000
ULLUM_EMBALSE                              -31.46670   -68.66670   768.00000 2026-07-02 20:30:00     1
     1     1      275.25000       80.00000    93680.00000  -999999.00000        8.20000      178.00000  -999999.00000
  -999999.00000  -999999.00000  -999999.00000  -999999.00000  -999999.00000  -999999.00000  -999999.00000  -999999.00000
ULLUM_EMBALSE                              -31.46670   -68.66670   768.00000 2026-07-02 20:35:00     1
     1     1      275.25000       79.00000    93670.00000  -999999.00000        7.40000      185.00000  -999999.00000
  -999999.00000  -999999.00000  -999999.00000  -999999.00000  -999999.00000  -999999.00000  -999999.00000  -999999.00000
ULLUM_EMBALSE                              -31.46670   -68.66670   768.00000 2026-07-02 20:40:00     1
     1     1      275.25000       79.00000    93680.00000  -999999.00000        7.10000      188.00000  -999999.00000
  -999999.00000  -999999.00000  -999999.00000  -999999.00000  -999999.00000  -999999.00000  -999999.00000  -999999.00000
ULLUM_EMBALSE                              -31.46670   -68.66670   768.00000 2026-07-02 20:45:00     1
     1     1      275.25000       79.00000    93670.00000  -999999.00000        8.40000      184.00000  -999999.00000
  -999999.00000  -999999.00000  -999999.00000  -999999.00000  -999999.00000  -999999.00000  -999999.00000  -999999.00000
ULLUM_EMBALSE                              -31.46670   -68.66670   768.00000 2026-07-02 20:50:00     1
     1     1      275.25000       79.00000    93670.00000  -999999.00000        8.20000      189.00000  -999999.00000
  -999999.00000  -999999.00000  -999999.00000  -999999.00000  -999999.00000  -999999.00000  -999999.00000  -999999.00000
ULLUM_EMBALSE                              -31.46670   -68.66670   768.00000 2026-07-02 20:55:00     1
     1     1      275.15000       79.00000    93670.00000  -999999.00000        7.10000      171.00000  -999999.00000
  -999999.00000  -999999.00000  -999999.00000  -999999.00000  -999999.00000  -999999.00000  -999999.00000  -999999.00000
ULLUM_EMBALSE                              -31.46670   -68.66670   768.00000 2026-07-02 21:00:00     1
     1     1      275.15000       78.00000    93660.00000  -999999.00000        8.60000      172.00000  -999999.00000
  -999999.00000  -999999.00000  -999999.00000  -999999.00000  -999999.00000  -999999.00000  -999999.00000  -999999.00000
ULLUM_EMBALSE                              -31.46670   -68.66670   768.00000 2026-07-02 21:05:00     1
     1     1      275.15000       78.00000    93670.00000  -999999.00000        8.20000      167.00000  -999999.00000
  -999999.00000  -999999.00000  -999999.00000  -999999.00000  -999999.00000  -999999.00000  -999999.00000  -999999.00000
ULLUM_EMBALSE                              -31.46670   -68.66670   768.00000 2026-07-02 21:10:00     1
     1     1      275.25000       78.00000    93680.00000  -999999.00000        7.90000      172.00000  -999999.00000
  -999999.00000  -999999.00000  -999999.00000  -999999.00000  -999999.00000  -999999.00000  -999999.00000  -999999.00000
ULLUM_EMBALSE                              -31.46670   -68.66670   768.00000 2026-07-02 21:15:00     1
     1     1      275.25000       78.00000    93660.00000  -999999.00000        7.40000      172.00000  -999999.00000
  -999999.00000  -999999.00000  -999999.00000  -999999.00000  -999999.00000  -999999.00000  -999999.00000  -999999.00000
ULLUM_EMBALSE                              -31.46670   -68.66670   768.00000 2026-07-02 21:20:00     1
     1     1      275.25000       78.00000    93670.00000  -999999.00000        7.80000      164.00000  -999999.00000
  -999999.00000  -999999.00000  -999999.00000  -999999.00000  -999999.00000  -999999.00000  -999999.00000  -999999.00000
ULLUM_EMBALSE                              -31.46670   -68.66670   768.00000 2026-07-02 21:25:00     1
     1     1      275.15000       77.00000    93670.00000  -999999.00000        6.70000      167.00000  -999999.00000
  -999999.00000  -999999.00000  -999999.00000  -999999.00000  -999999.00000  -999999.00000  -999999.00000  -999999.00000
ULLUM_EMBALSE                              -31.46670   -68.66670   768.00000 2026-07-02 21:30:00     1
     1     1      275.15000       77.00000    93670.00000  -999999.00000        7.40000      167.00000  -999999.00000
  -999999.00000  -999999.00000  -999999.00000  -999999.00000  -999999.00000  -999999.00000  -999999.00000  -999999.00000
ULLUM_EMBALSE                              -31.46670   -68.66670   768.00000 2026-07-02 21:35:00     1
     1     1      275.15000       77.00000    93670.00000  -999999.00000        7.40000      170.00000  -999999.00000
  -999999.00000  -999999.00000  -999999.00000  -999999.00000  -999999.00000  -999999.00000  -999999.00000  -999999.00000
ULLUM_EMBALSE                              -31.46670   -68.66670   768.00000 2026-07-02 21:40:00     1
     1     1      275.25000       77.00000    93660.00000  -999999.00000        8.10000      167.00000  -999999.00000
  -999999.00000  -999999.00000  -999999.00000  -999999.00000  -999999.00000  -999999.00000  -999999.00000  -999999.00000
ULLUM_EMBALSE                              -31.46670   -68.66670   768.00000 2026-07-02 21:45:00     1
     1     1      275.25000       77.00000    93670.00000  -999999.00000        6.20000      173.00000  -999999.00000
  -999999.00000  -999999.00000  -999999.00000  -999999.00000  -999999.00000  -999999.00000  -999999.00000  -999999.00000
ULLUM_EMBALSE                              -31.46670   -68.66670   768.00000 2026-07-02 21:50:00     1
     1     1      275.25000       77.00000    93670.00000  -999999.00000        6.40000      176.00000  -999999.00000
  -999999.00000  -999999.00000  -999999.00000  -999999.00000  -999999.00000  -999999.00000  -999999.00000  -999999.00000
ULLUM_EMBALSE                              -31.46670   -68.66670   768.00000 2026-07-02 21:55:00     1
     1     1      275.25000       77.00000    93660.00000  -999999.00000        6.60000      169.00000  -999999.00000
  -999999.00000  -999999.00000  -999999.00000  -999999.00000  -999999.00000  -999999.00000  -999999.00000  -999999.00000
ULLUM_EMBALSE                              -31.46670   -68.66670   768.00000 2026-07-02 22:00:00     1
     1     1      275.35000       77.00000    93670.00000  -999999.00000        6.30000      169.00000  -999999.00000
  -999999.00000  -999999.00000  -999999.00000  -999999.00000  -999999.00000  -999999.00000  -999999.00000  -999999.00000
ULLUM_EMBALSE                              -31.46670   -68.66670   768.00000 2026-07-02 22:05:00     1
     1     1      275.25000       77.00000    93660.00000  -999999.00000        6.00000      174.00000  -999999.00000
  -999999.00000  -999999.00000  -999999.00000  -999999.00000  -999999.00000  -999999.00000  -999999.00000  -999999.00000
ULLUM_EMBALSE                              -31.46670   -68.66670   768.00000 2026-07-02 22:10:00     1
     1     1      275.35000       77.00000    93650.00000  -999999.00000        3.60000      171.00000  -999999.00000
  -999999.00000  -999999.00000  -999999.00000  -999999.00000  -999999.00000  -999999.00000  -999999.00000  -999999.00000
ULLUM_EMBALSE                              -31.46670   -68.66670   768.00000 2026-07-02 22:15:00     1
     1     1      275.35000       77.00000    93660.00000  -999999.00000        2.50000      169.00000  -999999.00000
  -999999.00000  -999999.00000  -999999.00000  -999999.00000  -999999.00000  -999999.00000  -999999.00000  -999999.00000
ULLUM_EMBALSE                              -31.46670   -68.66670   768.00000 2026-07-02 22:20:00     1
     1     1      275.35000       77.00000    93660.00000  -999999.00000        4.30000      175.00000  -999999.00000
  -999999.00000  -999999.00000  -999999.00000  -999999.00000  -999999.00000  -999999.00000  -999999.00000  -999999.00000
ULLUM_EMBALSE                              -31.46670   -68.66670   768.00000 2026-07-02 22:25:00     1
     1     1      275.35000       77.00000    93650.00000  -999999.00000        8.00000      172.00000  -999999.00000
  -999999.00000  -999999.00000  -999999.00000  -999999.00000  -999999.00000  -999999.00000  -999999.00000  -999999.00000
ULLUM_EMBALSE                              -31.46670   -68.66670   768.00000 2026-07-02 22:30:00     1
     1     1      275.25000       77.00000    93640.00000  -999999.00000        5.00000      168.00000  -999999.00000
  -999999.00000  -999999.00000  -999999.00000  -999999.00000  -999999.00000  -999999.00000  -999999.00000  -999999.00000
ULLUM_EMBALSE                              -31.46670   -68.66670   768.00000 2026-07-02 22:35:00     1
     1     1      275.35000       77.00000    93640.00000  -999999.00000        5.50000      175.00000  -999999.00000
  -999999.00000  -999999.00000  -999999.00000  -999999.00000  -999999.00000  -999999.00000  -999999.00000  -999999.00000
ULLUM_EMBALSE                              -31.46670   -68.66670   768.00000 2026-07-02 22:40:00     1
     1     1      275.35000       77.00000    93650.00000  -999999.00000        5.30000      185.00000  -999999.00000
  -999999.00000  -999999.00000  -999999.00000  -999999.00000  -999999.00000  -999999.00000  -999999.00000  -999999.00000
ULLUM_EMBALSE                              -31.46670   -68.66670   768.00000 2026-07-02 22:45:00     1
     1     1      275.35000       77.00000    93650.00000  -999999.00000        3.00000      185.00000  -999999.00000
  -999999.00000  -999999.00000  -999999.00000  -999999.00000  -999999.00000  -999999.00000  -999999.00000  -999999.00000
ULLUM_EMBALSE                              -31.46670   -68.66670   768.00000 2026-07-02 22:50:00     1
     1     1      275.35000       77.00000    93650.00000  -999999.00000        3.60000      182.00000  -999999.00000
  -999999.00000  -999999.00000  -999999.00000  -999999.00000  -999999.00000  -999999.00000  -999999.00000  -999999.00000
ULLUM_EMBALSE                              -31.46670   -68.66670   768.00000 2026-07-02 22:55:00     1
     1     1      275.35000       77.00000    93640.00000  -999999.00000        4.50000      179.00000  -999999.00000
  -999999.00000  -999999.00000  -999999.00000  -999999.00000  -999999.00000  -999999.00000  -999999.00000  -999999.00000
ULLUM_EMBALSE                              -31.46670   -68.66670   768.00000 2026-07-02 23:00:00     1
     1     1      275.35000       77.00000    93640.00000  -999999.00000        4.20000      186.00000  -999999.00000
  -999999.00000  -999999.00000  -999999.00000  -999999.00000  -999999.00000  -999999.00000  -999999.00000  -999999.00000
ULLUM_EMBALSE                              -31.46670   -68.66670   768.00000 2026-07-02 23:05:00     1
     1     1      275.35000       77.00000    93640.00000  -999999.00000        4.50000      180.00000  -999999.00000
  -999999.00000  -999999.00000  -999999.00000  -999999.00000  -999999.00000  -999999.00000  -999999.00000  -999999.00000
ULLUM_EMBALSE                              -31.46670   -68.66670   768.00000 2026-07-02 23:10:00     1
     1     1      275.35000       77.00000    93640.00000  -999999.00000        3.90000      178.00000  -999999.00000
  -999999.00000  -999999.00000  -999999.00000  -999999.00000  -999999.00000  -999999.00000  -999999.00000  -999999.00000
ULLUM_EMBALSE                              -31.46670   -68.66670   768.00000 2026-07-02 23:15:00     1
     1     1      275.35000       77.00000    93630.00000  -999999.00000        4.70000      179.00000  -999999.00000
  -999999.00000  -999999.00000  -999999.00000  -999999.00000  -999999.00000  -999999.00000  -999999.00000  -999999.00000
ULLUM_EMBALSE                              -31.46670   -68.66670   768.00000 2026-07-02 23:20:00     1
     1     1      275.35000       77.00000    93640.00000  -999999.00000        4.70000      184.00000  -999999.00000
  -999999.00000  -999999.00000  -999999.00000  -999999.00000  -999999.00000  -999999.00000  -999999.00000  -999999.00000
ULLUM_EMBALSE                              -31.46670   -68.66670   768.00000 2026-07-02 23:25:00     1
     1     1      275.35000       77.00000    93620.00000  -999999.00000        5.50000      188.00000  -999999.00000
  -999999.00000  -999999.00000  -999999.00000  -999999.00000  -999999.00000  -999999.00000  -999999.00000  -999999.00000
ULLUM_EMBALSE                              -31.46670   -68.66670   768.00000 2026-07-02 23:30:00     1
     1     1      275.35000       77.00000    93610.00000  -999999.00000        5.20000      187.00000  -999999.00000
  -999999.00000  -999999.00000  -999999.00000  -999999.00000  -999999.00000  -999999.00000  -999999.00000  -999999.00000
ULLUM_EMBALSE                              -31.46670   -68.66670   768.00000 2026-07-02 23:35:00     1
     1     1      275.35000       77.00000    93620.00000  -999999.00000        5.70000      186.00000  -999999.00000
  -999999.00000  -999999.00000  -999999.00000  -999999.00000  -999999.00000  -999999.00000  -999999.00000  -999999.00000
ULLUM_EMBALSE                              -31.46670   -68.66670   768.00000 2026-07-02 23:40:00     1
     1     1      275.35000       77.00000    93630.00000  -999999.00000        5.00000      191.00000  -999999.00000
  -999999.00000  -999999.00000  -999999.00000  -999999.00000  -999999.00000  -999999.00000  -999999.00000  -999999.00000
ULLUM_EMBALSE                              -31.46670   -68.66670   768.00000 2026-07-02 23:45:00     1
     1     1      275.35000       77.00000    93620.00000  -999999.00000        5.30000      190.00000  -999999.00000
  -999999.00000  -999999.00000  -999999.00000  -999999.00000  -999999.00000  -999999.00000  -999999.00000  -999999.00000
ULLUM_EMBALSE                              -31.46670   -68.66670   768.00000 2026-07-02 23:50:00     1
     1     1      275.35000       77.00000    93610.00000  -999999.00000        4.90000      188.00000  -999999.00000
  -999999.00000  -999999.00000  -999999.00000  -999999.00000  -999999.00000  -999999.00000  -999999.00000  -999999.00000
ULLUM_EMBALSE                              -31.46670   -68.66670   768.00000 2026-07-02 23:55:00     1
     1     1      275.35000       77.00000    93620.00000  -999999.00000        6.30000      187.00000  -999999.00000
  -999999.00000  -999999.00000  -999999.00000  -999999.00000  -999999.00000  -999999.00000  -999999.00000  -999999.00000
PUNTA_NEGRA                                -31.51920   -68.81780   800.00000 2026-07-02 00:00:00     1
     1     1      273.45000       93.00000    93200.00000  -999999.00000        0.70000      159.00000  -999999.00000
  -999999.00000  -999999.00000  -999999.00000  -999999.00000  -999999.00000  -999999.00000  -999999.00000  -999999.00000
PUNTA_NEGRA                                -31.51920   -68.81780   800.00000 2026-07-02 00:05:00     1
     1     1      273.45000       93.00000    93200.00000  -999999.00000        0.60000      159.00000  -999999.00000
  -999999.00000  -999999.00000  -999999.00000  -999999.00000  -999999.00000  -999999.00000  -999999.00000  -999999.00000
PUNTA_NEGRA                                -31.51920   -68.81780   800.00000 2026-07-02 00:10:00     1
     1     1      273.45000       93.00000    93200.00000  -999999.00000        1.30000      133.00000  -999999.00000
  -999999.00000  -999999.00000  -999999.00000  -999999.00000  -999999.00000  -999999.00000  -999999.00000  -999999.00000
PUNTA_NEGRA                                -31.51920   -68.81780   800.00000 2026-07-02 00:15:00     1
     1     1      273.55000       93.00000    93190.00000  -999999.00000        0.80000      128.00000  -999999.00000
  -999999.00000  -999999.00000  -999999.00000  -999999.00000  -999999.00000  -999999.00000  -999999.00000  -999999.00000
PUNTA_NEGRA                                -31.51920   -68.81780   800.00000 2026-07-02 00:20:00     1
     1     1      273.45000       93.00000    93200.00000  -999999.00000        1.00000      146.00000  -999999.00000
  -999999.00000  -999999.00000  -999999.00000  -999999.00000  -999999.00000  -999999.00000  -999999.00000  -999999.00000
PUNTA_NEGRA                                -31.51920   -68.81780   800.00000 2026-07-02 00:25:00     1
     1     1      273.35000       93.00000    93190.00000  -999999.00000        2.60000      131.00000  -999999.00000
  -999999.00000  -999999.00000  -999999.00000  -999999.00000  -999999.00000  -999999.00000  -999999.00000  -999999.00000
PUNTA_NEGRA                                -31.51920   -68.81780   800.00000 2026-07-02 00:30:00     1
     1     1      273.35000       93.00000    93200.00000  -999999.00000        1.90000      124.00000  -999999.00000
  -999999.00000  -999999.00000  -999999.00000  -999999.00000  -999999.00000  -999999.00000  -999999.00000  -999999.00000
PUNTA_NEGRA                                -31.51920   -68.81780   800.00000 2026-07-02 00:35:00     1
     1     1      273.35000       94.00000    93210.00000  -999999.00000        2.10000      154.00000  -999999.00000
  -999999.00000  -999999.00000  -999999.00000  -999999.00000  -999999.00000  -999999.00000  -999999.00000  -999999.00000
PUNTA_NEGRA                                -31.51920   -68.81780   800.00000 2026-07-02 00:40:00     1
     1     1      273.35000       94.00000    93200.00000  -999999.00000        1.70000      138.00000  -999999.00000
  -999999.00000  -999999.00000  -999999.00000  -999999.00000  -999999.00000  -999999.00000  -999999.00000  -999999.00000
PUNTA_NEGRA                                -31.51920   -68.81780   800.00000 2026-07-02 00:45:00     1
     1     1      273.35000       94.00000    93210.00000  -999999.00000        0.90000      131.00000  -999999.00000
  -999999.00000  -999999.00000  -999999.00000  -999999.00000  -999999.00000  -999999.00000  -999999.00000  -999999.00000
PUNTA_NEGRA                                -31.51920   -68.81780   800.00000 2026-07-02 00:50:00     1
     1     1      273.35000       94.00000    93200.00000  -999999.00000        0.80000      142.00000  -999999.00000
  -999999.00000  -999999.00000  -999999.00000  -999999.00000  -999999.00000  -999999.00000  -999999.00000  -999999.00000
PUNTA_NEGRA                                -31.51920   -68.81780   800.00000 2026-07-02 00:55:00     1
     1     1      273.25000       94.00000    93210.00000  -999999.00000        0.70000      185.00000  -999999.00000
  -999999.00000  -999999.00000  -999999.00000  -999999.00000  -999999.00000  -999999.00000  -999999.00000  -999999.00000
PUNTA_NEGRA                                -31.51920   -68.81780   800.00000 2026-07-02 01:00:00     1
     1     1      273.35000       94.00000    93210.00000  -999999.00000        0.80000      140.00000  -999999.00000
  -999999.00000  -999999.00000  -999999.00000  -999999.00000  -999999.00000  -999999.00000  -999999.00000  -999999.00000
PUNTA_NEGRA                                -31.51920   -68.81780   800.00000 2026-07-02 01:05:00     1
     1     1      273.35000       94.00000    93210.00000  -999999.00000        1.90000      154.00000  -999999.00000
  -999999.00000  -999999.00000  -999999.00000  -999999.00000  -999999.00000  -999999.00000  -999999.00000  -999999.00000
PUNTA_NEGRA                                -31.51920   -68.81780   800.00000 2026-07-02 01:10:00     1
     1     1      273.25000       94.00000    93210.00000  -999999.00000        1.10000      157.00000  -999999.00000
  -999999.00000  -999999.00000  -999999.00000  -999999.00000  -999999.00000  -999999.00000  -999999.00000  -999999.00000
PUNTA_NEGRA                                -31.51920   -68.81780   800.00000 2026-07-02 01:15:00     1
     1     1      273.25000       94.00000    93210.00000  -999999.00000        2.10000      104.00000  -999999.00000
  -999999.00000  -999999.00000  -999999.00000  -999999.00000  -999999.00000  -999999.00000  -999999.00000  -999999.00000
PUNTA_NEGRA                                -31.51920   -68.81780   800.00000 2026-07-02 01:20:00     1
     1     1      273.25000       94.00000    93210.00000  -999999.00000        1.50000       93.00000  -999999.00000
  -999999.00000  -999999.00000  -999999.00000  -999999.00000  -999999.00000  -999999.00000  -999999.00000  -999999.00000
PUNTA_NEGRA                                -31.51920   -68.81780   800.00000 2026-07-02 01:25:00     1
     1     1      273.25000       94.00000    93210.00000  -999999.00000        1.90000      108.00000  -999999.00000
  -999999.00000  -999999.00000  -999999.00000  -999999.00000  -999999.00000  -999999.00000  -999999.00000  -999999.00000
PUNTA_NEGRA                                -31.51920   -68.81780   800.00000 2026-07-02 01:30:00     1
     1     1      273.35000       94.00000    93220.00000  -999999.00000        1.00000      152.00000  -999999.00000
  -999999.00000  -999999.00000  -999999.00000  -999999.00000  -999999.00000  -999999.00000  -999999.00000  -999999.00000
PUNTA_NEGRA                                -31.51920   -68.81780   800.00000 2026-07-02 01:35:00     1
     1     1      273.25000       94.00000    93210.00000  -999999.00000        0.70000      122.00000  -999999.00000
  -999999.00000  -999999.00000  -999999.00000  -999999.00000  -999999.00000  -999999.00000  -999999.00000  -999999.00000
PUNTA_NEGRA                                -31.51920   -68.81780   800.00000 2026-07-02 01:40:00     1
     1     1      273.15000       94.00000    93220.00000  -999999.00000        0.40000      106.00000  -999999.00000
  -999999.00000  -999999.00000  -999999.00000  -999999.00000  -999999.00000  -999999.00000  -999999.00000  -999999.00000
PUNTA_NEGRA                                -31.51920   -68.81780   800.00000 2026-07-02 01:45:00     1
     1     1      273.15000       94.00000    93220.00000  -999999.00000        0.20000      157.00000  -999999.00000
  -999999.00000  -999999.00000  -999999.00000  -999999.00000  -999999.00000  -999999.00000  -999999.00000  -999999.00000
PUNTA_NEGRA                                -31.51920   -68.81780   800.00000 2026-07-02 01:50:00     1
     1     1      273.05000       94.00000    93220.00000  -999999.00000        0.20000       49.00000  -999999.00000
  -999999.00000  -999999.00000  -999999.00000  -999999.00000  -999999.00000  -999999.00000  -999999.00000  -999999.00000
PUNTA_NEGRA                                -31.51920   -68.81780   800.00000 2026-07-02 01:55:00     1
     1     1      273.05000       94.00000    93210.00000  -999999.00000        0.60000      171.00000  -999999.00000
  -999999.00000  -999999.00000  -999999.00000  -999999.00000  -999999.00000  -999999.00000  -999999.00000  -999999.00000
PUNTA_NEGRA                                -31.51920   -68.81780   800.00000 2026-07-02 02:00:00     1
     1     1      273.05000       94.00000    93220.00000  -999999.00000        0.70000      106.00000  -999999.00000
  -999999.00000  -999999.00000  -999999.00000  -999999.00000  -999999.00000  -999999.00000  -999999.00000  -999999.00000
PUNTA_NEGRA                                -31.51920   -68.81780   800.00000 2026-07-02 02:05:00     1
     1     1      273.05000       94.00000    93210.00000  -999999.00000        0.40000      149.00000  -999999.00000
  -999999.00000  -999999.00000  -999999.00000  -999999.00000  -999999.00000  -999999.00000  -999999.00000  -999999.00000
PUNTA_NEGRA                                -31.51920   -68.81780   800.00000 2026-07-02 02:10:00     1
     1     1      272.95000       94.00000    93220.00000  -999999.00000        0.30000      186.00000  -999999.00000
  -999999.00000  -999999.00000  -999999.00000  -999999.00000  -999999.00000  -999999.00000  -999999.00000  -999999.00000
PUNTA_NEGRA                                -31.51920   -68.81780   800.00000 2026-07-02 02:15:00     1
     1     1      272.95000       94.00000    93210.00000  -999999.00000        0.70000      135.00000  -999999.00000
  -999999.00000  -999999.00000  -999999.00000  -999999.00000  -999999.00000  -999999.00000  -999999.00000  -999999.00000
PUNTA_NEGRA                                -31.51920   -68.81780   800.00000 2026-07-02 02:20:00     1
     1     1      272.95000       94.00000    93210.00000  -999999.00000        0.80000      150.00000  -999999.00000
  -999999.00000  -999999.00000  -999999.00000  -999999.00000  -999999.00000  -999999.00000  -999999.00000  -999999.00000
PUNTA_NEGRA                                -31.51920   -68.81780   800.00000 2026-07-02 02:25:00     1
     1     1      272.95000       94.00000    93210.00000  -999999.00000        1.40000      150.00000  -999999.00000
  -999999.00000  -999999.00000  -999999.00000  -999999.00000  -999999.00000  -999999.00000  -999999.00000  -999999.00000
PUNTA_NEGRA                                -31.51920   -68.81780   800.00000 2026-07-02 02:30:00     1
     1     1      272.95000       94.00000    93190.00000  -999999.00000        0.70000      160.00000  -999999.00000
  -999999.00000  -999999.00000  -999999.00000  -999999.00000  -999999.00000  -999999.00000  -999999.00000  -999999.00000
PUNTA_NEGRA                                -31.51920   -68.81780   800.00000 2026-07-02 02:35:00     1
     1     1      272.85000       94.00000    93200.00000  -999999.00000        0.50000       75.00000  -999999.00000
  -999999.00000  -999999.00000  -999999.00000  -999999.00000  -999999.00000  -999999.00000  -999999.00000  -999999.00000
PUNTA_NEGRA                                -31.51920   -68.81780   800.00000 2026-07-02 02:40:00     1
     1     1      272.95000       94.00000    93200.00000  -999999.00000        0.20000      177.00000  -999999.00000
  -999999.00000  -999999.00000  -999999.00000  -999999.00000  -999999.00000  -999999.00000  -999999.00000  -999999.00000
PUNTA_NEGRA                                -31.51920   -68.81780   800.00000 2026-07-02 02:45:00     1
     1     1      272.95000       94.00000    93210.00000  -999999.00000        1.10000      173.00000  -999999.00000
  -999999.00000  -999999.00000  -999999.00000  -999999.00000  -999999.00000  -999999.00000  -999999.00000  -999999.00000
PUNTA_NEGRA                                -31.51920   -68.81780   800.00000 2026-07-02 02:50:00     1
     1     1      272.95000       95.00000    93210.00000  -999999.00000        0.10000      162.00000  -999999.00000
  -999999.00000  -999999.00000  -999999.00000  -999999.00000  -999999.00000  -999999.00000  -999999.00000  -999999.00000
PUNTA_NEGRA                                -31.51920   -68.81780   800.00000 2026-07-02 02:55:00     1
     1     1      272.85000       95.00000    93210.00000  -999999.00000        0.40000      185.00000  -999999.00000
  -999999.00000  -999999.00000  -999999.00000  -999999.00000  -999999.00000  -999999.00000  -999999.00000  -999999.00000
PUNTA_NEGRA                                -31.51920   -68.81780   800.00000 2026-07-02 03:00:00     1
     1     1      272.85000       95.00000    93200.00000  -999999.00000        0.60000      149.00000  -999999.00000
  -999999.00000  -999999.00000  -999999.00000  -999999.00000  -999999.00000  -999999.00000  -999999.00000  -999999.00000
PUNTA_NEGRA                                -31.51920   -68.81780   800.00000 2026-07-02 03:05:00     1
     1     1      272.85000       95.00000    93200.00000  -999999.00000        0.10000      180.00000  -999999.00000
  -999999.00000  -999999.00000  -999999.00000  -999999.00000  -999999.00000  -999999.00000  -999999.00000  -999999.00000
PUNTA_NEGRA                                -31.51920   -68.81780   800.00000 2026-07-02 03:10:00     1
     1     1      272.85000       95.00000    93190.00000  -999999.00000        0.50000      154.00000  -999999.00000
  -999999.00000  -999999.00000  -999999.00000  -999999.00000  -999999.00000  -999999.00000  -999999.00000  -999999.00000
PUNTA_NEGRA                                -31.51920   -68.81780   800.00000 2026-07-02 03:15:00     1
     1     1      272.85000       95.00000    93190.00000  -999999.00000        0.40000      182.00000  -999999.00000
  -999999.00000  -999999.00000  -999999.00000  -999999.00000  -999999.00000  -999999.00000  -999999.00000  -999999.00000
PUNTA_NEGRA                                -31.51920   -68.81780   800.00000 2026-07-02 03:20:00     1
     1     1      272.85000       95.00000    93170.00000  -999999.00000        0.50000      159.00000  -999999.00000
  -999999.00000  -999999.00000  -999999.00000  -999999.00000  -999999.00000  -999999.00000  -999999.00000  -999999.00000
PUNTA_NEGRA                                -31.51920   -68.81780   800.00000 2026-07-02 03:25:00     1
     1     1      272.85000       95.00000    93160.00000  -999999.00000        1.40000      161.00000  -999999.00000
  -999999.00000  -999999.00000  -999999.00000  -999999.00000  -999999.00000  -999999.00000  -999999.00000  -999999.00000
PUNTA_NEGRA                                -31.51920   -68.81780   800.00000 2026-07-02 03:30:00     1
     1     1      272.85000       95.00000    93150.00000  -999999.00000        0.20000      116.00000  -999999.00000
  -999999.00000  -999999.00000  -999999.00000  -999999.00000  -999999.00000  -999999.00000  -999999.00000  -999999.00000
PUNTA_NEGRA                                -31.51920   -68.81780   800.00000 2026-07-02 03:35:00     1
     1     1      272.75000       95.00000    93150.00000  -999999.00000        0.60000      145.00000  -999999.00000
  -999999.00000  -999999.00000  -999999.00000  -999999.00000  -999999.00000  -999999.00000  -999999.00000  -999999.00000
PUNTA_NEGRA                                -31.51920   -68.81780   800.00000 2026-07-02 03:40:00     1
     1     1      272.75000       95.00000    93150.00000  -999999.00000        0.10000      178.00000  -999999.00000
  -999999.00000  -999999.00000  -999999.00000  -999999.00000  -999999.00000  -999999.00000  -999999.00000  -999999.00000
PUNTA_NEGRA                                -31.51920   -68.81780   800.00000 2026-07-02 03:45:00     1
     1     1      272.75000       95.00000    93160.00000  -999999.00000        1.30000      124.00000  -999999.00000
  -999999.00000  -999999.00000  -999999.00000  -999999.00000  -999999.00000  -999999.00000  -999999.00000  -999999.00000
PUNTA_NEGRA                                -31.51920   -68.81780   800.00000 2026-07-02 03:50:00     1
     1     1      272.75000       95.00000    93150.00000  -999999.00000        1.50000      139.00000  -999999.00000
  -999999.00000  -999999.00000  -999999.00000  -999999.00000  -999999.00000  -999999.00000  -999999.00000  -999999.00000
PUNTA_NEGRA                                -31.51920   -68.81780   800.00000 2026-07-02 03:55:00     1
     1     1      272.75000       95.00000    93150.00000  -999999.00000        0.50000      161.00000  -999999.00000
  -999999.00000  -999999.00000  -999999.00000  -999999.00000  -999999.00000  -999999.00000  -999999.00000  -999999.00000
PUNTA_NEGRA                                -31.51920   -68.81780   800.00000 2026-07-02 04:00:00     1
     1     1      272.85000       95.00000    93150.00000  -999999.00000        0.80000      151.00000  -999999.00000
  -999999.00000  -999999.00000  -999999.00000  -999999.00000  -999999.00000  -999999.00000  -999999.00000  -999999.00000
PUNTA_NEGRA                                -31.51920   -68.81780   800.00000 2026-07-02 04:05:00     1
     1     1      272.85000       95.00000    93150.00000  -999999.00000        0.90000      155.00000  -999999.00000
  -999999.00000  -999999.00000  -999999.00000  -999999.00000  -999999.00000  -999999.00000  -999999.00000  -999999.00000
PUNTA_NEGRA                                -31.51920   -68.81780   800.00000 2026-07-02 04:10:00     1
     1     1      272.75000       95.00000    93140.00000  -999999.00000        0.50000      130.00000  -999999.00000
  -999999.00000  -999999.00000  -999999.00000  -999999.00000  -999999.00000  -999999.00000  -999999.00000  -999999.00000
PUNTA_NEGRA                                -31.51920   -68.81780   800.00000 2026-07-02 04:15:00     1
     1     1      272.75000       95.00000    93150.00000  -999999.00000        0.80000      136.00000  -999999.00000
  -999999.00000  -999999.00000  -999999.00000  -999999.00000  -999999.00000  -999999.00000  -999999.00000  -999999.00000
PUNTA_NEGRA                                -31.51920   -68.81780   800.00000 2026-07-02 04:20:00     1
     1     1      272.75000       95.00000    93150.00000  -999999.00000        1.70000      138.00000  -999999.00000
  -999999.00000  -999999.00000  -999999.00000  -999999.00000  -999999.00000  -999999.00000  -999999.00000  -999999.00000
PUNTA_NEGRA                                -31.51920   -68.81780   800.00000 2026-07-02 04:25:00     1
     1     1      272.55000       95.00000    93140.00000  -999999.00000        0.40000      173.00000  -999999.00000
  -999999.00000  -999999.00000  -999999.00000  -999999.00000  -999999.00000  -999999.00000  -999999.00000  -999999.00000
PUNTA_NEGRA                                -31.51920   -68.81780   800.00000 2026-07-02 04:30:00     1
     1     1      272.75000       95.00000    93140.00000  -999999.00000        0.40000      173.00000  -999999.00000
  -999999.00000  -999999.00000  -999999.00000  -999999.00000  -999999.00000  -999999.00000  -999999.00000  -999999.00000
PUNTA_NEGRA                                -31.51920   -68.81780   800.00000 2026-07-02 04:35:00     1
     1     1      272.65000       95.00000    93140.00000  -999999.00000        0.40000      144.00000  -999999.00000
  -999999.00000  -999999.00000  -999999.00000  -999999.00000  -999999.00000  -999999.00000  -999999.00000  -999999.00000
PUNTA_NEGRA                                -31.51920   -68.81780   800.00000 2026-07-02 04:40:00     1
     1     1      272.65000       95.00000    93130.00000  -999999.00000        0.30000      170.00000  -999999.00000
  -999999.00000  -999999.00000  -999999.00000  -999999.00000  -999999.00000  -999999.00000  -999999.00000  -999999.00000
PUNTA_NEGRA                                -31.51920   -68.81780   800.00000 2026-07-02 04:45:00     1
     1     1      272.65000       95.00000    93120.00000  -999999.00000        0.40000      132.00000  -999999.00000
  -999999.00000  -999999.00000  -999999.00000  -999999.00000  -999999.00000  -999999.00000  -999999.00000  -999999.00000
PUNTA_NEGRA                                -31.51920   -68.81780   800.00000 2026-07-02 04:50:00     1
     1     1      272.75000       95.00000    93130.00000  -999999.00000        0.90000      125.00000  -999999.00000
  -999999.00000  -999999.00000  -999999.00000  -999999.00000  -999999.00000  -999999.00000  -999999.00000  -999999.00000
PUNTA_NEGRA                                -31.51920   -68.81780   800.00000 2026-07-02 04:55:00     1
     1     1      272.65000       95.00000    93110.00000  -999999.00000        0.40000       80.00000  -999999.00000
  -999999.00000  -999999.00000  -999999.00000  -999999.00000  -999999.00000  -999999.00000  -999999.00000  -999999.00000
PUNTA_NEGRA                                -31.51920   -68.81780   800.00000 2026-07-02 05:00:00     1
     1     1      272.75000       95.00000    93110.00000  -999999.00000        1.00000      130.00000  -999999.00000
  -999999.00000  -999999.00000  -999999.00000  -999999.00000  -999999.00000  -999999.00000  -999999.00000  -999999.00000
PUNTA_NEGRA                                -31.51920   -68.81780   800.00000 2026-07-02 05:05:00     1
     1     1      272.75000       95.00000    93130.00000  -999999.00000        1.40000      142.00000  -999999.00000
  -999999.00000  -999999.00000  -999999.00000  -999999.00000  -999999.00000  -999999.00000  -999999.00000  -999999.00000
PUNTA_NEGRA                                -31.51920   -68.81780   800.00000 2026-07-02 05:10:00     1
     1     1      272.65000       94.00000    93120.00000  -999999.00000        2.00000      153.00000  -999999.00000
  -999999.00000  -999999.00000  -999999.00000  -999999.00000  -999999.00000  -999999.00000  -999999.00000  -999999.00000
PUNTA_NEGRA                                -31.51920   -68.81780   800.00000 2026-07-02 05:15:00     1
     1     1      272.65000       95.00000    93120.00000  -999999.00000        1.30000      151.00000  -999999.00000
  -999999.00000  -999999.00000  -999999.00000  -999999.00000  -999999.00000  -999999.00000  -999999.00000  -999999.00000
PUNTA_NEGRA                                -31.51920   -68.81780   800.00000 2026-07-02 05:20:00     1
     1     1      272.65000       94.00000    93120.00000  -999999.00000        0.80000      125.00000  -999999.00000
  -999999.00000  -999999.00000  -999999.00000  -999999.00000  -999999.00000  -999999.00000  -999999.00000  -999999.00000
PUNTA_NEGRA                                -31.51920   -68.81780   800.00000 2026-07-02 05:25:00     1
     1     1      272.65000       94.00000    93110.00000  -999999.00000        0.90000      174.00000  -999999.00000
  -999999.00000  -999999.00000  -999999.00000  -999999.00000  -999999.00000  -999999.00000  -999999.00000  -999999.00000
PUNTA_NEGRA                                -31.51920   -68.81780   800.00000 2026-07-02 05:30:00     1
     1     1      272.65000       94.00000    93110.00000  -999999.00000        0.90000      116.00000  -999999.00000
  -999999.00000  -999999.00000  -999999.00000  -999999.00000  -999999.00000  -999999.00000  -999999.00000  -999999.00000
PUNTA_NEGRA                                -31.51920   -68.81780   800.00000 2026-07-02 05:35:00     1
     1     1      272.65000       94.00000    93110.00000  -999999.00000        1.20000      138.00000  -999999.00000
  -999999.00000  -999999.00000  -999999.00000  -999999.00000  -999999.00000  -999999.00000  -999999.00000  -999999.00000
PUNTA_NEGRA                                -31.51920   -68.81780   800.00000 2026-07-02 05:40:00     1
     1     1      272.55000       94.00000    93100.00000  -999999.00000        1.60000      132.00000  -999999.00000
  -999999.00000  -999999.00000  -999999.00000  -999999.00000  -999999.00000  -999999.00000  -999999.00000  -999999.00000
PUNTA_NEGRA                                -31.51920   -68.81780   800.00000 2026-07-02 05:45:00     1
     1     1      272.75000       95.00000    93110.00000  -999999.00000        0.90000      155.00000  -999999.00000
  -999999.00000  -999999.00000  -999999.00000  -999999.00000  -999999.00000  -999999.00000  -999999.00000  -999999.00000
PUNTA_NEGRA                                -31.51920   -68.81780   800.00000 2026-07-02 05:50:00     1
     1     1      272.75000       95.00000    93110.00000  -999999.00000        1.50000      140.00000  -999999.00000
  -999999.00000  -999999.00000  -999999.00000  -999999.00000  -999999.00000  -999999.00000  -999999.00000  -999999.00000
PUNTA_NEGRA                                -31.51920   -68.81780   800.00000 2026-07-02 05:55:00     1
     1     1      272.65000       95.00000    93110.00000  -999999.00000        1.00000      180.00000  -999999.00000
  -999999.00000  -999999.00000  -999999.00000  -999999.00000  -999999.00000  -999999.00000  -999999.00000  -999999.00000
PUNTA_NEGRA                                -31.51920   -68.81780   800.00000 2026-07-02 06:00:00     1
     1     1      272.65000       95.00000    93110.00000  -999999.00000        0.40000      168.00000  -999999.00000
  -999999.00000  -999999.00000  -999999.00000  -999999.00000  -999999.00000  -999999.00000  -999999.00000  -999999.00000
PUNTA_NEGRA                                -31.51920   -68.81780   800.00000 2026-07-02 06:05:00     1
     1     1      272.65000       95.00000    93100.00000  -999999.00000        0.60000      172.00000  -999999.00000
  -999999.00000  -999999.00000  -999999.00000  -999999.00000  -999999.00000  -999999.00000  -999999.00000  -999999.00000
PUNTA_NEGRA                                -31.51920   -68.81780   800.00000 2026-07-02 06:10:00     1
     1     1      272.65000       95.00000    93110.00000  -999999.00000        0.70000      207.00000  -999999.00000
  -999999.00000  -999999.00000  -999999.00000  -999999.00000  -999999.00000  -999999.00000  -999999.00000  -999999.00000
PUNTA_NEGRA                                -31.51920   -68.81780   800.00000 2026-07-02 06:15:00     1
     1     1      272.65000       95.00000    93110.00000  -999999.00000        0.50000      268.00000  -999999.00000
  -999999.00000  -999999.00000  -999999.00000  -999999.00000  -999999.00000  -999999.00000  -999999.00000  -999999.00000
PUNTA_NEGRA                                -31.51920   -68.81780   800.00000 2026-07-02 06:20:00     1
     1     1      272.65000       95.00000    93110.00000  -999999.00000        0.30000      188.00000  -999999.00000
  -999999.00000  -999999.00000  -999999.00000  -999999.00000  -999999.00000  -999999.00000  -999999.00000  -999999.00000
PUNTA_NEGRA                                -31.51920   -68.81780   800.00000 2026-07-02 06:25:00     1
     1     1      272.65000       95.00000    93110.00000  -999999.00000        0.20000      154.00000  -999999.00000
  -999999.00000  -999999.00000  -999999.00000  -999999.00000  -999999.00000  -999999.00000  -999999.00000  -999999.00000
PUNTA_NEGRA                                -31.51920   -68.81780   800.00000 2026-07-02 06:30:00     1
     1     1      272.55000       95.00000    93110.00000  -999999.00000        0.40000      162.00000  -999999.00000
  -999999.00000  -999999.00000  -999999.00000  -999999.00000  -999999.00000  -999999.00000  -999999.00000  -999999.00000
PUNTA_NEGRA                                -31.51920   -68.81780   800.00000 2026-07-02 06:35:00     1
     1     1      272.55000       95.00000    93110.00000  -999999.00000        0.40000      142.00000  -999999.00000
  -999999.00000  -999999.00000  -999999.00000  -999999.00000  -999999.00000  -999999.00000  -999999.00000  -999999.00000
PUNTA_NEGRA                                -31.51920   -68.81780   800.00000 2026-07-02 06:40:00     1
     1     1      272.55000       95.00000    93100.00000  -999999.00000        0.60000      140.00000  -999999.00000
  -999999.00000  -999999.00000  -999999.00000  -999999.00000  -999999.00000  -999999.00000  -999999.00000  -999999.00000
PUNTA_NEGRA                                -31.51920   -68.81780   800.00000 2026-07-02 06:45:00     1
     1     1      272.55000       95.00000    93100.00000  -999999.00000        0.80000      151.00000  -999999.00000
  -999999.00000  -999999.00000  -999999.00000  -999999.00000  -999999.00000  -999999.00000  -999999.00000  -999999.00000
PUNTA_NEGRA                                -31.51920   -68.81780   800.00000 2026-07-02 06:50:00     1
     1     1      272.45000       95.00000    93100.00000  -999999.00000        1.30000      136.00000  -999999.00000
  -999999.00000  -999999.00000  -999999.00000  -999999.00000  -999999.00000  -999999.00000  -999999.00000  -999999.00000
PUNTA_NEGRA                                -31.51920   -68.81780   800.00000 2026-07-02 06:55:00     1
     1     1      272.45000       95.00000    93110.00000  -999999.00000        0.40000      178.00000  -999999.00000
  -999999.00000  -999999.00000  -999999.00000  -999999.00000  -999999.00000  -999999.00000  -999999.00000  -999999.00000
PUNTA_NEGRA                                -31.51920   -68.81780   800.00000 2026-07-02 07:00:00     1
     1     1      272.55000       95.00000    93110.00000  -999999.00000        0.60000      147.00000  -999999.00000
  -999999.00000  -999999.00000  -999999.00000  -999999.00000  -999999.00000  -999999.00000  -999999.00000  -999999.00000
PUNTA_NEGRA                                -31.51920   -68.81780   800.00000 2026-07-02 07:05:00     1
     1     1      272.45000       95.00000    93100.00000  -999999.00000        0.70000      162.00000  -999999.00000
  -999999.00000  -999999.00000  -999999.00000  -999999.00000  -999999.00000  -999999.00000  -999999.00000  -999999.00000
PUNTA_NEGRA                                -31.51920   -68.81780   800.00000 2026-07-02 07:10:00     1
     1     1      272.45000       95.00000    93110.00000  -999999.00000        1.90000      144.00000  -999999.00000
  -999999.00000  -999999.00000  -999999.00000  -999999.00000  -999999.00000  -999999.00000  -999999.00000  -999999.00000
PUNTA_NEGRA                                -31.51920   -68.81780   800.00000 2026-07-02 07:15:00     1
     1     1      272.45000       95.00000    93110.00000  -999999.00000        0.90000      146.00000  -999999.00000
  -999999.00000  -999999.00000  -999999.00000  -999999.00000  -999999.00000  -999999.00000  -999999.00000  -999999.00000
PUNTA_NEGRA                                -31.51920   -68.81780   800.00000 2026-07-02 07:20:00     1
     1     1      272.55000       95.00000    93110.00000  -999999.00000        0.10000      152.00000  -999999.00000
  -999999.00000  -999999.00000  -999999.00000  -999999.00000  -999999.00000  -999999.00000  -999999.00000  -999999.00000
PUNTA_NEGRA                                -31.51920   -68.81780   800.00000 2026-07-02 07:25:00     1
     1     1      272.55000       95.00000    93120.00000  -999999.00000        1.60000      116.00000  -999999.00000
  -999999.00000  -999999.00000  -999999.00000  -999999.00000  -999999.00000  -999999.00000  -999999.00000  -999999.00000
PUNTA_NEGRA                                -31.51920   -68.81780   800.00000 2026-07-02 07:30:00     1
     1     1      272.45000       95.00000    93130.00000  -999999.00000        0.80000      139.00000  -999999.00000
  -999999.00000  -999999.00000  -999999.00000  -999999.00000  -999999.00000  -999999.00000  -999999.00000  -999999.00000
PUNTA_NEGRA                                -31.51920   -68.81780   800.00000 2026-07-02 07:35:00     1
     1     1      272.55000       95.00000    93120.00000  -999999.00000        1.10000      147.00000  -999999.00000
  -999999.00000  -999999.00000  -999999.00000  -999999.00000  -999999.00000  -999999.00000  -999999.00000  -999999.00000
PUNTA_NEGRA                                -31.51920   -68.81780   800.00000 2026-07-02 07:40:00     1
     1     1      272.45000       95.00000    93120.00000  -999999.00000        0.60000      158.00000  -999999.00000
  -999999.00000  -999999.00000  -999999.00000  -999999.00000  -999999.00000  -999999.00000  -999999.00000  -999999.00000
PUNTA_NEGRA                                -31.51920   -68.81780   800.00000 2026-07-02 07:45:00     1
     1     1      272.55000       95.00000    93140.00000  -999999.00000        0.40000      178.00000  -999999.00000
  -999999.00000  -999999.00000  -999999.00000  -999999.00000  -999999.00000  -999999.00000  -999999.00000  -999999.00000
PUNTA_NEGRA                                -31.51920   -68.81780   800.00000 2026-07-02 07:50:00     1
     1     1      272.55000       95.00000    93120.00000  -999999.00000        0.00000      167.00000  -999999.00000
  -999999.00000  -999999.00000  -999999.00000  -999999.00000  -999999.00000  -999999.00000  -999999.00000  -999999.00000
PUNTA_NEGRA                                -31.51920   -68.81780   800.00000 2026-07-02 07:55:00     1
     1     1      272.55000       95.00000    93130.00000  -999999.00000        0.00000      177.00000  -999999.00000
  -999999.00000  -999999.00000  -999999.00000  -999999.00000  -999999.00000  -999999.00000  -999999.00000  -999999.00000
PUNTA_NEGRA                                -31.51920   -68.81780   800.00000 2026-07-02 08:00:00     1
     1     1      272.65000       95.00000    93130.00000  -999999.00000        0.20000       44.00000  -999999.00000
  -999999.00000  -999999.00000  -999999.00000  -999999.00000  -999999.00000  -999999.00000  -999999.00000  -999999.00000
PUNTA_NEGRA                                -31.51920   -68.81780   800.00000 2026-07-02 08:05:00     1
     1     1      272.55000       95.00000    93130.00000  -999999.00000        0.30000      105.00000  -999999.00000
  -999999.00000  -999999.00000  -999999.00000  -999999.00000  -999999.00000  -999999.00000  -999999.00000  -999999.00000
PUNTA_NEGRA                                -31.51920   -68.81780   800.00000 2026-07-02 08:10:00     1
     1     1      272.65000       95.00000    93130.00000  -999999.00000        0.30000      169.00000  -999999.00000
  -999999.00000  -999999.00000  -999999.00000  -999999.00000  -999999.00000  -999999.00000  -999999.00000  -999999.00000
PUNTA_NEGRA                                -31.51920   -68.81780   800.00000 2026-07-02 08:15:00     1
     1     1      272.65000       95.00000    93130.00000  -999999.00000        0.40000      167.00000  -999999.00000
  -999999.00000  -999999.00000  -999999.00000  -999999.00000  -999999.00000  -999999.00000  -999999.00000  -999999.00000
PUNTA_NEGRA                                -31.51920   -68.81780   800.00000 2026-07-02 08:20:00     1
     1     1      272.65000       95.00000    93120.00000  -999999.00000        0.00000      180.00000  -999999.00000
  -999999.00000  -999999.00000  -999999.00000  -999999.00000  -999999.00000  -999999.00000  -999999.00000  -999999.00000
PUNTA_NEGRA                                -31.51920   -68.81780   800.00000 2026-07-02 08:25:00     1
     1     1      272.65000       95.00000    93120.00000  -999999.00000        0.60000      329.00000  -999999.00000
  -999999.00000  -999999.00000  -999999.00000  -999999.00000  -999999.00000  -999999.00000  -999999.00000  -999999.00000
PUNTA_NEGRA                                -31.51920   -68.81780   800.00000 2026-07-02 08:30:00     1
     1     1      272.65000       95.00000    93130.00000  -999999.00000        0.10000      157.00000  -999999.00000
  -999999.00000  -999999.00000  -999999.00000  -999999.00000  -999999.00000  -999999.00000  -999999.00000  -999999.00000
PUNTA_NEGRA                                -31.51920   -68.81780   800.00000 2026-07-02 08:35:00     1
     1     1      272.65000       95.00000    93120.00000  -999999.00000        0.00000      182.00000  -999999.00000
  -999999.00000  -999999.00000  -999999.00000  -999999.00000  -999999.00000  -999999.00000  -999999.00000  -999999.00000
PUNTA_NEGRA                                -31.51920   -68.81780   800.00000 2026-07-02 08:40:00     1
     1     1      272.65000       95.00000    93110.00000  -999999.00000        0.10000      105.00000  -999999.00000
  -999999.00000  -999999.00000  -999999.00000  -999999.00000  -999999.00000  -999999.00000  -999999.00000  -999999.00000
PUNTA_NEGRA                                -31.51920   -68.81780   800.00000 2026-07-02 08:45:00     1
     1     1      272.65000       94.00000    93120.00000  -999999.00000        0.10000       97.00000  -999999.00000
  -999999.00000  -999999.00000  -999999.00000  -999999.00000  -999999.00000  -999999.00000  -999999.00000  -999999.00000
PUNTA_NEGRA                                -31.51920   -68.81780   800.00000 2026-07-02 08:50:00     1
     1     1      272.75000       94.00000    93110.00000  -999999.00000        0.30000      157.00000  -999999.00000
  -999999.00000  -999999.00000  -999999.00000  -999999.00000  -999999.00000  -999999.00000  -999999.00000  -999999.00000
PUNTA_NEGRA                                -31.51920   -68.81780   800.00000 2026-07-02 08:55:00     1
     1     1      272.75000       94.00000    93130.00000  -999999.00000        0.80000      167.00000  -999999.00000
  -999999.00000  -999999.00000  -999999.00000  -999999.00000  -999999.00000  -999999.00000  -999999.00000  -999999.00000
PUNTA_NEGRA                                -31.51920   -68.81780   800.00000 2026-07-02 09:00:00     1
     1     1      272.85000       94.00000    93130.00000  -999999.00000        0.70000      170.00000  -999999.00000
  -999999.00000  -999999.00000  -999999.00000  -999999.00000  -999999.00000  -999999.00000  -999999.00000  -999999.00000
PUNTA_NEGRA                                -31.51920   -68.81780   800.00000 2026-07-02 09:05:00     1
     1     1      272.75000       94.00000    93120.00000  -999999.00000        1.60000      132.00000  -999999.00000
  -999999.00000  -999999.00000  -999999.00000  -999999.00000  -999999.00000  -999999.00000  -999999.00000  -999999.00000
PUNTA_NEGRA                                -31.51920   -68.81780   800.00000 2026-07-02 09:10:00     1
     1     1      272.75000       94.00000    93120.00000  -999999.00000        0.80000      129.00000  -999999.00000
  -999999.00000  -999999.00000  -999999.00000  -999999.00000  -999999.00000  -999999.00000  -999999.00000  -999999.00000
PUNTA_NEGRA                                -31.51920   -68.81780   800.00000 2026-07-02 09:15:00     1
     1     1      272.85000       94.00000    93130.00000  -999999.00000        0.60000      168.00000  -999999.00000
  -999999.00000  -999999.00000  -999999.00000  -999999.00000  -999999.00000  -999999.00000  -999999.00000  -999999.00000
PUNTA_NEGRA                                -31.51920   -68.81780   800.00000 2026-07-02 09:20:00     1
     1     1      272.85000       94.00000    93130.00000  -999999.00000        0.90000      165.00000  -999999.00000
  -999999.00000  -999999.00000  -999999.00000  -999999.00000  -999999.00000  -999999.00000  -999999.00000  -999999.00000
PUNTA_NEGRA                                -31.51920   -68.81780   800.00000 2026-07-02 09:25:00     1
     1     1      272.85000       94.00000    93120.00000  -999999.00000        0.50000      167.00000  -999999.00000
  -999999.00000  -999999.00000  -999999.00000  -999999.00000  -999999.00000  -999999.00000  -999999.00000  -999999.00000
PUNTA_NEGRA                                -31.51920   -68.81780   800.00000 2026-07-02 09:30:00     1
     1     1      272.85000       93.00000    93140.00000  -999999.00000        0.40000      153.00000  -999999.00000
  -999999.00000  -999999.00000  -999999.00000  -999999.00000  -999999.00000  -999999.00000  -999999.00000  -999999.00000
PUNTA_NEGRA                                -31.51920   -68.81780   800.00000 2026-07-02 09:35:00     1
     1     1      272.85000       93.00000    93130.00000  -999999.00000        1.10000      150.00000  -999999.00000
  -999999.00000  -999999.00000  -999999.00000  -999999.00000  -999999.00000  -999999.00000  -999999.00000  -999999.00000
PUNTA_NEGRA                                -31.51920   -68.81780   800.00000 2026-07-02 09:40:00     1
     1     1      273.05000       93.00000    93150.00000  -999999.00000        0.10000      134.00000  -999999.00000
  -999999.00000  -999999.00000  -999999.00000  -999999.00000  -999999.00000  -999999.00000  -999999.00000  -999999.00000
PUNTA_NEGRA                                -31.51920   -68.81780   800.00000 2026-07-02 09:45:00     1
     1     1      273.15000       92.00000    93150.00000  -999999.00000        0.60000      163.00000  -999999.00000
  -999999.00000  -999999.00000  -999999.00000  -999999.00000  -999999.00000  -999999.00000  -999999.00000  -999999.00000
PUNTA_NEGRA                                -31.51920   -68.81780   800.00000 2026-07-02 09:50:00     1
     1     1      273.15000       92.00000    93150.00000  -999999.00000        0.50000      109.00000  -999999.00000
  -999999.00000  -999999.00000  -999999.00000  -999999.00000  -999999.00000  -999999.00000  -999999.00000  -999999.00000
PUNTA_NEGRA                                -31.51920   -68.81780   800.00000 2026-07-02 09:55:00     1
     1     1      273.15000       92.00000    93150.00000  -999999.00000        0.90000      143.00000  -999999.00000
  -999999.00000  -999999.00000  -999999.00000  -999999.00000  -999999.00000  -999999.00000  -999999.00000  -999999.00000
PUNTA_NEGRA                                -31.51920   -68.81780   800.00000 2026-07-02 10:00:00     1
     1     1      273.25000       91.00000    93150.00000  -999999.00000        1.70000      115.00000  -999999.00000
  -999999.00000  -999999.00000  -999999.00000  -999999.00000  -999999.00000  -999999.00000  -999999.00000  -999999.00000
PUNTA_NEGRA                                -31.51920   -68.81780   800.00000 2026-07-02 10:05:00     1
     1     1      273.25000       91.00000    93150.00000  -999999.00000        1.00000      166.00000  -999999.00000
  -999999.00000  -999999.00000  -999999.00000  -999999.00000  -999999.00000  -999999.00000  -999999.00000  -999999.00000
PUNTA_NEGRA                                -31.51920   -68.81780   800.00000 2026-07-02 10:10:00     1
     1     1      273.35000       90.00000    93140.00000  -999999.00000        0.70000      157.00000  -999999.00000
  -999999.00000  -999999.00000  -999999.00000  -999999.00000  -999999.00000  -999999.00000  -999999.00000  -999999.00000
PUNTA_NEGRA                                -31.51920   -68.81780   800.00000 2026-07-02 10:15:00     1
     1     1      273.45000       90.00000    93130.00000  -999999.00000        0.80000      142.00000  -999999.00000
  -999999.00000  -999999.00000  -999999.00000  -999999.00000  -999999.00000  -999999.00000  -999999.00000  -999999.00000
PUNTA_NEGRA                                -31.51920   -68.81780   800.00000 2026-07-02 10:20:00     1
     1     1      273.45000       89.00000    93120.00000  -999999.00000        0.20000       94.00000  -999999.00000
  -999999.00000  -999999.00000  -999999.00000  -999999.00000  -999999.00000  -999999.00000  -999999.00000  -999999.00000
PUNTA_NEGRA                                -31.51920   -68.81780   800.00000 2026-07-02 10:25:00     1
     1     1      273.65000       89.00000    93130.00000  -999999.00000        0.10000      185.00000  -999999.00000
  -999999.00000  -999999.00000  -999999.00000  -999999.00000  -999999.00000  -999999.00000  -999999.00000  -999999.00000
PUNTA_NEGRA                                -31.51920   -68.81780   800.00000 2026-07-02 10:30:00     1
     1     1      273.65000       89.00000    93130.00000  -999999.00000        0.50000      197.00000  -999999.00000
  -999999.00000  -999999.00000  -999999.00000  -999999.00000  -999999.00000  -999999.00000  -999999.00000  -999999.00000
PUNTA_NEGRA                                -31.51920   -68.81780   800.00000 2026-07-02 10:35:00     1
     1     1      273.75000       88.00000    93130.00000  -999999.00000        0.40000      208.00000  -999999.00000
  -999999.00000  -999999.00000  -999999.00000  -999999.00000  -999999.00000  -999999.00000  -999999.00000  -999999.00000
PUNTA_NEGRA                                -31.51920   -68.81780   800.00000 2026-07-02 10:40:00     1
     1     1      273.85000       88.00000    93130.00000  -999999.00000        0.30000       36.00000  -999999.00000
  -999999.00000  -999999.00000  -999999.00000  -999999.00000  -999999.00000  -999999.00000  -999999.00000  -999999.00000
PUNTA_NEGRA                                -31.51920   -68.81780   800.00000 2026-07-02 10:45:00     1
     1     1      274.05000       87.00000    93130.00000  -999999.00000        0.10000      173.00000  -999999.00000
  -999999.00000  -999999.00000  -999999.00000  -999999.00000  -999999.00000  -999999.00000  -999999.00000  -999999.00000
PUNTA_NEGRA                                -31.51920   -68.81780   800.00000 2026-07-02 10:50:00     1
     1     1      274.25000       87.00000    93120.00000  -999999.00000        0.00000      182.00000  -999999.00000
  -999999.00000  -999999.00000  -999999.00000  -999999.00000  -999999.00000  -999999.00000  -999999.00000  -999999.00000
PUNTA_NEGRA                                -31.51920   -68.81780   800.00000 2026-07-02 10:55:00     1
     1     1      274.35000       86.00000    93130.00000  -999999.00000        0.40000      218.00000  -999999.00000
  -999999.00000  -999999.00000  -999999.00000  -999999.00000  -999999.00000  -999999.00000  -999999.00000  -999999.00000
PUNTA_NEGRA                                -31.51920   -68.81780   800.00000 2026-07-02 11:00:00     1
     1     1      274.65000       85.00000    93130.00000  -999999.00000        1.20000      191.00000  -999999.00000
  -999999.00000  -999999.00000  -999999.00000  -999999.00000  -999999.00000  -999999.00000  -999999.00000  -999999.00000
PUNTA_NEGRA                                -31.51920   -68.81780   800.00000 2026-07-02 11:05:00     1
     1     1      274.45000       84.00000    93130.00000  -999999.00000        0.60000       49.00000  -999999.00000
  -999999.00000  -999999.00000  -999999.00000  -999999.00000  -999999.00000  -999999.00000  -999999.00000  -999999.00000
PUNTA_NEGRA                                -31.51920   -68.81780   800.00000 2026-07-02 11:10:00     1
     1     1      274.35000       84.00000    93120.00000  -999999.00000        1.40000      215.00000  -999999.00000
  -999999.00000  -999999.00000  -999999.00000  -999999.00000  -999999.00000  -999999.00000  -999999.00000  -999999.00000
PUNTA_NEGRA                                -31.51920   -68.81780   800.00000 2026-07-02 11:15:00     1
     1     1      274.65000       84.00000    93120.00000  -999999.00000        1.30000      170.00000  -999999.00000
  -999999.00000  -999999.00000  -999999.00000  -999999.00000  -999999.00000  -999999.00000  -999999.00000  -999999.00000
PUNTA_NEGRA                                -31.51920   -68.81780   800.00000 2026-07-02 11:20:00     1
     1     1      274.75000       83.00000    93110.00000  -999999.00000        0.70000      174.00000  -999999.00000
  -999999.00000  -999999.00000  -999999.00000  -999999.00000  -999999.00000  -999999.00000  -999999.00000  -999999.00000
PUNTA_NEGRA                                -31.51920   -68.81780   800.00000 2026-07-02 11:25:00     1
     1     1      274.75000       82.00000    93110.00000  -999999.00000        1.40000      173.00000  -999999.00000
  -999999.00000  -999999.00000  -999999.00000  -999999.00000  -999999.00000  -999999.00000  -999999.00000  -999999.00000
PUNTA_NEGRA                                -31.51920   -68.81780   800.00000 2026-07-02 11:30:00     1
     1     1      274.75000       82.00000    93100.00000  -999999.00000        1.20000      167.00000  -999999.00000
  -999999.00000  -999999.00000  -999999.00000  -999999.00000  -999999.00000  -999999.00000  -999999.00000  -999999.00000
PUNTA_NEGRA                                -31.51920   -68.81780   800.00000 2026-07-02 11:35:00     1
     1     1      274.85000       81.00000    93110.00000  -999999.00000        0.40000      278.00000  -999999.00000
  -999999.00000  -999999.00000  -999999.00000  -999999.00000  -999999.00000  -999999.00000  -999999.00000  -999999.00000
PUNTA_NEGRA                                -31.51920   -68.81780   800.00000 2026-07-02 11:40:00     1
     1     1      274.95000       80.00000    93090.00000  -999999.00000        1.70000      164.00000  -999999.00000
  -999999.00000  -999999.00000  -999999.00000  -999999.00000  -999999.00000  -999999.00000  -999999.00000  -999999.00000
PUNTA_NEGRA                                -31.51920   -68.81780   800.00000 2026-07-02 11:45:00     1
     1     1      275.15000       79.00000    93080.00000  -999999.00000        0.30000      191.00000  -999999.00000
  -999999.00000  -999999.00000  -999999.00000  -999999.00000  -999999.00000  -999999.00000  -999999.00000  -999999.00000
PUNTA_NEGRA                                -31.51920   -68.81780   800.00000 2026-07-02 11:50:00     1
     1     1      275.25000       79.00000    93080.00000  -999999.00000        0.80000      184.00000  -999999.00000
  -999999.00000  -999999.00000  -999999.00000  -999999.00000  -999999.00000  -999999.00000  -999999.00000  -999999.00000
PUNTA_NEGRA                                -31.51920   -68.81780   800.00000 2026-07-02 11:55:00     1
     1     1      275.45000       80.00000    93070.00000  -999999.00000        1.30000      179.00000  -999999.00000
  -999999.00000  -999999.00000  -999999.00000  -999999.00000  -999999.00000  -999999.00000  -999999.00000  -999999.00000
PUNTA_NEGRA                                -31.51920   -68.81780   800.00000 2026-07-02 12:00:00     1
     1     1      275.35000       80.00000    93080.00000  -999999.00000        1.90000      140.00000  -999999.00000
  -999999.00000  -999999.00000  -999999.00000  -999999.00000  -999999.00000  -999999.00000  -999999.00000  -999999.00000
PUNTA_NEGRA                                -31.51920   -68.81780   800.00000 2026-07-02 12:05:00     1
     1     1      275.35000       79.00000    93060.00000  -999999.00000        0.70000       99.00000  -999999.00000
  -999999.00000  -999999.00000  -999999.00000  -999999.00000  -999999.00000  -999999.00000  -999999.00000  -999999.00000
PUNTA_NEGRA                                -31.51920   -68.81780   800.00000 2026-07-02 12:10:00     1
     1     1      275.45000       78.00000    93050.00000  -999999.00000        0.90000       60.00000  -999999.00000
  -999999.00000  -999999.00000  -999999.00000  -999999.00000  -999999.00000  -999999.00000  -999999.00000  -999999.00000
PUNTA_NEGRA                                -31.51920   -68.81780   800.00000 2026-07-02 12:15:00     1
     1     1      275.45000       79.00000    93050.00000  -999999.00000        0.60000      125.00000  -999999.00000
  -999999.00000  -999999.00000  -999999.00000  -999999.00000  -999999.00000  -999999.00000  -999999.00000  -999999.00000
PUNTA_NEGRA                                -31.51920   -68.81780   800.00000 2026-07-02 12:20:00     1
     1     1      275.75000       78.00000    93040.00000  -999999.00000        1.40000      151.00000  -999999.00000
  -999999.00000  -999999.00000  -999999.00000  -999999.00000  -999999.00000  -999999.00000  -999999.00000  -999999.00000
PUNTA_NEGRA                                -31.51920   -68.81780   800.00000 2026-07-02 12:25:00     1
     1     1      275.65000       78.00000    93040.00000  -999999.00000        1.80000       76.00000  -999999.00000
  -999999.00000  -999999.00000  -999999.00000  -999999.00000  -999999.00000  -999999.00000  -999999.00000  -999999.00000
PUNTA_NEGRA                                -31.51920   -68.81780   800.00000 2026-07-02 12:30:00     1
     1     1      275.45000       78.00000    93020.00000  -999999.00000        1.40000      178.00000  -999999.00000
  -999999.00000  -999999.00000  -999999.00000  -999999.00000  -999999.00000  -999999.00000  -999999.00000  -999999.00000
PUNTA_NEGRA                                -31.51920   -68.81780   800.00000 2026-07-02 12:35:00     1
     1     1      275.65000       78.00000    93020.00000  -999999.00000        2.10000      127.00000  -999999.00000
  -999999.00000  -999999.00000  -999999.00000  -999999.00000  -999999.00000  -999999.00000  -999999.00000  -999999.00000
PUNTA_NEGRA                                -31.51920   -68.81780   800.00000 2026-07-02 12:40:00     1
     1     1      275.75000       78.00000    93010.00000  -999999.00000        1.70000      141.00000  -999999.00000
  -999999.00000  -999999.00000  -999999.00000  -999999.00000  -999999.00000  -999999.00000  -999999.00000  -999999.00000
PUNTA_NEGRA                                -31.51920   -68.81780   800.00000 2026-07-02 12:45:00     1
     1     1      275.75000       77.00000    93010.00000  -999999.00000        1.90000       89.00000  -999999.00000
  -999999.00000  -999999.00000  -999999.00000  -999999.00000  -999999.00000  -999999.00000  -999999.00000  -999999.00000
PUNTA_NEGRA                                -31.51920   -68.81780   800.00000 2026-07-02 12:50:00     1
     1     1      275.85000       76.00000    93010.00000  -999999.00000        0.30000      125.00000  -999999.00000
  -999999.00000  -999999.00000  -999999.00000  -999999.00000  -999999.00000  -999999.00000  -999999.00000  -999999.00000
PUNTA_NEGRA                                -31.51920   -68.81780   800.00000 2026-07-02 12:55:00     1
     1     1      275.85000       77.00000    93010.00000  -999999.00000        2.20000      130.00000  -999999.00000
  -999999.00000  -999999.00000  -999999.00000  -999999.00000  -999999.00000  -999999.00000  -999999.00000  -999999.00000
PUNTA_NEGRA                                -31.51920   -68.81780   800.00000 2026-07-02 13:00:00     1
     1     1      275.95000       77.00000    93000.00000  -999999.00000        1.50000      132.00000  -999999.00000
  -999999.00000  -999999.00000  -999999.00000  -999999.00000  -999999.00000  -999999.00000  -999999.00000  -999999.00000
PUNTA_NEGRA                                -31.51920   -68.81780   800.00000 2026-07-02 13:05:00     1
     1     1      275.95000       76.00000    93000.00000  -999999.00000        0.90000      194.00000  -999999.00000
  -999999.00000  -999999.00000  -999999.00000  -999999.00000  -999999.00000  -999999.00000  -999999.00000  -999999.00000
PUNTA_NEGRA                                -31.51920   -68.81780   800.00000 2026-07-02 13:10:00     1
     1     1      276.05000       76.00000    92980.00000  -999999.00000        0.90000      196.00000  -999999.00000
  -999999.00000  -999999.00000  -999999.00000  -999999.00000  -999999.00000  -999999.00000  -999999.00000  -999999.00000
PUNTA_NEGRA                                -31.51920   -68.81780   800.00000 2026-07-02 13:15:00     1
     1     1      276.15000       75.00000    92980.00000  -999999.00000        1.70000      114.00000  -999999.00000
  -999999.00000  -999999.00000  -999999.00000  -999999.00000  -999999.00000  -999999.00000  -999999.00000  -999999.00000
PUNTA_NEGRA                                -31.51920   -68.81780   800.00000 2026-07-02 13:20:00     1
     1     1      276.15000       75.00000    92970.00000  -999999.00000        1.70000      136.00000  -999999.00000
  -999999.00000  -999999.00000  -999999.00000  -999999.00000  -999999.00000  -999999.00000  -999999.00000  -999999.00000
PUNTA_NEGRA                                -31.51920   -68.81780   800.00000 2026-07-02 13:25:00     1
     1     1      276.25000       75.00000    92960.00000  -999999.00000        1.20000      150.00000  -999999.00000
  -999999.00000  -999999.00000  -999999.00000  -999999.00000  -999999.00000  -999999.00000  -999999.00000  -999999.00000
PUNTA_NEGRA                                -31.51920   -68.81780   800.00000 2026-07-02 13:30:00     1
     1     1      276.65000       74.00000    92950.00000  -999999.00000        1.40000      120.00000  -999999.00000
  -999999.00000  -999999.00000  -999999.00000  -999999.00000  -999999.00000  -999999.00000  -999999.00000  -999999.00000
PUNTA_NEGRA                                -31.51920   -68.81780   800.00000 2026-07-02 13:35:00     1
     1     1      276.65000       73.00000    92950.00000  -999999.00000        1.40000      161.00000  -999999.00000
  -999999.00000  -999999.00000  -999999.00000  -999999.00000  -999999.00000  -999999.00000  -999999.00000  -999999.00000
PUNTA_NEGRA                                -31.51920   -68.81780   800.00000 2026-07-02 13:40:00     1
     1     1      276.65000       73.00000    92920.00000  -999999.00000        2.20000      163.00000  -999999.00000
  -999999.00000  -999999.00000  -999999.00000  -999999.00000  -999999.00000  -999999.00000  -999999.00000  -999999.00000
PUNTA_NEGRA                                -31.51920   -68.81780   800.00000 2026-07-02 13:45:00     1
     1     1      276.75000       72.00000    92910.00000  -999999.00000        0.60000      150.00000  -999999.00000
  -999999.00000  -999999.00000  -999999.00000  -999999.00000  -999999.00000  -999999.00000  -999999.00000  -999999.00000
PUNTA_NEGRA                                -31.51920   -68.81780   800.00000 2026-07-02 13:50:00     1
     1     1      276.75000       72.00000    92900.00000  -999999.00000        1.00000      178.00000  -999999.00000
  -999999.00000  -999999.00000  -999999.00000  -999999.00000  -999999.00000  -999999.00000  -999999.00000  -999999.00000
PUNTA_NEGRA                                -31.51920   -68.81780   800.00000 2026-07-02 13:55:00     1
     1     1      276.85000       71.00000    92890.00000  -999999.00000        0.80000      191.00000  -999999.00000
  -999999.00000  -999999.00000  -999999.00000  -999999.00000  -999999.00000  -999999.00000  -999999.00000  -999999.00000
PUNTA_NEGRA                                -31.51920   -68.81780   800.00000 2026-07-02 14:00:00     1
     1     1      276.95000       71.00000    92890.00000  -999999.00000        2.30000       54.00000  -999999.00000
  -999999.00000  -999999.00000  -999999.00000  -999999.00000  -999999.00000  -999999.00000  -999999.00000  -999999.00000
PUNTA_NEGRA                                -31.51920   -68.81780   800.00000 2026-07-02 14:05:00     1
     1     1      276.95000       71.00000    92890.00000  -999999.00000        0.90000      238.00000  -999999.00000
  -999999.00000  -999999.00000  -999999.00000  -999999.00000  -999999.00000  -999999.00000  -999999.00000  -999999.00000
PUNTA_NEGRA                                -31.51920   -68.81780   800.00000 2026-07-02 14:10:00     1
     1     1      276.65000       71.00000    92880.00000  -999999.00000        0.70000      134.00000  -999999.00000
  -999999.00000  -999999.00000  -999999.00000  -999999.00000  -999999.00000  -999999.00000  -999999.00000  -999999.00000
PUNTA_NEGRA                                -31.51920   -68.81780   800.00000 2026-07-02 14:15:00     1
     1     1      276.75000       70.00000    92870.00000  -999999.00000        0.60000      156.00000  -999999.00000
  -999999.00000  -999999.00000  -999999.00000  -999999.00000  -999999.00000  -999999.00000  -999999.00000  -999999.00000
PUNTA_NEGRA                                -31.51920   -68.81780   800.00000 2026-07-02 14:20:00     1
     1     1      276.85000       70.00000    92860.00000  -999999.00000        1.30000      271.00000  -999999.00000
  -999999.00000  -999999.00000  -999999.00000  -999999.00000  -999999.00000  -999999.00000  -999999.00000  -999999.00000
PUNTA_NEGRA                                -31.51920   -68.81780   800.00000 2026-07-02 14:25:00     1
     1     1      276.85000       71.00000    92860.00000  -999999.00000        0.10000      161.00000  -999999.00000
  -999999.00000  -999999.00000  -999999.00000  -999999.00000  -999999.00000  -999999.00000  -999999.00000  -999999.00000
PUNTA_NEGRA                                -31.51920   -68.81780   800.00000 2026-07-02 14:30:00     1
     1     1      277.05000       70.00000    92840.00000  -999999.00000        2.10000      168.00000  -999999.00000
  -999999.00000  -999999.00000  -999999.00000  -999999.00000  -999999.00000  -999999.00000  -999999.00000  -999999.00000
PUNTA_NEGRA                                -31.51920   -68.81780   800.00000 2026-07-02 14:35:00     1
     1     1      276.95000       70.00000    92820.00000  -999999.00000        1.40000      157.00000  -999999.00000
  -999999.00000  -999999.00000  -999999.00000  -999999.00000  -999999.00000  -999999.00000  -999999.00000  -999999.00000
PUNTA_NEGRA                                -31.51920   -68.81780   800.00000 2026-07-02 14:40:00     1
     1     1      276.95000       70.00000    92810.00000  -999999.00000        1.20000      149.00000  -999999.00000
  -999999.00000  -999999.00000  -999999.00000  -999999.00000  -999999.00000  -999999.00000  -999999.00000  -999999.00000
PUNTA_NEGRA                                -31.51920   -68.81780   800.00000 2026-07-02 14:45:00     1
     1     1      276.95000       69.00000    92810.00000  -999999.00000        1.40000      168.00000  -999999.00000
  -999999.00000  -999999.00000  -999999.00000  -999999.00000  -999999.00000  -999999.00000  -999999.00000  -999999.00000
PUNTA_NEGRA                                -31.51920   -68.81780   800.00000 2026-07-02 14:50:00     1
     1     1      276.85000       70.00000    92810.00000  -999999.00000        1.50000      147.00000  -999999.00000
  -999999.00000  -999999.00000  -999999.00000  -999999.00000  -999999.00000  -999999.00000  -999999.00000  -999999.00000
PUNTA_NEGRA                                -31.51920   -68.81780   800.00000 2026-07-02 14:55:00     1
     1     1      276.85000       70.00000    92800.00000  -999999.00000        2.20000       82.00000  -999999.00000
  -999999.00000  -999999.00000  -999999.00000  -999999.00000  -999999.00000  -999999.00000  -999999.00000  -999999.00000
PUNTA_NEGRA                                -31.51920   -68.81780   800.00000 2026-07-02 15:00:00     1
     1     1      276.65000       71.00000    92790.00000  -999999.00000        4.30000      115.00000  -999999.00000
  -999999.00000  -999999.00000  -999999.00000  -999999.00000  -999999.00000  -999999.00000  -999999.00000  -999999.00000
PUNTA_NEGRA                                -31.51920   -68.81780   800.00000 2026-07-02 15:05:00     1
     1     1      276.75000       72.00000    92790.00000  -999999.00000        2.90000      111.00000  -999999.00000
  -999999.00000  -999999.00000  -999999.00000  -999999.00000  -999999.00000  -999999.00000  -999999.00000  -999999.00000
PUNTA_NEGRA                                -31.51920   -68.81780   800.00000 2026-07-02 15:10:00     1
     1     1      276.65000       73.00000    92780.00000  -999999.00000        1.60000      138.00000  -999999.00000
  -999999.00000  -999999.00000  -999999.00000  -999999.00000  -999999.00000  -999999.00000  -999999.00000  -999999.00000
PUNTA_NEGRA                                -31.51920   -68.81780   800.00000 2026-07-02 15:15:00     1
     1     1      276.65000       73.00000    92790.00000  -999999.00000        1.90000      107.00000  -999999.00000
  -999999.00000  -999999.00000  -999999.00000  -999999.00000  -999999.00000  -999999.00000  -999999.00000  -999999.00000
PUNTA_NEGRA                                -31.51920   -68.81780   800.00000 2026-07-02 15:20:00     1
     1     1      276.55000       73.00000    92780.00000  -999999.00000        1.50000       90.00000  -999999.00000
  -999999.00000  -999999.00000  -999999.00000  -999999.00000  -999999.00000  -999999.00000  -999999.00000  -999999.00000
PUNTA_NEGRA                                -31.51920   -68.81780   800.00000 2026-07-02 15:25:00     1
     1     1      276.45000       73.00000    92780.00000  -999999.00000        1.00000      166.00000  -999999.00000
  -999999.00000  -999999.00000  -999999.00000  -999999.00000  -999999.00000  -999999.00000  -999999.00000  -999999.00000
PUNTA_NEGRA                                -31.51920   -68.81780   800.00000 2026-07-02 15:30:00     1
     1     1      276.45000       73.00000    92770.00000  -999999.00000        2.80000      104.00000  -999999.00000
  -999999.00000  -999999.00000  -999999.00000  -999999.00000  -999999.00000  -999999.00000  -999999.00000  -999999.00000
PUNTA_NEGRA                                -31.51920   -68.81780   800.00000 2026-07-02 15:35:00     1
     1     1      276.45000       72.00000    92770.00000  -999999.00000        1.40000       92.00000  -999999.00000
  -999999.00000  -999999.00000  -999999.00000  -999999.00000  -999999.00000  -999999.00000  -999999.00000  -999999.00000
PUNTA_NEGRA                                -31.51920   -68.81780   800.00000 2026-07-02 15:40:00     1
     1     1      276.45000       73.00000    92760.00000  -999999.00000        1.20000      120.00000  -999999.00000
  -999999.00000  -999999.00000  -999999.00000  -999999.00000  -999999.00000  -999999.00000  -999999.00000  -999999.00000
PUNTA_NEGRA                                -31.51920   -68.81780   800.00000 2026-07-02 15:45:00     1
     1     1      276.45000       73.00000    92760.00000  -999999.00000        1.20000      128.00000  -999999.00000
  -999999.00000  -999999.00000  -999999.00000  -999999.00000  -999999.00000  -999999.00000  -999999.00000  -999999.00000
PUNTA_NEGRA                                -31.51920   -68.81780   800.00000 2026-07-02 15:50:00     1
     1     1      276.65000       72.00000    92760.00000  -999999.00000        0.70000      145.00000  -999999.00000
  -999999.00000  -999999.00000  -999999.00000  -999999.00000  -999999.00000  -999999.00000  -999999.00000  -999999.00000
PUNTA_NEGRA                                -31.51920   -68.81780   800.00000 2026-07-02 15:55:00     1
     1     1      276.55000       72.00000    92750.00000  -999999.00000        1.00000      162.00000  -999999.00000
  -999999.00000  -999999.00000  -999999.00000  -999999.00000  -999999.00000  -999999.00000  -999999.00000  -999999.00000
PUNTA_NEGRA                                -31.51920   -68.81780   800.00000 2026-07-02 16:00:00     1
     1     1      276.45000       72.00000    92760.00000  -999999.00000        1.20000      198.00000  -999999.00000
  -999999.00000  -999999.00000  -999999.00000  -999999.00000  -999999.00000  -999999.00000  -999999.00000  -999999.00000
PUNTA_NEGRA                                -31.51920   -68.81780   800.00000 2026-07-02 16:05:00     1
     1     1      276.45000       72.00000    92750.00000  -999999.00000        0.70000      100.00000  -999999.00000
  -999999.00000  -999999.00000  -999999.00000  -999999.00000  -999999.00000  -999999.00000  -999999.00000  -999999.00000
PUNTA_NEGRA                                -31.51920   -68.81780   800.00000 2026-07-02 16:10:00     1
     1     1      276.55000       72.00000    92760.00000  -999999.00000        0.70000      142.00000  -999999.00000
  -999999.00000  -999999.00000  -999999.00000  -999999.00000  -999999.00000  -999999.00000  -999999.00000  -999999.00000
PUNTA_NEGRA                                -31.51920   -68.81780   800.00000 2026-07-02 16:15:00     1
     1     1      276.65000       72.00000    92760.00000  -999999.00000        0.60000      149.00000  -999999.00000
  -999999.00000  -999999.00000  -999999.00000  -999999.00000  -999999.00000  -999999.00000  -999999.00000  -999999.00000
PUNTA_NEGRA                                -31.51920   -68.81780   800.00000 2026-07-02 16:20:00     1
     1     1      276.65000       72.00000    92750.00000  -999999.00000        0.40000      199.00000  -999999.00000
  -999999.00000  -999999.00000  -999999.00000  -999999.00000  -999999.00000  -999999.00000  -999999.00000  -999999.00000
PUNTA_NEGRA                                -31.51920   -68.81780   800.00000 2026-07-02 16:25:00     1
     1     1      276.55000       71.00000    92750.00000  -999999.00000        0.50000      148.00000  -999999.00000
  -999999.00000  -999999.00000  -999999.00000  -999999.00000  -999999.00000  -999999.00000  -999999.00000  -999999.00000
PUNTA_NEGRA                                -31.51920   -68.81780   800.00000 2026-07-02 16:30:00     1
     1     1      276.45000       72.00000    92740.00000  -999999.00000        0.80000      165.00000  -999999.00000
  -999999.00000  -999999.00000  -999999.00000  -999999.00000  -999999.00000  -999999.00000  -999999.00000  -999999.00000
PUNTA_NEGRA                                -31.51920   -68.81780   800.00000 2026-07-02 16:35:00     1
     1     1      276.55000       72.00000    92750.00000  -999999.00000        0.30000      114.00000  -999999.00000
  -999999.00000  -999999.00000  -999999.00000  -999999.00000  -999999.00000  -999999.00000  -999999.00000  -999999.00000
PUNTA_NEGRA                                -31.51920   -68.81780   800.00000 2026-07-02 16:40:00     1
     1     1      276.55000       72.00000    92760.00000  -999999.00000        0.60000       82.00000  -999999.00000
  -999999.00000  -999999.00000  -999999.00000  -999999.00000  -999999.00000  -999999.00000  -999999.00000  -999999.00000
PUNTA_NEGRA                                -31.51920   -68.81780   800.00000 2026-07-02 16:45:00     1
     1     1      276.55000       72.00000    92750.00000  -999999.00000        0.50000      115.00000  -999999.00000
  -999999.00000  -999999.00000  -999999.00000  -999999.00000  -999999.00000  -999999.00000  -999999.00000  -999999.00000
PUNTA_NEGRA                                -31.51920   -68.81780   800.00000 2026-07-02 16:50:00     1
     1     1      276.65000       72.00000    92750.00000  -999999.00000        0.80000      132.00000  -999999.00000
  -999999.00000  -999999.00000  -999999.00000  -999999.00000  -999999.00000  -999999.00000  -999999.00000  -999999.00000
PUNTA_NEGRA                                -31.51920   -68.81780   800.00000 2026-07-02 16:55:00     1
     1     1      276.55000       72.00000    92750.00000  -999999.00000        0.90000      137.00000  -999999.00000
  -999999.00000  -999999.00000  -999999.00000  -999999.00000  -999999.00000  -999999.00000  -999999.00000  -999999.00000
PUNTA_NEGRA                                -31.51920   -68.81780   800.00000 2026-07-02 17:00:00     1
     1     1      276.45000       73.00000    92750.00000  -999999.00000        0.70000       99.00000  -999999.00000
  -999999.00000  -999999.00000  -999999.00000  -999999.00000  -999999.00000  -999999.00000  -999999.00000  -999999.00000
PUNTA_NEGRA                                -31.51920   -68.81780   800.00000 2026-07-02 17:05:00     1
     1     1      276.45000       73.00000    92750.00000  -999999.00000        0.90000      147.00000  -999999.00000
  -999999.00000  -999999.00000  -999999.00000  -999999.00000  -999999.00000  -999999.00000  -999999.00000  -999999.00000
PUNTA_NEGRA                                -31.51920   -68.81780   800.00000 2026-07-02 17:10:00     1
     1     1      276.35000       73.00000    92750.00000  -999999.00000        1.40000      111.00000  -999999.00000
  -999999.00000  -999999.00000  -999999.00000  -999999.00000  -999999.00000  -999999.00000  -999999.00000  -999999.00000
PUNTA_NEGRA                                -31.51920   -68.81780   800.00000 2026-07-02 17:15:00     1
     1     1      276.25000       74.00000    92750.00000  -999999.00000        1.70000      121.00000  -999999.00000
  -999999.00000  -999999.00000  -999999.00000  -999999.00000  -999999.00000  -999999.00000  -999999.00000  -999999.00000
PUNTA_NEGRA                                -31.51920   -68.81780   800.00000 2026-07-02 17:20:00     1
     1     1      276.25000       74.00000    92760.00000  -999999.00000        1.20000       56.00000  -999999.00000
  -999999.00000  -999999.00000  -999999.00000  -999999.00000  -999999.00000  -999999.00000  -999999.00000  -999999.00000
PUNTA_NEGRA                                -31.51920   -68.81780   800.00000 2026-07-02 17:25:00     1
     1     1      276.25000       74.00000    92770.00000  -999999.00000        0.10000      173.00000  -999999.00000
  -999999.00000  -999999.00000  -999999.00000  -999999.00000  -999999.00000  -999999.00000  -999999.00000  -999999.00000
PUNTA_NEGRA                                -31.51920   -68.81780   800.00000 2026-07-02 17:30:00     1
     1     1      276.25000       74.00000    92760.00000  -999999.00000        1.90000      110.00000  -999999.00000
  -999999.00000  -999999.00000  -999999.00000  -999999.00000  -999999.00000  -999999.00000  -999999.00000  -999999.00000
PUNTA_NEGRA                                -31.51920   -68.81780   800.00000 2026-07-02 17:35:00     1
     1     1      276.15000       74.00000    92760.00000  -999999.00000        0.50000      170.00000  -999999.00000
  -999999.00000  -999999.00000  -999999.00000  -999999.00000  -999999.00000  -999999.00000  -999999.00000  -999999.00000
PUNTA_NEGRA                                -31.51920   -68.81780   800.00000 2026-07-02 17:40:00     1
     1     1      276.15000       75.00000    92770.00000  -999999.00000        1.70000      131.00000  -999999.00000
  -999999.00000  -999999.00000  -999999.00000  -999999.00000  -999999.00000  -999999.00000  -999999.00000  -999999.00000
PUNTA_NEGRA                                -31.51920   -68.81780   800.00000 2026-07-02 17:45:00     1
     1     1      276.05000       75.00000    92780.00000  -999999.00000        0.90000       93.00000  -999999.00000
  -999999.00000  -999999.00000  -999999.00000  -999999.00000  -999999.00000  -999999.00000  -999999.00000  -999999.00000
PUNTA_NEGRA                                -31.51920   -68.81780   800.00000 2026-07-02 17:50:00     1
     1     1      276.05000       75.00000    92780.00000  -999999.00000        0.90000      179.00000  -999999.00000
  -999999.00000  -999999.00000  -999999.00000  -999999.00000  -999999.00000  -999999.00000  -999999.00000  -999999.00000
PUNTA_NEGRA                                -31.51920   -68.81780   800.00000 2026-07-02 17:55:00     1
     1     1      275.95000       76.00000    92780.00000  -999999.00000        0.90000      176.00000  -999999.00000
  -999999.00000  -999999.00000  -999999.00000  -999999.00000  -999999.00000  -999999.00000  -999999.00000  -999999.00000
PUNTA_NEGRA                                -31.51920   -68.81780   800.00000 2026-07-02 18:00:00     1
     1     1      275.95000       76.00000    92790.00000  -999999.00000        1.30000       29.00000  -999999.00000
  -999999.00000  -999999.00000  -999999.00000  -999999.00000  -999999.00000  -999999.00000  -999999.00000  -999999.00000
PUNTA_NEGRA                                -31.51920   -68.81780   800.00000 2026-07-02 18:05:00     1
     1     1      275.85000       76.00000    92790.00000  -999999.00000        0.10000      145.00000  -999999.00000
  -999999.00000  -999999.00000  -999999.00000  -999999.00000  -999999.00000  -999999.00000  -999999.00000  -999999.00000
PUNTA_NEGRA                                -31.51920   -68.81780   800.00000 2026-07-02 18:10:00     1
     1     1      275.85000       76.00000    92790.00000  -999999.00000        0.80000      118.00000  -999999.00000
  -999999.00000  -999999.00000  -999999.00000  -999999.00000  -999999.00000  -999999.00000  -999999.00000  -999999.00000
PUNTA_NEGRA                                -31.51920   -68.81780   800.00000 2026-07-02 18:15:00     1
     1     1      275.75000       76.00000    92790.00000  -999999.00000        0.90000      160.00000  -999999.00000
  -999999.00000  -999999.00000  -999999.00000  -999999.00000  -999999.00000  -999999.00000  -999999.00000  -999999.00000
PUNTA_NEGRA                                -31.51920   -68.81780   800.00000 2026-07-02 18:20:00     1
     1     1      275.75000       76.00000    92780.00000  -999999.00000        0.30000      113.00000  -999999.00000
  -999999.00000  -999999.00000  -999999.00000  -999999.00000  -999999.00000  -999999.00000  -999999.00000  -999999.00000
PUNTA_NEGRA                                -31.51920   -68.81780   800.00000 2026-07-02 18:25:00     1
     1     1      275.75000       76.00000    92790.00000  -999999.00000        0.40000      159.00000  -999999.00000
  -999999.00000  -999999.00000  -999999.00000  -999999.00000  -999999.00000  -999999.00000  -999999.00000  -999999.00000
PUNTA_NEGRA                                -31.51920   -68.81780   800.00000 2026-07-02 18:30:00     1
     1     1      275.65000       77.00000    92790.00000  -999999.00000        0.20000      200.00000  -999999.00000
  -999999.00000  -999999.00000  -999999.00000  -999999.00000  -999999.00000  -999999.00000  -999999.00000  -999999.00000
PUNTA_NEGRA                                -31.51920   -68.81780   800.00000 2026-07-02 18:35:00     1
     1     1      275.65000       77.00000    92800.00000  -999999.00000        0.00000      167.00000  -999999.00000
  -999999.00000  -999999.00000  -999999.00000  -999999.00000  -999999.00000  -999999.00000  -999999.00000  -999999.00000
PUNTA_NEGRA                                -31.51920   -68.81780   800.00000 2026-07-02 18:40:00     1
     1     1      275.65000       77.00000    92810.00000  -999999.00000        0.90000       86.00000  -999999.00000
  -999999.00000  -999999.00000  -999999.00000  -999999.00000  -999999.00000  -999999.00000  -999999.00000  -999999.00000
PUNTA_NEGRA                                -31.51920   -68.81780   800.00000 2026-07-02 18:45:00     1
     1     1      275.55000       77.00000    92820.00000  -999999.00000        0.30000      187.00000  -999999.00000
  -999999.00000  -999999.00000  -999999.00000  -999999.00000  -999999.00000  -999999.00000  -999999.00000  -999999.00000
PUNTA_NEGRA                                -31.51920   -68.81780   800.00000 2026-07-02 18:50:00     1
     1     1      275.55000       77.00000    92820.00000  -999999.00000        0.40000      185.00000  -999999.00000
  -999999.00000  -999999.00000  -999999.00000  -999999.00000  -999999.00000  -999999.00000  -999999.00000  -999999.00000
PUNTA_NEGRA                                -31.51920   -68.81780   800.00000 2026-07-02 18:55:00     1
     1     1      275.55000       77.00000    92820.00000  -999999.00000        0.90000      102.00000  -999999.00000
  -999999.00000  -999999.00000  -999999.00000  -999999.00000  -999999.00000  -999999.00000  -999999.00000  -999999.00000
PUNTA_NEGRA                                -31.51920   -68.81780   800.00000 2026-07-02 19:00:00     1
     1     1      275.55000       77.00000    92810.00000  -999999.00000        0.10000       84.00000  -999999.00000
  -999999.00000  -999999.00000  -999999.00000  -999999.00000  -999999.00000  -999999.00000  -999999.00000  -999999.00000
PUNTA_NEGRA                                -31.51920   -68.81780   800.00000 2026-07-02 19:05:00     1
     1     1      275.55000       77.00000    92820.00000  -999999.00000        0.20000      179.00000  -999999.00000
  -999999.00000  -999999.00000  -999999.00000  -999999.00000  -999999.00000  -999999.00000  -999999.00000  -999999.00000
PUNTA_NEGRA                                -31.51920   -68.81780   800.00000 2026-07-02 19:10:00     1
     1     1      275.55000       77.00000    92840.00000  -999999.00000        0.10000      160.00000  -999999.00000
  -999999.00000  -999999.00000  -999999.00000  -999999.00000  -999999.00000  -999999.00000  -999999.00000  -999999.00000
PUNTA_NEGRA                                -31.51920   -68.81780   800.00000 2026-07-02 19:15:00     1
     1     1      275.45000       77.00000    92840.00000  -999999.00000        0.50000      167.00000  -999999.00000
  -999999.00000  -999999.00000  -999999.00000  -999999.00000  -999999.00000  -999999.00000  -999999.00000  -999999.00000
PUNTA_NEGRA                                -31.51920   -68.81780   800.00000 2026-07-02 19:20:00     1
     1     1      275.45000       77.00000    92840.00000  -999999.00000        0.30000       99.00000  -999999.00000
  -999999.00000  -999999.00000  -999999.00000  -999999.00000  -999999.00000  -999999.00000  -999999.00000  -999999.00000
PUNTA_NEGRA                                -31.51920   -68.81780   800.00000 2026-07-02 19:25:00     1
     1     1      275.45000       77.00000    92830.00000  -999999.00000        0.40000      166.00000  -999999.00000
  -999999.00000  -999999.00000  -999999.00000  -999999.00000  -999999.00000  -999999.00000  -999999.00000  -999999.00000
PUNTA_NEGRA                                -31.51920   -68.81780   800.00000 2026-07-02 19:30:00     1
     1     1      275.35000       77.00000    92830.00000  -999999.00000        0.40000      103.00000  -999999.00000
  -999999.00000  -999999.00000  -999999.00000  -999999.00000  -999999.00000  -999999.00000  -999999.00000  -999999.00000
PUNTA_NEGRA                                -31.51920   -68.81780   800.00000 2026-07-02 19:35:00     1
     1     1      275.35000       77.00000    92840.00000  -999999.00000        0.20000      267.00000  -999999.00000
  -999999.00000  -999999.00000  -999999.00000  -999999.00000  -999999.00000  -999999.00000  -999999.00000  -999999.00000
PUNTA_NEGRA                                -31.51920   -68.81780   800.00000 2026-07-02 19:40:00     1
     1     1      275.35000       77.00000    92840.00000  -999999.00000        0.20000      131.00000  -999999.00000
  -999999.00000  -999999.00000  -999999.00000  -999999.00000  -999999.00000  -999999.00000  -999999.00000  -999999.00000
PUNTA_NEGRA                                -31.51920   -68.81780   800.00000 2026-07-02 19:45:00     1
     1     1      275.35000       78.00000    92840.00000  -999999.00000        0.00000      200.00000  -999999.00000
  -999999.00000  -999999.00000  -999999.00000  -999999.00000  -999999.00000  -999999.00000  -999999.00000  -999999.00000
PUNTA_NEGRA                                -31.51920   -68.81780   800.00000 2026-07-02 19:50:00     1
     1     1      275.35000       77.00000    92850.00000  -999999.00000        0.10000      205.00000  -999999.00000
  -999999.00000  -999999.00000  -999999.00000  -999999.00000  -999999.00000  -999999.00000  -999999.00000  -999999.00000
PUNTA_NEGRA                                -31.51920   -68.81780   800.00000 2026-07-02 19:55:00     1
     1     1      275.25000       77.00000    92840.00000  -999999.00000        0.10000      118.00000  -999999.00000
  -999999.00000  -999999.00000  -999999.00000  -999999.00000  -999999.00000  -999999.00000  -999999.00000  -999999.00000
PUNTA_NEGRA                                -31.51920   -68.81780   800.00000 2026-07-02 20:00:00     1
     1     1      275.25000       78.00000    92850.00000  -999999.00000        0.70000       16.00000  -999999.00000
  -999999.00000  -999999.00000  -999999.00000  -999999.00000  -999999.00000  -999999.00000  -999999.00000  -999999.00000
PUNTA_NEGRA                                -31.51920   -68.81780   800.00000 2026-07-02 20:05:00     1
     1     1      275.25000       78.00000    92850.00000  -999999.00000        0.00000      188.00000  -999999.00000
  -999999.00000  -999999.00000  -999999.00000  -999999.00000  -999999.00000  -999999.00000  -999999.00000  -999999.00000
PUNTA_NEGRA                                -31.51920   -68.81780   800.00000 2026-07-02 20:10:00     1
     1     1      275.35000       78.00000    92850.00000  -999999.00000        0.00000      176.00000  -999999.00000
  -999999.00000  -999999.00000  -999999.00000  -999999.00000  -999999.00000  -999999.00000  -999999.00000  -999999.00000
PUNTA_NEGRA                                -31.51920   -68.81780   800.00000 2026-07-02 20:15:00     1
     1     1      275.35000       78.00000    92850.00000  -999999.00000        0.40000      184.00000  -999999.00000
  -999999.00000  -999999.00000  -999999.00000  -999999.00000  -999999.00000  -999999.00000  -999999.00000  -999999.00000
PUNTA_NEGRA                                -31.51920   -68.81780   800.00000 2026-07-02 20:20:00     1
     1     1      275.25000       78.00000    92860.00000  -999999.00000        0.40000       74.00000  -999999.00000
  -999999.00000  -999999.00000  -999999.00000  -999999.00000  -999999.00000  -999999.00000  -999999.00000  -999999.00000
PUNTA_NEGRA                                -31.51920   -68.81780   800.00000 2026-07-02 20:25:00     1
     1     1      275.25000       78.00000    92850.00000  -999999.00000        0.60000      148.00000  -999999.00000
  -999999.00000  -999999.00000  -999999.00000  -999999.00000  -999999.00000  -999999.00000  -999999.00000  -999999.00000
PUNTA_NEGRA                                -31.51920   -68.81780   800.00000 2026-07-02 20:30:00     1
     1     1      275.15000       78.00000    92850.00000  -999999.00000        2.00000       80.00000  -999999.00000
  -999999.00000  -999999.00000  -999999.00000  -999999.00000  -999999.00000  -999999.00000  -999999.00000  -999999.00000
PUNTA_NEGRA                                -31.51920   -68.81780   800.00000 2026-07-02 20:35:00     1
     1     1      275.05000       77.00000    92860.00000  -999999.00000        0.80000      103.00000  -999999.00000
  -999999.00000  -999999.00000  -999999.00000  -999999.00000  -999999.00000  -999999.00000  -999999.00000  -999999.00000
PUNTA_NEGRA                                -31.51920   -68.81780   800.00000 2026-07-02 20:40:00     1
     1     1      275.05000       77.00000    92860.00000  -999999.00000        1.50000       92.00000  -999999.00000
  -999999.00000  -999999.00000  -999999.00000  -999999.00000  -999999.00000  -999999.00000  -999999.00000  -999999.00000
PUNTA_NEGRA                                -31.51920   -68.81780   800.00000 2026-07-02 20:45:00     1
     1     1      275.05000       77.00000    92850.00000  -999999.00000        0.90000      109.00000  -999999.00000
  -999999.00000  -999999.00000  -999999.00000  -999999.00000  -999999.00000  -999999.00000  -999999.00000  -999999.00000
PUNTA_NEGRA                                -31.51920   -68.81780   800.00000 2026-07-02 20:50:00     1
     1     1      275.05000       78.00000    92860.00000  -999999.00000        0.00000      177.00000  -999999.00000
  -999999.00000  -999999.00000  -999999.00000  -999999.00000  -999999.00000  -999999.00000  -999999.00000  -999999.00000
PUNTA_NEGRA                                -31.51920   -68.81780   800.00000 2026-07-02 20:55:00     1
     1     1      275.05000       77.00000    92850.00000  -999999.00000        0.10000      147.00000  -999999.00000
  -999999.00000  -999999.00000  -999999.00000  -999999.00000  -999999.00000  -999999.00000  -999999.00000  -999999.00000
PUNTA_NEGRA                                -31.51920   -68.81780   800.00000 2026-07-02 21:00:00     1
     1     1      275.05000       77.00000    92860.00000  -999999.00000        0.30000      142.00000  -999999.00000
  -999999.00000  -999999.00000  -999999.00000  -999999.00000  -999999.00000  -999999.00000  -999999.00000  -999999.00000
PUNTA_NEGRA                                -31.51920   -68.81780   800.00000 2026-07-02 21:05:00     1
     1     1      275.05000       78.00000    92870.00000  -999999.00000        0.80000      114.00000  -999999.00000
  -999999.00000  -999999.00000  -999999.00000  -999999.00000  -999999.00000  -999999.00000  -999999.00000  -999999.00000
PUNTA_NEGRA                                -31.51920   -68.81780   800.00000 2026-07-02 21:10:00     1
     1     1      275.05000       78.00000    92860.00000  -999999.00000        0.00000      191.00000  -999999.00000
  -999999.00000  -999999.00000  -999999.00000  -999999.00000  -999999.00000  -999999.00000  -999999.00000  -999999.00000
PUNTA_NEGRA                                -31.51920   -68.81780   800.00000 2026-07-02 21:15:00     1
     1     1      275.05000       78.00000    92860.00000  -999999.00000        0.20000      196.00000  -999999.00000
  -999999.00000  -999999.00000  -999999.00000  -999999.00000  -999999.00000  -999999.00000  -999999.00000  -999999.00000
PUNTA_NEGRA                                -31.51920   -68.81780   800.00000 2026-07-02 21:20:00     1
     1     1      274.95000       78.00000    92860.00000  -999999.00000        0.10000      221.00000  -999999.00000
  -999999.00000  -999999.00000  -999999.00000  -999999.00000  -999999.00000  -999999.00000  -999999.00000  -999999.00000
PUNTA_NEGRA                                -31.51920   -68.81780   800.00000 2026-07-02 21:25:00     1
     1     1      274.95000       78.00000    92860.00000  -999999.00000        0.90000       35.00000  -999999.00000
  -999999.00000  -999999.00000  -999999.00000  -999999.00000  -999999.00000  -999999.00000  -999999.00000  -999999.00000
PUNTA_NEGRA                                -31.51920   -68.81780   800.00000 2026-07-02 21:30:00     1
     1     1      274.85000       78.00000    92860.00000  -999999.00000        0.20000      180.00000  -999999.00000
  -999999.00000  -999999.00000  -999999.00000  -999999.00000  -999999.00000  -999999.00000  -999999.00000  -999999.00000
PUNTA_NEGRA                                -31.51920   -68.81780   800.00000 2026-07-02 21:35:00     1
     1     1      274.95000       78.00000    92850.00000  -999999.00000        0.20000      175.00000  -999999.00000
  -999999.00000  -999999.00000  -999999.00000  -999999.00000  -999999.00000  -999999.00000  -999999.00000  -999999.00000
PUNTA_NEGRA                                -31.51920   -68.81780   800.00000 2026-07-02 21:40:00     1
     1     1      274.85000       78.00000    92860.00000  -999999.00000        0.40000      169.00000  -999999.00000
  -999999.00000  -999999.00000  -999999.00000  -999999.00000  -999999.00000  -999999.00000  -999999.00000  -999999.00000
PUNTA_NEGRA                                -31.51920   -68.81780   800.00000 2026-07-02 21:45:00     1
     1     1      274.85000       78.00000    92860.00000  -999999.00000        0.30000      161.00000  -999999.00000
  -999999.00000  -999999.00000  -999999.00000  -999999.00000  -999999.00000  -999999.00000  -999999.00000  -999999.00000
PUNTA_NEGRA                                -31.51920   -68.81780   800.00000 2026-07-02 21:50:00     1
     1     1      274.95000       78.00000    92850.00000  -999999.00000        0.60000      173.00000  -999999.00000
  -999999.00000  -999999.00000  -999999.00000  -999999.00000  -999999.00000  -999999.00000  -999999.00000  -999999.00000
PUNTA_NEGRA                                -31.51920   -68.81780   800.00000 2026-07-02 21:55:00     1
     1     1      274.95000       78.00000    92850.00000  -999999.00000        0.20000      174.00000  -999999.00000
  -999999.00000  -999999.00000  -999999.00000  -999999.00000  -999999.00000  -999999.00000  -999999.00000  -999999.00000
PUNTA_NEGRA                                -31.51920   -68.81780   800.00000 2026-07-02 22:00:00     1
     1     1      274.95000       78.00000    92850.00000  -999999.00000        0.10000      163.00000  -999999.00000
  -999999.00000  -999999.00000  -999999.00000  -999999.00000  -999999.00000  -999999.00000  -999999.00000  -999999.00000
PUNTA_NEGRA                                -31.51920   -68.81780   800.00000 2026-07-02 22:05:00     1
     1     1      274.95000       78.00000    92850.00000  -999999.00000        0.00000      194.00000  -999999.00000
  -999999.00000  -999999.00000  -999999.00000  -999999.00000  -999999.00000  -999999.00000  -999999.00000  -999999.00000
PUNTA_NEGRA                                -31.51920   -68.81780   800.00000 2026-07-02 22:10:00     1
     1     1      274.95000       78.00000    92850.00000  -999999.00000        0.50000      109.00000  -999999.00000
  -999999.00000  -999999.00000  -999999.00000  -999999.00000  -999999.00000  -999999.00000  -999999.00000  -999999.00000
PUNTA_NEGRA                                -31.51920   -68.81780   800.00000 2026-07-02 22:15:00     1
     1     1      274.95000       79.00000    92850.00000  -999999.00000        0.10000      130.00000  -999999.00000
  -999999.00000  -999999.00000  -999999.00000  -999999.00000  -999999.00000  -999999.00000  -999999.00000  -999999.00000
PUNTA_NEGRA                                -31.51920   -68.81780   800.00000 2026-07-02 22:20:00     1
     1     1      274.95000       79.00000    92840.00000  -999999.00000        0.30000      161.00000  -999999.00000
  -999999.00000  -999999.00000  -999999.00000  -999999.00000  -999999.00000  -999999.00000  -999999.00000  -999999.00000
PUNTA_NEGRA                                -31.51920   -68.81780   800.00000 2026-07-02 22:25:00     1
     1     1      274.95000       79.00000    92840.00000  -999999.00000        0.30000      101.00000  -999999.00000
  -999999.00000  -999999.00000  -999999.00000  -999999.00000  -999999.00000  -999999.00000  -999999.00000  -999999.00000
PUNTA_NEGRA                                -31.51920   -68.81780   800.00000 2026-07-02 22:30:00     1
     1     1      274.95000       79.00000    92840.00000  -999999.00000        0.50000      180.00000  -999999.00000
  -999999.00000  -999999.00000  -999999.00000  -999999.00000  -999999.00000  -999999.00000  -999999.00000  -999999.00000
PUNTA_NEGRA                                -31.51920   -68.81780   800.00000 2026-07-02 22:35:00     1
     1     1      274.95000       79.00000    92840.00000  -999999.00000        0.00000      175.00000  -999999.00000
  -999999.00000  -999999.00000  -999999.00000  -999999.00000  -999999.00000  -999999.00000  -999999.00000  -999999.00000
PUNTA_NEGRA                                -31.51920   -68.81780   800.00000 2026-07-02 22:40:00     1
     1     1      274.95000       79.00000    92830.00000  -999999.00000        0.10000      191.00000  -999999.00000
  -999999.00000  -999999.00000  -999999.00000  -999999.00000  -999999.00000  -999999.00000  -999999.00000  -999999.00000
PUNTA_NEGRA                                -31.51920   -68.81780   800.00000 2026-07-02 22:45:00     1
     1     1      274.95000       79.00000    92830.00000  -999999.00000        0.00000      176.00000  -999999.00000
  -999999.00000  -999999.00000  -999999.00000  -999999.00000  -999999.00000  -999999.00000  -999999.00000  -999999.00000
PUNTA_NEGRA                                -31.51920   -68.81780   800.00000 2026-07-02 22:50:00     1
     1     1      274.95000       79.00000    92830.00000  -999999.00000        0.10000      133.00000  -999999.00000
  -999999.00000  -999999.00000  -999999.00000  -999999.00000  -999999.00000  -999999.00000  -999999.00000  -999999.00000
PUNTA_NEGRA                                -31.51920   -68.81780   800.00000 2026-07-02 22:55:00     1
     1     1      274.95000       79.00000    92820.00000  -999999.00000        0.10000      139.00000  -999999.00000
  -999999.00000  -999999.00000  -999999.00000  -999999.00000  -999999.00000  -999999.00000  -999999.00000  -999999.00000
PUNTA_NEGRA                                -31.51920   -68.81780   800.00000 2026-07-02 23:00:00     1
     1     1      274.95000       79.00000    92830.00000  -999999.00000        0.00000      177.00000  -999999.00000
  -999999.00000  -999999.00000  -999999.00000  -999999.00000  -999999.00000  -999999.00000  -999999.00000  -999999.00000
PUNTA_NEGRA                                -31.51920   -68.81780   800.00000 2026-07-02 23:05:00     1
     1     1      274.95000       79.00000    92820.00000  -999999.00000        0.10000      146.00000  -999999.00000
  -999999.00000  -999999.00000  -999999.00000  -999999.00000  -999999.00000  -999999.00000  -999999.00000  -999999.00000
PUNTA_NEGRA                                -31.51920   -68.81780   800.00000 2026-07-02 23:10:00     1
     1     1      274.95000       78.00000    92820.00000  -999999.00000        0.10000      155.00000  -999999.00000
  -999999.00000  -999999.00000  -999999.00000  -999999.00000  -999999.00000  -999999.00000  -999999.00000  -999999.00000
PUNTA_NEGRA                                -31.51920   -68.81780   800.00000 2026-07-02 23:15:00     1
     1     1      274.95000       78.00000    92810.00000  -999999.00000        0.00000      185.00000  -999999.00000
  -999999.00000  -999999.00000  -999999.00000  -999999.00000  -999999.00000  -999999.00000  -999999.00000  -999999.00000
PUNTA_NEGRA                                -31.51920   -68.81780   800.00000 2026-07-02 23:20:00     1
     1     1      274.95000       78.00000    92810.00000  -999999.00000        0.00000      188.00000  -999999.00000
  -999999.00000  -999999.00000  -999999.00000  -999999.00000  -999999.00000  -999999.00000  -999999.00000  -999999.00000
PUNTA_NEGRA                                -31.51920   -68.81780   800.00000 2026-07-02 23:25:00     1
     1     1      274.95000       79.00000    92800.00000  -999999.00000        0.20000      166.00000  -999999.00000
  -999999.00000  -999999.00000  -999999.00000  -999999.00000  -999999.00000  -999999.00000  -999999.00000  -999999.00000
PUNTA_NEGRA                                -31.51920   -68.81780   800.00000 2026-07-02 23:30:00     1
     1     1      274.95000       78.00000    92810.00000  -999999.00000        0.00000      188.00000  -999999.00000
  -999999.00000  -999999.00000  -999999.00000  -999999.00000  -999999.00000  -999999.00000  -999999.00000  -999999.00000
PUNTA_NEGRA                                -31.51920   -68.81780   800.00000 2026-07-02 23:35:00     1
     1     1      274.95000       79.00000    92800.00000  -999999.00000        0.00000      187.00000  -999999.00000
  -999999.00000  -999999.00000  -999999.00000  -999999.00000  -999999.00000  -999999.00000  -999999.00000  -999999.00000
PUNTA_NEGRA                                -31.51920   -68.81780   800.00000 2026-07-02 23:40:00     1
     1     1      274.95000       78.00000    92800.00000  -999999.00000        0.00000      176.00000  -999999.00000
  -999999.00000  -999999.00000  -999999.00000  -999999.00000  -999999.00000  -999999.00000  -999999.00000  -999999.00000
PUNTA_NEGRA                                -31.51920   -68.81780   800.00000 2026-07-02 23:45:00     1
     1     1      274.95000       78.00000    92800.00000  -999999.00000        0.00000      191.00000  -999999.00000
  -999999.00000  -999999.00000  -999999.00000  -999999.00000  -999999.00000  -999999.00000  -999999.00000  -999999.00000
PUNTA_NEGRA                                -31.51920   -68.81780   800.00000 2026-07-02 23:50:00     1
     1     1      274.95000       78.00000    92800.00000  -999999.00000        0.40000      171.00000  -999999.00000
  -999999.00000  -999999.00000  -999999.00000  -999999.00000  -999999.00000  -999999.00000  -999999.00000  -999999.00000
PUNTA_NEGRA                                -31.51920   -68.81780   800.00000 2026-07-02 23:55:00     1
     1     1      274.95000       78.00000    92810.00000  -999999.00000        0.20000      180.00000  -999999.00000
  -999999.00000  -999999.00000  -999999.00000  -999999.00000  -999999.00000  -999999.00000  -999999.00000  -999999.00000
ECOHUMUS                                   -31.65000   -68.30000   600.00000 2026-07-02 00:00:00     1
     1     1      273.95000       94.00000    96610.00000  -999999.00000        5.10000      188.00000  -999999.00000
  -999999.00000  -999999.00000  -999999.00000  -999999.00000  -999999.00000  -999999.00000  -999999.00000  -999999.00000
ECOHUMUS                                   -31.65000   -68.30000   600.00000 2026-07-02 00:05:00     1
     1     1      273.95000       94.00000    96610.00000  -999999.00000        5.30000      186.00000  -999999.00000
  -999999.00000  -999999.00000  -999999.00000  -999999.00000  -999999.00000  -999999.00000  -999999.00000  -999999.00000
ECOHUMUS                                   -31.65000   -68.30000   600.00000 2026-07-02 00:10:00     1
     1     1      273.85000       94.00000    96610.00000  -999999.00000        4.40000      193.00000  -999999.00000
  -999999.00000  -999999.00000  -999999.00000  -999999.00000  -999999.00000  -999999.00000  -999999.00000  -999999.00000
ECOHUMUS                                   -31.65000   -68.30000   600.00000 2026-07-02 00:15:00     1
     1     1      273.95000       94.00000    96610.00000  -999999.00000        4.00000      181.00000  -999999.00000
  -999999.00000  -999999.00000  -999999.00000  -999999.00000  -999999.00000  -999999.00000  -999999.00000  -999999.00000
ECOHUMUS                                   -31.65000   -68.30000   600.00000 2026-07-02 00:20:00     1
     1     1      273.95000       94.00000    96620.00000  -999999.00000        3.30000      171.00000  -999999.00000
  -999999.00000  -999999.00000  -999999.00000  -999999.00000  -999999.00000  -999999.00000  -999999.00000  -999999.00000
ECOHUMUS                                   -31.65000   -68.30000   600.00000 2026-07-02 00:25:00     1
     1     1      273.95000       94.00000    96620.00000  -999999.00000        3.50000      172.00000  -999999.00000
  -999999.00000  -999999.00000  -999999.00000  -999999.00000  -999999.00000  -999999.00000  -999999.00000  -999999.00000
ECOHUMUS                                   -31.65000   -68.30000   600.00000 2026-07-02 00:30:00     1
     1     1      273.95000       94.00000    96620.00000  -999999.00000        3.60000      171.00000  -999999.00000
  -999999.00000  -999999.00000  -999999.00000  -999999.00000  -999999.00000  -999999.00000  -999999.00000  -999999.00000
ECOHUMUS                                   -31.65000   -68.30000   600.00000 2026-07-02 00:35:00     1
     1     1      273.95000       94.00000    96640.00000  -999999.00000        2.90000      176.00000  -999999.00000
  -999999.00000  -999999.00000  -999999.00000  -999999.00000  -999999.00000  -999999.00000  -999999.00000  -999999.00000
ECOHUMUS                                   -31.65000   -68.30000   600.00000 2026-07-02 00:40:00     1
     1     1      273.95000       94.00000    96640.00000  -999999.00000        3.50000      187.00000  -999999.00000
  -999999.00000  -999999.00000  -999999.00000  -999999.00000  -999999.00000  -999999.00000  -999999.00000  -999999.00000
ECOHUMUS                                   -31.65000   -68.30000   600.00000 2026-07-02 00:45:00     1
     1     1      273.95000       94.00000    96630.00000  -999999.00000        1.90000      176.00000  -999999.00000
  -999999.00000  -999999.00000  -999999.00000  -999999.00000  -999999.00000  -999999.00000  -999999.00000  -999999.00000
ECOHUMUS                                   -31.65000   -68.30000   600.00000 2026-07-02 00:50:00     1
     1     1      273.95000       94.00000    96640.00000  -999999.00000        2.30000      164.00000  -999999.00000
  -999999.00000  -999999.00000  -999999.00000  -999999.00000  -999999.00000  -999999.00000  -999999.00000  -999999.00000
ECOHUMUS                                   -31.65000   -68.30000   600.00000 2026-07-02 00:55:00     1
     1     1      273.95000       95.00000    96640.00000  -999999.00000        2.50000      173.00000  -999999.00000
  -999999.00000  -999999.00000  -999999.00000  -999999.00000  -999999.00000  -999999.00000  -999999.00000  -999999.00000
ECOHUMUS                                   -31.65000   -68.30000   600.00000 2026-07-02 01:00:00     1
     1     1      273.85000       95.00000    96640.00000  -999999.00000        1.90000      179.00000  -999999.00000
  -999999.00000  -999999.00000  -999999.00000  -999999.00000  -999999.00000  -999999.00000  -999999.00000  -999999.00000
ECOHUMUS                                   -31.65000   -68.30000   600.00000 2026-07-02 01:05:00     1
     1     1      273.85000       95.00000    96640.00000  -999999.00000        2.50000      191.00000  -999999.00000
  -999999.00000  -999999.00000  -999999.00000  -999999.00000  -999999.00000  -999999.00000  -999999.00000  -999999.00000
ECOHUMUS                                   -31.65000   -68.30000   600.00000 2026-07-02 01:10:00     1
     1     1      273.85000       95.00000    96630.00000  -999999.00000        2.10000      186.00000  -999999.00000
  -999999.00000  -999999.00000  -999999.00000  -999999.00000  -999999.00000  -999999.00000  -999999.00000  -999999.00000
ECOHUMUS                                   -31.65000   -68.30000   600.00000 2026-07-02 01:15:00     1
     1     1      273.85000       95.00000    96640.00000  -999999.00000        2.70000      193.00000  -999999.00000
  -999999.00000  -999999.00000  -999999.00000  -999999.00000  -999999.00000  -999999.00000  -999999.00000  -999999.00000
ECOHUMUS                                   -31.65000   -68.30000   600.00000 2026-07-02 01:20:00     1
     1     1      273.85000       95.00000    96630.00000  -999999.00000        3.90000      197.00000  -999999.00000
  -999999.00000  -999999.00000  -999999.00000  -999999.00000  -999999.00000  -999999.00000  -999999.00000  -999999.00000
ECOHUMUS                                   -31.65000   -68.30000   600.00000 2026-07-02 01:25:00     1
     1     1      273.75000       95.00000    96630.00000  -999999.00000        2.30000      195.00000  -999999.00000
  -999999.00000  -999999.00000  -999999.00000  -999999.00000  -999999.00000  -999999.00000  -999999.00000  -999999.00000
ECOHUMUS                                   -31.65000   -68.30000   600.00000 2026-07-02 01:30:00     1
     1     1      273.75000       95.00000    96630.00000  -999999.00000        3.60000      196.00000  -999999.00000
  -999999.00000  -999999.00000  -999999.00000  -999999.00000  -999999.00000  -999999.00000  -999999.00000  -999999.00000
ECOHUMUS                                   -31.65000   -68.30000   600.00000 2026-07-02 01:35:00     1
     1     1      273.75000       95.00000    96640.00000  -999999.00000        3.00000      193.00000  -999999.00000
  -999999.00000  -999999.00000  -999999.00000  -999999.00000  -999999.00000  -999999.00000  -999999.00000  -999999.00000
ECOHUMUS                                   -31.65000   -68.30000   600.00000 2026-07-02 01:40:00     1
     1     1      273.75000       95.00000    96630.00000  -999999.00000        3.90000      198.00000  -999999.00000
  -999999.00000  -999999.00000  -999999.00000  -999999.00000  -999999.00000  -999999.00000  -999999.00000  -999999.00000
ECOHUMUS                                   -31.65000   -68.30000   600.00000 2026-07-02 01:45:00     1
     1     1      273.75000       95.00000    96630.00000  -999999.00000        3.30000      194.00000  -999999.00000
  -999999.00000  -999999.00000  -999999.00000  -999999.00000  -999999.00000  -999999.00000  -999999.00000  -999999.00000
ECOHUMUS                                   -31.65000   -68.30000   600.00000 2026-07-02 01:50:00     1
     1     1      273.75000       95.00000    96620.00000  -999999.00000        3.60000      187.00000  -999999.00000
  -999999.00000  -999999.00000  -999999.00000  -999999.00000  -999999.00000  -999999.00000  -999999.00000  -999999.00000
ECOHUMUS                                   -31.65000   -68.30000   600.00000 2026-07-02 01:55:00     1
     1     1      273.75000       95.00000    96630.00000  -999999.00000        3.40000      196.00000  -999999.00000
  -999999.00000  -999999.00000  -999999.00000  -999999.00000  -999999.00000  -999999.00000  -999999.00000  -999999.00000
ECOHUMUS                                   -31.65000   -68.30000   600.00000 2026-07-02 02:00:00     1
     1     1      273.75000       95.00000    96640.00000  -999999.00000        3.00000      186.00000  -999999.00000
  -999999.00000  -999999.00000  -999999.00000  -999999.00000  -999999.00000  -999999.00000  -999999.00000  -999999.00000
ECOHUMUS                                   -31.65000   -68.30000   600.00000 2026-07-02 02:05:00     1
     1     1      273.75000       95.00000    96630.00000  -999999.00000        3.20000      192.00000  -999999.00000
  -999999.00000  -999999.00000  -999999.00000  -999999.00000  -999999.00000  -999999.00000  -999999.00000  -999999.00000
ECOHUMUS                                   -31.65000   -68.30000   600.00000 2026-07-02 02:10:00     1
     1     1      273.75000       96.00000    96630.00000  -999999.00000        3.80000      193.00000  -999999.00000
  -999999.00000  -999999.00000  -999999.00000  -999999.00000  -999999.00000  -999999.00000  -999999.00000  -999999.00000
ECOHUMUS                                   -31.65000   -68.30000   600.00000 2026-07-02 02:15:00     1
     1     1      273.65000       96.00000    96630.00000  -999999.00000        4.30000      190.00000  -999999.00000
  -999999.00000  -999999.00000  -999999.00000  -999999.00000  -999999.00000  -999999.00000  -999999.00000  -999999.00000
ECOHUMUS                                   -31.65000   -68.30000   600.00000 2026-07-02 02:20:00     1
     1     1      273.65000       96.00000    96630.00000  -999999.00000        3.90000      184.00000  -999999.00000
  -999999.00000  -999999.00000  -999999.00000  -999999.00000  -999999.00000  -999999.00000  -999999.00000  -999999.00000
ECOHUMUS                                   -31.65000   -68.30000   600.00000 2026-07-02 02:25:00     1
     1     1      273.65000       96.00000    96640.00000  -999999.00000        3.20000      188.00000  -999999.00000
  -999999.00000  -999999.00000  -999999.00000  -999999.00000  -999999.00000  -999999.00000  -999999.00000  -999999.00000
ECOHUMUS                                   -31.65000   -68.30000   600.00000 2026-07-02 02:30:00     1
     1     1      273.65000       96.00000    96630.00000  -999999.00000        4.10000      191.00000  -999999.00000
  -999999.00000  -999999.00000  -999999.00000  -999999.00000  -999999.00000  -999999.00000  -999999.00000  -999999.00000
ECOHUMUS                                   -31.65000   -68.30000   600.00000 2026-07-02 02:35:00     1
     1     1      273.65000       96.00000    96620.00000  -999999.00000        2.90000      194.00000  -999999.00000
  -999999.00000  -999999.00000  -999999.00000  -999999.00000  -999999.00000  -999999.00000  -999999.00000  -999999.00000
ECOHUMUS                                   -31.65000   -68.30000   600.00000 2026-07-02 02:40:00     1
     1     1      273.65000       96.00000    96620.00000  -999999.00000        3.70000      193.00000  -999999.00000
  -999999.00000  -999999.00000  -999999.00000  -999999.00000  -999999.00000  -999999.00000  -999999.00000  -999999.00000
ECOHUMUS                                   -31.65000   -68.30000   600.00000 2026-07-02 02:45:00     1
     1     1      273.65000       96.00000    96610.00000  -999999.00000        3.00000      190.00000  -999999.00000
  -999999.00000  -999999.00000  -999999.00000  -999999.00000  -999999.00000  -999999.00000  -999999.00000  -999999.00000
ECOHUMUS                                   -31.65000   -68.30000   600.00000 2026-07-02 02:50:00     1
     1     1      273.65000       96.00000    96620.00000  -999999.00000        3.10000      194.00000  -999999.00000
  -999999.00000  -999999.00000  -999999.00000  -999999.00000  -999999.00000  -999999.00000  -999999.00000  -999999.00000
ECOHUMUS                                   -31.65000   -68.30000   600.00000 2026-07-02 02:55:00     1
     1     1      273.65000       96.00000    96620.00000  -999999.00000        2.60000      192.00000  -999999.00000
  -999999.00000  -999999.00000  -999999.00000  -999999.00000  -999999.00000  -999999.00000  -999999.00000  -999999.00000
ECOHUMUS                                   -31.65000   -68.30000   600.00000 2026-07-02 03:00:00     1
     1     1      273.55000       96.00000    96610.00000  -999999.00000        2.90000      197.00000  -999999.00000
  -999999.00000  -999999.00000  -999999.00000  -999999.00000  -999999.00000  -999999.00000  -999999.00000  -999999.00000
ECOHUMUS                                   -31.65000   -68.30000   600.00000 2026-07-02 03:05:00     1
     1     1      273.55000       96.00000    96620.00000  -999999.00000        3.10000      189.00000  -999999.00000
  -999999.00000  -999999.00000  -999999.00000  -999999.00000  -999999.00000  -999999.00000  -999999.00000  -999999.00000
ECOHUMUS                                   -31.65000   -68.30000   600.00000 2026-07-02 03:10:00     1
     1     1      273.55000       96.00000    96610.00000  -999999.00000        2.80000      185.00000  -999999.00000
  -999999.00000  -999999.00000  -999999.00000  -999999.00000  -999999.00000  -999999.00000  -999999.00000  -999999.00000
ECOHUMUS                                   -31.65000   -68.30000   600.00000 2026-07-02 03:15:00     1
     1     1      273.55000       96.00000    96590.00000  -999999.00000        3.70000      181.00000  -999999.00000
  -999999.00000  -999999.00000  -999999.00000  -999999.00000  -999999.00000  -999999.00000  -999999.00000  -999999.00000
ECOHUMUS                                   -31.65000   -68.30000   600.00000 2026-07-02 03:20:00     1
     1     1      273.55000       96.00000    96600.00000  -999999.00000        4.40000      183.00000  -999999.00000
  -999999.00000  -999999.00000  -999999.00000  -999999.00000  -999999.00000  -999999.00000  -999999.00000  -999999.00000
ECOHUMUS                                   -31.65000   -68.30000   600.00000 2026-07-02 03:25:00     1
     1     1      273.55000       96.00000    96580.00000  -999999.00000        3.70000      187.00000  -999999.00000
  -999999.00000  -999999.00000  -999999.00000  -999999.00000  -999999.00000  -999999.00000  -999999.00000  -999999.00000
ECOHUMUS                                   -31.65000   -68.30000   600.00000 2026-07-02 03:30:00     1
     1     1      273.55000       96.00000    96590.00000  -999999.00000        3.00000      187.00000  -999999.00000
  -999999.00000  -999999.00000  -999999.00000  -999999.00000  -999999.00000  -999999.00000  -999999.00000  -999999.00000
ECOHUMUS                                   -31.65000   -68.30000   600.00000 2026-07-02 03:35:00     1
     1     1      273.55000       96.00000    96590.00000  -999999.00000        3.00000      181.00000  -999999.00000
  -999999.00000  -999999.00000  -999999.00000  -999999.00000  -999999.00000  -999999.00000  -999999.00000  -999999.00000
ECOHUMUS                                   -31.65000   -68.30000   600.00000 2026-07-02 03:40:00     1
     1     1      273.55000       96.00000    96580.00000  -999999.00000        2.80000      182.00000  -999999.00000
  -999999.00000  -999999.00000  -999999.00000  -999999.00000  -999999.00000  -999999.00000  -999999.00000  -999999.00000
ECOHUMUS                                   -31.65000   -68.30000   600.00000 2026-07-02 03:45:00     1
     1     1      273.55000       96.00000    96570.00000  -999999.00000        2.40000      180.00000  -999999.00000
  -999999.00000  -999999.00000  -999999.00000  -999999.00000  -999999.00000  -999999.00000  -999999.00000  -999999.00000
ECOHUMUS                                   -31.65000   -68.30000   600.00000 2026-07-02 03:50:00     1
     1     1      273.45000       96.00000    96570.00000  -999999.00000        2.50000      188.00000  -999999.00000
  -999999.00000  -999999.00000  -999999.00000  -999999.00000  -999999.00000  -999999.00000  -999999.00000  -999999.00000
ECOHUMUS                                   -31.65000   -68.30000   600.00000 2026-07-02 03:55:00     1
     1     1      273.45000       96.00000    96570.00000  -999999.00000        2.50000      183.00000  -999999.00000
  -999999.00000  -999999.00000  -999999.00000  -999999.00000  -999999.00000  -999999.00000  -999999.00000  -999999.00000
ECOHUMUS                                   -31.65000   -68.30000   600.00000 2026-07-02 04:00:00     1
     1     1      273.45000       96.00000    96570.00000  -999999.00000        4.00000      200.00000  -999999.00000
  -999999.00000  -999999.00000  -999999.00000  -999999.00000  -999999.00000  -999999.00000  -999999.00000  -999999.00000
ECOHUMUS                                   -31.65000   -68.30000   600.00000 2026-07-02 04:05:00     1
     1     1      273.55000       96.00000    96570.00000  -999999.00000        2.70000      177.00000  -999999.00000
  -999999.00000  -999999.00000  -999999.00000  -999999.00000  -999999.00000  -999999.00000  -999999.00000  -999999.00000
ECOHUMUS                                   -31.65000   -68.30000   600.00000 2026-07-02 04:10:00     1
     1     1      273.45000       96.00000    96570.00000  -999999.00000        2.90000      185.00000  -999999.00000
  -999999.00000  -999999.00000  -999999.00000  -999999.00000  -999999.00000  -999999.00000  -999999.00000  -999999.00000
ECOHUMUS                                   -31.65000   -68.30000   600.00000 2026-07-02 04:15:00     1
     1     1      273.55000       96.00000    96560.00000  -999999.00000        2.60000      171.00000  -999999.00000
  -999999.00000  -999999.00000  -999999.00000  -999999.00000  -999999.00000  -999999.00000  -999999.00000  -999999.00000
ECOHUMUS                                   -31.65000   -68.30000   600.00000 2026-07-02 04:20:00     1
     1     1      273.55000       96.00000    96550.00000  -999999.00000        3.00000      179.00000  -999999.00000
  -999999.00000  -999999.00000  -999999.00000  -999999.00000  -999999.00000  -999999.00000  -999999.00000  -999999.00000
ECOHUMUS                                   -31.65000   -68.30000   600.00000 2026-07-02 04:25:00     1
     1     1      273.55000       96.00000    96560.00000  -999999.00000        3.20000      181.00000  -999999.00000
  -999999.00000  -999999.00000  -999999.00000  -999999.00000  -999999.00000  -999999.00000  -999999.00000  -999999.00000
ECOHUMUS                                   -31.65000   -68.30000   600.00000 2026-07-02 04:30:00     1
     1     1      273.55000       96.00000    96560.00000  -999999.00000        2.40000      178.00000  -999999.00000
  -999999.00000  -999999.00000  -999999.00000  -999999.00000  -999999.00000  -999999.00000  -999999.00000  -999999.00000
ECOHUMUS                                   -31.65000   -68.30000   600.00000 2026-07-02 04:35:00     1
     1     1      273.55000       96.00000    96550.00000  -999999.00000        1.80000      177.00000  -999999.00000
  -999999.00000  -999999.00000  -999999.00000  -999999.00000  -999999.00000  -999999.00000  -999999.00000  -999999.00000
ECOHUMUS                                   -31.65000   -68.30000   600.00000 2026-07-02 04:40:00     1
     1     1      273.55000       96.00000    96540.00000  -999999.00000        1.60000      177.00000  -999999.00000
  -999999.00000  -999999.00000  -999999.00000  -999999.00000  -999999.00000  -999999.00000  -999999.00000  -999999.00000
ECOHUMUS                                   -31.65000   -68.30000   600.00000 2026-07-02 04:45:00     1
     1     1      273.55000       96.00000    96540.00000  -999999.00000        2.50000      169.00000  -999999.00000
  -999999.00000  -999999.00000  -999999.00000  -999999.00000  -999999.00000  -999999.00000  -999999.00000  -999999.00000
ECOHUMUS                                   -31.65000   -68.30000   600.00000 2026-07-02 04:50:00     1
     1     1      273.55000       96.00000    96540.00000  -999999.00000        2.70000      168.00000  -999999.00000
  -999999.00000  -999999.00000  -999999.00000  -999999.00000  -999999.00000  -999999.00000  -999999.00000  -999999.00000
ECOHUMUS                                   -31.65000   -68.30000   600.00000 2026-07-02 04:55:00     1
     1     1      273.55000       96.00000    96530.00000  -999999.00000        1.10000      178.00000  -999999.00000
  -999999.00000  -999999.00000  -999999.00000  -999999.00000  -999999.00000  -999999.00000  -999999.00000  -999999.00000
ECOHUMUS                                   -31.65000   -68.30000   600.00000 2026-07-02 05:00:00     1
     1     1      273.55000       96.00000    96540.00000  -999999.00000        1.60000      176.00000  -999999.00000
  -999999.00000  -999999.00000  -999999.00000  -999999.00000  -999999.00000  -999999.00000  -999999.00000  -999999.00000
ECOHUMUS                                   -31.65000   -68.30000   600.00000 2026-07-02 05:05:00     1
     1     1      273.55000       96.00000    96530.00000  -999999.00000        0.60000      182.00000  -999999.00000
  -999999.00000  -999999.00000  -999999.00000  -999999.00000  -999999.00000  -999999.00000  -999999.00000  -999999.00000
ECOHUMUS                                   -31.65000   -68.30000   600.00000 2026-07-02 05:10:00     1
     1     1      273.55000       96.00000    96540.00000  -999999.00000        0.70000      182.00000  -999999.00000
  -999999.00000  -999999.00000  -999999.00000  -999999.00000  -999999.00000  -999999.00000  -999999.00000  -999999.00000
ECOHUMUS                                   -31.65000   -68.30000   600.00000 2026-07-02 05:15:00     1
     1     1      273.55000       96.00000    96530.00000  -999999.00000        0.60000      182.00000  -999999.00000
  -999999.00000  -999999.00000  -999999.00000  -999999.00000  -999999.00000  -999999.00000  -999999.00000  -999999.00000
ECOHUMUS                                   -31.65000   -68.30000   600.00000 2026-07-02 05:20:00     1
     1     1      273.55000       96.00000    96540.00000  -999999.00000        0.10000      182.00000  -999999.00000
  -999999.00000  -999999.00000  -999999.00000  -999999.00000  -999999.00000  -999999.00000  -999999.00000  -999999.00000
ECOHUMUS                                   -31.65000   -68.30000   600.00000 2026-07-02 05:25:00     1
     1     1      273.55000       96.00000    96530.00000  -999999.00000        0.10000      182.00000  -999999.00000
  -999999.00000  -999999.00000  -999999.00000  -999999.00000  -999999.00000  -999999.00000  -999999.00000  -999999.00000
ECOHUMUS                                   -31.65000   -68.30000   600.00000 2026-07-02 05:30:00     1
     1     1      273.55000       96.00000    96530.00000  -999999.00000        0.20000      182.00000  -999999.00000
  -999999.00000  -999999.00000  -999999.00000  -999999.00000  -999999.00000  -999999.00000  -999999.00000  -999999.00000
ECOHUMUS                                   -31.65000   -68.30000   600.00000 2026-07-02 05:35:00     1
     1     1      273.55000       96.00000    96520.00000  -999999.00000        0.40000      182.00000  -999999.00000
  -999999.00000  -999999.00000  -999999.00000  -999999.00000  -999999.00000  -999999.00000  -999999.00000  -999999.00000
ECOHUMUS                                   -31.65000   -68.30000   600.00000 2026-07-02 05:40:00     1
     1     1      273.55000       96.00000    96520.00000  -999999.00000        0.20000      182.00000  -999999.00000
  -999999.00000  -999999.00000  -999999.00000  -999999.00000  -999999.00000  -999999.00000  -999999.00000  -999999.00000
ECOHUMUS                                   -31.65000   -68.30000   600.00000 2026-07-02 05:45:00     1
     1     1      273.55000       96.00000    96520.00000  -999999.00000        0.10000      182.00000  -999999.00000
  -999999.00000  -999999.00000  -999999.00000  -999999.00000  -999999.00000  -999999.00000  -999999.00000  -999999.00000
ECOHUMUS                                   -31.65000   -68.30000   600.00000 2026-07-02 05:50:00     1
     1     1      273.55000       96.00000    96520.00000  -999999.00000        0.60000      182.00000  -999999.00000
  -999999.00000  -999999.00000  -999999.00000  -999999.00000  -999999.00000  -999999.00000  -999999.00000  -999999.00000
ECOHUMUS                                   -31.65000   -68.30000   600.00000 2026-07-02 05:55:00     1
     1     1      273.45000       96.00000    96530.00000  -999999.00000        0.10000      182.00000  -999999.00000
  -999999.00000  -999999.00000  -999999.00000  -999999.00000  -999999.00000  -999999.00000  -999999.00000  -999999.00000
ECOHUMUS                                   -31.65000   -68.30000   600.00000 2026-07-02 06:00:00     1
     1     1      273.45000       96.00000    96520.00000  -999999.00000        0.20000      182.00000  -999999.00000
  -999999.00000  -999999.00000  -999999.00000  -999999.00000  -999999.00000  -999999.00000  -999999.00000  -999999.00000
ECOHUMUS                                   -31.65000   -68.30000   600.00000 2026-07-02 06:05:00     1
     1     1      273.45000       96.00000    96520.00000  -999999.00000        0.00000      182.00000  -999999.00000
  -999999.00000  -999999.00000  -999999.00000  -999999.00000  -999999.00000  -999999.00000  -999999.00000  -999999.00000
ECOHUMUS                                   -31.65000   -68.30000   600.00000 2026-07-02 06:10:00     1
     1     1      273.45000       96.00000    96510.00000  -999999.00000        0.60000      182.00000  -999999.00000
  -999999.00000  -999999.00000  -999999.00000  -999999.00000  -999999.00000  -999999.00000  -999999.00000  -999999.00000
ECOHUMUS                                   -31.65000   -68.30000   600.00000 2026-07-02 06:15:00     1
     1     1      273.45000       96.00000    96520.00000  -999999.00000        0.00000      182.00000  -999999.00000
  -999999.00000  -999999.00000  -999999.00000  -999999.00000  -999999.00000  -999999.00000  -999999.00000  -999999.00000
ECOHUMUS                                   -31.65000   -68.30000   600.00000 2026-07-02 06:20:00     1
     1     1      273.35000       96.00000    96520.00000  -999999.00000        0.80000      182.00000  -999999.00000
  -999999.00000  -999999.00000  -999999.00000  -999999.00000  -999999.00000  -999999.00000  -999999.00000  -999999.00000
ECOHUMUS                                   -31.65000   -68.30000   600.00000 2026-07-02 06:25:00     1
     1     1      273.35000       96.00000    96520.00000  -999999.00000        0.00000      182.00000  -999999.00000
  -999999.00000  -999999.00000  -999999.00000  -999999.00000  -999999.00000  -999999.00000  -999999.00000  -999999.00000
ECOHUMUS                                   -31.65000   -68.30000   600.00000 2026-07-02 06:30:00     1
     1     1      273.35000       96.00000    96510.00000  -999999.00000        1.30000      182.00000  -999999.00000
  -999999.00000  -999999.00000  -999999.00000  -999999.00000  -999999.00000  -999999.00000  -999999.00000  -999999.00000
ECOHUMUS                                   -31.65000   -68.30000   600.00000 2026-07-02 06:35:00     1
     1     1      273.35000       96.00000    96520.00000  -999999.00000        0.40000      182.00000  -999999.00000
  -999999.00000  -999999.00000  -999999.00000  -999999.00000  -999999.00000  -999999.00000  -999999.00000  -999999.00000
ECOHUMUS                                   -31.65000   -68.30000   600.00000 2026-07-02 06:40:00     1
     1     1      273.35000       96.00000    96530.00000  -999999.00000        0.90000      181.00000  -999999.00000
  -999999.00000  -999999.00000  -999999.00000  -999999.00000  -999999.00000  -999999.00000  -999999.00000  -999999.00000
ECOHUMUS                                   -31.65000   -68.30000   600.00000 2026-07-02 06:45:00     1
     1     1      273.35000       96.00000    96520.00000  -999999.00000        1.00000      180.00000  -999999.00000
  -999999.00000  -999999.00000  -999999.00000  -999999.00000  -999999.00000  -999999.00000  -999999.00000  -999999.00000
ECOHUMUS                                   -31.65000   -68.30000   600.00000 2026-07-02 06:50:00     1
     1     1      273.35000       96.00000    96520.00000  -999999.00000        0.60000      179.00000  -999999.00000
  -999999.00000  -999999.00000  -999999.00000  -999999.00000  -999999.00000  -999999.00000  -999999.00000  -999999.00000
ECOHUMUS                                   -31.65000   -68.30000   600.00000 2026-07-02 06:55:00     1
     1     1      273.35000       96.00000    96520.00000  -999999.00000        1.20000      167.00000  -999999.00000
  -999999.00000  -999999.00000  -999999.00000  -999999.00000  -999999.00000  -999999.00000  -999999.00000  -999999.00000
ECOHUMUS                                   -31.65000   -68.30000   600.00000 2026-07-02 07:00:00     1
     1     1      273.35000       96.00000    96520.00000  -999999.00000        0.80000      167.00000  -999999.00000
  -999999.00000  -999999.00000  -999999.00000  -999999.00000  -999999.00000  -999999.00000  -999999.00000  -999999.00000
ECOHUMUS                                   -31.65000   -68.30000   600.00000 2026-07-02 07:05:00     1
     1     1      273.35000       96.00000    96520.00000  -999999.00000        1.20000      183.00000  -999999.00000
  -999999.00000  -999999.00000  -999999.00000  -999999.00000  -999999.00000  -999999.00000  -999999.00000  -999999.00000
ECOHUMUS                                   -31.65000   -68.30000   600.00000 2026-07-02 07:10:00     1
     1     1      273.35000       96.00000    96530.00000  -999999.00000        0.60000      182.00000  -999999.00000
  -999999.00000  -999999.00000  -999999.00000  -999999.00000  -999999.00000  -999999.00000  -999999.00000  -999999.00000
ECOHUMUS                                   -31.65000   -68.30000   600.00000 2026-07-02 07:15:00     1
     1     1      273.35000       96.00000    96530.00000  -999999.00000        0.00000      182.00000  -999999.00000
  -999999.00000  -999999.00000  -999999.00000  -999999.00000  -999999.00000  -999999.00000  -999999.00000  -999999.00000
ECOHUMUS                                   -31.65000   -68.30000   600.00000 2026-07-02 07:20:00     1
     1     1      273.35000       96.00000    96520.00000  -999999.00000        0.50000      181.00000  -999999.00000
  -999999.00000  -999999.00000  -999999.00000  -999999.00000  -999999.00000  -999999.00000  -999999.00000  -999999.00000
ECOHUMUS                                   -31.65000   -68.30000   600.00000 2026-07-02 07:25:00     1
     1     1      273.35000       96.00000    96520.00000  -999999.00000        0.00000      181.00000  -999999.00000
  -999999.00000  -999999.00000  -999999.00000  -999999.00000  -999999.00000  -999999.00000  -999999.00000  -999999.00000
ECOHUMUS                                   -31.65000   -68.30000   600.00000 2026-07-02 07:30:00     1
     1     1      273.45000       96.00000    96520.00000  -999999.00000        0.00000      181.00000  -999999.00000
  -999999.00000  -999999.00000  -999999.00000  -999999.00000  -999999.00000  -999999.00000  -999999.00000  -999999.00000
ECOHUMUS                                   -31.65000   -68.30000   600.00000 2026-07-02 07:35:00     1
     1     1      273.35000       96.00000    96540.00000  -999999.00000        0.00000      181.00000  -999999.00000
  -999999.00000  -999999.00000  -999999.00000  -999999.00000  -999999.00000  -999999.00000  -999999.00000  -999999.00000
ECOHUMUS                                   -31.65000   -68.30000   600.00000 2026-07-02 07:40:00     1
     1     1      273.35000       96.00000    96540.00000  -999999.00000        0.00000      181.00000  -999999.00000
  -999999.00000  -999999.00000  -999999.00000  -999999.00000  -999999.00000  -999999.00000  -999999.00000  -999999.00000
ECOHUMUS                                   -31.65000   -68.30000   600.00000 2026-07-02 07:45:00     1
     1     1      273.35000       96.00000    96540.00000  -999999.00000        0.40000      181.00000  -999999.00000
  -999999.00000  -999999.00000  -999999.00000  -999999.00000  -999999.00000  -999999.00000  -999999.00000  -999999.00000
ECOHUMUS                                   -31.65000   -68.30000   600.00000 2026-07-02 07:50:00     1
     1     1      273.35000       96.00000    96540.00000  -999999.00000        0.00000      181.00000  -999999.00000
  -999999.00000  -999999.00000  -999999.00000  -999999.00000  -999999.00000  -999999.00000  -999999.00000  -999999.00000
ECOHUMUS                                   -31.65000   -68.30000   600.00000 2026-07-02 07:55:00     1
     1     1      273.35000       96.00000    96550.00000  -999999.00000        0.00000      181.00000  -999999.00000
  -999999.00000  -999999.00000  -999999.00000  -999999.00000  -999999.00000  -999999.00000  -999999.00000  -999999.00000
ECOHUMUS                                   -31.65000   -68.30000   600.00000 2026-07-02 08:00:00     1
     1     1      273.45000       96.00000    96540.00000  -999999.00000        0.10000      181.00000  -999999.00000
  -999999.00000  -999999.00000  -999999.00000  -999999.00000  -999999.00000  -999999.00000  -999999.00000  -999999.00000
ECOHUMUS                                   -31.65000   -68.30000   600.00000 2026-07-02 08:05:00     1
     1     1      273.45000       96.00000    96540.00000  -999999.00000        0.00000      181.00000  -999999.00000
  -999999.00000  -999999.00000  -999999.00000  -999999.00000  -999999.00000  -999999.00000  -999999.00000  -999999.00000
ECOHUMUS                                   -31.65000   -68.30000   600.00000 2026-07-02 08:10:00     1
     1     1      273.55000       96.00000    96550.00000  -999999.00000        0.00000      181.00000  -999999.00000
  -999999.00000  -999999.00000  -999999.00000  -999999.00000  -999999.00000  -999999.00000  -999999.00000  -999999.00000
ECOHUMUS                                   -31.65000   -68.30000   600.00000 2026-07-02 08:15:00     1
     1     1      273.55000       96.00000    96550.00000  -999999.00000        0.00000      181.00000  -999999.00000
  -999999.00000  -999999.00000  -999999.00000  -999999.00000  -999999.00000  -999999.00000  -999999.00000  -999999.00000
ECOHUMUS                                   -31.65000   -68.30000   600.00000 2026-07-02 08:20:00     1
     1     1      273.55000       96.00000    96540.00000  -999999.00000        0.00000      181.00000  -999999.00000
  -999999.00000  -999999.00000  -999999.00000  -999999.00000  -999999.00000  -999999.00000  -999999.00000  -999999.00000
ECOHUMUS                                   -31.65000   -68.30000   600.00000 2026-07-02 08:25:00     1
     1     1      273.55000       96.00000    96540.00000  -999999.00000        0.10000      181.00000  -999999.00000
  -999999.00000  -999999.00000  -999999.00000  -999999.00000  -999999.00000  -999999.00000  -999999.00000  -999999.00000
ECOHUMUS                                   -31.65000   -68.30000   600.00000 2026-07-02 08:30:00     1
     1     1      273.55000       96.00000    96530.00000  -999999.00000        0.00000      181.00000  -999999.00000
  -999999.00000  -999999.00000  -999999.00000  -999999.00000  -999999.00000  -999999.00000  -999999.00000  -999999.00000
ECOHUMUS                                   -31.65000   -68.30000   600.00000 2026-07-02 08:35:00     1
     1     1      273.55000       96.00000    96530.00000  -999999.00000        0.00000      181.00000  -999999.00000
  -999999.00000  -999999.00000  -999999.00000  -999999.00000  -999999.00000  -999999.00000  -999999.00000  -999999.00000
ECOHUMUS                                   -31.65000   -68.30000   600.00000 2026-07-02 08:40:00     1
     1     1      273.55000       96.00000    96530.00000  -999999.00000        0.00000      181.00000  -999999.00000
  -999999.00000  -999999.00000  -999999.00000  -999999.00000  -999999.00000  -999999.00000  -999999.00000  -999999.00000
ECOHUMUS                                   -31.65000   -68.30000   600.00000 2026-07-02 08:45:00     1
     1     1      273.65000       96.00000    96540.00000  -999999.00000        0.00000      181.00000  -999999.00000
  -999999.00000  -999999.00000  -999999.00000  -999999.00000  -999999.00000  -999999.00000  -999999.00000  -999999.00000
ECOHUMUS                                   -31.65000   -68.30000   600.00000 2026-07-02 08:50:00     1
     1     1      273.65000       96.00000    96540.00000  -999999.00000        0.00000      181.00000  -999999.00000
  -999999.00000  -999999.00000  -999999.00000  -999999.00000  -999999.00000  -999999.00000  -999999.00000  -999999.00000
ECOHUMUS                                   -31.65000   -68.30000   600.00000 2026-07-02 08:55:00     1
     1     1      273.55000       96.00000    96550.00000  -999999.00000        0.00000      181.00000  -999999.00000
  -999999.00000  -999999.00000  -999999.00000  -999999.00000  -999999.00000  -999999.00000  -999999.00000  -999999.00000
ECOHUMUS                                   -31.65000   -68.30000   600.00000 2026-07-02 09:00:00     1
     1     1      273.65000       96.00000    96550.00000  -999999.00000        0.00000      181.00000  -999999.00000
  -999999.00000  -999999.00000  -999999.00000  -999999.00000  -999999.00000  -999999.00000  -999999.00000  -999999.00000
ECOHUMUS                                   -31.65000   -68.30000   600.00000 2026-07-02 09:05:00     1
     1     1      273.55000       96.00000    96550.00000  -999999.00000        0.00000      181.00000  -999999.00000
  -999999.00000  -999999.00000  -999999.00000  -999999.00000  -999999.00000  -999999.00000  -999999.00000  -999999.00000
ECOHUMUS                                   -31.65000   -68.30000   600.00000 2026-07-02 09:10:00     1
     1     1      273.55000       96.00000    96540.00000  -999999.00000        0.00000      181.00000  -999999.00000
  -999999.00000  -999999.00000  -999999.00000  -999999.00000  -999999.00000  -999999.00000  -999999.00000  -999999.00000
ECOHUMUS                                   -31.65000   -68.30000   600.00000 2026-07-02 09:15:00     1
     1     1      273.55000       96.00000    96540.00000  -999999.00000        0.00000      181.00000  -999999.00000
  -999999.00000  -999999.00000  -999999.00000  -999999.00000  -999999.00000  -999999.00000  -999999.00000  -999999.00000
ECOHUMUS                                   -31.65000   -68.30000   600.00000 2026-07-02 09:20:00     1
     1     1      273.65000       96.00000    96550.00000  -999999.00000        0.00000      182.00000  -999999.00000
  -999999.00000  -999999.00000  -999999.00000  -999999.00000  -999999.00000  -999999.00000  -999999.00000  -999999.00000
ECOHUMUS                                   -31.65000   -68.30000   600.00000 2026-07-02 09:25:00     1
     1     1      273.65000       96.00000    96540.00000  -999999.00000        0.10000      182.00000  -999999.00000
  -999999.00000  -999999.00000  -999999.00000  -999999.00000  -999999.00000  -999999.00000  -999999.00000  -999999.00000
ECOHUMUS                                   -31.65000   -68.30000   600.00000 2026-07-02 09:30:00     1
     1     1      273.75000       96.00000    96540.00000  -999999.00000        0.10000      182.00000  -999999.00000
  -999999.00000  -999999.00000  -999999.00000  -999999.00000  -999999.00000  -999999.00000  -999999.00000  -999999.00000
ECOHUMUS                                   -31.65000   -68.30000   600.00000 2026-07-02 09:35:00     1
     1     1      273.75000       96.00000    96550.00000  -999999.00000        0.10000      182.00000  -999999.00000
  -999999.00000  -999999.00000  -999999.00000  -999999.00000  -999999.00000  -999999.00000  -999999.00000  -999999.00000
ECOHUMUS                                   -31.65000   -68.30000   600.00000 2026-07-02 09:40:00     1
     1     1      273.85000       96.00000    96550.00000  -999999.00000        0.60000      182.00000  -999999.00000
  -999999.00000  -999999.00000  -999999.00000  -999999.00000  -999999.00000  -999999.00000  -999999.00000  -999999.00000
ECOHUMUS                                   -31.65000   -68.30000   600.00000 2026-07-02 09:45:00     1
     1     1      273.85000       95.00000    96560.00000  -999999.00000        0.40000      183.00000  -999999.00000
  -999999.00000  -999999.00000  -999999.00000  -999999.00000  -999999.00000  -999999.00000  -999999.00000  -999999.00000
ECOHUMUS                                   -31.65000   -68.30000   600.00000 2026-07-02 09:50:00     1
     1     1      273.75000       95.00000    96560.00000  -999999.00000        1.40000      181.00000  -999999.00000
  -999999.00000  -999999.00000  -999999.00000  -999999.00000  -999999.00000  -999999.00000  -999999.00000  -999999.00000
ECOHUMUS                                   -31.65000   -68.30000   600.00000 2026-07-02 09:55:00     1
     1     1      273.75000       95.00000    96570.00000  -999999.00000        0.90000      180.00000  -999999.00000
  -999999.00000  -999999.00000  -999999.00000  -999999.00000  -999999.00000  -999999.00000  -999999.00000  -999999.00000
ECOHUMUS                                   -31.65000   -68.30000   600.00000 2026-07-02 10:00:00     1
     1     1      273.95000       95.00000    96580.00000  -999999.00000        0.20000      180.00000  -999999.00000
  -999999.00000  -999999.00000  -999999.00000  -999999.00000  -999999.00000  -999999.00000  -999999.00000  -999999.00000
ECOHUMUS                                   -31.65000   -68.30000   600.00000 2026-07-02 10:05:00     1
     1     1      273.85000       94.00000    96570.00000  -999999.00000        1.10000      180.00000  -999999.00000
  -999999.00000  -999999.00000  -999999.00000  -999999.00000  -999999.00000  -999999.00000  -999999.00000  -999999.00000
ECOHUMUS                                   -31.65000   -68.30000   600.00000 2026-07-02 10:10:00     1
     1     1      273.75000       94.00000    96550.00000  -999999.00000        0.20000      180.00000  -999999.00000
  -999999.00000  -999999.00000  -999999.00000  -999999.00000  -999999.00000  -999999.00000  -999999.00000  -999999.00000
ECOHUMUS                                   -31.65000   -68.30000   600.00000 2026-07-02 10:15:00     1
     1     1      273.85000       93.00000    96560.00000  -999999.00000        0.00000      180.00000  -999999.00000
  -999999.00000  -999999.00000  -999999.00000  -999999.00000  -999999.00000  -999999.00000  -999999.00000  -999999.00000
ECOHUMUS                                   -31.65000   -68.30000   600.00000 2026-07-02 10:20:00     1
     1     1      274.05000       92.00000    96560.00000  -999999.00000        0.00000      180.00000  -999999.00000
  -999999.00000  -999999.00000  -999999.00000  -999999.00000  -999999.00000  -999999.00000  -999999.00000  -999999.00000
ECOHUMUS                                   -31.65000   -68.30000   600.00000 2026-07-02 10:25:00     1
     1     1      274.15000       92.00000    96560.00000  -999999.00000        0.00000      186.00000  -999999.00000
  -999999.00000  -999999.00000  -999999.00000  -999999.00000  -999999.00000  -999999.00000  -999999.00000  -999999.00000
ECOHUMUS                                   -31.65000   -68.30000   600.00000 2026-07-02 10:30:00     1
     1     1      274.25000       91.00000    96560.00000  -999999.00000        1.00000      191.00000  -999999.00000
  -999999.00000  -999999.00000  -999999.00000  -999999.00000  -999999.00000  -999999.00000  -999999.00000  -999999.00000
ECOHUMUS                                   -31.65000   -68.30000   600.00000 2026-07-02 10:35:00     1
     1     1      274.25000       90.00000    96560.00000  -999999.00000        0.70000      193.00000  -999999.00000
  -999999.00000  -999999.00000  -999999.00000  -999999.00000  -999999.00000  -999999.00000  -999999.00000  -999999.00000
ECOHUMUS                                   -31.65000   -68.30000   600.00000 2026-07-02 10:40:00     1
     1     1      274.35000       90.00000    96560.00000  -999999.00000        0.40000      177.00000  -999999.00000
  -999999.00000  -999999.00000  -999999.00000  -999999.00000  -999999.00000  -999999.00000  -999999.00000  -999999.00000
ECOHUMUS                                   -31.65000   -68.30000   600.00000 2026-07-02 10:45:00     1
     1     1      274.55000       89.00000    96570.00000  -999999.00000        0.00000      178.00000  -999999.00000
  -999999.00000  -999999.00000  -999999.00000  -999999.00000  -999999.00000  -999999.00000  -999999.00000  -999999.00000
ECOHUMUS                                   -31.65000   -68.30000   600.00000 2026-07-02 10:50:00     1
     1     1      274.75000       89.00000    96560.00000  -999999.00000        1.10000      187.00000  -999999.00000
  -999999.00000  -999999.00000  -999999.00000  -999999.00000  -999999.00000  -999999.00000  -999999.00000  -999999.00000
ECOHUMUS                                   -31.65000   -68.30000   600.00000 2026-07-02 10:55:00     1
     1     1      274.65000       88.00000    96550.00000  -999999.00000        0.40000      175.00000  -999999.00000
  -999999.00000  -999999.00000  -999999.00000  -999999.00000  -999999.00000  -999999.00000  -999999.00000  -999999.00000
ECOHUMUS                                   -31.65000   -68.30000   600.00000 2026-07-02 11:00:00     1
     1     1      274.75000       87.00000    96550.00000  -999999.00000        1.40000      180.00000  -999999.00000
  -999999.00000  -999999.00000  -999999.00000  -999999.00000  -999999.00000  -999999.00000  -999999.00000  -999999.00000
ECOHUMUS                                   -31.65000   -68.30000   600.00000 2026-07-02 11:05:00     1
     1     1      274.85000       87.00000    96550.00000  -999999.00000        0.50000      186.00000  -999999.00000
  -999999.00000  -999999.00000  -999999.00000  -999999.00000  -999999.00000  -999999.00000  -999999.00000  -999999.00000
ECOHUMUS                                   -31.65000   -68.30000   600.00000 2026-07-02 11:10:00     1
     1     1      274.95000       86.00000    96540.00000  -999999.00000        1.40000      194.00000  -999999.00000
  -999999.00000  -999999.00000  -999999.00000  -999999.00000  -999999.00000  -999999.00000  -999999.00000  -999999.00000
ECOHUMUS                                   -31.65000   -68.30000   600.00000 2026-07-02 11:15:00     1
     1     1      274.85000       86.00000    96550.00000  -999999.00000        0.90000      182.00000  -999999.00000
  -999999.00000  -999999.00000  -999999.00000  -999999.00000  -999999.00000  -999999.00000  -999999.00000  -999999.00000
ECOHUMUS                                   -31.65000   -68.30000   600.00000 2026-07-02 11:20:00     1
     1     1      275.15000       86.00000    96540.00000  -999999.00000        1.20000      198.00000  -999999.00000
  -999999.00000  -999999.00000  -999999.00000  -999999.00000  -999999.00000  -999999.00000  -999999.00000  -999999.00000
ECOHUMUS                                   -31.65000   -68.30000   600.00000 2026-07-02 11:25:00     1
     1     1      275.15000       86.00000    96530.00000  -999999.00000        1.90000      206.00000  -999999.00000
  -999999.00000  -999999.00000  -999999.00000  -999999.00000  -999999.00000  -999999.00000  -999999.00000  -999999.00000
ECOHUMUS                                   -31.65000   -68.30000   600.00000 2026-07-02 11:30:00     1
     1     1      275.35000       86.00000    96520.00000  -999999.00000        2.50000      197.00000  -999999.00000
  -999999.00000  -999999.00000  -999999.00000  -999999.00000  -999999.00000  -999999.00000  -999999.00000  -999999.00000
ECOHUMUS                                   -31.65000   -68.30000   600.00000 2026-07-02 11:35:00     1
     1     1      275.35000       86.00000    96520.00000  -999999.00000        1.10000      203.00000  -999999.00000
  -999999.00000  -999999.00000  -999999.00000  -999999.00000  -999999.00000  -999999.00000  -999999.00000  -999999.00000
ECOHUMUS                                   -31.65000   -68.30000   600.00000 2026-07-02 11:40:00     1
     1     1      275.45000       86.00000    96520.00000  -999999.00000        2.10000      212.00000  -999999.00000
  -999999.00000  -999999.00000  -999999.00000  -999999.00000  -999999.00000  -999999.00000  -999999.00000  -999999.00000
ECOHUMUS                                   -31.65000   -68.30000   600.00000 2026-07-02 11:45:00     1
     1     1      275.35000       85.00000    96510.00000  -999999.00000        2.90000      205.00000  -999999.00000
  -999999.00000  -999999.00000  -999999.00000  -999999.00000  -999999.00000  -999999.00000  -999999.00000  -999999.00000
ECOHUMUS                                   -31.65000   -68.30000   600.00000 2026-07-02 11:50:00     1
     1     1      275.35000       85.00000    96510.00000  -999999.00000        1.40000      198.00000  -999999.00000
  -999999.00000  -999999.00000  -999999.00000  -999999.00000  -999999.00000  -999999.00000  -999999.00000  -999999.00000
ECOHUMUS                                   -31.65000   -68.30000   600.00000 2026-07-02 11:55:00     1
     1     1      275.35000       84.00000    96500.00000  -999999.00000        4.10000      203.00000  -999999.00000
  -999999.00000  -999999.00000  -999999.00000  -999999.00000  -999999.00000  -999999.00000  -999999.00000  -999999.00000
ECOHUMUS                                   -31.65000   -68.30000   600.00000 2026-07-02 12:00:00     1
     1     1      275.35000       84.00000    96490.00000  -999999.00000        4.70000      206.00000  -999999.00000
  -999999.00000  -999999.00000  -999999.00000  -999999.00000  -999999.00000  -999999.00000  -999999.00000  -999999.00000
ECOHUMUS                                   -31.65000   -68.30000   600.00000 2026-07-02 12:05:00     1
     1     1      275.35000       84.00000    96490.00000  -999999.00000        3.80000      188.00000  -999999.00000
  -999999.00000  -999999.00000  -999999.00000  -999999.00000  -999999.00000  -999999.00000  -999999.00000  -999999.00000
ECOHUMUS                                   -31.65000   -68.30000   600.00000 2026-07-02 12:10:00     1
     1     1      275.25000       84.00000    96490.00000  -999999.00000        0.30000      189.00000  -999999.00000
  -999999.00000  -999999.00000  -999999.00000  -999999.00000  -999999.00000  -999999.00000  -999999.00000  -999999.00000
ECOHUMUS                                   -31.65000   -68.30000   600.00000 2026-07-02 12:15:00     1
     1     1      275.65000       84.00000    96490.00000  -999999.00000        3.50000      173.00000  -999999.00000
  -999999.00000  -999999.00000  -999999.00000  -999999.00000  -999999.00000  -999999.00000  -999999.00000  -999999.00000
ECOHUMUS                                   -31.65000   -68.30000   600.00000 2026-07-02 12:20:00     1
     1     1      275.65000       84.00000    96480.00000  -999999.00000        2.00000      174.00000  -999999.00000
  -999999.00000  -999999.00000  -999999.00000  -999999.00000  -999999.00000  -999999.00000  -999999.00000  -999999.00000
ECOHUMUS                                   -31.65000   -68.30000   600.00000 2026-07-02 12:25:00     1
     1     1      275.75000       83.00000    96470.00000  -999999.00000        3.90000      170.00000  -999999.00000
  -999999.00000  -999999.00000  -999999.00000  -999999.00000  -999999.00000  -999999.00000  -999999.00000  -999999.00000
ECOHUMUS                                   -31.65000   -68.30000   600.00000 2026-07-02 12:30:00     1
     1     1      275.75000       83.00000    96450.00000  -999999.00000        3.70000      178.00000  -999999.00000
  -999999.00000  -999999.00000  -999999.00000  -999999.00000  -999999.00000  -999999.00000  -999999.00000  -999999.00000
ECOHUMUS                                   -31.65000   -68.30000   600.00000 2026-07-02 12:35:00     1
     1     1      275.95000       82.00000    96460.00000  -999999.00000        2.90000      175.00000  -999999.00000
  -999999.00000  -999999.00000  -999999.00000  -999999.00000  -999999.00000  -999999.00000  -999999.00000  -999999.00000
ECOHUMUS                                   -31.65000   -68.30000   600.00000 2026-07-02 12:40:00     1
     1     1      275.95000       83.00000    96440.00000  -999999.00000        3.80000      178.00000  -999999.00000
  -999999.00000  -999999.00000  -999999.00000  -999999.00000  -999999.00000  -999999.00000  -999999.00000  -999999.00000
ECOHUMUS                                   -31.65000   -68.30000   600.00000 2026-07-02 12:45:00     1
     1     1      275.95000       81.00000    96430.00000  -999999.00000        4.50000      171.00000  -999999.00000
  -999999.00000  -999999.00000  -999999.00000  -999999.00000  -999999.00000  -999999.00000  -999999.00000  -999999.00000
ECOHUMUS                                   -31.65000   -68.30000   600.00000 2026-07-02 12:50:00     1
     1     1      276.15000       81.00000    96420.00000  -999999.00000        3.90000      185.00000  -999999.00000
  -999999.00000  -999999.00000  -999999.00000  -999999.00000  -999999.00000  -999999.00000  -999999.00000  -999999.00000
ECOHUMUS                                   -31.65000   -68.30000   600.00000 2026-07-02 12:55:00     1
     1     1      276.45000       81.00000    96420.00000  -999999.00000        4.80000      171.00000  -999999.00000
  -999999.00000  -999999.00000  -999999.00000  -999999.00000  -999999.00000  -999999.00000  -999999.00000  -999999.00000
ECOHUMUS                                   -31.65000   -68.30000   600.00000 2026-07-02 13:00:00     1
     1     1      276.05000       79.00000    96420.00000  -999999.00000        2.70000      181.00000  -999999.00000
  -999999.00000  -999999.00000  -999999.00000  -999999.00000  -999999.00000  -999999.00000  -999999.00000  -999999.00000
ECOHUMUS                                   -31.65000   -68.30000   600.00000 2026-07-02 13:05:00     1
     1     1      276.65000       79.00000    96410.00000  -999999.00000        5.90000      183.00000  -999999.00000
  -999999.00000  -999999.00000  -999999.00000  -999999.00000  -999999.00000  -999999.00000  -999999.00000  -999999.00000
ECOHUMUS                                   -31.65000   -68.30000   600.00000 2026-07-02 13:10:00     1
     1     1      276.55000       80.00000    96410.00000  -999999.00000        6.70000      194.00000  -999999.00000
  -999999.00000  -999999.00000  -999999.00000  -999999.00000  -999999.00000  -999999.00000  -999999.00000  -999999.00000
ECOHUMUS                                   -31.65000   -68.30000   600.00000 2026-07-02 13:15:00     1
     1     1      276.35000       80.00000    96400.00000  -999999.00000        4.80000      186.00000  -999999.00000
  -999999.00000  -999999.00000  -999999.00000  -999999.00000  -999999.00000  -999999.00000  -999999.00000  -999999.00000
ECOHUMUS                                   -31.65000   -68.30000   600.00000 2026-07-02 13:20:00     1
     1     1      276.55000       80.00000    96400.00000  -999999.00000        6.30000      161.00000  -999999.00000
  -999999.00000  -999999.00000  -999999.00000  -999999.00000  -999999.00000  -999999.00000  -999999.00000  -999999.00000
ECOHUMUS                                   -31.65000   -68.30000   600.00000 2026-07-02 13:25:00     1
     1     1      276.95000       80.00000    96390.00000  -999999.00000        5.60000      159.00000  -999999.00000
  -999999.00000  -999999.00000  -999999.00000  -999999.00000  -999999.00000  -999999.00000  -999999.00000  -999999.00000
ECOHUMUS                                   -31.65000   -68.30000   600.00000 2026-07-02 13:30:00     1
     1     1      276.85000       79.00000    96370.00000  -999999.00000        6.50000      156.00000  -999999.00000
  -999999.00000  -999999.00000  -999999.00000  -999999.00000  -999999.00000  -999999.00000  -999999.00000  -999999.00000
ECOHUMUS                                   -31.65000   -68.30000   600.00000 2026-07-02 13:35:00     1
     1     1      276.85000       79.00000    96370.00000  -999999.00000        6.20000      176.00000  -999999.00000
  -999999.00000  -999999.00000  -999999.00000  -999999.00000  -999999.00000  -999999.00000  -999999.00000  -999999.00000
ECOHUMUS                                   -31.65000   -68.30000   600.00000 2026-07-02 13:40:00     1
     1     1      276.85000       79.00000    96360.00000  -999999.00000        5.80000      178.00000  -999999.00000
  -999999.00000  -999999.00000  -999999.00000  -999999.00000  -999999.00000  -999999.00000  -999999.00000  -999999.00000
ECOHUMUS                                   -31.65000   -68.30000   600.00000 2026-07-02 13:45:00     1
     1     1      277.05000       79.00000    96350.00000  -999999.00000        6.30000      158.00000  -999999.00000
  -999999.00000  -999999.00000  -999999.00000  -999999.00000  -999999.00000  -999999.00000  -999999.00000  -999999.00000
ECOHUMUS                                   -31.65000   -68.30000   600.00000 2026-07-02 13:50:00     1
     1     1      276.95000       78.00000    96340.00000  -999999.00000        4.00000      183.00000  -999999.00000
  -999999.00000  -999999.00000  -999999.00000  -999999.00000  -999999.00000  -999999.00000  -999999.00000  -999999.00000
ECOHUMUS                                   -31.65000   -68.30000   600.00000 2026-07-02 13:55:00     1
     1     1      277.05000       78.00000    96330.00000  -999999.00000        5.80000      162.00000  -999999.00000
  -999999.00000  -999999.00000  -999999.00000  -999999.00000  -999999.00000  -999999.00000  -999999.00000  -999999.00000
ECOHUMUS                                   -31.65000   -68.30000   600.00000 2026-07-02 14:00:00     1
     1     1      277.35000       78.00000    96310.00000  -999999.00000        6.40000      165.00000  -999999.00000
  -999999.00000  -999999.00000  -999999.00000  -999999.00000  -999999.00000  -999999.00000  -999999.00000  -999999.00000
ECOHUMUS                                   -31.65000   -68.30000   600.00000 2026-07-02 14:05:00     1
     1     1      277.05000       78.00000    96310.00000  -999999.00000        7.40000      155.00000  -999999.00000
  -999999.00000  -999999.00000  -999999.00000  -999999.00000  -999999.00000  -999999.00000  -999999.00000  -999999.00000
ECOHUMUS                                   -31.65000   -68.30000   600.00000 2026-07-02 14:10:00     1
     1     1      277.25000       78.00000    96300.00000  -999999.00000        7.30000      146.00000  -999999.00000
  -999999.00000  -999999.00000  -999999.00000  -999999.00000  -999999.00000  -999999.00000  -999999.00000  -999999.00000
ECOHUMUS                                   -31.65000   -68.30000   600.00000 2026-07-02 14:15:00     1
     1     1      277.25000       79.00000    96280.00000  -999999.00000        6.90000      152.00000  -999999.00000
  -999999.00000  -999999.00000  -999999.00000  -999999.00000  -999999.00000  -999999.00000  -999999.00000  -999999.00000
ECOHUMUS                                   -31.65000   -68.30000   600.00000 2026-07-02 14:20:00     1
     1     1      277.25000       78.00000    96290.00000  -999999.00000        8.20000      142.00000  -999999.00000
  -999999.00000  -999999.00000  -999999.00000  -999999.00000  -999999.00000  -999999.00000  -999999.00000  -999999.00000
ECOHUMUS                                   -31.65000   -68.30000   600.00000 2026-07-02 14:25:00     1
     1     1      277.15000       78.00000    96280.00000  -999999.00000        6.10000      168.00000  -999999.00000
  -999999.00000  -999999.00000  -999999.00000  -999999.00000  -999999.00000  -999999.00000  -999999.00000  -999999.00000
ECOHUMUS                                   -31.65000   -68.30000   600.00000 2026-07-02 14:30:00     1
     1     1      277.15000       78.00000    96270.00000  -999999.00000        7.30000      150.00000  -999999.00000
  -999999.00000  -999999.00000  -999999.00000  -999999.00000  -999999.00000  -999999.00000  -999999.00000  -999999.00000
ECOHUMUS                                   -31.65000   -68.30000   600.00000 2026-07-02 14:35:00     1
     1     1      277.25000       79.00000    96260.00000  -999999.00000        5.70000      153.00000  -999999.00000
  -999999.00000  -999999.00000  -999999.00000  -999999.00000  -999999.00000  -999999.00000  -999999.00000  -999999.00000
ECOHUMUS                                   -31.65000   -68.30000   600.00000 2026-07-02 14:40:00     1
     1     1      277.25000       78.00000    96250.00000  -999999.00000        4.60000      163.00000  -999999.00000
  -999999.00000  -999999.00000  -999999.00000  -999999.00000  -999999.00000  -999999.00000  -999999.00000  -999999.00000
ECOHUMUS                                   -31.65000   -68.30000   600.00000 2026-07-02 14:45:00     1
     1     1      277.25000       78.00000    96240.00000  -999999.00000        7.50000      146.00000  -999999.00000
  -999999.00000  -999999.00000  -999999.00000  -999999.00000  -999999.00000  -999999.00000  -999999.00000  -999999.00000
ECOHUMUS                                   -31.65000   -68.30000   600.00000 2026-07-02 14:50:00     1
     1     1      277.05000       79.00000    96240.00000  -999999.00000        8.40000      151.00000  -999999.00000
  -999999.00000  -999999.00000  -999999.00000  -999999.00000  -999999.00000  -999999.00000  -999999.00000  -999999.00000
ECOHUMUS                                   -31.65000   -68.30000   600.00000 2026-07-02 14:55:00     1
     1     1      277.15000       78.00000    96240.00000  -999999.00000        6.90000      164.00000  -999999.00000
  -999999.00000  -999999.00000  -999999.00000  -999999.00000  -999999.00000  -999999.00000  -999999.00000  -999999.00000
ECOHUMUS                                   -31.65000   -68.30000   600.00000 2026-07-02 15:00:00     1
     1     1      277.05000       79.00000    96220.00000  -999999.00000        6.70000      168.00000  -999999.00000
  -999999.00000  -999999.00000  -999999.00000  -999999.00000  -999999.00000  -999999.00000  -999999.00000  -999999.00000
ECOHUMUS                                   -31.65000   -68.30000   600.00000 2026-07-02 15:05:00     1
     1     1      277.25000       78.00000    96210.00000  -999999.00000        6.00000      182.00000  -999999.00000
  -999999.00000  -999999.00000  -999999.00000  -999999.00000  -999999.00000  -999999.00000  -999999.00000  -999999.00000
ECOHUMUS                                   -31.65000   -68.30000   600.00000 2026-07-02 15:10:00     1
     1     1      277.35000       78.00000    96220.00000  -999999.00000        6.70000      156.00000  -999999.00000
  -999999.00000  -999999.00000  -999999.00000  -999999.00000  -999999.00000  -999999.00000  -999999.00000  -999999.00000
ECOHUMUS                                   -31.65000   -68.30000   600.00000 2026-07-02 15:15:00     1
     1     1      277.25000       77.00000    96220.00000  -999999.00000        7.00000      171.00000  -999999.00000
  -999999.00000  -999999.00000  -999999.00000  -999999.00000  -999999.00000  -999999.00000  -999999.00000  -999999.00000
ECOHUMUS                                   -31.65000   -68.30000   600.00000 2026-07-02 15:20:00     1
     1     1      277.25000       77.00000    96210.00000  -999999.00000        6.80000      160.00000  -999999.00000
  -999999.00000  -999999.00000  -999999.00000  -999999.00000  -999999.00000  -999999.00000  -999999.00000  -999999.00000
ECOHUMUS                                   -31.65000   -68.30000   600.00000 2026-07-02 15:25:00     1
     1     1      277.25000       77.00000    96190.00000  -999999.00000        6.60000      162.00000  -999999.00000
  -999999.00000  -999999.00000  -999999.00000  -999999.00000  -999999.00000  -999999.00000  -999999.00000  -999999.00000
ECOHUMUS                                   -31.65000   -68.30000   600.00000 2026-07-02 15:30:00     1
     1     1      277.35000       76.00000    96190.00000  -999999.00000        6.60000      177.00000  -999999.00000
  -999999.00000  -999999.00000  -999999.00000  -999999.00000  -999999.00000  -999999.00000  -999999.00000  -999999.00000
ECOHUMUS                                   -31.65000   -68.30000   600.00000 2026-07-02 15:35:00     1
     1     1      277.25000       76.00000    96190.00000  -999999.00000        6.30000      154.00000  -999999.00000
  -999999.00000  -999999.00000  -999999.00000  -999999.00000  -999999.00000  -999999.00000  -999999.00000  -999999.00000
ECOHUMUS                                   -31.65000   -68.30000   600.00000 2026-07-02 15:40:00     1
     1     1      277.35000       75.00000    96190.00000  -999999.00000        6.90000      152.00000  -999999.00000
  -999999.00000  -999999.00000  -999999.00000  -999999.00000  -999999.00000  -999999.00000  -999999.00000  -999999.00000
ECOHUMUS                                   -31.65000   -68.30000   600.00000 2026-07-02 15:45:00     1
     1     1      277.45000       75.00000    96190.00000  -999999.00000        6.80000      151.00000  -999999.00000
  -999999.00000  -999999.00000  -999999.00000  -999999.00000  -999999.00000  -999999.00000  -999999.00000  -999999.00000
ECOHUMUS                                   -31.65000   -68.30000   600.00000 2026-07-02 15:50:00     1
     1     1      277.65000       74.00000    96180.00000  -999999.00000        5.70000      174.00000  -999999.00000
  -999999.00000  -999999.00000  -999999.00000  -999999.00000  -999999.00000  -999999.00000  -999999.00000  -999999.00000
ECOHUMUS                                   -31.65000   -68.30000   600.00000 2026-07-02 15:55:00     1
     1     1      277.45000       74.00000    96180.00000  -999999.00000        5.80000      180.00000  -999999.00000
  -999999.00000  -999999.00000  -999999.00000  -999999.00000  -999999.00000  -999999.00000  -999999.00000  -999999.00000
ECOHUMUS                                   -31.65000   -68.30000   600.00000 2026-07-02 16:00:00     1
     1     1      277.85000       74.00000    96180.00000  -999999.00000        5.80000      175.00000  -999999.00000
  -999999.00000  -999999.00000  -999999.00000  -999999.00000  -999999.00000  -999999.00000  -999999.00000  -999999.00000
ECOHUMUS                                   -31.65000   -68.30000   600.00000 2026-07-02 16:05:00     1
     1     1      278.15000       73.00000    96160.00000  -999999.00000        6.80000      188.00000  -999999.00000
  -999999.00000  -999999.00000  -999999.00000  -999999.00000  -999999.00000  -999999.00000  -999999.00000  -999999.00000
ECOHUMUS                                   -31.65000   -68.30000   600.00000 2026-07-02 16:10:00     1
     1     1      277.95000       74.00000    96170.00000  -999999.00000        7.90000      186.00000  -999999.00000
  -999999.00000  -999999.00000  -999999.00000  -999999.00000  -999999.00000  -999999.00000  -999999.00000  -999999.00000
ECOHUMUS                                   -31.65000   -68.30000   600.00000 2026-07-02 16:15:00     1
     1     1      277.85000       74.00000    96180.00000  -999999.00000        6.50000      163.00000  -999999.00000
  -999999.00000  -999999.00000  -999999.00000  -999999.00000  -999999.00000  -999999.00000  -999999.00000  -999999.00000
ECOHUMUS                                   -31.65000   -68.30000   600.00000 2026-07-02 16:20:00     1
     1     1      277.85000       74.00000    96170.00000  -999999.00000        7.60000      164.00000  -999999.00000
  -999999.00000  -999999.00000  -999999.00000  -999999.00000  -999999.00000  -999999.00000  -999999.00000  -999999.00000
ECOHUMUS                                   -31.65000   -68.30000   600.00000 2026-07-02 16:25:00     1
     1     1      277.85000       74.00000    96180.00000  -999999.00000        7.10000      175.00000  -999999.00000
  -999999.00000  -999999.00000  -999999.00000  -999999.00000  -999999.00000  -999999.00000  -999999.00000  -999999.00000
ECOHUMUS                                   -31.65000   -68.30000   600.00000 2026-07-02 16:30:00     1
     1     1      277.85000       74.00000    96170.00000  -999999.00000        6.60000      186.00000  -999999.00000
  -999999.00000  -999999.00000  -999999.00000  -999999.00000  -999999.00000  -999999.00000  -999999.00000  -999999.00000
ECOHUMUS                                   -31.65000   -68.30000   600.00000 2026-07-02 16:35:00     1
     1     1      277.85000       74.00000    96150.00000  -999999.00000        8.50000      190.00000  -999999.00000
  -999999.00000  -999999.00000  -999999.00000  -999999.00000  -999999.00000  -999999.00000  -999999.00000  -999999.00000
ECOHUMUS                                   -31.65000   -68.30000   600.00000 2026-07-02 16:40:00     1
     1     1      277.85000       75.00000    96160.00000  -999999.00000        6.60000      186.00000  -999999.00000
  -999999.00000  -999999.00000  -999999.00000  -999999.00000  -999999.00000  -999999.00000  -999999.00000  -999999.00000
ECOHUMUS                                   -31.65000   -68.30000   600.00000 2026-07-02 16:45:00     1
     1     1      277.85000       75.00000    96160.00000  -999999.00000        7.30000      198.00000  -999999.00000
  -999999.00000  -999999.00000  -999999.00000  -999999.00000  -999999.00000  -999999.00000  -999999.00000  -999999.00000
ECOHUMUS                                   -31.65000   -68.30000   600.00000 2026-07-02 16:50:00     1
     1     1      277.75000       76.00000    96170.00000  -999999.00000        6.80000      180.00000  -999999.00000
  -999999.00000  -999999.00000  -999999.00000  -999999.00000  -999999.00000  -999999.00000  -999999.00000  -999999.00000
ECOHUMUS                                   -31.65000   -68.30000   600.00000 2026-07-02 16:55:00     1
     1     1      277.85000       76.00000    96160.00000  -999999.00000        7.10000      198.00000  -999999.00000
  -999999.00000  -999999.00000  -999999.00000  -999999.00000  -999999.00000  -999999.00000  -999999.00000  -999999.00000
ECOHUMUS                                   -31.65000   -68.30000   600.00000 2026-07-02 17:00:00     1
     1     1      277.65000       75.00000    96160.00000  -999999.00000        7.90000      193.00000  -999999.00000
  -999999.00000  -999999.00000  -999999.00000  -999999.00000  -999999.00000  -999999.00000  -999999.00000  -999999.00000
ECOHUMUS                                   -31.65000   -68.30000   600.00000 2026-07-02 17:05:00     1
     1     1      277.55000       75.00000    96160.00000  -999999.00000        7.20000      176.00000  -999999.00000
  -999999.00000  -999999.00000  -999999.00000  -999999.00000  -999999.00000  -999999.00000  -999999.00000  -999999.00000
ECOHUMUS                                   -31.65000   -68.30000   600.00000 2026-07-02 17:10:00     1
     1     1      277.55000       75.00000    96170.00000  -999999.00000        8.20000      188.00000  -999999.00000
  -999999.00000  -999999.00000  -999999.00000  -999999.00000  -999999.00000  -999999.00000  -999999.00000  -999999.00000
ECOHUMUS                                   -31.65000   -68.30000   600.00000 2026-07-02 17:15:00     1
     1     1      277.65000       75.00000    96160.00000  -999999.00000        7.10000      185.00000  -999999.00000
  -999999.00000  -999999.00000  -999999.00000  -999999.00000  -999999.00000  -999999.00000  -999999.00000  -999999.00000
ECOHUMUS                                   -31.65000   -68.30000   600.00000 2026-07-02 17:20:00     1
     1     1      277.45000       76.00000    96160.00000  -999999.00000        7.50000      184.00000  -999999.00000
  -999999.00000  -999999.00000  -999999.00000  -999999.00000  -999999.00000  -999999.00000  -999999.00000  -999999.00000
ECOHUMUS                                   -31.65000   -68.30000   600.00000 2026-07-02 17:25:00     1
     1     1      277.45000       76.00000    96170.00000  -999999.00000        7.20000      178.00000  -999999.00000
  -999999.00000  -999999.00000  -999999.00000  -999999.00000  -999999.00000  -999999.00000  -999999.00000  -999999.00000
ECOHUMUS                                   -31.65000   -68.30000   600.00000 2026-07-02 17:30:00     1
     1     1      277.45000       76.00000    96170.00000  -999999.00000        6.80000      192.00000  -999999.00000
  -999999.00000  -999999.00000  -999999.00000  -999999.00000  -999999.00000  -999999.00000  -999999.00000  -999999.00000
ECOHUMUS                                   -31.65000   -68.30000   600.00000 2026-07-02 17:35:00     1
     1     1      277.35000       77.00000    96170.00000  -999999.00000        6.40000      202.00000  -999999.00000
  -999999.00000  -999999.00000  -999999.00000  -999999.00000  -999999.00000  -999999.00000  -999999.00000  -999999.00000
ECOHUMUS                                   -31.65000   -68.30000   600.00000 2026-07-02 17:40:00     1
     1     1      277.35000       77.00000    96180.00000  -999999.00000        7.40000      197.00000  -999999.00000
  -999999.00000  -999999.00000  -999999.00000  -999999.00000  -999999.00000  -999999.00000  -999999.00000  -999999.00000
ECOHUMUS                                   -31.65000   -68.30000   600.00000 2026-07-02 17:45:00     1
     1     1      277.25000       77.00000    96190.00000  -999999.00000        7.00000      192.00000  -999999.00000
  -999999.00000  -999999.00000  -999999.00000  -999999.00000  -999999.00000  -999999.00000  -999999.00000  -999999.00000
ECOHUMUS                                   -31.65000   -68.30000   600.00000 2026-07-02 17:50:00     1
     1     1      277.35000       77.00000    96180.00000  -999999.00000        6.00000      189.00000  -999999.00000
  -999999.00000  -999999.00000  -999999.00000  -999999.00000  -999999.00000  -999999.00000  -999999.00000  -999999.00000
ECOHUMUS                                   -31.65000   -68.30000   600.00000 2026-07-02 17:55:00     1
     1     1      277.25000       76.00000    96190.00000  -999999.00000        8.10000      190.00000  -999999.00000
  -999999.00000  -999999.00000  -999999.00000  -999999.00000  -999999.00000  -999999.00000  -999999.00000  -999999.00000
ECOHUMUS                                   -31.65000   -68.30000   600.00000 2026-07-02 18:00:00     1
     1     1      277.25000       76.00000    96190.00000  -999999.00000        7.30000      207.00000  -999999.00000
  -999999.00000  -999999.00000  -999999.00000  -999999.00000  -999999.00000  -999999.00000  -999999.00000  -999999.00000
ECOHUMUS                                   -31.65000   -68.30000   600.00000 2026-07-02 18:05:00     1
     1     1      277.25000       76.00000    96190.00000  -999999.00000        6.60000      187.00000  -999999.00000
  -999999.00000  -999999.00000  -999999.00000  -999999.00000  -999999.00000  -999999.00000  -999999.00000  -999999.00000
ECOHUMUS                                   -31.65000   -68.30000   600.00000 2026-07-02 18:10:00     1
     1     1      277.25000       77.00000    96190.00000  -999999.00000        5.60000      176.00000  -999999.00000
  -999999.00000  -999999.00000  -999999.00000  -999999.00000  -999999.00000  -999999.00000  -999999.00000  -999999.00000
ECOHUMUS                                   -31.65000   -68.30000   600.00000 2026-07-02 18:15:00     1
     1     1      277.25000       76.00000    96190.00000  -999999.00000        7.60000      189.00000  -999999.00000
  -999999.00000  -999999.00000  -999999.00000  -999999.00000  -999999.00000  -999999.00000  -999999.00000  -999999.00000
ECOHUMUS                                   -31.65000   -68.30000   600.00000 2026-07-02 18:20:00     1
     1     1      277.15000       76.00000    96180.00000  -999999.00000        5.50000      184.00000  -999999.00000
  -999999.00000  -999999.00000  -999999.00000  -999999.00000  -999999.00000  -999999.00000  -999999.00000  -999999.00000
ECOHUMUS                                   -31.65000   -68.30000   600.00000 2026-07-02 18:25:00     1
     1     1      277.15000       76.00000    96190.00000  -999999.00000        7.40000      187.00000  -999999.00000
  -999999.00000  -999999.00000  -999999.00000  -999999.00000  -999999.00000  -999999.00000  -999999.00000  -999999.00000
ECOHUMUS                                   -31.65000   -68.30000   600.00000 2026-07-02 18:30:00     1
     1     1      277.05000       76.00000    96190.00000  -999999.00000        6.00000      200.00000  -999999.00000
  -999999.00000  -999999.00000  -999999.00000  -999999.00000  -999999.00000  -999999.00000  -999999.00000  -999999.00000
ECOHUMUS                                   -31.65000   -68.30000   600.00000 2026-07-02 18:35:00     1
     1     1      277.05000       77.00000    96190.00000  -999999.00000        6.40000      187.00000  -999999.00000
  -999999.00000  -999999.00000  -999999.00000  -999999.00000  -999999.00000  -999999.00000  -999999.00000  -999999.00000
ECOHUMUS                                   -31.65000   -68.30000   600.00000 2026-07-02 18:40:00     1
     1     1      277.05000       77.00000    96200.00000  -999999.00000        6.30000      184.00000  -999999.00000
  -999999.00000  -999999.00000  -999999.00000  -999999.00000  -999999.00000  -999999.00000  -999999.00000  -999999.00000
ECOHUMUS                                   -31.65000   -68.30000   600.00000 2026-07-02 18:45:00     1
     1     1      277.05000       77.00000    96200.00000  -999999.00000        5.80000      183.00000  -999999.00000
  -999999.00000  -999999.00000  -999999.00000  -999999.00000  -999999.00000  -999999.00000  -999999.00000  -999999.00000
ECOHUMUS                                   -31.65000   -68.30000   600.00000 2026-07-02 18:50:00     1
     1     1      276.95000       77.00000    96200.00000  -999999.00000        5.60000      176.00000  -999999.00000
  -999999.00000  -999999.00000  -999999.00000  -999999.00000  -999999.00000  -999999.00000  -999999.00000  -999999.00000
ECOHUMUS                                   -31.65000   -68.30000   600.00000 2026-07-02 18:55:00     1
     1     1      276.95000       77.00000    96210.00000  -999999.00000        6.30000      184.00000  -999999.00000
  -999999.00000  -999999.00000  -999999.00000  -999999.00000  -999999.00000  -999999.00000  -999999.00000  -999999.00000
ECOHUMUS                                   -31.65000   -68.30000   600.00000 2026-07-02 19:00:00     1
     1     1      276.95000       77.00000    96210.00000  -999999.00000        5.70000      188.00000  -999999.00000
  -999999.00000  -999999.00000  -999999.00000  -999999.00000  -999999.00000  -999999.00000  -999999.00000  -999999.00000
ECOHUMUS                                   -31.65000   -68.30000   600.00000 2026-07-02 19:05:00     1
     1     1      276.95000       77.00000    96210.00000  -999999.00000        6.80000      185.00000  -999999.00000
  -999999.00000  -999999.00000  -999999.00000  -999999.00000  -999999.00000  -999999.00000  -999999.00000  -999999.00000
ECOHUMUS                                   -31.65000   -68.30000   600.00000 2026-07-02 19:10:00     1
     1     1      276.95000       77.00000    96210.00000  -999999.00000        5.00000      180.00000  -999999.00000
  -999999.00000  -999999.00000  -999999.00000  -999999.00000  -999999.00000  -999999.00000  -999999.00000  -999999.00000
ECOHUMUS                                   -31.65000   -68.30000   600.00000 2026-07-02 19:15:00     1
     1     1      276.95000       78.00000    96210.00000  -999999.00000        4.00000      191.00000  -999999.00000
  -999999.00000  -999999.00000  -999999.00000  -999999.00000  -999999.00000  -999999.00000  -999999.00000  -999999.00000
ECOHUMUS                                   -31.65000   -68.30000   600.00000 2026-07-02 19:20:00     1
     1     1      276.85000       78.00000    96210.00000  -999999.00000        6.20000      185.00000  -999999.00000
  -999999.00000  -999999.00000  -999999.00000  -999999.00000  -999999.00000  -999999.00000  -999999.00000  -999999.00000
ECOHUMUS                                   -31.65000   -68.30000   600.00000 2026-07-02 19:25:00     1
     1     1      276.95000       78.00000    96210.00000  -999999.00000        5.10000      182.00000  -999999.00000
  -999999.00000  -999999.00000  -999999.00000  -999999.00000  -999999.00000  -999999.00000  -999999.00000  -999999.00000
ECOHUMUS                                   -31.65000   -68.30000   600.00000 2026-07-02 19:30:00     1
     1     1      276.85000       77.00000    96210.00000  -999999.00000        4.90000      180.00000  -999999.00000
  -999999.00000  -999999.00000  -999999.00000  -999999.00000  -999999.00000  -999999.00000  -999999.00000  -999999.00000
ECOHUMUS                                   -31.65000   -68.30000   600.00000 2026-07-02 19:35:00     1
     1     1      276.85000       77.00000    96220.00000  -999999.00000        6.40000      191.00000  -999999.00000
  -999999.00000  -999999.00000  -999999.00000  -999999.00000  -999999.00000  -999999.00000  -999999.00000  -999999.00000
ECOHUMUS                                   -31.65000   -68.30000   600.00000 2026-07-02 19:40:00     1
     1     1      276.85000       78.00000    96230.00000  -999999.00000        3.70000      166.00000  -999999.00000
  -999999.00000  -999999.00000  -999999.00000  -999999.00000  -999999.00000  -999999.00000  -999999.00000  -999999.00000
ECOHUMUS                                   -31.65000   -68.30000   600.00000 2026-07-02 19:45:00     1
     1     1      276.85000       78.00000    96220.00000  -999999.00000        5.00000      192.00000  -999999.00000
  -999999.00000  -999999.00000  -999999.00000  -999999.00000  -999999.00000  -999999.00000  -999999.00000  -999999.00000
ECOHUMUS                                   -31.65000   -68.30000   600.00000 2026-07-02 19:50:00     1
     1     1      276.85000       78.00000    96240.00000  -999999.00000        5.20000      191.00000  -999999.00000
  -999999.00000  -999999.00000  -999999.00000  -999999.00000  -999999.00000  -999999.00000  -999999.00000  -999999.00000
ECOHUMUS                                   -31.65000   -68.30000   600.00000 2026-07-02 19:55:00     1
     1     1      276.85000       78.00000    96240.00000  -999999.00000        4.30000      182.00000  -999999.00000
  -999999.00000  -999999.00000  -999999.00000  -999999.00000  -999999.00000  -999999.00000  -999999.00000  -999999.00000
ECOHUMUS                                   -31.65000   -68.30000   600.00000 2026-07-02 20:00:00     1
     1     1      276.85000       78.00000    96230.00000  -999999.00000        3.80000      180.00000  -999999.00000
  -999999.00000  -999999.00000  -999999.00000  -999999.00000  -999999.00000  -999999.00000  -999999.00000  -999999.00000
ECOHUMUS                                   -31.65000   -68.30000   600.00000 2026-07-02 20:05:00     1
     1     1      276.85000       78.00000    96240.00000  -999999.00000        5.60000      183.00000  -999999.00000
  -999999.00000  -999999.00000  -999999.00000  -999999.00000  -999999.00000  -999999.00000  -999999.00000  -999999.00000
ECOHUMUS                                   -31.65000   -68.30000   600.00000 2026-07-02 20:10:00     1
     1     1      276.75000       78.00000    96230.00000  -999999.00000        4.10000      183.00000  -999999.00000
  -999999.00000  -999999.00000  -999999.00000  -999999.00000  -999999.00000  -999999.00000  -999999.00000  -999999.00000
ECOHUMUS                                   -31.65000   -68.30000   600.00000 2026-07-02 20:15:00     1
     1     1      276.75000       79.00000    96230.00000  -999999.00000        3.50000      178.00000  -999999.00000
  -999999.00000  -999999.00000  -999999.00000  -999999.00000  -999999.00000  -999999.00000  -999999.00000  -999999.00000
ECOHUMUS                                   -31.65000   -68.30000   600.00000 2026-07-02 20:20:00     1
     1     1      276.75000       79.00000    96220.00000  -999999.00000        3.00000      186.00000  -999999.00000
  -999999.00000  -999999.00000  -999999.00000  -999999.00000  -999999.00000  -999999.00000  -999999.00000  -999999.00000
ECOHUMUS                                   -31.65000   -68.30000   600.00000 2026-07-02 20:25:00     1
     1     1      276.75000       79.00000    96240.00000  -999999.00000        4.50000      190.00000  -999999.00000
  -999999.00000  -999999.00000  -999999.00000  -999999.00000  -999999.00000  -999999.00000  -999999.00000  -999999.00000
ECOHUMUS                                   -31.65000   -68.30000   600.00000 2026-07-02 20:30:00     1
     1     1      276.75000       79.00000    96230.00000  -999999.00000        3.70000      190.00000  -999999.00000
  -999999.00000  -999999.00000  -999999.00000  -999999.00000  -999999.00000  -999999.00000  -999999.00000  -999999.00000
ECOHUMUS                                   -31.65000   -68.30000   600.00000 2026-07-02 20:35:00     1
     1     1      276.75000       79.00000    96240.00000  -999999.00000        3.10000      185.00000  -999999.00000
  -999999.00000  -999999.00000  -999999.00000  -999999.00000  -999999.00000  -999999.00000  -999999.00000  -999999.00000
ECOHUMUS                                   -31.65000   -68.30000   600.00000 2026-07-02 20:40:00     1
     1     1      276.75000       79.00000    96230.00000  -999999.00000        3.60000      184.00000  -999999.00000
  -999999.00000  -999999.00000  -999999.00000  -999999.00000  -999999.00000  -999999.00000  -999999.00000  -999999.00000
ECOHUMUS                                   -31.65000   -68.30000   600.00000 2026-07-02 20:45:00     1
     1     1      276.75000       79.00000    96220.00000  -999999.00000        4.10000      184.00000  -999999.00000
  -999999.00000  -999999.00000  -999999.00000  -999999.00000  -999999.00000  -999999.00000  -999999.00000  -999999.00000
ECOHUMUS                                   -31.65000   -68.30000   600.00000 2026-07-02 20:50:00     1
     1     1      276.75000       79.00000    96230.00000  -999999.00000        3.50000      186.00000  -999999.00000
  -999999.00000  -999999.00000  -999999.00000  -999999.00000  -999999.00000  -999999.00000  -999999.00000  -999999.00000
ECOHUMUS                                   -31.65000   -68.30000   600.00000 2026-07-02 20:55:00     1
     1     1      276.75000       79.00000    96220.00000  -999999.00000        3.50000      192.00000  -999999.00000
  -999999.00000  -999999.00000  -999999.00000  -999999.00000  -999999.00000  -999999.00000  -999999.00000  -999999.00000
ECOHUMUS                                   -31.65000   -68.30000   600.00000 2026-07-02 21:00:00     1
     1     1      276.75000       79.00000    96220.00000  -999999.00000        2.20000      189.00000  -999999.00000
  -999999.00000  -999999.00000  -999999.00000  -999999.00000  -999999.00000  -999999.00000  -999999.00000  -999999.00000
ECOHUMUS                                   -31.65000   -68.30000   600.00000 2026-07-02 21:05:00     1
     1     1      276.65000       80.00000    96230.00000  -999999.00000        2.90000      190.00000  -999999.00000
  -999999.00000  -999999.00000  -999999.00000  -999999.00000  -999999.00000  -999999.00000  -999999.00000  -999999.00000
ECOHUMUS                                   -31.65000   -68.30000   600.00000 2026-07-02 21:10:00     1
     1     1      276.65000       80.00000    96230.00000  -999999.00000        3.30000      189.00000  -999999.00000
  -999999.00000  -999999.00000  -999999.00000  -999999.00000  -999999.00000  -999999.00000  -999999.00000  -999999.00000
ECOHUMUS                                   -31.65000   -68.30000   600.00000 2026-07-02 21:15:00     1
     1     1      276.65000       80.00000    96230.00000  -999999.00000        3.50000      192.00000  -999999.00000
  -999999.00000  -999999.00000  -999999.00000  -999999.00000  -999999.00000  -999999.00000  -999999.00000  -999999.00000
ECOHUMUS                                   -31.65000   -68.30000   600.00000 2026-07-02 21:20:00     1
     1     1      276.65000       79.00000    96230.00000  -999999.00000        4.00000      195.00000  -999999.00000
  -999999.00000  -999999.00000  -999999.00000  -999999.00000  -999999.00000  -999999.00000  -999999.00000  -999999.00000
ECOHUMUS                                   -31.65000   -68.30000   600.00000 2026-07-02 21:25:00     1
     1     1      276.65000       79.00000    96240.00000  -999999.00000        4.50000      192.00000  -999999.00000
  -999999.00000  -999999.00000  -999999.00000  -999999.00000  -999999.00000  -999999.00000  -999999.00000  -999999.00000
ECOHUMUS                                   -31.65000   -68.30000   600.00000 2026-07-02 21:30:00     1
     1     1      276.65000       80.00000    96240.00000  -999999.00000        3.90000      190.00000  -999999.00000
  -999999.00000  -999999.00000  -999999.00000  -999999.00000  -999999.00000  -999999.00000  -999999.00000  -999999.00000
ECOHUMUS                                   -31.65000   -68.30000   600.00000 2026-07-02 21:35:00     1
     1     1      276.55000       80.00000    96220.00000  -999999.00000        4.60000      192.00000  -999999.00000
  -999999.00000  -999999.00000  -999999.00000  -999999.00000  -999999.00000  -999999.00000  -999999.00000  -999999.00000
ECOHUMUS                                   -31.65000   -68.30000   600.00000 2026-07-02 21:40:00     1
     1     1      276.55000       80.00000    96230.00000  -999999.00000        5.10000      195.00000  -999999.00000
  -999999.00000  -999999.00000  -999999.00000  -999999.00000  -999999.00000  -999999.00000  -999999.00000  -999999.00000
ECOHUMUS                                   -31.65000   -68.30000   600.00000 2026-07-02 21:45:00     1
     1     1      276.55000       80.00000    96240.00000  -999999.00000        4.60000      192.00000  -999999.00000
  -999999.00000  -999999.00000  -999999.00000  -999999.00000  -999999.00000  -999999.00000  -999999.00000  -999999.00000
ECOHUMUS                                   -31.65000   -68.30000   600.00000 2026-07-02 21:50:00     1
     1     1      276.55000       80.00000    96230.00000  -999999.00000        4.30000      188.00000  -999999.00000
  -999999.00000  -999999.00000  -999999.00000  -999999.00000  -999999.00000  -999999.00000  -999999.00000  -999999.00000
ECOHUMUS                                   -31.65000   -68.30000   600.00000 2026-07-02 21:55:00     1
     1     1      276.55000       79.00000    96220.00000  -999999.00000        5.50000      191.00000  -999999.00000
  -999999.00000  -999999.00000  -999999.00000  -999999.00000  -999999.00000  -999999.00000  -999999.00000  -999999.00000
ECOHUMUS                                   -31.65000   -68.30000   600.00000 2026-07-02 22:00:00     1
     1     1      276.55000       80.00000    96220.00000  -999999.00000        3.70000      203.00000  -999999.00000
  -999999.00000  -999999.00000  -999999.00000  -999999.00000  -999999.00000  -999999.00000  -999999.00000  -999999.00000
ECOHUMUS                                   -31.65000   -68.30000   600.00000 2026-07-02 22:05:00     1
     1     1      276.35000       81.00000    96210.00000  -999999.00000        4.00000      202.00000  -999999.00000
  -999999.00000  -999999.00000  -999999.00000  -999999.00000  -999999.00000  -999999.00000  -999999.00000  -999999.00000
ECOHUMUS                                   -31.65000   -68.30000   600.00000 2026-07-02 22:10:00     1
     1     1      276.25000       81.00000    96210.00000  -999999.00000        4.90000      198.00000  -999999.00000
  -999999.00000  -999999.00000  -999999.00000  -999999.00000  -999999.00000  -999999.00000  -999999.00000  -999999.00000
ECOHUMUS                                   -31.65000   -68.30000   600.00000 2026-07-02 22:15:00     1
     1     1      276.25000       81.00000    96200.00000  -999999.00000        4.80000      194.00000  -999999.00000
  -999999.00000  -999999.00000  -999999.00000  -999999.00000  -999999.00000  -999999.00000  -999999.00000  -999999.00000
ECOHUMUS                                   -31.65000   -68.30000   600.00000 2026-07-02 22:20:00     1
     1     1      276.25000       81.00000    96200.00000  -999999.00000        4.50000      202.00000  -999999.00000
  -999999.00000  -999999.00000  -999999.00000  -999999.00000  -999999.00000  -999999.00000  -999999.00000  -999999.00000
ECOHUMUS                                   -31.65000   -68.30000   600.00000 2026-07-02 22:25:00     1
     1     1      276.25000       80.00000    96200.00000  -999999.00000        4.30000      200.00000  -999999.00000
  -999999.00000  -999999.00000  -999999.00000  -999999.00000  -999999.00000  -999999.00000  -999999.00000  -999999.00000
ECOHUMUS                                   -31.65000   -68.30000   600.00000 2026-07-02 22:30:00     1
     1     1      276.15000       80.00000    96200.00000  -999999.00000        5.60000      204.00000  -999999.00000
  -999999.00000  -999999.00000  -999999.00000  -999999.00000  -999999.00000  -999999.00000  -999999.00000  -999999.00000
ECOHUMUS                                   -31.65000   -68.30000   600.00000 2026-07-02 22:35:00     1
     1     1      276.15000       80.00000    96200.00000  -999999.00000        4.90000      203.00000  -999999.00000
  -999999.00000  -999999.00000  -999999.00000  -999999.00000  -999999.00000  -999999.00000  -999999.00000  -999999.00000
ECOHUMUS                                   -31.65000   -68.30000   600.00000 2026-07-02 22:40:00     1
     1     1      276.15000       80.00000    96210.00000  -999999.00000        5.20000      198.00000  -999999.00000
  -999999.00000  -999999.00000  -999999.00000  -999999.00000  -999999.00000  -999999.00000  -999999.00000  -999999.00000
ECOHUMUS                                   -31.65000   -68.30000   600.00000 2026-07-02 22:45:00     1
     1     1      276.05000       80.00000    96190.00000  -999999.00000        4.00000      204.00000  -999999.00000
  -999999.00000  -999999.00000  -999999.00000  -999999.00000  -999999.00000  -999999.00000  -999999.00000  -999999.00000
ECOHUMUS                                   -31.65000   -68.30000   600.00000 2026-07-02 22:50:00     1
     1     1      276.05000       80.00000    96200.00000  -999999.00000        5.00000      197.00000  -999999.00000
  -999999.00000  -999999.00000  -999999.00000  -999999.00000  -999999.00000  -999999.00000  -999999.00000  -999999.00000
ECOHUMUS                                   -31.65000   -68.30000   600.00000 2026-07-02 22:55:00     1
     1     1      276.05000       81.00000    96190.00000  -999999.00000        4.00000      191.00000  -999999.00000
  -999999.00000  -999999.00000  -999999.00000  -999999.00000  -999999.00000  -999999.00000  -999999.00000  -999999.00000
ECOHUMUS                                   -31.65000   -68.30000   600.00000 2026-07-02 23:00:00     1
     1     1      276.05000       81.00000    96190.00000  -999999.00000        2.90000      193.00000  -999999.00000
  -999999.00000  -999999.00000  -999999.00000  -999999.00000  -999999.00000  -999999.00000  -999999.00000  -999999.00000
ECOHUMUS                                   -31.65000   -68.30000   600.00000 2026-07-02 23:05:00     1
     1     1      275.95000       81.00000    96180.00000  -999999.00000        4.20000      204.00000  -999999.00000
  -999999.00000  -999999.00000  -999999.00000  -999999.00000  -999999.00000  -999999.00000  -999999.00000  -999999.00000
ECOHUMUS                                   -31.65000   -68.30000   600.00000 2026-07-02 23:10:00     1
     1     1      275.95000       81.00000    96190.00000  -999999.00000        3.20000      202.00000  -999999.00000
  -999999.00000  -999999.00000  -999999.00000  -999999.00000  -999999.00000  -999999.00000  -999999.00000  -999999.00000
ECOHUMUS                                   -31.65000   -68.30000   600.00000 2026-07-02 23:15:00     1
     1     1      275.95000       81.00000    96180.00000  -999999.00000        4.10000      203.00000  -999999.00000
  -999999.00000  -999999.00000  -999999.00000  -999999.00000  -999999.00000  -999999.00000  -999999.00000  -999999.00000
ECOHUMUS                                   -31.65000   -68.30000   600.00000 2026-07-02 23:20:00     1
     1     1      275.95000       81.00000    96180.00000  -999999.00000        4.40000      198.00000  -999999.00000
  -999999.00000  -999999.00000  -999999.00000  -999999.00000  -999999.00000  -999999.00000  -999999.00000  -999999.00000
ECOHUMUS                                   -31.65000   -68.30000   600.00000 2026-07-02 23:25:00     1
     1     1      275.95000       81.00000    96180.00000  -999999.00000        4.50000      201.00000  -999999.00000
  -999999.00000  -999999.00000  -999999.00000  -999999.00000  -999999.00000  -999999.00000  -999999.00000  -999999.00000
ECOHUMUS                                   -31.65000   -68.30000   600.00000 2026-07-02 23:30:00     1
     1     1      275.95000       81.00000    96180.00000  -999999.00000        3.50000      199.00000  -999999.00000
  -999999.00000  -999999.00000  -999999.00000  -999999.00000  -999999.00000  -999999.00000  -999999.00000  -999999.00000
ECOHUMUS                                   -31.65000   -68.30000   600.00000 2026-07-02 23:35:00     1
     1     1      275.85000       81.00000    96170.00000  -999999.00000        3.20000      188.00000  -999999.00000
  -999999.00000  -999999.00000  -999999.00000  -999999.00000  -999999.00000  -999999.00000  -999999.00000  -999999.00000
ECOHUMUS                                   -31.65000   -68.30000   600.00000 2026-07-02 23:40:00     1
     1     1      275.85000       81.00000    96170.00000  -999999.00000        3.50000      194.00000  -999999.00000
  -999999.00000  -999999.00000  -999999.00000  -999999.00000  -999999.00000  -999999.00000  -999999.00000  -999999.00000
ECOHUMUS                                   -31.65000   -68.30000   600.00000 2026-07-02 23:45:00     1
     1     1      275.85000       81.00000    96170.00000  -999999.00000        3.00000      199.00000  -999999.00000
  -999999.00000  -999999.00000  -999999.00000  -999999.00000  -999999.00000  -999999.00000  -999999.00000  -999999.00000
ECOHUMUS                                   -31.65000   -68.30000   600.00000 2026-07-02 23:50:00     1
     1     1      275.85000       81.00000    96160.00000  -999999.00000        3.00000      192.00000  -999999.00000
  -999999.00000  -999999.00000  -999999.00000  -999999.00000  -999999.00000  -999999.00000  -999999.00000  -999999.00000
ECOHUMUS                                   -31.65000   -68.30000   600.00000 2026-07-02 23:55:00     1
     1     1      275.85000       81.00000    96160.00000  -999999.00000        2.40000      192.00000  -999999.00000
  -999999.00000  -999999.00000  -999999.00000  -999999.00000  -999999.00000  -999999.00000  -999999.00000  -999999.00000
  -999999.00000
  -999999.00000
  -999999.00000
  -999999.00000
  -999999.00000
  -999999.00000
  -999999.00000
000000000000000000000000000000000000000000000000000000000000000000000000000000000000000000000000000000000000000000000000