 20260705000000
  -31.6500  -68.5833 
  INTA_POCITO                                SURFACE                                    
  SYNOP             INTA_POCITO            615  F     F       1
 -888888.000 -888888.000 -888888.000 -888888.000     615.000       0.000     275.350       0.000      -0.000     129.000       0.000     129.000      83.000       0.000   94660.000       0.000 -888888.000 -888888.000
 20260705000000
  -31.4667  -68.6667 
  ULLUM_EMBALSE                              SURFACE                                    
  SYNOP             ULLUM_EMBALSE          768  F     F       1
 -888888.000 -888888.000 -888888.000 -888888.000     768.000       0.000     277.150       0.000      -0.690     129.000       6.564     129.000      76.000       0.000   92940.000       0.000 -888888.000 -888888.000
 20260705000000
  -31.5192  -68.8178 
  PUNTA_NEGRA                                SURFACE                                    
  SYNOP             PUNTA_NEGRA            800  F     F       1
 -888888.000 -888888.000 -888888.000 -888888.000     800.000       0.000     276.850       0.000      -0.000     129.000       0.000     129.000      73.000       0.000   92140.000       0.000 -888888.000 -888888.000
 20260705000000
  -31.6500  -68.3000 
  ECOHUMUS                                   SURFACE                                    
  SYNOP             ECOHUMUS               600  F     F       1
 -888888.000 -888888.000 -888888.000 -888888.000     600.000       0.000     276.650       0.000       0.787     129.000       1.947     129.000      83.000       0.000   95490.000       0.000 -888888.000 -888888.000
 20260705000500
  -31.6500  -68.5833 
  INTA_POCITO                                SURFACE                                    
  SYNOP             INTA_POCITO            615  F     F       1
 -888888.000 -888888.000 -888888.000 -888888.000     615.000       0.000     275.150       0.000      -0.000     129.000       0.000     129.000      84.000       0.000   94660.000       0.000 -888888.000 -888888.000
 20260705000500
  -31.4667  -68.6667 
  ULLUM_EMBALSE                              SURFACE                                    
  SYNOP             ULLUM_EMBALSE          768  F     F       1
 -888888.000 -888888.000 -888888.000 -888888.000     768.000       0.000     277.150       0.000      -0.000     129.000       5.300     129.000      76.000       0.000   92960.000       0.000 -888888.000 -888888.000
 20260705000500
  -31.5192  -68.8178 
  PUNTA_NEGRA                                SURFACE                                    
  SYNOP             PUNTA_NEGRA            800  F     F       1
 -888888.000 -888888.000 -888888.000 -888888.000     800.000       0.000     276.850       0.000      -0.098     129.000       0.017     129.000      73.000       0.000   92140.000       0.000 -888888.000 -888888.000
 20260705000500
  -31.6500  -68.3000 
  ECOHUMUS                                   SURFACE                                    
  SYNOP             ECOHUMUS               600  F     F       1
 -888888.000 -888888.000 -888888.000 -888888.000     600.000       0.000     276.650       0.000       0.502     129.000       1.307     129.000      83.000       0.000   95480.000       0.000 -888888.000 -888888.000
 20260705001000
  -31.6500  -68.5833 
  INTA_POCITO                                SURFACE                                    
  SYNOP             INTA_POCITO            615  F     F       1
 -888888.000 -888888.000 -888888.000 -888888.000     615.000       0.000     274.950       0.000      -0.000     129.000       0.000     129.000      84.000       0.000   94660.000       0.000 -888888.000 -888888.000
 20260705001000
  -31.4667  -68.6667 
  ULLUM_EMBALSE                              SURFACE                                    
  SYNOP             ULLUM_EMBALSE          768  F     F       1
 -888888.000 -888888.000 -888888.000 -888888.000     768.000       0.000     277.150       0.000      -1.102     129.000       5.184     129.000      76.000       0.000   92970.000       0.000 -888888.000 -888888.000
 20260705001000
  -31.5192  -68.8178 
  PUNTA_NEGRA                                SURFACE                                    
  SYNOP             PUNTA_NEGRA            800  F     F       1
 -888888.000 -888888.000 -888888.000 -888888.000     800.000       0.000     276.750       0.000      -0.000     129.000       0.000     129.000      73.000       0.000   92150.000       0.000 -888888.000 -888888.000
 20260705001000
  -31.6500  -68.3000 
  ECOHUMUS                                   SURFACE                                    
  SYNOP             ECOHUMUS               600  F     F       1
 -888888.000 -888888.000 -888888.000 -888888.000     600.000       0.000     276.650       0.000       0.394     129.000       1.027     129.000      84.000       0.000   95490.000       0.000 -888888.000 -888888.000
 20260705001500
  -31.6500  -68.5833 
  INTA_POCITO                                SURFACE                                    
  SYNOP             INTA_POCITO            615  F     F       1
 -888888.000 -888888.000 -888888.000 -888888.000     615.000       0.000     274.750       0.000      -0.000     129.000       0.000     129.000      85.000       0.000   94650.000       0.000 -888888.000 -888888.000
 20260705001500
  -31.4667  -68.6667 
  ULLUM_EMBALSE                              SURFACE                                    
  SYNOP             ULLUM_EMBALSE          768  F     F       1
 -888888.000 -888888.000 -888888.000 -888888.000     768.000       0.000     277.150       0.000      -0.743     129.000       6.055     129.000      76.000       0.000   92960.000       0.000 -888888.000 -888888.000
 20260705001500
  -31.5192  -68.8178 
  PUNTA_NEGRA                                SURFACE                                    
  SYNOP             PUNTA_NEGRA            800  F     F       1
 -888888.000 -888888.000 -888888.000 -888888.000     800.000       0.000     276.750       0.000      -0.057     129.000       0.082     129.000      73.000       0.000   92150.000       0.000 -888888.000 -888888.000
 20260705001500
  -31.6500  -68.3000 
  ECOHUMUS                                   SURFACE                                    
  SYNOP             ECOHUMUS               600  F     F       1
 -888888.000 -888888.000 -888888.000 -888888.000     600.000       0.000     276.650       0.000       0.072     129.000       0.187     129.000      84.000       0.000   95480.000       0.000 -888888.000 -888888.000
 20260705002000
  -31.6500  -68.5833 
  INTA_POCITO                                SURFACE                                    
  SYNOP             INTA_POCITO            615  F     F       1
 -888888.000 -888888.000 -888888.000 -888888.000     615.000       0.000     274.750       0.000      -0.000     129.000       0.000     129.000      85.000       0.000   94670.000       0.000 -888888.000 -888888.000
 20260705002000
  -31.4667  -68.6667 
  ULLUM_EMBALSE                              SURFACE                                    
  SYNOP             ULLUM_EMBALSE          768  F     F       1
 -888888.000 -888888.000 -888888.000 -888888.000     768.000       0.000     277.050       0.000      -1.863     129.000       7.471     129.000      76.000       0.000   92970.000       0.000 -888888.000 -888888.000
 20260705002000
  -31.5192  -68.8178 
  PUNTA_NEGRA                                SURFACE                                    
  SYNOP             PUNTA_NEGRA            800  F     F       1
 -888888.000 -888888.000 -888888.000 -888888.000     800.000       0.000     276.750       0.000       0.000     129.000       0.000     129.000      74.000       0.000   92160.000       0.000 -888888.000 -888888.000
 20260705002000
  -31.6500  -68.3000 
  ECOHUMUS                                   SURFACE                                    
  SYNOP             ECOHUMUS               600  F     F       1
 -888888.000 -888888.000 -888888.000 -888888.000     600.000       0.000     276.450       0.000       0.021     129.000       0.098     129.000      84.000       0.000   95480.000       0.000 -888888.000 -888888.000
 20260705002500
  -31.6500  -68.5833 
  INTA_POCITO                                SURFACE                                    
  SYNOP             INTA_POCITO            615  F     F       1
 -888888.000 -888888.000 -888888.000 -888888.000     615.000       0.000     274.750       0.000      -0.000     129.000       0.000     129.000      85.000       0.000   94670.000       0.000 -888888.000 -888888.000
 20260705002500
  -31.4667  -68.6667 
  ULLUM_EMBALSE                              SURFACE                                    
  SYNOP             ULLUM_EMBALSE          768  F     F       1
 -888888.000 -888888.000 -888888.000 -888888.000     768.000       0.000     277.050       0.000      -1.298     129.000       8.198     129.000      76.000       0.000   92960.000       0.000 -888888.000 -888888.000
 20260705002500
  -31.5192  -68.8178 
  PUNTA_NEGRA                                SURFACE                                    
  SYNOP             PUNTA_NEGRA            800  F     F       1
 -888888.000 -888888.000 -888888.000 -888888.000     800.000       0.000     276.750       0.000       0.000     129.000       0.000     129.000      74.000       0.000   92160.000       0.000 -888888.000 -888888.000
 20260705002500
  -31.6500  -68.3000 
  ECOHUMUS                                   SURFACE                                    
  SYNOP             ECOHUMUS               600  F     F       1
 -888888.000 -888888.000 -888888.000 -888888.000     600.000       0.000     276.350       0.000       0.000     129.000       0.000     129.000      84.000       0.000   95490.000       0.000 -888888.000 -888888.000
 20260705003000
  -31.6500  -68.5833 
  INTA_POCITO                                SURFACE                                    
  SYNOP             INTA_POCITO            615  F     F       1
 -888888.000 -888888.000 -888888.000 -888888.000     615.000       0.000     274.150       0.000      -0.000     129.000       0.000     129.000      86.000       0.000   94660.000       0.000 -888888.000 -888888.000
 20260705003000
  -31.4667  -68.6667 
  ULLUM_EMBALSE                              SURFACE                                    
  SYNOP             ULLUM_EMBALSE          768  F     F       1
 -888888.000 -888888.000 -888888.000 -888888.000     768.000       0.000     277.050       0.000      -1.960     129.000       7.859     129.000      76.000       0.000   92960.000       0.000 -888888.000 -888888.000
 20260705003000
  -31.5192  -68.8178 
  PUNTA_NEGRA                                SURFACE                                    
  SYNOP             PUNTA_NEGRA            800  F     F       1
 -888888.000 -888888.000 -888888.000 -888888.000     800.000       0.000     276.750       0.000       0.000     129.000       0.000     129.000      74.000       0.000   92160.000       0.000 -888888.000 -888888.000
 20260705003000
  -31.6500  -68.3000 
  ECOHUMUS                                   SURFACE                                    
  SYNOP             ECOHUMUS               600  F     F       1
 -888888.000 -888888.000 -888888.000 -888888.000     600.000       0.000     276.250       0.000       0.000     129.000       0.000     129.000      84.000       0.000   95490.000       0.000 -888888.000 -888888.000
 20260705003500
  -31.6500  -68.5833 
  INTA_POCITO                                SURFACE                                    
  SYNOP             INTA_POCITO            615  F     F       1
 -888888.000 -888888.000 -888888.000 -888888.000     615.000       0.000     273.750       0.000      -0.000     129.000       0.000     129.000      86.000       0.000   94670.000       0.000 -888888.000 -888888.000
 20260705003500
  -31.4667  -68.6667 
  ULLUM_EMBALSE                              SURFACE                                    
  SYNOP             ULLUM_EMBALSE          768  F     F       1
 -888888.000 -888888.000 -888888.000 -888888.000     768.000       0.000     277.050       0.000      -1.216     129.000       6.894     129.000      76.000       0.000   92960.000       0.000 -888888.000 -888888.000
 20260705003500
  -31.5192  -68.8178 
  PUNTA_NEGRA                                SURFACE                                    
  SYNOP             PUNTA_NEGRA            800  F     F       1
 -888888.000 -888888.000 -888888.000 -888888.000     800.000       0.000     276.750       0.000       0.000     129.000       0.000     129.000      74.000       0.000   92150.000       0.000 -888888.000 -888888.000
 20260705003500
  -31.6500  -68.3000 
  ECOHUMUS                                   SURFACE                                    
  SYNOP             ECOHUMUS               600  F     F       1
 -888888.000 -888888.000 -888888.000 -888888.000     600.000       0.000     276.250       0.000       0.000     129.000       0.000     129.000      85.000       0.000   95490.000       0.000 -888888.000 -888888.000
 20260705004000
  -31.6500  -68.5833 
  INTA_POCITO                                SURFACE                                    
  SYNOP             INTA_POCITO            615  F     F       1
 -888888.000 -888888.000 -888888.000 -888888.000     615.000       0.000     273.650       0.000      -0.000     129.000       0.000     129.000      86.000       0.000   94670.000       0.000 -888888.000 -888888.000
 20260705004000
  -31.4667  -68.6667 
  ULLUM_EMBALSE                              SURFACE                                    
  SYNOP             ULLUM_EMBALSE          768  F     F       1
 -888888.000 -888888.000 -888888.000 -888888.000     768.000       0.000     277.050       0.000      -0.938     129.000       7.643     129.000      76.000       0.000   92950.000       0.000 -888888.000 -888888.000
 20260705004000
  -31.5192  -68.8178 
  PUNTA_NEGRA                                SURFACE                                    
  SYNOP             PUNTA_NEGRA            800  F     F       1
 -888888.000 -888888.000 -888888.000 -888888.000     800.000       0.000     276.750       0.000      -0.278     129.000      -0.112     129.000      75.000       0.000   92150.000       0.000 -888888.000 -888888.000
 20260705004000
  -31.6500  -68.3000 
  ECOHUMUS                                   SURFACE                                    
  SYNOP             ECOHUMUS               600  F     F       1
 -888888.000 -888888.000 -888888.000 -888888.000     600.000       0.000     276.150       0.000       0.000     129.000       0.000     129.000      85.000       0.000   95490.000       0.000 -888888.000 -888888.000
 20260705004500
  -31.6500  -68.5833 
  INTA_POCITO                                SURFACE                                    
  SYNOP             INTA_POCITO            615  F     F       1
 -888888.000 -888888.000 -888888.000 -888888.000     615.000       0.000     274.050       0.000      -0.000     129.000       0.000     129.000      86.000       0.000   94670.000       0.000 -888888.000 -888888.000
 20260705004500
  -31.4667  -68.6667 
  ULLUM_EMBALSE                              SURFACE                                    
  SYNOP             ULLUM_EMBALSE          768  F     F       1
 -888888.000 -888888.000 -888888.000 -888888.000     768.000       0.000     277.050       0.000      -0.453     129.000       6.484     129.000      76.000       0.000   92950.000       0.000 -888888.000 -888888.000
 20260705004500
  -31.5192  -68.8178 
  PUNTA_NEGRA                                SURFACE                                    
  SYNOP             PUNTA_NEGRA            800  F     F       1
 -888888.000 -888888.000 -888888.000 -888888.000     800.000       0.000     276.750       0.000      -0.388     129.000      -0.097     129.000      75.000       0.000   92150.000       0.000 -888888.000 -888888.000
 20260705004500
  -31.6500  -68.3000 
  ECOHUMUS                                   SURFACE                                    
  SYNOP             ECOHUMUS               600  F     F       1
 -888888.000 -888888.000 -888888.000 -888888.000     600.000       0.000     276.150       0.000       0.000     129.000       0.000     129.000      85.000       0.000   95480.000       0.000 -888888.000 -888888.000
 20260705005000
  -31.6500  -68.5833 
  INTA_POCITO                                SURFACE                                    
  SYNOP             INTA_POCITO            615  F     F       1
 -888888.000 -888888.000 -888888.000 -888888.000     615.000       0.000     274.450       0.000      -0.000     129.000       0.000     129.000      87.000       0.000   94670.000       0.000 -888888.000 -888888.000
 20260705005000
  -31.4667  -68.6667 
  ULLUM_EMBALSE                              SURFACE                                    
  SYNOP             ULLUM_EMBALSE          768  F     F       1
 -888888.000 -888888.000 -888888.000 -888888.000     768.000       0.000     276.950       0.000      -0.774     129.000       7.359     129.000      77.000       0.000   92940.000       0.000 -888888.000 -888888.000
 20260705005000
  -31.5192  -68.8178 
  PUNTA_NEGRA                                SURFACE                                    
  SYNOP             PUNTA_NEGRA            800  F     F       1
 -888888.000 -888888.000 -888888.000 -888888.000     800.000       0.000     276.750       0.000       0.000     129.000       0.000     129.000      75.000       0.000   92130.000       0.000 -888888.000 -888888.000
 20260705005000
  -31.6500  -68.3000 
  ECOHUMUS                                   SURFACE                                    
  SYNOP             ECOHUMUS               600  F     F       1
 -888888.000 -888888.000 -888888.000 -888888.000     600.000       0.000     276.050       0.000       0.000     129.000       0.000     129.000      85.000       0.000   95500.000       0.000 -888888.000 -888888.000
 20260705005500
  -31.6500  -68.5833 
  INTA_POCITO                                SURFACE                                    
  SYNOP             INTA_POCITO            615  F     F       1
 -888888.000 -888888.000 -888888.000 -888888.000     615.000       0.000     274.450       0.000      -0.000     129.000       0.000     129.000      87.000       0.000   94650.000       0.000 -888888.000 -888888.000
 20260705005500
  -31.4667  -68.6667 
  ULLUM_EMBALSE                              SURFACE                                    
  SYNOP             ULLUM_EMBALSE          768  F     F       1
 -888888.000 -888888.000 -888888.000 -888888.000     768.000       0.000     276.950       0.000       0.288     129.000       5.492     129.000      77.000       0.000   92950.000       0.000 -888888.000 -888888.000
 20260705005500
  -31.5192  -68.8178 
  PUNTA_NEGRA                                SURFACE                                    
  SYNOP             PUNTA_NEGRA            800  F     F       1
 -888888.000 -888888.000 -888888.000 -888888.000     800.000       0.000     276.650       0.000      -0.069     129.000       0.072     129.000      75.000       0.000   92140.000       0.000 -888888.000 -888888.000
 20260705005500
  -31.6500  -68.3000 
  ECOHUMUS                                   SURFACE                                    
  SYNOP             ECOHUMUS               600  F     F       1
 -888888.000 -888888.000 -888888.000 -888888.000     600.000       0.000     276.250       0.000       0.083     129.000       0.391     129.000      86.000       0.000   95480.000       0.000 -888888.000 -888888.000
 20260705010000
  -31.6500  -68.5833 
  INTA_POCITO                                SURFACE                                    
  SYNOP             INTA_POCITO            615  F     F       1
 -888888.000 -888888.000 -888888.000 -888888.000     615.000       0.000     274.250       0.000      -0.000     129.000       0.000     129.000      87.000       0.000   94660.000       0.000 -888888.000 -888888.000
 20260705010000
  -31.4667  -68.6667 
  ULLUM_EMBALSE                              SURFACE                                    
  SYNOP             ULLUM_EMBALSE          768  F     F       1
 -888888.000 -888888.000 -888888.000 -888888.000     768.000       0.000     276.950       0.000      -0.089     129.000       5.099     129.000      77.000       0.000   92960.000       0.000 -888888.000 -888888.000
 20260705010000
  -31.5192  -68.8178 
  PUNTA_NEGRA                                SURFACE                                    
  SYNOP             PUNTA_NEGRA            800  F     F       1
 -888888.000 -888888.000 -888888.000 -888888.000     800.000       0.000     276.650       0.000       0.000     129.000       0.000     129.000      75.000       0.000   92170.000       0.000 -888888.000 -888888.000
 20260705010000
  -31.6500  -68.3000 
  ECOHUMUS                                   SURFACE                                    
  SYNOP             ECOHUMUS               600  F     F       1
 -888888.000 -888888.000 -888888.000 -888888.000     600.000       0.000     276.450       0.000       0.293     129.000       0.851     129.000      85.000       0.000   95480.000       0.000 -888888.000 -888888.000
 20260705010500
  -31.6500  -68.5833 
  INTA_POCITO                                SURFACE                                    
  SYNOP             INTA_POCITO            615  F     F       1
 -888888.000 -888888.000 -888888.000 -888888.000     615.000       0.000     273.950       0.000      -0.000     129.000       0.000     129.000      87.000       0.000   94660.000       0.000 -888888.000 -888888.000
 20260705010500
  -31.4667  -68.6667 
  ULLUM_EMBALSE                              SURFACE                                    
  SYNOP             ULLUM_EMBALSE          768  F     F       1
 -888888.000 -888888.000 -888888.000 -888888.000     768.000       0.000     276.950       0.000       0.202     129.000       5.796     129.000      78.000       0.000   92940.000       0.000 -888888.000 -888888.000
 20260705010500
  -31.5192  -68.8178 
  PUNTA_NEGRA                                SURFACE                                    
  SYNOP             PUNTA_NEGRA            800  F     F       1
 -888888.000 -888888.000 -888888.000 -888888.000     800.000       0.000     276.650       0.000       0.000     129.000       0.000     129.000      75.000       0.000   92160.000       0.000 -888888.000 -888888.000
 20260705010500
  -31.6500  -68.3000 
  ECOHUMUS                                   SURFACE                                    
  SYNOP             ECOHUMUS               600  F     F       1
 -888888.000 -888888.000 -888888.000 -888888.000     600.000       0.000     276.350       0.000       0.163     129.000       0.252     129.000      85.000       0.000   95480.000       0.000 -888888.000 -888888.000
 20260705011000
  -31.6500  -68.5833 
  INTA_POCITO                                SURFACE                                    
  SYNOP             INTA_POCITO            615  F     F       1
 -888888.000 -888888.000 -888888.000 -888888.000     615.000       0.000     273.750       0.000      -0.000     129.000       0.000     129.000      87.000       0.000   94660.000       0.000 -888888.000 -888888.000
 20260705011000
  -31.4667  -68.6667 
  ULLUM_EMBALSE                              SURFACE                                    
  SYNOP             ULLUM_EMBALSE          768  F     F       1
 -888888.000 -888888.000 -888888.000 -888888.000     768.000       0.000     276.950       0.000       0.383     129.000       4.383     129.000      78.000       0.000   92960.000       0.000 -888888.000 -888888.000
 20260705011000
  -31.5192  -68.8178 
  PUNTA_NEGRA                                SURFACE                                    
  SYNOP             PUNTA_NEGRA            800  F     F       1
 -888888.000 -888888.000 -888888.000 -888888.000     800.000       0.000     276.650       0.000       0.000     129.000       0.000     129.000      75.000       0.000   92170.000       0.000 -888888.000 -888888.000
 20260705011000
  -31.6500  -68.3000 
  ECOHUMUS                                   SURFACE                                    
  SYNOP             ECOHUMUS               600  F     F       1
 -888888.000 -888888.000 -888888.000 -888888.000     600.000       0.000     276.150       0.000      -0.000     129.000       0.000     129.000      85.000       0.000   95480.000       0.000 -888888.000 -888888.000
 20260705011500
  -31.6500  -68.5833 
  INTA_POCITO                                SURFACE                                    
  SYNOP             INTA_POCITO            615  F     F       1
 -888888.000 -888888.000 -888888.000 -888888.000     615.000       0.000     273.950       0.000      -0.000     129.000       0.000     129.000      87.000       0.000   94670.000       0.000 -888888.000 -888888.000
 20260705011500
  -31.4667  -68.6667 
  ULLUM_EMBALSE                              SURFACE                                    
  SYNOP             ULLUM_EMBALSE          768  F     F       1
 -888888.000 -888888.000 -888888.000 -888888.000     768.000       0.000     276.850       0.000       0.258     129.000       3.691     129.000      78.000       0.000   92960.000       0.000 -888888.000 -888888.000
 20260705011500
  -31.5192  -68.8178 
  PUNTA_NEGRA                                SURFACE                                    
  SYNOP             PUNTA_NEGRA            800  F     F       1
 -888888.000 -888888.000 -888888.000 -888888.000     800.000       0.000     276.650       0.000       0.000     129.000       0.000     129.000      75.000       0.000   92170.000       0.000 -888888.000 -888888.000
 20260705011500
  -31.6500  -68.3000 
  ECOHUMUS                                   SURFACE                                    
  SYNOP             ECOHUMUS               600  F     F       1
 -888888.000 -888888.000 -888888.000 -888888.000     600.000       0.000     276.050       0.000       0.000     129.000       0.000     129.000      85.000       0.000   95480.000       0.000 -888888.000 -888888.000
 20260705012000
  -31.6500  -68.5833 
  INTA_POCITO                                SURFACE                                    
  SYNOP             INTA_POCITO            615  F     F       1
 -888888.000 -888888.000 -888888.000 -888888.000     615.000       0.000     274.350       0.000      -0.000     129.000       0.000     129.000      87.000       0.000   94660.000       0.000 -888888.000 -888888.000
 20260705012000
  -31.4667  -68.6667 
  ULLUM_EMBALSE                              SURFACE                                    
  SYNOP             ULLUM_EMBALSE          768  F     F       1
 -888888.000 -888888.000 -888888.000 -888888.000     768.000       0.000     276.850       0.000       0.237     129.000       3.392     129.000      78.000       0.000   92980.000       0.000 -888888.000 -888888.000
 20260705012000
  -31.5192  -68.8178 
  PUNTA_NEGRA                                SURFACE                                    
  SYNOP             PUNTA_NEGRA            800  F     F       1
 -888888.000 -888888.000 -888888.000 -888888.000     800.000       0.000     276.650       0.000       0.000     129.000       0.000     129.000      75.000       0.000   92160.000       0.000 -888888.000 -888888.000
 20260705012000
  -31.6500  -68.3000 
  ECOHUMUS                                   SURFACE                                    
  SYNOP             ECOHUMUS               600  F     F       1
 -888888.000 -888888.000 -888888.000 -888888.000     600.000       0.000     275.850       0.000       0.000     129.000       0.000     129.000      85.000       0.000   95490.000       0.000 -888888.000 -888888.000
 20260705012500
  -31.6500  -68.5833 
  INTA_POCITO                                SURFACE                                    
  SYNOP             INTA_POCITO            615  F     F       1
 -888888.000 -888888.000 -888888.000 -888888.000     615.000       0.000     273.750       0.000      -0.000     129.000       0.000     129.000      87.000       0.000   94670.000       0.000 -888888.000 -888888.000
 20260705012500
  -31.4667  -68.6667 
  ULLUM_EMBALSE                              SURFACE                                    
  SYNOP             ULLUM_EMBALSE          768  F     F       1
 -888888.000 -888888.000 -888888.000 -888888.000     768.000       0.000     276.850       0.000       0.335     129.000       4.788     129.000      79.000       0.000   92970.000       0.000 -888888.000 -888888.000
 20260705012500
  -31.5192  -68.8178 
  PUNTA_NEGRA                                SURFACE                                    
  SYNOP             PUNTA_NEGRA            800  F     F       1
 -888888.000 -888888.000 -888888.000 -888888.000     800.000       0.000     276.650       0.000       0.000     129.000       0.000     129.000      75.000       0.000   92170.000       0.000 -888888.000 -888888.000
 20260705012500
  -31.6500  -68.3000 
  ECOHUMUS                                   SURFACE                                    
  SYNOP             ECOHUMUS               600  F     F       1
 -888888.000 -888888.000 -888888.000 -888888.000     600.000       0.000     275.850       0.000       0.052     129.000       0.497     129.000      85.000       0.000   95480.000       0.000 -888888.000 -888888.000
 20260705013000
  -31.6500  -68.5833 
  INTA_POCITO                                SURFACE                                    
  SYNOP             INTA_POCITO            615  F     F       1
 -888888.000 -888888.000 -888888.000 -888888.000     615.000       0.000     273.650       0.000      -0.000     129.000       0.000     129.000      87.000       0.000   94670.000       0.000 -888888.000 -888888.000
 20260705013000
  -31.4667  -68.6667 
  ULLUM_EMBALSE                              SURFACE                                    
  SYNOP             ULLUM_EMBALSE          768  F     F       1
 -888888.000 -888888.000 -888888.000 -888888.000     768.000       0.000     276.850       0.000       0.000     129.000       0.000     129.000      79.000       0.000   92980.000       0.000 -888888.000 -888888.000
 20260705013000
  -31.5192  -68.8178 
  PUNTA_NEGRA                                SURFACE                                    
  SYNOP             PUNTA_NEGRA            800  F     F       1
 -888888.000 -888888.000 -888888.000 -888888.000     800.000       0.000     276.650       0.000       0.000     129.000       0.000     129.000      75.000       0.000   92180.000       0.000 -888888.000 -888888.000
 20260705013000
  -31.6500  -68.3000 
  ECOHUMUS                                   SURFACE                                    
  SYNOP             ECOHUMUS               600  F     F       1
 -888888.000 -888888.000 -888888.000 -888888.000     600.000       0.000     275.650       0.000       0.000     129.000       0.000     129.000      86.000       0.000   95490.000       0.000 -888888.000 -888888.000
 20260705013500
  -31.6500  -68.5833 
  INTA_POCITO                                SURFACE                                    
  SYNOP             INTA_POCITO            615  F     F       1
 -888888.000 -888888.000 -888888.000 -888888.000     615.000       0.000     273.650       0.000      -0.000     129.000       0.000     129.000      87.000       0.000   94660.000       0.000 -888888.000 -888888.000
 20260705013500
  -31.4667  -68.6667 
  ULLUM_EMBALSE                              SURFACE                                    
  SYNOP             ULLUM_EMBALSE          768  F     F       1
 -888888.000 -888888.000 -888888.000 -888888.000     768.000       0.000     276.850       0.000       0.070     129.000       0.797     129.000      79.000       0.000   92970.000       0.000 -888888.000 -888888.000
 20260705013500
  -31.5192  -68.8178 
  PUNTA_NEGRA                                SURFACE                                    
  SYNOP             PUNTA_NEGRA            800  F     F       1
 -888888.000 -888888.000 -888888.000 -888888.000     800.000       0.000     276.650       0.000       0.000     129.000       0.000     129.000      75.000       0.000   92160.000       0.000 -888888.000 -888888.000
 20260705013500
  -31.6500  -68.3000 
  ECOHUMUS                                   SURFACE                                    
  SYNOP             ECOHUMUS               600  F     F       1
 -888888.000 -888888.000 -888888.000 -888888.000     600.000       0.000     275.650       0.000       0.054     129.000       0.084     129.000      87.000       0.000   95480.000       0.000 -888888.000 -888888.000
 20260705014000
  -31.6500  -68.5833 
  INTA_POCITO                                SURFACE                                    
  SYNOP             INTA_POCITO            615  F     F       1
 -888888.000 -888888.000 -888888.000 -888888.000     615.000       0.000     274.150       0.000      -0.000     129.000       0.000     129.000      88.000       0.000   94650.000       0.000 -888888.000 -888888.000
 20260705014000
  -31.4667  -68.6667 
  ULLUM_EMBALSE                              SURFACE                                    
  SYNOP             ULLUM_EMBALSE          768  F     F       1
 -888888.000 -888888.000 -888888.000 -888888.000     768.000       0.000     276.850       0.000       0.061     129.000       0.697     129.000      79.000       0.000   92960.000       0.000 -888888.000 -888888.000
 20260705014000
  -31.5192  -68.8178 
  PUNTA_NEGRA                                SURFACE                                    
  SYNOP             PUNTA_NEGRA            800  F     F       1
 -888888.000 -888888.000 -888888.000 -888888.000     800.000       0.000     276.650       0.000       0.000     129.000       0.000     129.000      75.000       0.000   92150.000       0.000 -888888.000 -888888.000
 20260705014000
  -31.6500  -68.3000 
  ECOHUMUS                                   SURFACE                                    
  SYNOP             ECOHUMUS               600  F     F       1
 -888888.000 -888888.000 -888888.000 -888888.000     600.000       0.000     275.250       0.000       0.218     129.000       0.335     129.000      87.000       0.000   95490.000       0.000 -888888.000 -888888.000
 20260705014500
  -31.6500  -68.5833 
  INTA_POCITO                                SURFACE                                    
  SYNOP             INTA_POCITO            615  F     F       1
 -888888.000 -888888.000 -888888.000 -888888.000     615.000       0.000     274.350       0.000      -0.000     129.000       0.000     129.000      88.000       0.000   94670.000       0.000 -888888.000 -888888.000
 20260705014500
  -31.4667  -68.6667 
  ULLUM_EMBALSE                              SURFACE                                    
  SYNOP             ULLUM_EMBALSE          768  F     F       1
 -888888.000 -888888.000 -888888.000 -888888.000     768.000       0.000     276.750       0.000       0.000     129.000       0.000     129.000      79.000       0.000   92960.000       0.000 -888888.000 -888888.000
 20260705014500
  -31.5192  -68.8178 
  PUNTA_NEGRA                                SURFACE                                    
  SYNOP             PUNTA_NEGRA            800  F     F       1
 -888888.000 -888888.000 -888888.000 -888888.000     800.000       0.000     276.550       0.000       0.000     129.000       0.000     129.000      76.000       0.000   92160.000       0.000 -888888.000 -888888.000
 20260705014500
  -31.6500  -68.3000 
  ECOHUMUS                                   SURFACE                                    
  SYNOP             ECOHUMUS               600  F     F       1
 -888888.000 -888888.000 -888888.000 -888888.000     600.000       0.000     275.050       0.000       0.000     129.000       0.000     129.000      87.000       0.000   95480.000       0.000 -888888.000 -888888.000
 20260705015000
  -31.6500  -68.5833 
  INTA_POCITO                                SURFACE                                    
  SYNOP             INTA_POCITO            615  F     F       1
 -888888.000 -888888.000 -888888.000 -888888.000     615.000       0.000     274.150       0.000      -0.000     129.000       0.000     129.000      88.000       0.000   94660.000       0.000 -888888.000 -888888.000
 20260705015000
  -31.4667  -68.6667 
  ULLUM_EMBALSE                              SURFACE                                    
  SYNOP             ULLUM_EMBALSE          768  F     F       1
 -888888.000 -888888.000 -888888.000 -888888.000     768.000       0.000     276.750       0.000       0.000     129.000       0.000     129.000      79.000       0.000   92950.000       0.000 -888888.000 -888888.000
 20260705015000
  -31.5192  -68.8178 
  PUNTA_NEGRA                                SURFACE                                    
  SYNOP             PUNTA_NEGRA            800  F     F       1
 -888888.000 -888888.000 -888888.000 -888888.000     800.000       0.000     276.550       0.000       0.000     129.000       0.000     129.000      76.000       0.000   92140.000       0.000 -888888.000 -888888.000
 20260705015000
  -31.6500  -68.3000 
  ECOHUMUS                                   SURFACE                                    
  SYNOP             ECOHUMUS               600  F     F       1
 -888888.000 -888888.000 -888888.000 -888888.000     600.000       0.000     274.550       0.000       0.000     129.000       0.000     129.000      87.000       0.000   95490.000       0.000 -888888.000 -888888.000
 20260705015500
  -31.6500  -68.5833 
  INTA_POCITO                                SURFACE                                    
  SYNOP             INTA_POCITO            615  F     F       1
 -888888.000 -888888.000 -888888.000 -888888.000     615.000       0.000     274.150       0.000      -0.000     129.000       0.000     129.000      88.000       0.000   94640.000       0.000 -888888.000 -888888.000
 20260705015500
  -31.4667  -68.6667 
  ULLUM_EMBALSE                              SURFACE                                    
  SYNOP             ULLUM_EMBALSE          768  F     F       1
 -888888.000 -888888.000 -888888.000 -888888.000     768.000       0.000     276.750       0.000       0.009     129.000       0.100     129.000      79.000       0.000   92950.000       0.000 -888888.000 -888888.000
 20260705015500
  -31.5192  -68.8178 
  PUNTA_NEGRA                                SURFACE                                    
  SYNOP             PUNTA_NEGRA            800  F     F       1
 -888888.000 -888888.000 -888888.000 -888888.000     800.000       0.000     276.450       0.000       0.000     129.000       0.000     129.000      76.000       0.000   92140.000       0.000 -888888.000 -888888.000
 20260705015500
  -31.6500  -68.3000 
  ECOHUMUS                                   SURFACE                                    
  SYNOP             ECOHUMUS               600  F     F       1
 -888888.000 -888888.000 -888888.000 -888888.000     600.000       0.000     274.050       0.000       0.000     129.000       0.000     129.000      88.000       0.000   95480.000       0.000 -888888.000 -888888.000
 20260705020000
  -31.6500  -68.5833 
  INTA_POCITO                                SURFACE                                    
  SYNOP             INTA_POCITO            615  F     F       1
 -888888.000 -888888.000 -888888.000 -888888.000     615.000       0.000     273.650       0.000      -0.000     129.000       0.000     129.000      88.000       0.000   94650.000       0.000 -888888.000 -888888.000
 20260705020000
  -31.4667  -68.6667 
  ULLUM_EMBALSE                              SURFACE                                    
  SYNOP             ULLUM_EMBALSE          768  F     F       1
 -888888.000 -888888.000 -888888.000 -888888.000     768.000       0.000     276.650       0.000       0.147     129.000       2.796     129.000      78.000       0.000   92960.000       0.000 -888888.000 -888888.000
 20260705020000
  -31.5192  -68.8178 
  PUNTA_NEGRA                                SURFACE                                    
  SYNOP             PUNTA_NEGRA            800  F     F       1
 -888888.000 -888888.000 -888888.000 -888888.000     800.000       0.000     276.350       0.000       0.000     129.000       0.000     129.000      76.000       0.000   92150.000       0.000 -888888.000 -888888.000
 20260705020000
  -31.6500  -68.3000 
  ECOHUMUS                                   SURFACE                                    
  SYNOP             ECOHUMUS               600  F     F       1
 -888888.000 -888888.000 -888888.000 -888888.000     600.000       0.000     273.750       0.000       0.000     129.000       0.000     129.000      88.000       0.000   95490.000       0.000 -888888.000 -888888.000
 20260705020500
  -31.6500  -68.5833 
  INTA_POCITO                                SURFACE                                    
  SYNOP             INTA_POCITO            615  F     F       1
 -888888.000 -888888.000 -888888.000 -888888.000     615.000       0.000     273.350       0.000      -0.000     129.000       0.000     129.000      88.000       0.000   94660.000       0.000 -888888.000 -888888.000
 20260705020500
  -31.4667  -68.6667 
  ULLUM_EMBALSE                              SURFACE                                    
  SYNOP             ULLUM_EMBALSE          768  F     F       1
 -888888.000 -888888.000 -888888.000 -888888.000     768.000       0.000     276.650       0.000      -0.243     129.000       1.379     129.000      78.000       0.000   92950.000       0.000 -888888.000 -888888.000
 20260705020500
  -31.5192  -68.8178 
  PUNTA_NEGRA                                SURFACE                                    
  SYNOP             PUNTA_NEGRA            800  F     F       1
 -888888.000 -888888.000 -888888.000 -888888.000     800.000       0.000     276.350       0.000       0.000     129.000       0.000     129.000      76.000       0.000   92140.000       0.000 -888888.000 -888888.000
 20260705020500
  -31.6500  -68.3000 
  ECOHUMUS                                   SURFACE                                    
  SYNOP             ECOHUMUS               600  F     F       1
 -888888.000 -888888.000 -888888.000 -888888.000     600.000       0.000     273.450       0.000       0.000     129.000       0.000     129.000      88.000       0.000   95470.000       0.000 -888888.000 -888888.000
 20260705021000
  -31.6500  -68.5833 
  INTA_POCITO                                SURFACE                                    
  SYNOP             INTA_POCITO            615  F     F       1
 -888888.000 -888888.000 -888888.000 -888888.000     615.000       0.000     273.150       0.000      -0.000     129.000       0.000     129.000      88.000       0.000   94650.000       0.000 -888888.000 -888888.000
 20260705021000
  -31.4667  -68.6667 
  ULLUM_EMBALSE                              SURFACE                                    
  SYNOP             ULLUM_EMBALSE          768  F     F       1
 -888888.000 -888888.000 -888888.000 -888888.000     768.000       0.000     276.650       0.000      -0.069     129.000       0.394     129.000      78.000       0.000   92960.000       0.000 -888888.000 -888888.000
 20260705021000
  -31.5192  -68.8178 
  PUNTA_NEGRA                                SURFACE                                    
  SYNOP             PUNTA_NEGRA            800  F     F       1
 -888888.000 -888888.000 -888888.000 -888888.000     800.000       0.000     276.050       0.000       0.000     129.000       0.000     129.000      76.000       0.000   92150.000       0.000 -888888.000 -888888.000
 20260705021000
  -31.6500  -68.3000 
  ECOHUMUS                                   SURFACE                                    
  SYNOP             ECOHUMUS               600  F     F       1
 -888888.000 -888888.000 -888888.000 -888888.000     600.000       0.000     273.550       0.000       0.012     129.000       0.099     129.000      89.000       0.000   95480.000       0.000 -888888.000 -888888.000
 20260705021500
  -31.6500  -68.5833 
  INTA_POCITO                                SURFACE                                    
  SYNOP             INTA_POCITO            615  F     F       1
 -888888.000 -888888.000 -888888.000 -888888.000     615.000       0.000     273.150       0.000      -0.000     129.000       0.000     129.000      88.000       0.000   94660.000       0.000 -888888.000 -888888.000
 20260705021500
  -31.4667  -68.6667 
  ULLUM_EMBALSE                              SURFACE                                    
  SYNOP             ULLUM_EMBALSE          768  F     F       1
 -888888.000 -888888.000 -888888.000 -888888.000     768.000       0.000     276.550       0.000      -0.000     129.000       0.000     129.000      78.000       0.000   92950.000       0.000 -888888.000 -888888.000
 20260705021500
  -31.5192  -68.8178 
  PUNTA_NEGRA                                SURFACE                                    
  SYNOP             PUNTA_NEGRA            800  F     F       1
 -888888.000 -888888.000 -888888.000 -888888.000     800.000       0.000     275.850       0.000       0.000     129.000       0.000     129.000      78.000       0.000   92150.000       0.000 -888888.000 -888888.000
 20260705021500
  -31.6500  -68.3000 
  ECOHUMUS                                   SURFACE                                    
  SYNOP             ECOHUMUS               600  F     F       1
 -888888.000 -888888.000 -888888.000 -888888.000     600.000       0.000     273.250       0.000       0.000     129.000       0.000     129.000      89.000       0.000   95480.000       0.000 -888888.000 -888888.000
 20260705022000
  -31.6500  -68.5833 
  INTA_POCITO                                SURFACE                                    
  SYNOP             INTA_POCITO            615  F     F       1
 -888888.000 -888888.000 -888888.000 -888888.000     615.000       0.000     273.150       0.000      -0.000     129.000       0.000     129.000      88.000       0.000   94650.000       0.000 -888888.000 -888888.000
 20260705022000
  -31.4667  -68.6667 
  ULLUM_EMBALSE                              SURFACE                                    
  SYNOP             ULLUM_EMBALSE          768  F     F       1
 -888888.000 -888888.000 -888888.000 -888888.000     768.000       0.000     276.350       0.000      -0.000     129.000       0.000     129.000      78.000       0.000   92950.000       0.000 -888888.000 -888888.000
 20260705022000
  -31.5192  -68.8178 
  PUNTA_NEGRA                                SURFACE                                    
  SYNOP             PUNTA_NEGRA            800  F     F       1
 -888888.000 -888888.000 -888888.000 -888888.000     800.000       0.000     275.650       0.000       0.000     129.000       0.000     129.000      79.000       0.000   92140.000       0.000 -888888.000 -888888.000
 20260705022000
  -31.6500  -68.3000 
  ECOHUMUS                                   SURFACE                                    
  SYNOP             ECOHUMUS               600  F     F       1
 -888888.000 -888888.000 -888888.000 -888888.000     600.000       0.000     273.050       0.000       0.000     129.000       0.000     129.000      89.000       0.000   95480.000       0.000 -888888.000 -888888.000
 20260705022500
  -31.6500  -68.5833 
  INTA_POCITO                                SURFACE                                    
  SYNOP             INTA_POCITO            615  F     F       1
 -888888.000 -888888.000 -888888.000 -888888.000     615.000       0.000     273.150       0.000      -0.000     129.000       0.000     129.000      88.000       0.000   94650.000       0.000 -888888.000 -888888.000
 20260705022500
  -31.4667  -68.6667 
  ULLUM_EMBALSE                              SURFACE                                    
  SYNOP             ULLUM_EMBALSE          768  F     F       1
 -888888.000 -888888.000 -888888.000 -888888.000     768.000       0.000     276.150       0.000      -0.087     129.000       0.492     129.000      79.000       0.000   92950.000       0.000 -888888.000 -888888.000
 20260705022500
  -31.5192  -68.8178 
  PUNTA_NEGRA                                SURFACE                                    
  SYNOP             PUNTA_NEGRA            800  F     F       1
 -888888.000 -888888.000 -888888.000 -888888.000     800.000       0.000     275.450       0.000       0.000     129.000       0.000     129.000      80.000       0.000   92140.000       0.000 -888888.000 -888888.000
 20260705022500
  -31.6500  -68.3000 
  ECOHUMUS                                   SURFACE                                    
  SYNOP             ECOHUMUS               600  F     F       1
 -888888.000 -888888.000 -888888.000 -888888.000     600.000       0.000     272.550       0.000       0.109     129.000       0.168     129.000      89.000       0.000   95490.000       0.000 -888888.000 -888888.000
 20260705023000
  -31.6500  -68.5833 
  INTA_POCITO                                SURFACE                                    
  SYNOP             INTA_POCITO            615  F     F       1
 -888888.000 -888888.000 -888888.000 -888888.000     615.000       0.000     273.250       0.000      -0.000     129.000       0.000     129.000      88.000       0.000   94660.000       0.000 -888888.000 -888888.000
 20260705023000
  -31.4667  -68.6667 
  ULLUM_EMBALSE                              SURFACE                                    
  SYNOP             ULLUM_EMBALSE          768  F     F       1
 -888888.000 -888888.000 -888888.000 -888888.000     768.000       0.000     276.350       0.000      -0.504     129.000       2.856     129.000      79.000       0.000   92940.000       0.000 -888888.000 -888888.000
 20260705023000
  -31.5192  -68.8178 
  PUNTA_NEGRA                                SURFACE                                    
  SYNOP             PUNTA_NEGRA            800  F     F       1
 -888888.000 -888888.000 -888888.000 -888888.000     800.000       0.000     275.450       0.000       0.000     129.000       0.000     129.000      80.000       0.000   92140.000       0.000 -888888.000 -888888.000
 20260705023000
  -31.6500  -68.3000 
  ECOHUMUS                                   SURFACE                                    
  SYNOP             ECOHUMUS               600  F     F       1
 -888888.000 -888888.000 -888888.000 -888888.000     600.000       0.000     272.450       0.000       0.272     129.000       0.419     129.000      90.000       0.000   95460.000       0.000 -888888.000 -888888.000
 20260705023500
  -31.6500  -68.5833 
  INTA_POCITO                                SURFACE                                    
  SYNOP             INTA_POCITO            615  F     F       1
 -888888.000 -888888.000 -888888.000 -888888.000     615.000       0.000     272.750       0.000      -0.000     129.000       0.000     129.000      88.000       0.000   94640.000       0.000 -888888.000 -888888.000
 20260705023500
  -31.4667  -68.6667 
  ULLUM_EMBALSE                              SURFACE                                    
  SYNOP             ULLUM_EMBALSE          768  F     F       1
 -888888.000 -888888.000 -888888.000 -888888.000     768.000       0.000     276.350       0.000      -0.469     129.000       2.659     129.000      79.000       0.000   92940.000       0.000 -888888.000 -888888.000
 20260705023500
  -31.5192  -68.8178 
  PUNTA_NEGRA                                SURFACE                                    
  SYNOP             PUNTA_NEGRA            800  F     F       1
 -888888.000 -888888.000 -888888.000 -888888.000     800.000       0.000     275.350       0.000       0.288     129.000       0.278     129.000      80.000       0.000   92140.000       0.000 -888888.000 -888888.000
 20260705023500
  -31.6500  -68.3000 
  ECOHUMUS                                   SURFACE                                    
  SYNOP             ECOHUMUS               600  F     F       1
 -888888.000 -888888.000 -888888.000 -888888.000     600.000       0.000     272.350       0.000       0.327     129.000       0.503     129.000      90.000       0.000   95470.000       0.000 -888888.000 -888888.000
 20260705024000
  -31.6500  -68.5833 
  INTA_POCITO                                SURFACE                                    
  SYNOP             INTA_POCITO            615  F     F       1
 -888888.000 -888888.000 -888888.000 -888888.000     615.000       0.000     272.850       0.000      -0.000     129.000       0.000     129.000      89.000       0.000   94650.000       0.000 -888888.000 -888888.000
 20260705024000
  -31.4667  -68.6667 
  ULLUM_EMBALSE                              SURFACE                                    
  SYNOP             ULLUM_EMBALSE          768  F     F       1
 -888888.000 -888888.000 -888888.000 -888888.000     768.000       0.000     276.050       0.000      -3.182     129.000       3.182     129.000      79.000       0.000   92950.000       0.000 -888888.000 -888888.000
 20260705024000
  -31.5192  -68.8178 
  PUNTA_NEGRA                                SURFACE                                    
  SYNOP             PUNTA_NEGRA            800  F     F       1
 -888888.000 -888888.000 -888888.000 -888888.000     800.000       0.000     275.350       0.000       0.585     129.000       0.546     129.000      81.000       0.000   92140.000       0.000 -888888.000 -888888.000
 20260705024000
  -31.6500  -68.3000 
  ECOHUMUS                                   SURFACE                                    
  SYNOP             ECOHUMUS               600  F     F       1
 -888888.000 -888888.000 -888888.000 -888888.000     600.000       0.000     271.950       0.000      -0.000     129.000       0.000     129.000      90.000       0.000   95470.000       0.000 -888888.000 -888888.000
 20260705024500
  -31.6500  -68.5833 
  INTA_POCITO                                SURFACE                                    
  SYNOP             INTA_POCITO            615  F     F       1
 -888888.000 -888888.000 -888888.000 -888888.000     615.000       0.000     272.550       0.000      -0.000     129.000       0.000     129.000      89.000       0.000   94650.000       0.000 -888888.000 -888888.000
 20260705024500
  -31.4667  -68.6667 
  ULLUM_EMBALSE                              SURFACE                                    
  SYNOP             ULLUM_EMBALSE          768  F     F       1
 -888888.000 -888888.000 -888888.000 -888888.000     768.000       0.000     276.150       0.000      -3.267     129.000       1.737     129.000      79.000       0.000   92950.000       0.000 -888888.000 -888888.000
 20260705024500
  -31.5192  -68.8178 
  PUNTA_NEGRA                                SURFACE                                    
  SYNOP             PUNTA_NEGRA            800  F     F       1
 -888888.000 -888888.000 -888888.000 -888888.000     800.000       0.000     275.150       0.000       0.155     129.000       0.126     129.000      81.000       0.000   92140.000       0.000 -888888.000 -888888.000
 20260705024500
  -31.6500  -68.3000 
  ECOHUMUS                                   SURFACE                                    
  SYNOP             ECOHUMUS               600  F     F       1
 -888888.000 -888888.000 -888888.000 -888888.000     600.000       0.000     271.950       0.000      -0.108     129.000       0.280     129.000      90.000       0.000   95460.000       0.000 -888888.000 -888888.000
 20260705025000
  -31.6500  -68.5833 
  INTA_POCITO                                SURFACE                                    
  SYNOP             INTA_POCITO            615  F     F       1
 -888888.000 -888888.000 -888888.000 -888888.000     615.000       0.000     272.950       0.000      -0.000     129.000       0.000     129.000      89.000       0.000   94640.000       0.000 -888888.000 -888888.000
 20260705025000
  -31.4667  -68.6667 
  ULLUM_EMBALSE                              SURFACE                                    
  SYNOP             ULLUM_EMBALSE          768  F     F       1
 -888888.000 -888888.000 -888888.000 -888888.000     768.000       0.000     276.050       0.000      -4.010     129.000       2.043     129.000      79.000       0.000   92940.000       0.000 -888888.000 -888888.000
 20260705025000
  -31.5192  -68.8178 
  PUNTA_NEGRA                                SURFACE                                    
  SYNOP             PUNTA_NEGRA            800  F     F       1
 -888888.000 -888888.000 -888888.000 -888888.000     800.000       0.000     275.050       0.000       0.000     129.000       0.000     129.000      81.000       0.000   92140.000       0.000 -888888.000 -888888.000
 20260705025000
  -31.6500  -68.3000 
  ECOHUMUS                                   SURFACE                                    
  SYNOP             ECOHUMUS               600  F     F       1
 -888888.000 -888888.000 -888888.000 -888888.000     600.000       0.000     271.550       0.000      -0.143     129.000       0.373     129.000      91.000       0.000   95450.000       0.000 -888888.000 -888888.000
 20260705025500
  -31.6500  -68.5833 
  INTA_POCITO                                SURFACE                                    
  SYNOP             INTA_POCITO            615  F     F       1
 -888888.000 -888888.000 -888888.000 -888888.000     615.000       0.000     273.150       0.000      -0.000     129.000       0.000     129.000      89.000       0.000   94630.000       0.000 -888888.000 -888888.000
 20260705025500
  -31.4667  -68.6667 
  ULLUM_EMBALSE                              SURFACE                                    
  SYNOP             ULLUM_EMBALSE          768  F     F       1
 -888888.000 -888888.000 -888888.000 -888888.000     768.000       0.000     275.650       0.000      -3.979     129.000      -2.684     129.000      79.000       0.000   92940.000       0.000 -888888.000 -888888.000
 20260705025500
  -31.5192  -68.8178 
  PUNTA_NEGRA                                SURFACE                                    
  SYNOP             PUNTA_NEGRA            800  F     F       1
 -888888.000 -888888.000 -888888.000 -888888.000     800.000       0.000     274.950       0.000       0.000     129.000       0.000     129.000      81.000       0.000   92130.000       0.000 -888888.000 -888888.000
 20260705025500
  -31.6500  -68.3000 
  ECOHUMUS                                   SURFACE                                    
  SYNOP             ECOHUMUS               600  F     F       1
 -888888.000 -888888.000 -888888.000 -888888.000     600.000       0.000     271.850       0.000      -0.430     129.000       1.120     129.000      91.000       0.000   95440.000       0.000 -888888.000 -888888.000
 20260705030000
  -31.6500  -68.5833 
  INTA_POCITO                                SURFACE                                    
  SYNOP             INTA_POCITO            615  F     F       1
 -888888.000 -888888.000 -888888.000 -888888.000     615.000       0.000     273.750       0.000       0.000     129.000       0.000     129.000      89.000       0.000   94630.000       0.000 -888888.000 -888888.000
 20260705030000
  -31.4667  -68.6667 
  ULLUM_EMBALSE                              SURFACE                                    
  SYNOP             ULLUM_EMBALSE          768  F     F       1
 -888888.000 -888888.000 -888888.000 -888888.000     768.000       0.000     275.650       0.000      -2.949     129.000      -2.065     129.000      79.000       0.000   92930.000       0.000 -888888.000 -888888.000
 20260705030000
  -31.5192  -68.8178 
  PUNTA_NEGRA                                SURFACE                                    
  SYNOP             PUNTA_NEGRA            800  F     F       1
 -888888.000 -888888.000 -888888.000 -888888.000     800.000       0.000     274.850       0.000       0.009     129.000       0.100     129.000      82.000       0.000   92130.000       0.000 -888888.000 -888888.000
 20260705030000
  -31.6500  -68.3000 
  ECOHUMUS                                   SURFACE                                    
  SYNOP             ECOHUMUS               600  F     F       1
 -888888.000 -888888.000 -888888.000 -888888.000     600.000       0.000     271.750       0.000      -0.000     129.000       0.000     129.000      91.000       0.000   95460.000       0.000 -888888.000 -888888.000
 20260705030500
  -31.6500  -68.5833 
  INTA_POCITO                                SURFACE                                    
  SYNOP             INTA_POCITO            615  F     F       1
 -888888.000 -888888.000 -888888.000 -888888.000     615.000       0.000     273.950       0.000       0.000     129.000      -0.000     129.000      89.000       0.000   94630.000       0.000 -888888.000 -888888.000
 20260705030500
  -31.4667  -68.6667 
  ULLUM_EMBALSE                              SURFACE                                    
  SYNOP             ULLUM_EMBALSE          768  F     F       1
 -888888.000 -888888.000 -888888.000 -888888.000     768.000       0.000     275.650       0.000      -3.472     129.000      -3.018     129.000      79.000       0.000   92920.000       0.000 -888888.000 -888888.000
 20260705030500
  -31.5192  -68.8178 
  PUNTA_NEGRA                                SURFACE                                    
  SYNOP             PUNTA_NEGRA            800  F     F       1
 -888888.000 -888888.000 -888888.000 -888888.000     800.000       0.000     274.650       0.000       0.000     129.000       0.000     129.000      82.000       0.000   92120.000       0.000 -888888.000 -888888.000
 20260705030500
  -31.6500  -68.3000 
  ECOHUMUS                                   SURFACE                                    
  SYNOP             ECOHUMUS               600  F     F       1
 -888888.000 -888888.000 -888888.000 -888888.000     600.000       0.000     271.450       0.000       0.000     129.000       0.000     129.000      91.000       0.000   95470.000       0.000 -888888.000 -888888.000
 20260705031000
  -31.6500  -68.5833 
  INTA_POCITO                                SURFACE                                    
  SYNOP             INTA_POCITO            615  F     F       1
 -888888.000 -888888.000 -888888.000 -888888.000     615.000       0.000     273.450       0.000       0.000     129.000      -0.000     129.000      89.000       0.000   94630.000       0.000 -888888.000 -888888.000
 20260705031000
  -31.4667  -68.6667 
  ULLUM_EMBALSE                              SURFACE                                    
  SYNOP             ULLUM_EMBALSE          768  F     F       1
 -888888.000 -888888.000 -888888.000 -888888.000     768.000       0.000     275.450       0.000      -3.031     129.000      -2.454     129.000      80.000       0.000   92930.000       0.000 -888888.000 -888888.000
 20260705031000
  -31.5192  -68.8178 
  PUNTA_NEGRA                                SURFACE                                    
  SYNOP             PUNTA_NEGRA            800  F     F       1
 -888888.000 -888888.000 -888888.000 -888888.000     800.000       0.000     274.450       0.000       0.000     129.000       0.000     129.000      82.000       0.000   92120.000       0.000 -888888.000 -888888.000
 20260705031000
  -31.6500  -68.3000 
  ECOHUMUS                                   SURFACE                                    
  SYNOP             ECOHUMUS               600  F     F       1
 -888888.000 -888888.000 -888888.000 -888888.000     600.000       0.000     271.450       0.000      -0.530     129.000       0.848     129.000      92.000       0.000   95460.000       0.000 -888888.000 -888888.000
 20260705031500
  -31.6500  -68.5833 
  INTA_POCITO                                SURFACE                                    
  SYNOP             INTA_POCITO            615  F     F       1
 -888888.000 -888888.000 -888888.000 -888888.000     615.000       0.000     273.350       0.000       0.000     129.000      -0.000     129.000      89.000       0.000   94620.000       0.000 -888888.000 -888888.000
 20260705031500
  -31.4667  -68.6667 
  ULLUM_EMBALSE                              SURFACE                                    
  SYNOP             ULLUM_EMBALSE          768  F     F       1
 -888888.000 -888888.000 -888888.000 -888888.000     768.000       0.000     275.350       0.000      -3.236     129.000      -1.794     129.000      80.000       0.000   92930.000       0.000 -888888.000 -888888.000
 20260705031500
  -31.5192  -68.8178 
  PUNTA_NEGRA                                SURFACE                                    
  SYNOP             PUNTA_NEGRA            800  F     F       1
 -888888.000 -888888.000 -888888.000 -888888.000     800.000       0.000     274.450       0.000       0.000     129.000       0.000     129.000      81.000       0.000   92120.000       0.000 -888888.000 -888888.000
 20260705031500
  -31.6500  -68.3000 
  ECOHUMUS                                   SURFACE                                    
  SYNOP             ECOHUMUS               600  F     F       1
 -888888.000 -888888.000 -888888.000 -888888.000     600.000       0.000     271.050       0.000      -0.153     129.000       0.129     129.000      92.000       0.000   95460.000       0.000 -888888.000 -888888.000
 20260705032000
  -31.6500  -68.5833 
  INTA_POCITO                                SURFACE                                    
  SYNOP             INTA_POCITO            615  F     F       1
 -888888.000 -888888.000 -888888.000 -888888.000     615.000       0.000     273.650       0.000       0.000     129.000      -0.000     129.000      89.000       0.000   94620.000       0.000 -888888.000 -888888.000
 20260705032000
  -31.4667  -68.6667 
  ULLUM_EMBALSE                              SURFACE                                    
  SYNOP             ULLUM_EMBALSE          768  F     F       1
 -888888.000 -888888.000 -888888.000 -888888.000     768.000       0.000     275.250       0.000      -3.830     129.000      -3.214     129.000      80.000       0.000   92920.000       0.000 -888888.000 -888888.000
 20260705032000
  -31.5192  -68.8178 
  PUNTA_NEGRA                                SURFACE                                    
  SYNOP             PUNTA_NEGRA            800  F     F       1
 -888888.000 -888888.000 -888888.000 -888888.000     800.000       0.000     274.350       0.000       0.000     129.000       0.000     129.000      82.000       0.000   92110.000       0.000 -888888.000 -888888.000
 20260705032000
  -31.6500  -68.3000 
  ECOHUMUS                                   SURFACE                                    
  SYNOP             ECOHUMUS               600  F     F       1
 -888888.000 -888888.000 -888888.000 -888888.000     600.000       0.000     271.250       0.000      -0.000     129.000       0.000     129.000      92.000       0.000   95450.000       0.000 -888888.000 -888888.000
 20260705032500
  -31.6500  -68.5833 
  INTA_POCITO                                SURFACE                                    
  SYNOP             INTA_POCITO            615  F     F       1
 -888888.000 -888888.000 -888888.000 -888888.000     615.000       0.000     273.550       0.000       0.000     129.000      -0.000     129.000      89.000       0.000   94620.000       0.000 -888888.000 -888888.000
 20260705032500
  -31.4667  -68.6667 
  ULLUM_EMBALSE                              SURFACE                                    
  SYNOP             ULLUM_EMBALSE          768  F     F       1
 -888888.000 -888888.000 -888888.000 -888888.000     768.000       0.000     275.250       0.000      -2.867     129.000      -2.008     129.000      80.000       0.000   92920.000       0.000 -888888.000 -888888.000
 20260705032500
  -31.5192  -68.8178 
  PUNTA_NEGRA                                SURFACE                                    
  SYNOP             PUNTA_NEGRA            800  F     F       1
 -888888.000 -888888.000 -888888.000 -888888.000     800.000       0.000     274.250       0.000       0.985     129.000       1.261     129.000      82.000       0.000   92110.000       0.000 -888888.000 -888888.000
 20260705032500
  -31.6500  -68.3000 
  ECOHUMUS                                   SURFACE                                    
  SYNOP             ECOHUMUS               600  F     F       1
 -888888.000 -888888.000 -888888.000 -888888.000     600.000       0.000     271.450       0.000       0.625     129.000       0.647     129.000      92.000       0.000   95440.000       0.000 -888888.000 -888888.000
 20260705033000
  -31.6500  -68.5833 
  INTA_POCITO                                SURFACE                                    
  SYNOP             INTA_POCITO            615  F     F       1
 -888888.000 -888888.000 -888888.000 -888888.000     615.000       0.000     273.450       0.000       0.000     129.000      -0.000     129.000      89.000       0.000   94620.000       0.000 -888888.000 -888888.000
 20260705033000
  -31.4667  -68.6667 
  ULLUM_EMBALSE                              SURFACE                                    
  SYNOP             ULLUM_EMBALSE          768  F     F       1
 -888888.000 -888888.000 -888888.000 -888888.000     768.000       0.000     275.150       0.000      -5.063     129.000      -2.149     129.000      80.000       0.000   92920.000       0.000 -888888.000 -888888.000
 20260705033000
  -31.5192  -68.8178 
  PUNTA_NEGRA                                SURFACE                                    
  SYNOP             PUNTA_NEGRA            800  F     F       1
 -888888.000 -888888.000 -888888.000 -888888.000     800.000       0.000     274.450       0.000       0.164     129.000       0.115     129.000      82.000       0.000   92120.000       0.000 -888888.000 -888888.000
 20260705033000
  -31.6500  -68.3000 
  ECOHUMUS                                   SURFACE                                    
  SYNOP             ECOHUMUS               600  F     F       1
 -888888.000 -888888.000 -888888.000 -888888.000     600.000       0.000     271.250       0.000       0.000     129.000       0.000     129.000      92.000       0.000   95430.000       0.000 -888888.000 -888888.000
 20260705033500
  -31.6500  -68.5833 
  INTA_POCITO                                SURFACE                                    
  SYNOP             INTA_POCITO            615  F     F       1
 -888888.000 -888888.000 -888888.000 -888888.000     615.000       0.000     273.350       0.000       0.000     129.000      -0.000     129.000      89.000       0.000   94620.000       0.000 -888888.000 -888888.000
 20260705033500
  -31.4667  -68.6667 
  ULLUM_EMBALSE                              SURFACE                                    
  SYNOP             ULLUM_EMBALSE          768  F     F       1
 -888888.000 -888888.000 -888888.000 -888888.000     768.000       0.000     275.150       0.000      -5.257     129.000      -2.679     129.000      80.000       0.000   92930.000       0.000 -888888.000 -888888.000
 20260705033500
  -31.5192  -68.8178 
  PUNTA_NEGRA                                SURFACE                                    
  SYNOP             PUNTA_NEGRA            800  F     F       1
 -888888.000 -888888.000 -888888.000 -888888.000     800.000       0.000     274.350       0.000       0.021     129.000       0.199     129.000      82.000       0.000   92110.000       0.000 -888888.000 -888888.000
 20260705033500
  -31.6500  -68.3000 
  ECOHUMUS                                   SURFACE                                    
  SYNOP             ECOHUMUS               600  F     F       1
 -888888.000 -888888.000 -888888.000 -888888.000     600.000       0.000     271.150       0.000       0.000     129.000       0.000     129.000      92.000       0.000   95430.000       0.000 -888888.000 -888888.000
 20260705034000
  -31.6500  -68.5833 
  INTA_POCITO                                SURFACE                                    
  SYNOP             INTA_POCITO            615  F     F       1
 -888888.000 -888888.000 -888888.000 -888888.000     615.000       0.000     272.950       0.000       0.000     129.000      -0.000     129.000      89.000       0.000   94610.000       0.000 -888888.000 -888888.000
 20260705034000
  -31.4667  -68.6667 
  ULLUM_EMBALSE                              SURFACE                                    
  SYNOP             ULLUM_EMBALSE          768  F     F       1
 -888888.000 -888888.000 -888888.000 -888888.000     768.000       0.000     275.050       0.000      -3.973     129.000      -2.113     129.000      81.000       0.000   92920.000       0.000 -888888.000 -888888.000
 20260705034000
  -31.5192  -68.8178 
  PUNTA_NEGRA                                SURFACE                                    
  SYNOP             PUNTA_NEGRA            800  F     F       1
 -888888.000 -888888.000 -888888.000 -888888.000     800.000       0.000     274.250       0.000       1.312     129.000       0.727     129.000      82.000       0.000   92110.000       0.000 -888888.000 -888888.000
 20260705034000
  -31.6500  -68.3000 
  ECOHUMUS                                   SURFACE                                    
  SYNOP             ECOHUMUS               600  F     F       1
 -888888.000 -888888.000 -888888.000 -888888.000     600.000       0.000     270.850       0.000       0.000     129.000       0.000     129.000      92.000       0.000   95430.000       0.000 -888888.000 -888888.000
 20260705034500
  -31.6500  -68.5833 
  INTA_POCITO                                SURFACE                                    
  SYNOP             INTA_POCITO            615  F     F       1
 -888888.000 -888888.000 -888888.000 -888888.000     615.000       0.000     273.150       0.000       0.100     129.000      -0.173     129.000      89.000       0.000   94640.000       0.000 -888888.000 -888888.000
 20260705034500
  -31.4667  -68.6667 
  ULLUM_EMBALSE                              SURFACE                                    
  SYNOP             ULLUM_EMBALSE          768  F     F       1
 -888888.000 -888888.000 -888888.000 -888888.000     768.000       0.000     275.150       0.000      -4.415     129.000      -2.347     129.000      81.000       0.000   92920.000       0.000 -888888.000 -888888.000
 20260705034500
  -31.5192  -68.8178 
  PUNTA_NEGRA                                SURFACE                                    
  SYNOP             PUNTA_NEGRA            800  F     F       1
 -888888.000 -888888.000 -888888.000 -888888.000     800.000       0.000     274.250       0.000       0.544     129.000       0.254     129.000      83.000       0.000   92110.000       0.000 -888888.000 -888888.000
 20260705034500
  -31.6500  -68.3000 
  ECOHUMUS                                   SURFACE                                    
  SYNOP             ECOHUMUS               600  F     F       1
 -888888.000 -888888.000 -888888.000 -888888.000     600.000       0.000     270.650       0.000       0.927     129.000       1.543     129.000      92.000       0.000   95430.000       0.000 -888888.000 -888888.000
 20260705035000
  -31.6500  -68.5833 
  INTA_POCITO                                SURFACE                                    
  SYNOP             INTA_POCITO            615  F     F       1
 -888888.000 -888888.000 -888888.000 -888888.000     615.000       0.000     273.750       0.000       0.000     129.000      -0.000     129.000      89.000       0.000   94630.000       0.000 -888888.000 -888888.000
 20260705035000
  -31.4667  -68.6667 
  ULLUM_EMBALSE                              SURFACE                                    
  SYNOP             ULLUM_EMBALSE          768  F     F       1
 -888888.000 -888888.000 -888888.000 -888888.000     768.000       0.000     275.050       0.000      -2.301     129.000      -0.977     129.000      81.000       0.000   92930.000       0.000 -888888.000 -888888.000
 20260705035000
  -31.5192  -68.8178 
  PUNTA_NEGRA                                SURFACE                                    
  SYNOP             PUNTA_NEGRA            800  F     F       1
 -888888.000 -888888.000 -888888.000 -888888.000     800.000       0.000     274.150       0.000      -0.073     129.000       0.068     129.000      83.000       0.000   92120.000       0.000 -888888.000 -888888.000
 20260705035000
  -31.6500  -68.3000 
  ECOHUMUS                                   SURFACE                                    
  SYNOP             ECOHUMUS               600  F     F       1
 -888888.000 -888888.000 -888888.000 -888888.000     600.000       0.000     271.050       0.000       0.336     129.000       0.497     129.000      93.000       0.000   95420.000       0.000 -888888.000 -888888.000
 20260705035500
  -31.6500  -68.5833 
  INTA_POCITO                                SURFACE                                    
  SYNOP             INTA_POCITO            615  F     F       1
 -888888.000 -888888.000 -888888.000 -888888.000     615.000       0.000     273.550       0.000       0.000     129.000      -0.000     129.000      89.000       0.000   94610.000       0.000 -888888.000 -888888.000
 20260705035500
  -31.4667  -68.6667 
  ULLUM_EMBALSE                              SURFACE                                    
  SYNOP             ULLUM_EMBALSE          768  F     F       1
 -888888.000 -888888.000 -888888.000 -888888.000     768.000       0.000     275.050       0.000      -2.349     129.000      -0.855     129.000      81.000       0.000   92900.000       0.000 -888888.000 -888888.000
 20260705035500
  -31.5192  -68.8178 
  PUNTA_NEGRA                                SURFACE                                    
  SYNOP             PUNTA_NEGRA            800  F     F       1
 -888888.000 -888888.000 -888888.000 -888888.000     800.000       0.000     274.150       0.000       0.000     129.000       0.000     129.000      83.000       0.000   92100.000       0.000 -888888.000 -888888.000
 20260705035500
  -31.6500  -68.3000 
  ECOHUMUS                                   SURFACE                                    
  SYNOP             ECOHUMUS               600  F     F       1
 -888888.000 -888888.000 -888888.000 -888888.000     600.000       0.000     270.650       0.000       0.104     129.000       0.386     129.000      93.000       0.000   95430.000       0.000 -888888.000 -888888.000
 20260705040000
  -31.6500  -68.5833 
  INTA_POCITO                                SURFACE                                    
  SYNOP             INTA_POCITO            615  F     F       1
 -888888.000 -888888.000 -888888.000 -888888.000     615.000       0.000     273.250       0.000       0.039     129.000      -0.092     129.000      89.000       0.000   94600.000       0.000 -888888.000 -888888.000
 20260705040000
  -31.4667  -68.6667 
  ULLUM_EMBALSE                              SURFACE                                    
  SYNOP             ULLUM_EMBALSE          768  F     F       1
 -888888.000 -888888.000 -888888.000 -888888.000     768.000       0.000     274.950       0.000      -3.307     129.000      -2.067     129.000      81.000       0.000   92920.000       0.000 -888888.000 -888888.000
 20260705040000
  -31.5192  -68.8178 
  PUNTA_NEGRA                                SURFACE                                    
  SYNOP             PUNTA_NEGRA            800  F     F       1
 -888888.000 -888888.000 -888888.000 -888888.000     800.000       0.000     274.150       0.000      -0.014     129.000       0.099     129.000      82.000       0.000   92100.000       0.000 -888888.000 -888888.000
 20260705040000
  -31.6500  -68.3000 
  ECOHUMUS                                   SURFACE                                    
  SYNOP             ECOHUMUS               600  F     F       1
 -888888.000 -888888.000 -888888.000 -888888.000     600.000       0.000     270.850       0.000       0.042     129.000       0.196     129.000      93.000       0.000   95420.000       0.000 -888888.000 -888888.000
 20260705040500
  -31.6500  -68.5833 
  INTA_POCITO                                SURFACE                                    
  SYNOP             INTA_POCITO            615  F     F       1
 -888888.000 -888888.000 -888888.000 -888888.000     615.000       0.000     273.550       0.000       0.000     129.000      -0.000     129.000      89.000       0.000   94590.000       0.000 -888888.000 -888888.000
 20260705040500
  -31.4667  -68.6667 
  ULLUM_EMBALSE                              SURFACE                                    
  SYNOP             ULLUM_EMBALSE          768  F     F       1
 -888888.000 -888888.000 -888888.000 -888888.000     768.000       0.000     274.950       0.000      -3.677     129.000      -3.085     129.000      82.000       0.000   92890.000       0.000 -888888.000 -888888.000
 20260705040500
  -31.5192  -68.8178 
  PUNTA_NEGRA                                SURFACE                                    
  SYNOP             PUNTA_NEGRA            800  F     F       1
 -888888.000 -888888.000 -888888.000 -888888.000     800.000       0.000     274.250       0.000      -0.042     129.000       0.398     129.000      82.000       0.000   92100.000       0.000 -888888.000 -888888.000
 20260705040500
  -31.6500  -68.3000 
  ECOHUMUS                                   SURFACE                                    
  SYNOP             ECOHUMUS               600  F     F       1
 -888888.000 -888888.000 -888888.000 -888888.000     600.000       0.000     270.550       0.000       0.062     129.000       0.293     129.000      93.000       0.000   95410.000       0.000 -888888.000 -888888.000
 20260705041000
  -31.6500  -68.5833 
  INTA_POCITO                                SURFACE                                    
  SYNOP             INTA_POCITO            615  F     F       1
 -888888.000 -888888.000 -888888.000 -888888.000     615.000       0.000     273.450       0.000       0.000     129.000      -0.000     129.000      89.000       0.000   94600.000       0.000 -888888.000 -888888.000
 20260705041000
  -31.4667  -68.6667 
  ULLUM_EMBALSE                              SURFACE                                    
  SYNOP             ULLUM_EMBALSE          768  F     F       1
 -888888.000 -888888.000 -888888.000 -888888.000     768.000       0.000     274.950       0.000      -1.597     129.000      -0.581     129.000      81.000       0.000   92900.000       0.000 -888888.000 -888888.000
 20260705041000
  -31.5192  -68.8178 
  PUNTA_NEGRA                                SURFACE                                    
  SYNOP             PUNTA_NEGRA            800  F     F       1
 -888888.000 -888888.000 -888888.000 -888888.000     800.000       0.000     274.050       0.000       0.162     129.000       0.118     129.000      82.000       0.000   92100.000       0.000 -888888.000 -888888.000
 20260705041000
  -31.6500  -68.3000 
  ECOHUMUS                                   SURFACE                                    
  SYNOP             ECOHUMUS               600  F     F       1
 -888888.000 -888888.000 -888888.000 -888888.000     600.000       0.000     270.550       0.000       0.000     129.000       0.000     129.000      93.000       0.000   95400.000       0.000 -888888.000 -888888.000
 20260705041500
  -31.6500  -68.5833 
  INTA_POCITO                                SURFACE                                    
  SYNOP             INTA_POCITO            615  F     F       1
 -888888.000 -888888.000 -888888.000 -888888.000     615.000       0.000     273.450       0.000       0.000     129.000      -0.000     129.000      89.000       0.000   94590.000       0.000 -888888.000 -888888.000
 20260705041500
  -31.4667  -68.6667 
  ULLUM_EMBALSE                              SURFACE                                    
  SYNOP             ULLUM_EMBALSE          768  F     F       1
 -888888.000 -888888.000 -888888.000 -888888.000     768.000       0.000     274.850       0.000      -3.447     129.000      -2.893     129.000      81.000       0.000   92890.000       0.000 -888888.000 -888888.000
 20260705041500
  -31.5192  -68.8178 
  PUNTA_NEGRA                                SURFACE                                    
  SYNOP             PUNTA_NEGRA            800  F     F       1
 -888888.000 -888888.000 -888888.000 -888888.000     800.000       0.000     273.950       0.000       0.151     129.000       0.131     129.000      83.000       0.000   92090.000       0.000 -888888.000 -888888.000
 20260705041500
  -31.6500  -68.3000 
  ECOHUMUS                                   SURFACE                                    
  SYNOP             ECOHUMUS               600  F     F       1
 -888888.000 -888888.000 -888888.000 -888888.000     600.000       0.000     270.450       0.000       0.395     129.000       0.809     129.000      93.000       0.000   95400.000       0.000 -888888.000 -888888.000
 20260705042000
  -31.6500  -68.5833 
  INTA_POCITO                                SURFACE                                    
  SYNOP             INTA_POCITO            615  F     F       1
 -888888.000 -888888.000 -888888.000 -888888.000     615.000       0.000     273.450       0.000       0.000     129.000      -0.000     129.000      88.000       0.000   94580.000       0.000 -888888.000 -888888.000
 20260705042000
  -31.4667  -68.6667 
  ULLUM_EMBALSE                              SURFACE                                    
  SYNOP             ULLUM_EMBALSE          768  F     F       1
 -888888.000 -888888.000 -888888.000 -888888.000     768.000       0.000     274.950       0.000      -4.228     129.000      -4.534     129.000      82.000       0.000   92880.000       0.000 -888888.000 -888888.000
 20260705042000
  -31.5192  -68.8178 
  PUNTA_NEGRA                                SURFACE                                    
  SYNOP             PUNTA_NEGRA            800  F     F       1
 -888888.000 -888888.000 -888888.000 -888888.000     800.000       0.000     273.950       0.000       1.174     129.000       0.762     129.000      83.000       0.000   92090.000       0.000 -888888.000 -888888.000
 20260705042000
  -31.6500  -68.3000 
  ECOHUMUS                                   SURFACE                                    
  SYNOP             ECOHUMUS               600  F     F       1
 -888888.000 -888888.000 -888888.000 -888888.000     600.000       0.000     270.350       0.000       0.321     129.000       0.383     129.000      93.000       0.000   95400.000       0.000 -888888.000 -888888.000
 20260705042500
  -31.6500  -68.5833 
  INTA_POCITO                                SURFACE                                    
  SYNOP             INTA_POCITO            615  F     F       1
 -888888.000 -888888.000 -888888.000 -888888.000     615.000       0.000     273.250       0.000       0.000     129.000      -0.000     129.000      88.000       0.000   94590.000       0.000 -888888.000 -888888.000
 20260705042500
  -31.4667  -68.6667 
  ULLUM_EMBALSE                              SURFACE                                    
  SYNOP             ULLUM_EMBALSE          768  F     F       1
 -888888.000 -888888.000 -888888.000 -888888.000     768.000       0.000     275.150       0.000      -4.658     129.000      -5.358     129.000      81.000       0.000   92890.000       0.000 -888888.000 -888888.000
 20260705042500
  -31.5192  -68.8178 
  PUNTA_NEGRA                                SURFACE                                    
  SYNOP             PUNTA_NEGRA            800  F     F       1
 -888888.000 -888888.000 -888888.000 -888888.000     800.000       0.000     273.950       0.000       0.146     129.000       0.136     129.000      83.000       0.000   92090.000       0.000 -888888.000 -888888.000
 20260705042500
  -31.6500  -68.3000 
  ECOHUMUS                                   SURFACE                                    
  SYNOP             ECOHUMUS               600  F     F       1
 -888888.000 -888888.000 -888888.000 -888888.000     600.000       0.000     270.450       0.000       0.241     129.000       0.319     129.000      93.000       0.000   95400.000       0.000 -888888.000 -888888.000
 20260705043000
  -31.6500  -68.5833 
  INTA_POCITO                                SURFACE                                    
  SYNOP             INTA_POCITO            615  F     F       1
 -888888.000 -888888.000 -888888.000 -888888.000     615.000       0.000     273.550       0.000       0.000     129.000      -0.000     129.000      88.000       0.000   94580.000       0.000 -888888.000 -888888.000
 20260705043000
  -31.4667  -68.6667 
  ULLUM_EMBALSE                              SURFACE                                    
  SYNOP             ULLUM_EMBALSE          768  F     F       1
 -888888.000 -888888.000 -888888.000 -888888.000     768.000       0.000     275.050       0.000       0.220     129.000      -4.194     129.000      81.000       0.000   92890.000       0.000 -888888.000 -888888.000
 20260705043000
  -31.5192  -68.8178 
  PUNTA_NEGRA                                SURFACE                                    
  SYNOP             PUNTA_NEGRA            800  F     F       1
 -888888.000 -888888.000 -888888.000 -888888.000     800.000       0.000     273.850       0.000       0.000     129.000       0.000     129.000      84.000       0.000   92090.000       0.000 -888888.000 -888888.000
 20260705043000
  -31.6500  -68.3000 
  ECOHUMUS                                   SURFACE                                    
  SYNOP             ECOHUMUS               600  F     F       1
 -888888.000 -888888.000 -888888.000 -888888.000     600.000       0.000     270.450       0.000       0.421     129.000       0.559     129.000      93.000       0.000   95410.000       0.000 -888888.000 -888888.000
 20260705043500
  -31.6500  -68.5833 
  INTA_POCITO                                SURFACE                                    
  SYNOP             INTA_POCITO            615  F     F       1
 -888888.000 -888888.000 -888888.000 -888888.000     615.000       0.000     273.550       0.000       0.000     129.000      -0.000     129.000      88.000       0.000   94570.000       0.000 -888888.000 -888888.000
 20260705043500
  -31.4667  -68.6667 
  ULLUM_EMBALSE                              SURFACE                                    
  SYNOP             ULLUM_EMBALSE          768  F     F       1
 -888888.000 -888888.000 -888888.000 -888888.000     768.000       0.000     274.950       0.000       1.242     129.000      -4.636     129.000      81.000       0.000   92890.000       0.000 -888888.000 -888888.000
 20260705043500
  -31.5192  -68.8178 
  PUNTA_NEGRA                                SURFACE                                    
  SYNOP             PUNTA_NEGRA            800  F     F       1
 -888888.000 -888888.000 -888888.000 -888888.000     800.000       0.000     273.550       0.000       0.059     129.000       0.081     129.000      84.000       0.000   92070.000       0.000 -888888.000 -888888.000
 20260705043500
  -31.6500  -68.3000 
  ECOHUMUS                                   SURFACE                                    
  SYNOP             ECOHUMUS               600  F     F       1
 -888888.000 -888888.000 -888888.000 -888888.000     600.000       0.000     270.850       0.000       0.722     129.000       0.958     129.000      94.000       0.000   95410.000       0.000 -888888.000 -888888.000
 20260705044000
  -31.6500  -68.5833 
  INTA_POCITO                                SURFACE                                    
  SYNOP             INTA_POCITO            615  F     F       1
 -888888.000 -888888.000 -888888.000 -888888.000     615.000       0.000     273.650       0.000       0.000     129.000      -0.000     129.000      88.000       0.000   94570.000       0.000 -888888.000 -888888.000
 20260705044000
  -31.4667  -68.6667 
  ULLUM_EMBALSE                              SURFACE                                    
  SYNOP             ULLUM_EMBALSE          768  F     F       1
 -888888.000 -888888.000 -888888.000 -888888.000     768.000       0.000     274.850       0.000       1.563     129.000      -4.538     129.000      81.000       0.000   92890.000       0.000 -888888.000 -888888.000
 20260705044000
  -31.5192  -68.8178 
  PUNTA_NEGRA                                SURFACE                                    
  SYNOP             PUNTA_NEGRA            800  F     F       1
 -888888.000 -888888.000 -888888.000 -888888.000     800.000       0.000     273.450       0.000       0.000     129.000       0.000     129.000      84.000       0.000   92080.000       0.000 -888888.000 -888888.000
 20260705044000
  -31.6500  -68.3000 
  ECOHUMUS                                   SURFACE                                    
  SYNOP             ECOHUMUS               600  F     F       1
 -888888.000 -888888.000 -888888.000 -888888.000     600.000       0.000     270.750       0.000       0.060     129.000       0.080     129.000      94.000       0.000   95410.000       0.000 -888888.000 -888888.000
 20260705044500
  -31.6500  -68.5833 
  INTA_POCITO                                SURFACE                                    
  SYNOP             INTA_POCITO            615  F     F       1
 -888888.000 -888888.000 -888888.000 -888888.000     615.000       0.000     273.450       0.000       0.000     129.000      -0.000     129.000      88.000       0.000   94580.000       0.000 -888888.000 -888888.000
 20260705044500
  -31.4667  -68.6667 
  ULLUM_EMBALSE                              SURFACE                                    
  SYNOP             ULLUM_EMBALSE          768  F     F       1
 -888888.000 -888888.000 -888888.000 -888888.000     768.000       0.000     274.750       0.000       0.080     129.000      -4.599     129.000      82.000       0.000   92880.000       0.000 -888888.000 -888888.000
 20260705044500
  -31.5192  -68.8178 
  PUNTA_NEGRA                                SURFACE                                    
  SYNOP             PUNTA_NEGRA            800  F     F       1
 -888888.000 -888888.000 -888888.000 -888888.000     800.000       0.000     273.450       0.000       0.000     129.000       0.000     129.000      84.000       0.000   92090.000       0.000 -888888.000 -888888.000
 20260705044500
  -31.6500  -68.3000 
  ECOHUMUS                                   SURFACE                                    
  SYNOP             ECOHUMUS               600  F     F       1
 -888888.000 -888888.000 -888888.000 -888888.000     600.000       0.000     270.150       0.000       0.528     129.000       0.459     129.000      94.000       0.000   95420.000       0.000 -888888.000 -888888.000
 20260705045000
  -31.6500  -68.5833 
  INTA_POCITO                                SURFACE                                    
  SYNOP             INTA_POCITO            615  F     F       1
 -888888.000 -888888.000 -888888.000 -888888.000     615.000       0.000     272.550       0.000       0.000     129.000      -0.000     129.000      87.000       0.000   94580.000       0.000 -888888.000 -888888.000
 20260705045000
  -31.4667  -68.6667 
  ULLUM_EMBALSE                              SURFACE                                    
  SYNOP             ULLUM_EMBALSE          768  F     F       1
 -888888.000 -888888.000 -888888.000 -888888.000     768.000       0.000     274.550       0.000      -0.444     129.000      -5.081     129.000      83.000       0.000   92890.000       0.000 -888888.000 -888888.000
 20260705045000
  -31.5192  -68.8178 
  PUNTA_NEGRA                                SURFACE                                    
  SYNOP             PUNTA_NEGRA            800  F     F       1
 -888888.000 -888888.000 -888888.000 -888888.000     800.000       0.000     273.450       0.000       0.000     129.000       0.000     129.000      85.000       0.000   92070.000       0.000 -888888.000 -888888.000
 20260705045000
  -31.6500  -68.3000 
  ECOHUMUS                                   SURFACE                                    
  SYNOP             ECOHUMUS               600  F     F       1
 -888888.000 -888888.000 -888888.000 -888888.000     600.000       0.000     269.950       0.000       0.068     129.000       0.073     129.000      94.000       0.000   95410.000       0.000 -888888.000 -888888.000
 20260705045500
  -31.6500  -68.5833 
  INTA_POCITO                                SURFACE                                    
  SYNOP             INTA_POCITO            615  F     F       1
 -888888.000 -888888.000 -888888.000 -888888.000     615.000       0.000     272.050       0.000       0.000     129.000      -0.000     129.000      87.000       0.000   94580.000       0.000 -888888.000 -888888.000
 20260705045500
  -31.4667  -68.6667 
  ULLUM_EMBALSE                              SURFACE                                    
  SYNOP             ULLUM_EMBALSE          768  F     F       1
 -888888.000 -888888.000 -888888.000 -888888.000     768.000       0.000     274.450       0.000       1.960     129.000      -7.859     129.000      83.000       0.000   92890.000       0.000 -888888.000 -888888.000
 20260705045500
  -31.5192  -68.8178 
  PUNTA_NEGRA                                SURFACE                                    
  SYNOP             PUNTA_NEGRA            800  F     F       1
 -888888.000 -888888.000 -888888.000 -888888.000     800.000       0.000     273.550       0.000       0.094     129.000       0.034     129.000      85.000       0.000   92070.000       0.000 -888888.000 -888888.000
 20260705045500
  -31.6500  -68.3000 
  ECOHUMUS                                   SURFACE                                    
  SYNOP             ECOHUMUS               600  F     F       1
 -888888.000 -888888.000 -888888.000 -888888.000     600.000       0.000     270.050       0.000       0.995     129.000       0.671     129.000      94.000       0.000   95410.000       0.000 -888888.000 -888888.000
 20260705050000
  -31.6500  -68.5833 
  INTA_POCITO                                SURFACE                                    
  SYNOP             INTA_POCITO            615  F     F       1
 -888888.000 -888888.000 -888888.000 -888888.000     615.000       0.000     271.950       0.000       0.000     129.000      -0.000     129.000      88.000       0.000   94580.000       0.000 -888888.000 -888888.000
 20260705050000
  -31.4667  -68.6667 
  ULLUM_EMBALSE                              SURFACE                                    
  SYNOP             ULLUM_EMBALSE          768  F     F       1
 -888888.000 -888888.000 -888888.000 -888888.000     768.000       0.000     274.350       0.000      -1.534     129.000      -3.146     129.000      83.000       0.000   92890.000       0.000 -888888.000 -888888.000
 20260705050000
  -31.5192  -68.8178 
  PUNTA_NEGRA                                SURFACE                                    
  SYNOP             PUNTA_NEGRA            800  F     F       1
 -888888.000 -888888.000 -888888.000 -888888.000     800.000       0.000     273.550       0.000       0.000     129.000       0.000     129.000      85.000       0.000   92080.000       0.000 -888888.000 -888888.000
 20260705050000
  -31.6500  -68.3000 
  ECOHUMUS                                   SURFACE                                    
  SYNOP             ECOHUMUS               600  F     F       1
 -888888.000 -888888.000 -888888.000 -888888.000     600.000       0.000     269.950       0.000       0.883     129.000       0.172     129.000      94.000       0.000   95410.000       0.000 -888888.000 -888888.000
 20260705050500
  -31.6500  -68.5833 
  INTA_POCITO                                SURFACE                                    
  SYNOP             INTA_POCITO            615  F     F       1
 -888888.000 -888888.000 -888888.000 -888888.000     615.000       0.000     272.150       0.000       0.000     129.000      -0.000     129.000      88.000       0.000   94570.000       0.000 -888888.000 -888888.000
 20260705050500
  -31.4667  -68.6667 
  ULLUM_EMBALSE                              SURFACE                                    
  SYNOP             ULLUM_EMBALSE          768  F     F       1
 -888888.000 -888888.000 -888888.000 -888888.000     768.000       0.000     274.450       0.000      -0.209     129.000      -5.996     129.000      84.000       0.000   92880.000       0.000 -888888.000 -888888.000
 20260705050500
  -31.5192  -68.8178 
  PUNTA_NEGRA                                SURFACE                                    
  SYNOP             PUNTA_NEGRA            800  F     F       1
 -888888.000 -888888.000 -888888.000 -888888.000     800.000       0.000     273.450       0.000       0.000     129.000       0.000     129.000      85.000       0.000   92070.000       0.000 -888888.000 -888888.000
 20260705050500
  -31.6500  -68.3000 
  ECOHUMUS                                   SURFACE                                    
  SYNOP             ECOHUMUS               600  F     F       1
 -888888.000 -888888.000 -888888.000 -888888.000     600.000       0.000     270.250       0.000       0.460     129.000       0.195     129.000      94.000       0.000   95420.000       0.000 -888888.000 -888888.000
 20260705051000
  -31.6500  -68.5833 
  INTA_POCITO                                SURFACE                                    
  SYNOP             INTA_POCITO            615  F     F       1
 -888888.000 -888888.000 -888888.000 -888888.000     615.000       0.000     271.750       0.000       0.000     129.000      -0.000     129.000      88.000       0.000   94570.000       0.000 -888888.000 -888888.000
 20260705051000
  -31.4667  -68.6667 
  ULLUM_EMBALSE                              SURFACE                                    
  SYNOP             ULLUM_EMBALSE          768  F     F       1
 -888888.000 -888888.000 -888888.000 -888888.000     768.000       0.000     274.450       0.000       0.539     129.000     -10.286     129.000      84.000       0.000   92880.000       0.000 -888888.000 -888888.000
 20260705051000
  -31.5192  -68.8178 
  PUNTA_NEGRA                                SURFACE                                    
  SYNOP             PUNTA_NEGRA            800  F     F       1
 -888888.000 -888888.000 -888888.000 -888888.000     800.000       0.000     273.450       0.000      -0.203     129.000       0.457     129.000      85.000       0.000   92090.000       0.000 -888888.000 -888888.000
 20260705051000
  -31.6500  -68.3000 
  ECOHUMUS                                   SURFACE                                    
  SYNOP             ECOHUMUS               600  F     F       1
 -888888.000 -888888.000 -888888.000 -888888.000     600.000       0.000     270.750       0.000       1.923     129.000      -0.551     129.000      94.000       0.000   95410.000       0.000 -888888.000 -888888.000
 20260705051500
  -31.6500  -68.5833 
  INTA_POCITO                                SURFACE                                    
  SYNOP             INTA_POCITO            615  F     F       1
 -888888.000 -888888.000 -888888.000 -888888.000     615.000       0.000     271.350       0.000       0.000     129.000      -0.000     129.000      88.000       0.000   94590.000       0.000 -888888.000 -888888.000
 20260705051500
  -31.4667  -68.6667 
  ULLUM_EMBALSE                              SURFACE                                    
  SYNOP             ULLUM_EMBALSE          768  F     F       1
 -888888.000 -888888.000 -888888.000 -888888.000     768.000       0.000     274.450       0.000       3.261     129.000     -12.171     129.000      83.000       0.000   92890.000       0.000 -888888.000 -888888.000
 20260705051500
  -31.5192  -68.8178 
  PUNTA_NEGRA                                SURFACE                                    
  SYNOP             PUNTA_NEGRA            800  F     F       1
 -888888.000 -888888.000 -888888.000 -888888.000     800.000       0.000     273.650       0.000      -0.125     129.000       1.193     129.000      83.000       0.000   92100.000       0.000 -888888.000 -888888.000
 20260705051500
  -31.6500  -68.3000 
  ECOHUMUS                                   SURFACE                                    
  SYNOP             ECOHUMUS               600  F     F       1
 -888888.000 -888888.000 -888888.000 -888888.000     600.000       0.000     271.350       0.000       0.997     129.000      -0.465     129.000      94.000       0.000   95410.000       0.000 -888888.000 -888888.000
 20260705052000
  -31.6500  -68.5833 
  INTA_POCITO                                SURFACE                                    
  SYNOP             INTA_POCITO            615  F     F       1
 -888888.000 -888888.000 -888888.000 -888888.000     615.000       0.000     271.150       0.000       0.000     129.000      -0.000     129.000      88.000       0.000   94580.000       0.000 -888888.000 -888888.000
 20260705052000
  -31.4667  -68.6667 
  ULLUM_EMBALSE                              SURFACE                                    
  SYNOP             ULLUM_EMBALSE          768  F     F       1
 -888888.000 -888888.000 -888888.000 -888888.000     768.000       0.000     274.350       0.000       4.783     129.000      -5.906     129.000      83.000       0.000   92890.000       0.000 -888888.000 -888888.000
 20260705052000
  -31.5192  -68.8178 
  PUNTA_NEGRA                                SURFACE                                    
  SYNOP             PUNTA_NEGRA            800  F     F       1
 -888888.000 -888888.000 -888888.000 -888888.000     800.000       0.000     273.450       0.000       0.000     129.000       0.000     129.000      83.000       0.000   92100.000       0.000 -888888.000 -888888.000
 20260705052000
  -31.6500  -68.3000 
  ECOHUMUS                                   SURFACE                                    
  SYNOP             ECOHUMUS               600  F     F       1
 -888888.000 -888888.000 -888888.000 -888888.000     600.000       0.000     271.350       0.000       0.081     129.000      -0.059     129.000      94.000       0.000   95410.000       0.000 -888888.000 -888888.000
 20260705052500
  -31.6500  -68.5833 
  INTA_POCITO                                SURFACE                                    
  SYNOP             INTA_POCITO            615  F     F       1
 -888888.000 -888888.000 -888888.000 -888888.000     615.000       0.000     270.950       0.000       0.000     129.000      -0.000     129.000      89.000       0.000   94580.000       0.000 -888888.000 -888888.000
 20260705052500
  -31.4667  -68.6667 
  ULLUM_EMBALSE                              SURFACE                                    
  SYNOP             ULLUM_EMBALSE          768  F     F       1
 -888888.000 -888888.000 -888888.000 -888888.000     768.000       0.000     274.350       0.000       2.941     129.000      -8.081     129.000      84.000       0.000   92890.000       0.000 -888888.000 -888888.000
 20260705052500
  -31.5192  -68.8178 
  PUNTA_NEGRA                                SURFACE                                    
  SYNOP             PUNTA_NEGRA            800  F     F       1
 -888888.000 -888888.000 -888888.000 -888888.000     800.000       0.000     272.950       0.000       0.026     129.000       0.097     129.000      84.000       0.000   92080.000       0.000 -888888.000 -888888.000
 20260705052500
  -31.6500  -68.3000 
  ECOHUMUS                                   SURFACE                                    
  SYNOP             ECOHUMUS               600  F     F       1
 -888888.000 -888888.000 -888888.000 -888888.000     600.000       0.000     271.050       0.000       0.178     129.000       0.091     129.000      94.000       0.000   95410.000       0.000 -888888.000 -888888.000
 20260705053000
  -31.6500  -68.5833 
  INTA_POCITO                                SURFACE                                    
  SYNOP             INTA_POCITO            615  F     F       1
 -888888.000 -888888.000 -888888.000 -888888.000     615.000       0.000     270.650       0.000       0.000     129.000      -0.000     129.000      89.000       0.000   94580.000       0.000 -888888.000 -888888.000
 20260705053000
  -31.4667  -68.6667 
  ULLUM_EMBALSE                              SURFACE                                    
  SYNOP             ULLUM_EMBALSE          768  F     F       1
 -888888.000 -888888.000 -888888.000 -888888.000     768.000       0.000     274.350       0.000       7.102     129.000     -10.529     129.000      85.000       0.000   92890.000       0.000 -888888.000 -888888.000
 20260705053000
  -31.5192  -68.8178 
  PUNTA_NEGRA                                SURFACE                                    
  SYNOP             PUNTA_NEGRA            800  F     F       1
 -888888.000 -888888.000 -888888.000 -888888.000     800.000       0.000     272.650       0.000      -0.363     129.000       0.713     129.000      86.000       0.000   92080.000       0.000 -888888.000 -888888.000
 20260705053000
  -31.6500  -68.3000 
  ECOHUMUS                                   SURFACE                                    
  SYNOP             ECOHUMUS               600  F     F       1
 -888888.000 -888888.000 -888888.000 -888888.000     600.000       0.000     271.150       0.000       0.856     129.000       0.278     129.000      94.000       0.000   95410.000       0.000 -888888.000 -888888.000
 20260705053500
  -31.6500  -68.5833 
  INTA_POCITO                                SURFACE                                    
  SYNOP             INTA_POCITO            615  F     F       1
 -888888.000 -888888.000 -888888.000 -888888.000     615.000       0.000     270.950       0.000       0.000     129.000      -0.000     129.000      89.000       0.000   94590.000       0.000 -888888.000 -888888.000
 20260705053500
  -31.4667  -68.6667 
  ULLUM_EMBALSE                              SURFACE                                    
  SYNOP             ULLUM_EMBALSE          768  F     F       1
 -888888.000 -888888.000 -888888.000 -888888.000     768.000       0.000     274.150       0.000       5.937     129.000      -8.171     129.000      85.000       0.000   92920.000       0.000 -888888.000 -888888.000
 20260705053500
  -31.5192  -68.8178 
  PUNTA_NEGRA                                SURFACE                                    
  SYNOP             PUNTA_NEGRA            800  F     F       1
 -888888.000 -888888.000 -888888.000 -888888.000     800.000       0.000     272.750       0.000      -0.937     129.000       1.040     129.000      86.000       0.000   92090.000       0.000 -888888.000 -888888.000
 20260705053500
  -31.6500  -68.3000 
  ECOHUMUS                                   SURFACE                                    
  SYNOP             ECOHUMUS               600  F     F       1
 -888888.000 -888888.000 -888888.000 -888888.000     600.000       0.000     271.850       0.000       0.586     129.000      -1.702     129.000      94.000       0.000   95420.000       0.000 -888888.000 -888888.000
 20260705054000
  -31.6500  -68.5833 
  INTA_POCITO                                SURFACE                                    
  SYNOP             INTA_POCITO            615  F     F       1
 -888888.000 -888888.000 -888888.000 -888888.000     615.000       0.000     271.150       0.000       0.000     129.000      -0.000     129.000      89.000       0.000   94580.000       0.000 -888888.000 -888888.000
 20260705054000
  -31.4667  -68.6667 
  ULLUM_EMBALSE                              SURFACE                                    
  SYNOP             ULLUM_EMBALSE          768  F     F       1
 -888888.000 -888888.000 -888888.000 -888888.000     768.000       0.000     274.450       0.000       6.958     129.000      -5.055     129.000      85.000       0.000   92900.000       0.000 -888888.000 -888888.000
 20260705054000
  -31.5192  -68.8178 
  PUNTA_NEGRA                                SURFACE                                    
  SYNOP             PUNTA_NEGRA            800  F     F       1
 -888888.000 -888888.000 -888888.000 -888888.000     800.000       0.000     272.850       0.000       0.000     129.000       0.000     129.000      86.000       0.000   92080.000       0.000 -888888.000 -888888.000
 20260705054000
  -31.6500  -68.3000 
  ECOHUMUS                                   SURFACE                                    
  SYNOP             ECOHUMUS               600  F     F       1
 -888888.000 -888888.000 -888888.000 -888888.000     600.000       0.000     271.550       0.000       0.594     129.000      -3.753     129.000      94.000       0.000   95410.000       0.000 -888888.000 -888888.000
 20260705054500
  -31.6500  -68.5833 
  INTA_POCITO                                SURFACE                                    
  SYNOP             INTA_POCITO            615  F     F       1
 -888888.000 -888888.000 -888888.000 -888888.000     615.000       0.000     271.450       0.000       0.000     129.000      -0.000     129.000      89.000       0.000   94590.000       0.000 -888888.000 -888888.000
 20260705054500
  -31.4667  -68.6667 
  ULLUM_EMBALSE                              SURFACE                                    
  SYNOP             ULLUM_EMBALSE          768  F     F       1
 -888888.000 -888888.000 -888888.000 -888888.000     768.000       0.000     274.550       0.000       6.917     129.000     -10.651     129.000      85.000       0.000   92900.000       0.000 -888888.000 -888888.000
 20260705054500
  -31.5192  -68.8178 
  PUNTA_NEGRA                                SURFACE                                    
  SYNOP             PUNTA_NEGRA            800  F     F       1
 -888888.000 -888888.000 -888888.000 -888888.000     800.000       0.000     272.650       0.000       0.000     129.000       0.000     129.000      86.000       0.000   92090.000       0.000 -888888.000 -888888.000
 20260705054500
  -31.6500  -68.3000 
  ECOHUMUS                                   SURFACE                                    
  SYNOP             ECOHUMUS               600  F     F       1
 -888888.000 -888888.000 -888888.000 -888888.000     600.000       0.000     271.650       0.000       0.936     129.000      -3.060     129.000      94.000       0.000   95420.000       0.000 -888888.000 -888888.000
 20260705055000
  -31.6500  -68.5833 
  INTA_POCITO                                SURFACE                                    
  SYNOP             INTA_POCITO            615  F     F       1
 -888888.000 -888888.000 -888888.000 -888888.000     615.000       0.000     271.450       0.000       0.000     129.000      -0.000     129.000      89.000       0.000   94590.000       0.000 -888888.000 -888888.000
 20260705055000
  -31.4667  -68.6667 
  ULLUM_EMBALSE                              SURFACE                                    
  SYNOP             ULLUM_EMBALSE          768  F     F       1
 -888888.000 -888888.000 -888888.000 -888888.000     768.000       0.000     274.550       0.000       4.008     129.000      -9.921     129.000      85.000       0.000   92890.000       0.000 -888888.000 -888888.000
 20260705055000
  -31.5192  -68.8178 
  PUNTA_NEGRA                                SURFACE                                    
  SYNOP             PUNTA_NEGRA            800  F     F       1
 -888888.000 -888888.000 -888888.000 -888888.000     800.000       0.000     272.550       0.000       0.000     129.000       0.000     129.000      86.000       0.000   92090.000       0.000 -888888.000 -888888.000
 20260705055000
  -31.6500  -68.3000 
  ECOHUMUS                                   SURFACE                                    
  SYNOP             ECOHUMUS               600  F     F       1
 -888888.000 -888888.000 -888888.000 -888888.000     600.000       0.000     271.950       0.000      -0.105     129.000      -2.998     129.000      94.000       0.000   95420.000       0.000 -888888.000 -888888.000
 20260705055500
  -31.6500  -68.5833 
  INTA_POCITO                                SURFACE                                    
  SYNOP             INTA_POCITO            615  F     F       1
 -888888.000 -888888.000 -888888.000 -888888.000     615.000       0.000     270.650       0.000       0.000     129.000      -0.000     129.000      89.000       0.000   94590.000       0.000 -888888.000 -888888.000
 20260705055500
  -31.4667  -68.6667 
  ULLUM_EMBALSE                              SURFACE                                    
  SYNOP             ULLUM_EMBALSE          768  F     F       1
 -888888.000 -888888.000 -888888.000 -888888.000     768.000       0.000     274.450       0.000       3.661     129.000      -8.222     129.000      85.000       0.000   92900.000       0.000 -888888.000 -888888.000
 20260705055500
  -31.5192  -68.8178 
  PUNTA_NEGRA                                SURFACE                                    
  SYNOP             PUNTA_NEGRA            800  F     F       1
 -888888.000 -888888.000 -888888.000 -888888.000     800.000       0.000     272.550       0.000       0.000     129.000       0.000     129.000      86.000       0.000   92090.000       0.000 -888888.000 -888888.000
 20260705055500
  -31.6500  -68.3000 
  ECOHUMUS                                   SURFACE                                    
  SYNOP             ECOHUMUS               600  F     F       1
 -888888.000 -888888.000 -888888.000 -888888.000     600.000       0.000     272.250       0.000       0.624     129.000      -2.934     129.000      94.000       0.000   95420.000       0.000 -888888.000 -888888.000
 20260705060000
  -31.6500  -68.5833 
  INTA_POCITO                                SURFACE                                    
  SYNOP             INTA_POCITO            615  F     F       1
 -888888.000 -888888.000 -888888.000 -888888.000     615.000       0.000     270.450       0.000       0.000     129.000      -0.000     129.000      90.000       0.000   94580.000       0.000 -888888.000 -888888.000
 20260705060000
  -31.4667  -68.6667 
  ULLUM_EMBALSE                              SURFACE                                    
  SYNOP             ULLUM_EMBALSE          768  F     F       1
 -888888.000 -888888.000 -888888.000 -888888.000     768.000       0.000     274.650       0.000       5.773     129.000      -8.890     129.000      85.000       0.000   92890.000       0.000 -888888.000 -888888.000
 20260705060000
  -31.5192  -68.8178 
  PUNTA_NEGRA                                SURFACE                                    
  SYNOP             PUNTA_NEGRA            800  F     F       1
 -888888.000 -888888.000 -888888.000 -888888.000     800.000       0.000     272.550       0.000       0.193     129.000       0.230     129.000      86.000       0.000   92100.000       0.000 -888888.000 -888888.000
 20260705060000
  -31.6500  -68.3000 
  ECOHUMUS                                   SURFACE                                    
  SYNOP             ECOHUMUS               600  F     F       1
 -888888.000 -888888.000 -888888.000 -888888.000     600.000       0.000     272.250       0.000       0.402     129.000      -3.275     129.000      94.000       0.000   95420.000       0.000 -888888.000 -888888.000
 20260705060500
  -31.6500  -68.5833 
  INTA_POCITO                                SURFACE                                    
  SYNOP             INTA_POCITO            615  F     F       1
 -888888.000 -888888.000 -888888.000 -888888.000     615.000       0.000     270.250       0.000       0.000     129.000      -0.000     129.000      90.000       0.000   94580.000       0.000 -888888.000 -888888.000
 20260705060500
  -31.4667  -68.6667 
  ULLUM_EMBALSE                              SURFACE                                    
  SYNOP             ULLUM_EMBALSE          768  F     F       1
 -888888.000 -888888.000 -888888.000 -888888.000     768.000       0.000     274.650       0.000       5.579     129.000     -11.963     129.000      85.000       0.000   92900.000       0.000 -888888.000 -888888.000
 20260705060500
  -31.5192  -68.8178 
  PUNTA_NEGRA                                SURFACE                                    
  SYNOP             PUNTA_NEGRA            800  F     F       1
 -888888.000 -888888.000 -888888.000 -888888.000     800.000       0.000     272.550       0.000       0.000     129.000       0.000     129.000      86.000       0.000   92100.000       0.000 -888888.000 -888888.000
 20260705060500
  -31.6500  -68.3000 
  ECOHUMUS                                   SURFACE                                    
  SYNOP             ECOHUMUS               600  F     F       1
 -888888.000 -888888.000 -888888.000 -888888.000     600.000       0.000     272.250       0.000       0.297     129.000      -1.877     129.000      94.000       0.000   95430.000       0.000 -888888.000 -888888.000
 20260705061000
  -31.6500  -68.5833 
  INTA_POCITO                                SURFACE                                    
  SYNOP             INTA_POCITO            615  F     F       1
 -888888.000 -888888.000 -888888.000 -888888.000     615.000       0.000     270.150       0.000       0.000     129.000      -0.000     129.000      90.000       0.000   94580.000       0.000 -888888.000 -888888.000
 20260705061000
  -31.4667  -68.6667 
  ULLUM_EMBALSE                              SURFACE                                    
  SYNOP             ULLUM_EMBALSE          768  F     F       1
 -888888.000 -888888.000 -888888.000 -888888.000     768.000       0.000     274.350       0.000       4.962     129.000     -11.690     129.000      85.000       0.000   92900.000       0.000 -888888.000 -888888.000
 20260705061000
  -31.5192  -68.8178 
  PUNTA_NEGRA                                SURFACE                                    
  SYNOP             PUNTA_NEGRA            800  F     F       1
 -888888.000 -888888.000 -888888.000 -888888.000     800.000       0.000     272.350       0.000       0.000     129.000       0.000     129.000      87.000       0.000   92100.000       0.000 -888888.000 -888888.000
 20260705061000
  -31.6500  -68.3000 
  ECOHUMUS                                   SURFACE                                    
  SYNOP             ECOHUMUS               600  F     F       1
 -888888.000 -888888.000 -888888.000 -888888.000     600.000       0.000     272.250       0.000      -0.279     129.000      -3.188     129.000      94.000       0.000   95420.000       0.000 -888888.000 -888888.000
 20260705061500
  -31.6500  -68.5833 
  INTA_POCITO                                SURFACE                                    
  SYNOP             INTA_POCITO            615  F     F       1
 -888888.000 -888888.000 -888888.000 -888888.000     615.000       0.000     270.650       0.000       0.000     129.000      -0.000     129.000      90.000       0.000   94580.000       0.000 -888888.000 -888888.000
 20260705061500
  -31.4667  -68.6667 
  ULLUM_EMBALSE                              SURFACE                                    
  SYNOP             ULLUM_EMBALSE          768  F     F       1
 -888888.000 -888888.000 -888888.000 -888888.000     768.000       0.000     274.450       0.000       6.274     129.000      -6.728     129.000      85.000       0.000   92900.000       0.000 -888888.000 -888888.000
 20260705061500
  -31.5192  -68.8178 
  PUNTA_NEGRA                                SURFACE                                    
  SYNOP             PUNTA_NEGRA            800  F     F       1
 -888888.000 -888888.000 -888888.000 -888888.000     800.000       0.000     272.250       0.000       0.000     129.000       0.000     129.000      87.000       0.000   92110.000       0.000 -888888.000 -888888.000
 20260705061500
  -31.6500  -68.3000 
  ECOHUMUS                                   SURFACE                                    
  SYNOP             ECOHUMUS               600  F     F       1
 -888888.000 -888888.000 -888888.000 -888888.000     600.000       0.000     272.250       0.000       0.188     129.000      -2.693     129.000      94.000       0.000   95420.000       0.000 -888888.000 -888888.000
 20260705062000
  -31.6500  -68.5833 
  INTA_POCITO                                SURFACE                                    
  SYNOP             INTA_POCITO            615  F     F       1
 -888888.000 -888888.000 -888888.000 -888888.000     615.000       0.000     271.750       0.000       0.000     129.000      -0.000     129.000      90.000       0.000   94590.000       0.000 -888888.000 -888888.000
 20260705062000
  -31.4667  -68.6667 
  ULLUM_EMBALSE                              SURFACE                                    
  SYNOP             ULLUM_EMBALSE          768  F     F       1
 -888888.000 -888888.000 -888888.000 -888888.000     768.000       0.000     274.650       0.000       7.470     129.000      -2.572     129.000      86.000       0.000   92900.000       0.000 -888888.000 -888888.000
 20260705062000
  -31.5192  -68.8178 
  PUNTA_NEGRA                                SURFACE                                    
  SYNOP             PUNTA_NEGRA            800  F     F       1
 -888888.000 -888888.000 -888888.000 -888888.000     800.000       0.000     272.150       0.000       0.000     129.000       0.000     129.000      87.000       0.000   92100.000       0.000 -888888.000 -888888.000
 20260705062000
  -31.6500  -68.3000 
  ECOHUMUS                                   SURFACE                                    
  SYNOP             ECOHUMUS               600  F     F       1
 -888888.000 -888888.000 -888888.000 -888888.000     600.000       0.000     272.450       0.000      -1.014     129.000      -2.175     129.000      94.000       0.000   95420.000       0.000 -888888.000 -888888.000
 20260705062500
  -31.6500  -68.5833 
  INTA_POCITO                                SURFACE                                    
  SYNOP             INTA_POCITO            615  F     F       1
 -888888.000 -888888.000 -888888.000 -888888.000     615.000       0.000     272.150       0.000       0.000     129.000      -0.000     129.000      90.000       0.000   94600.000       0.000 -888888.000 -888888.000
 20260705062500
  -31.4667  -68.6667 
  ULLUM_EMBALSE                              SURFACE                                    
  SYNOP             ULLUM_EMBALSE          768  F     F       1
 -888888.000 -888888.000 -888888.000 -888888.000     768.000       0.000     274.550       0.000       8.635     129.000      -1.060     129.000      86.000       0.000   92900.000       0.000 -888888.000 -888888.000
 20260705062500
  -31.5192  -68.8178 
  PUNTA_NEGRA                                SURFACE                                    
  SYNOP             PUNTA_NEGRA            800  F     F       1
 -888888.000 -888888.000 -888888.000 -888888.000     800.000       0.000     272.350       0.000       0.432     129.000       0.417     129.000      88.000       0.000   92100.000       0.000 -888888.000 -888888.000
 20260705062500
  -31.6500  -68.3000 
  ECOHUMUS                                   SURFACE                                    
  SYNOP             ECOHUMUS               600  F     F       1
 -888888.000 -888888.000 -888888.000 -888888.000     600.000       0.000     272.350       0.000      -0.439     129.000      -4.177     129.000      94.000       0.000   95420.000       0.000 -888888.000 -888888.000
 20260705063000
  -31.6500  -68.5833 
  INTA_POCITO                                SURFACE                                    
  SYNOP             INTA_POCITO            615  F     F       1
 -888888.000 -888888.000 -888888.000 -888888.000     615.000       0.000     272.350       0.000       0.415     129.000      -0.280     129.000      90.000       0.000   94580.000       0.000 -888888.000 -888888.000
 20260705063000
  -31.4667  -68.6667 
  ULLUM_EMBALSE                              SURFACE                                    
  SYNOP             ULLUM_EMBALSE          768  F     F       1
 -888888.000 -888888.000 -888888.000 -888888.000     768.000       0.000     274.350       0.000       8.597     129.000      -2.303     129.000      86.000       0.000   92910.000       0.000 -888888.000 -888888.000
 20260705063000
  -31.5192  -68.8178 
  PUNTA_NEGRA                                SURFACE                                    
  SYNOP             PUNTA_NEGRA            800  F     F       1
 -888888.000 -888888.000 -888888.000 -888888.000     800.000       0.000     272.350       0.000       1.148     129.000       0.351     129.000      87.000       0.000   92110.000       0.000 -888888.000 -888888.000
 20260705063000
  -31.6500  -68.3000 
  ECOHUMUS                                   SURFACE                                    
  SYNOP             ECOHUMUS               600  F     F       1
 -888888.000 -888888.000 -888888.000 -888888.000     600.000       0.000     272.250       0.000      -0.877     129.000      -3.800     129.000      94.000       0.000   95410.000       0.000 -888888.000 -888888.000
 20260705063500
  -31.6500  -68.5833 
  INTA_POCITO                                SURFACE                                    
  SYNOP             INTA_POCITO            615  F     F       1
 -888888.000 -888888.000 -888888.000 -888888.000     615.000       0.000     272.550       0.000      -0.002     129.000      -0.100     129.000      90.000       0.000   94590.000       0.000 -888888.000 -888888.000
 20260705063500
  -31.4667  -68.6667 
  ULLUM_EMBALSE                              SURFACE                                    
  SYNOP             ULLUM_EMBALSE          768  F     F       1
 -888888.000 -888888.000 -888888.000 -888888.000     768.000       0.000     274.450       0.000       7.227     129.000      -8.026     129.000      86.000       0.000   92910.000       0.000 -888888.000 -888888.000
 20260705063500
  -31.5192  -68.8178 
  PUNTA_NEGRA                                SURFACE                                    
  SYNOP             PUNTA_NEGRA            800  F     F       1
 -888888.000 -888888.000 -888888.000 -888888.000     800.000       0.000     272.650       0.000       0.363     129.000       0.169     129.000      87.000       0.000   92100.000       0.000 -888888.000 -888888.000
 20260705063500
  -31.6500  -68.3000 
  ECOHUMUS                                   SURFACE                                    
  SYNOP             ECOHUMUS               600  F     F       1
 -888888.000 -888888.000 -888888.000 -888888.000     600.000       0.000     272.150       0.000      -0.637     129.000      -1.576     129.000      94.000       0.000   95420.000       0.000 -888888.000 -888888.000
 20260705064000
  -31.6500  -68.5833 
  INTA_POCITO                                SURFACE                                    
  SYNOP             INTA_POCITO            615  F     F       1
 -888888.000 -888888.000 -888888.000 -888888.000     615.000       0.000     272.750       0.000      -0.000     129.000      -0.000     129.000      90.000       0.000   94590.000       0.000 -888888.000 -888888.000
 20260705064000
  -31.4667  -68.6667 
  ULLUM_EMBALSE                              SURFACE                                    
  SYNOP             ULLUM_EMBALSE          768  F     F       1
 -888888.000 -888888.000 -888888.000 -888888.000     768.000       0.000     274.150       0.000       5.935     129.000      -9.498     129.000      86.000       0.000   92920.000       0.000 -888888.000 -888888.000
 20260705064000
  -31.5192  -68.8178 
  PUNTA_NEGRA                                SURFACE                                    
  SYNOP             PUNTA_NEGRA            800  F     F       1
 -888888.000 -888888.000 -888888.000 -888888.000     800.000       0.000     272.350       0.000       0.000     129.000       0.000     129.000      87.000       0.000   92110.000       0.000 -888888.000 -888888.000
 20260705064000
  -31.6500  -68.3000 
  ECOHUMUS                                   SURFACE                                    
  SYNOP             ECOHUMUS               600  F     F       1
 -888888.000 -888888.000 -888888.000 -888888.000     600.000       0.000     272.050       0.000      -0.253     129.000      -2.889     129.000      94.000       0.000   95410.000       0.000 -888888.000 -888888.000
 20260705064500
  -31.6500  -68.5833 
  INTA_POCITO                                SURFACE                                    
  SYNOP             INTA_POCITO            615  F     F       1
 -888888.000 -888888.000 -888888.000 -888888.000     615.000       0.000     272.850       0.000      -0.000     129.000      -0.000     129.000      90.000       0.000   94600.000       0.000 -888888.000 -888888.000
 20260705064500
  -31.4667  -68.6667 
  ULLUM_EMBALSE                              SURFACE                                    
  SYNOP             ULLUM_EMBALSE          768  F     F       1
 -888888.000 -888888.000 -888888.000 -888888.000     768.000       0.000     273.450       0.000       3.625     129.000     -11.858     129.000      86.000       0.000   92930.000       0.000 -888888.000 -888888.000
 20260705064500
  -31.5192  -68.8178 
  PUNTA_NEGRA                                SURFACE                                    
  SYNOP             PUNTA_NEGRA            800  F     F       1
 -888888.000 -888888.000 -888888.000 -888888.000     800.000       0.000     272.250       0.000       0.082     129.000       0.057     129.000      88.000       0.000   92120.000       0.000 -888888.000 -888888.000
 20260705064500
  -31.6500  -68.3000 
  ECOHUMUS                                   SURFACE                                    
  SYNOP             ECOHUMUS               600  F     F       1
 -888888.000 -888888.000 -888888.000 -888888.000     600.000       0.000     272.050       0.000      -0.418     129.000      -3.978     129.000      94.000       0.000   95420.000       0.000 -888888.000 -888888.000
 20260705065000
  -31.6500  -68.5833 
  INTA_POCITO                                SURFACE                                    
  SYNOP             INTA_POCITO            615  F     F       1
 -888888.000 -888888.000 -888888.000 -888888.000     615.000       0.000     272.350       0.000      -0.000     129.000      -0.000     129.000      90.000       0.000   94590.000       0.000 -888888.000 -888888.000
 20260705065000
  -31.4667  -68.6667 
  ULLUM_EMBALSE                              SURFACE                                    
  SYNOP             ULLUM_EMBALSE          768  F     F       1
 -888888.000 -888888.000 -888888.000 -888888.000     768.000       0.000     273.250       0.000      -0.869     129.000     -16.577     129.000      86.000       0.000   92930.000       0.000 -888888.000 -888888.000
 20260705065000
  -31.5192  -68.8178 
  PUNTA_NEGRA                                SURFACE                                    
  SYNOP             PUNTA_NEGRA            800  F     F       1
 -888888.000 -888888.000 -888888.000 -888888.000     800.000       0.000     272.350       0.000       0.059     129.000       0.081     129.000      88.000       0.000   92120.000       0.000 -888888.000 -888888.000
 20260705065000
  -31.6500  -68.3000 
  ECOHUMUS                                   SURFACE                                    
  SYNOP             ECOHUMUS               600  F     F       1
 -888888.000 -888888.000 -888888.000 -888888.000     600.000       0.000     271.950       0.000       0.989     129.000      -3.043     129.000      94.000       0.000   95410.000       0.000 -888888.000 -888888.000
 20260705065500
  -31.6500  -68.5833 
  INTA_POCITO                                SURFACE                                    
  SYNOP             INTA_POCITO            615  F     F       1
 -888888.000 -888888.000 -888888.000 -888888.000     615.000       0.000     271.650       0.000      -0.000     129.000      -0.000     129.000      90.000       0.000   94610.000       0.000 -888888.000 -888888.000
 20260705065500
  -31.4667  -68.6667 
  ULLUM_EMBALSE                              SURFACE                                    
  SYNOP             ULLUM_EMBALSE          768  F     F       1
 -888888.000 -888888.000 -888888.000 -888888.000     768.000       0.000     273.050       0.000       0.612     129.000     -11.684     129.000      86.000       0.000   92920.000       0.000 -888888.000 -888888.000
 20260705065500
  -31.5192  -68.8178 
  PUNTA_NEGRA                                SURFACE                                    
  SYNOP             PUNTA_NEGRA            800  F     F       1
 -888888.000 -888888.000 -888888.000 -888888.000     800.000       0.000     272.350       0.000       0.000     129.000       0.000     129.000      88.000       0.000   92130.000       0.000 -888888.000 -888888.000
 20260705065500
  -31.6500  -68.3000 
  ECOHUMUS                                   SURFACE                                    
  SYNOP             ECOHUMUS               600  F     F       1
 -888888.000 -888888.000 -888888.000 -888888.000     600.000       0.000     271.950       0.000      -0.782     129.000      -4.938     129.000      94.000       0.000   95420.000       0.000 -888888.000 -888888.000
 20260705070000
  -31.6500  -68.5833 
  INTA_POCITO                                SURFACE                                    
  SYNOP             INTA_POCITO            615  F     F       1
 -888888.000 -888888.000 -888888.000 -888888.000     615.000       0.000     271.550       0.000      -0.000     129.000      -0.000     129.000      90.000       0.000   94620.000       0.000 -888888.000 -888888.000
 20260705070000
  -31.4667  -68.6667 
  ULLUM_EMBALSE                              SURFACE                                    
  SYNOP             ULLUM_EMBALSE          768  F     F       1
 -888888.000 -888888.000 -888888.000 -888888.000     768.000       0.000     272.750       0.000      -0.816     129.000     -15.579     129.000      86.000       0.000   92920.000       0.000 -888888.000 -888888.000
 20260705070000
  -31.5192  -68.8178 
  PUNTA_NEGRA                                SURFACE                                    
  SYNOP             PUNTA_NEGRA            800  F     F       1
 -888888.000 -888888.000 -888888.000 -888888.000     800.000       0.000     272.550       0.000       1.133     129.000       0.823     129.000      88.000       0.000   92130.000       0.000 -888888.000 -888888.000
 20260705070000
  -31.6500  -68.3000 
  ECOHUMUS                                   SURFACE                                    
  SYNOP             ECOHUMUS               600  F     F       1
 -888888.000 -888888.000 -888888.000 -888888.000     600.000       0.000     271.950       0.000       1.147     129.000      -2.987     129.000      94.000       0.000   95440.000       0.000 -888888.000 -888888.000
 20260705070500
  -31.6500  -68.5833 
  INTA_POCITO                                SURFACE                                    
  SYNOP             INTA_POCITO            615  F     F       1
 -888888.000 -888888.000 -888888.000 -888888.000     615.000       0.000     271.450       0.000      -0.000     129.000      -0.000     129.000      90.000       0.000   94620.000       0.000 -888888.000 -888888.000
 20260705070500
  -31.4667  -68.6667 
  ULLUM_EMBALSE                              SURFACE                                    
  SYNOP             ULLUM_EMBALSE          768  F     F       1
 -888888.000 -888888.000 -888888.000 -888888.000     768.000       0.000     272.650       0.000      -0.000     129.000     -12.800     129.000      86.000       0.000   92940.000       0.000 -888888.000 -888888.000
 20260705070500
  -31.5192  -68.8178 
  PUNTA_NEGRA                                SURFACE                                    
  SYNOP             PUNTA_NEGRA            800  F     F       1
 -888888.000 -888888.000 -888888.000 -888888.000     800.000       0.000     272.750       0.000       1.092     129.000       0.134     129.000      87.000       0.000   92120.000       0.000 -888888.000 -888888.000
 20260705070500
  -31.6500  -68.3000 
  ECOHUMUS                                   SURFACE                                    
  SYNOP             ECOHUMUS               600  F     F       1
 -888888.000 -888888.000 -888888.000 -888888.000     600.000       0.000     271.550       0.000       0.862     129.000      -1.103     129.000      94.000       0.000   95440.000       0.000 -888888.000 -888888.000
 20260705071000
  -31.6500  -68.5833 
  INTA_POCITO                                SURFACE                                    
  SYNOP             INTA_POCITO            615  F     F       1
 -888888.000 -888888.000 -888888.000 -888888.000     615.000       0.000     271.150       0.000      -0.000     129.000      -0.000     129.000      90.000       0.000   94620.000       0.000 -888888.000 -888888.000
 20260705071000
  -31.4667  -68.6667 
  ULLUM_EMBALSE                              SURFACE                                    
  SYNOP             ULLUM_EMBALSE          768  F     F       1
 -888888.000 -888888.000 -888888.000 -888888.000     768.000       0.000     272.750       0.000       0.851     129.000     -12.170     129.000      86.000       0.000   92950.000       0.000 -888888.000 -888888.000
 20260705071000
  -31.5192  -68.8178 
  PUNTA_NEGRA                                SURFACE                                    
  SYNOP             PUNTA_NEGRA            800  F     F       1
 -888888.000 -888888.000 -888888.000 -888888.000     800.000       0.000     272.550       0.000      -0.185     129.000       0.571     129.000      87.000       0.000   92120.000       0.000 -888888.000 -888888.000
 20260705071000
  -31.6500  -68.3000 
  ECOHUMUS                                   SURFACE                                    
  SYNOP             ECOHUMUS               600  F     F       1
 -888888.000 -888888.000 -888888.000 -888888.000     600.000       0.000     271.250       0.000       0.692     129.000      -0.855     129.000      93.000       0.000   95440.000       0.000 -888888.000 -888888.000
 20260705071500
  -31.6500  -68.5833 
  INTA_POCITO                                SURFACE                                    
  SYNOP             INTA_POCITO            615  F     F       1
 -888888.000 -888888.000 -888888.000 -888888.000     615.000       0.000     271.650       0.000      -0.000     129.000      -0.000     129.000      90.000       0.000   94630.000       0.000 -888888.000 -888888.000
 20260705071500
  -31.4667  -68.6667 
  ULLUM_EMBALSE                              SURFACE                                    
  SYNOP             ULLUM_EMBALSE          768  F     F       1
 -888888.000 -888888.000 -888888.000 -888888.000     768.000       0.000     272.850       0.000       0.844     129.000     -12.071     129.000      86.000       0.000   92950.000       0.000 -888888.000 -888888.000
 20260705071500
  -31.5192  -68.8178 
  PUNTA_NEGRA                                SURFACE                                    
  SYNOP             PUNTA_NEGRA            800  F     F       1
 -888888.000 -888888.000 -888888.000 -888888.000     800.000       0.000     272.250       0.000       0.117     129.000       0.383     129.000      87.000       0.000   92130.000       0.000 -888888.000 -888888.000
 20260705071500
  -31.6500  -68.3000 
  ECOHUMUS                                   SURFACE                                    
  SYNOP             ECOHUMUS               600  F     F       1
 -888888.000 -888888.000 -888888.000 -888888.000     600.000       0.000     271.150       0.000       1.354     129.000      -1.734     129.000      93.000       0.000   95460.000       0.000 -888888.000 -888888.000
 20260705072000
  -31.6500  -68.5833 
  INTA_POCITO                                SURFACE                                    
  SYNOP             INTA_POCITO            615  F     F       1
 -888888.000 -888888.000 -888888.000 -888888.000     615.000       0.000     272.050       0.000      -0.000     129.000      -0.000     129.000      90.000       0.000   94620.000       0.000 -888888.000 -888888.000
 20260705072000
  -31.4667  -68.6667 
  ULLUM_EMBALSE                              SURFACE                                    
  SYNOP             ULLUM_EMBALSE          768  F     F       1
 -888888.000 -888888.000 -888888.000 -888888.000     768.000       0.000     272.850       0.000      -0.450     129.000     -12.892     129.000      87.000       0.000   92950.000       0.000 -888888.000 -888888.000
 20260705072000
  -31.5192  -68.8178 
  PUNTA_NEGRA                                SURFACE                                    
  SYNOP             PUNTA_NEGRA            800  F     F       1
 -888888.000 -888888.000 -888888.000 -888888.000     800.000       0.000     272.450       0.000       0.686     129.000       0.412     129.000      87.000       0.000   92140.000       0.000 -888888.000 -888888.000
 20260705072000
  -31.6500  -68.3000 
  ECOHUMUS                                   SURFACE                                    
  SYNOP             ECOHUMUS               600  F     F       1
 -888888.000 -888888.000 -888888.000 -888888.000     600.000       0.000     271.050       0.000       1.478     129.000      -1.891     129.000      93.000       0.000   95460.000       0.000 -888888.000 -888888.000
 20260705072500
  -31.6500  -68.5833 
  INTA_POCITO                                SURFACE                                    
  SYNOP             INTA_POCITO            615  F     F       1
 -888888.000 -888888.000 -888888.000 -888888.000     615.000       0.000     272.350       0.000      -0.000     129.000      -0.000     129.000      90.000       0.000   94640.000       0.000 -888888.000 -888888.000
 20260705072500
  -31.4667  -68.6667 
  ULLUM_EMBALSE                              SURFACE                                    
  SYNOP             ULLUM_EMBALSE          768  F     F       1
 -888888.000 -888888.000 -888888.000 -888888.000     768.000       0.000     272.650       0.000       1.628     129.000     -11.586     129.000      87.000       0.000   92970.000       0.000 -888888.000 -888888.000
 20260705072500
  -31.5192  -68.8178 
  PUNTA_NEGRA                                SURFACE                                    
  SYNOP             PUNTA_NEGRA            800  F     F       1
 -888888.000 -888888.000 -888888.000 -888888.000     800.000       0.000     272.550       0.000       0.062     129.000       0.079     129.000      87.000       0.000   92140.000       0.000 -888888.000 -888888.000
 20260705072500
  -31.6500  -68.3000 
  ECOHUMUS                                   SURFACE                                    
  SYNOP             ECOHUMUS               600  F     F       1
 -888888.000 -888888.000 -888888.000 -888888.000     600.000       0.000     270.750       0.000       0.776     129.000      -1.399     129.000      94.000       0.000   95460.000       0.000 -888888.000 -888888.000
 20260705073000
  -31.6500  -68.5833 
  INTA_POCITO                                SURFACE                                    
  SYNOP             INTA_POCITO            615  F     F       1
 -888888.000 -888888.000 -888888.000 -888888.000     615.000       0.000     272.350       0.000      -0.000     129.000      -0.000     129.000      90.000       0.000   94650.000       0.000 -888888.000 -888888.000
 20260705073000
  -31.4667  -68.6667 
  ULLUM_EMBALSE                              SURFACE                                    
  SYNOP             ULLUM_EMBALSE          768  F     F       1
 -888888.000 -888888.000 -888888.000 -888888.000     768.000       0.000     272.750       0.000       2.734     129.000     -10.964     129.000      87.000       0.000   92970.000       0.000 -888888.000 -888888.000
 20260705073000
  -31.5192  -68.8178 
  PUNTA_NEGRA                                SURFACE                                    
  SYNOP             PUNTA_NEGRA            800  F     F       1
 -888888.000 -888888.000 -888888.000 -888888.000     800.000       0.000     272.450       0.000       0.319     129.000       0.241     129.000      87.000       0.000   92160.000       0.000 -888888.000 -888888.000
 20260705073000
  -31.6500  -68.3000 
  ECOHUMUS                                   SURFACE                                    
  SYNOP             ECOHUMUS               600  F     F       1
 -888888.000 -888888.000 -888888.000 -888888.000     600.000       0.000     270.650       0.000       0.665     129.000      -3.130     129.000      94.000       0.000   95460.000       0.000 -888888.000 -888888.000
 20260705073500
  -31.6500  -68.5833 
  INTA_POCITO                                SURFACE                                    
  SYNOP             INTA_POCITO            615  F     F       1
 -888888.000 -888888.000 -888888.000 -888888.000     615.000       0.000     272.450       0.000      -0.000     129.000      -0.000     129.000      90.000       0.000   94650.000       0.000 -888888.000 -888888.000
 20260705073500
  -31.4667  -68.6667 
  ULLUM_EMBALSE                              SURFACE                                    
  SYNOP             ULLUM_EMBALSE          768  F     F       1
 -888888.000 -888888.000 -888888.000 -888888.000     768.000       0.000     272.950       0.000       2.080     129.000     -10.700     129.000      87.000       0.000   92970.000       0.000 -888888.000 -888888.000
 20260705073500
  -31.5192  -68.8178 
  PUNTA_NEGRA                                SURFACE                                    
  SYNOP             PUNTA_NEGRA            800  F     F       1
 -888888.000 -888888.000 -888888.000 -888888.000     800.000       0.000     272.650       0.000       0.143     129.000       0.373     129.000      87.000       0.000   92170.000       0.000 -888888.000 -888888.000
 20260705073500
  -31.6500  -68.3000 
  ECOHUMUS                                   SURFACE                                    
  SYNOP             ECOHUMUS               600  F     F       1
 -888888.000 -888888.000 -888888.000 -888888.000     600.000       0.000     270.850       0.000      -0.793     129.000      -5.645     129.000      94.000       0.000   95480.000       0.000 -888888.000 -888888.000
 20260705074000
  -31.6500  -68.5833 
  INTA_POCITO                                SURFACE                                    
  SYNOP             INTA_POCITO            615  F     F       1
 -888888.000 -888888.000 -888888.000 -888888.000     615.000       0.000     272.450       0.000      -0.000     129.000      -0.000     129.000      90.000       0.000   94660.000       0.000 -888888.000 -888888.000
 20260705074000
  -31.4667  -68.6667 
  ULLUM_EMBALSE                              SURFACE                                    
  SYNOP             ULLUM_EMBALSE          768  F     F       1
 -888888.000 -888888.000 -888888.000 -888888.000     768.000       0.000     272.950       0.000       1.139     129.000     -10.840     129.000      87.000       0.000   92970.000       0.000 -888888.000 -888888.000
 20260705074000
  -31.5192  -68.8178 
  PUNTA_NEGRA                                SURFACE                                    
  SYNOP             PUNTA_NEGRA            800  F     F       1
 -888888.000 -888888.000 -888888.000 -888888.000     800.000       0.000     272.750       0.000       0.669     129.000       0.602     129.000      87.000       0.000   92160.000       0.000 -888888.000 -888888.000
 20260705074000
  -31.6500  -68.3000 
  ECOHUMUS                                   SURFACE                                    
  SYNOP             ECOHUMUS               600  F     F       1
 -888888.000 -888888.000 -888888.000 -888888.000     600.000       0.000     270.850       0.000      -0.099     129.000      -5.699     129.000      94.000       0.000   95490.000       0.000 -888888.000 -888888.000
 20260705074500
  -31.6500  -68.5833 
  INTA_POCITO                                SURFACE                                    
  SYNOP             INTA_POCITO            615  F     F       1
 -888888.000 -888888.000 -888888.000 -888888.000     615.000       0.000     272.150       0.000      -0.000     129.000      -0.000     129.000      90.000       0.000   94650.000       0.000 -888888.000 -888888.000
 20260705074500
  -31.4667  -68.6667 
  ULLUM_EMBALSE                              SURFACE                                    
  SYNOP             ULLUM_EMBALSE          768  F     F       1
 -888888.000 -888888.000 -888888.000 -888888.000     768.000       0.000     272.850       0.000       0.000     129.000     -11.700     129.000      86.000       0.000   92990.000       0.000 -888888.000 -888888.000
 20260705074500
  -31.5192  -68.8178 
  PUNTA_NEGRA                                SURFACE                                    
  SYNOP             PUNTA_NEGRA            800  F     F       1
 -888888.000 -888888.000 -888888.000 -888888.000     800.000       0.000     272.750       0.000       0.249     129.000       0.168     129.000      87.000       0.000   92180.000       0.000 -888888.000 -888888.000
 20260705074500
  -31.6500  -68.3000 
  ECOHUMUS                                   SURFACE                                    
  SYNOP             ECOHUMUS               600  F     F       1
 -888888.000 -888888.000 -888888.000 -888888.000     600.000       0.000     271.050       0.000       0.860     129.000      -5.432     129.000      94.000       0.000   95500.000       0.000 -888888.000 -888888.000
 20260705075000
  -31.6500  -68.5833 
  INTA_POCITO                                SURFACE                                    
  SYNOP             INTA_POCITO            615  F     F       1
 -888888.000 -888888.000 -888888.000 -888888.000     615.000       0.000     271.850       0.000      -0.000     129.000      -0.000     129.000      90.000       0.000   94660.000       0.000 -888888.000 -888888.000
 20260705075000
  -31.4667  -68.6667 
  ULLUM_EMBALSE                              SURFACE                                    
  SYNOP             ULLUM_EMBALSE          768  F     F       1
 -888888.000 -888888.000 -888888.000 -888888.000     768.000       0.000     272.750       0.000      -0.195     129.000     -11.198     129.000      86.000       0.000   93000.000       0.000 -888888.000 -888888.000
 20260705075000
  -31.5192  -68.8178 
  PUNTA_NEGRA                                SURFACE                                    
  SYNOP             PUNTA_NEGRA            800  F     F       1
 -888888.000 -888888.000 -888888.000 -888888.000     800.000       0.000     272.750       0.000       0.233     129.000       0.189     129.000      86.000       0.000   92170.000       0.000 -888888.000 -888888.000
 20260705075000
  -31.6500  -68.3000 
  ECOHUMUS                                   SURFACE                                    
  SYNOP             ECOHUMUS               600  F     F       1
 -888888.000 -888888.000 -888888.000 -888888.000     600.000       0.000     271.250       0.000      -1.130     129.000      -3.941     129.000      94.000       0.000   95490.000       0.000 -888888.000 -888888.000
 20260705075500
  -31.6500  -68.5833 
  INTA_POCITO                                SURFACE                                    
  SYNOP             INTA_POCITO            615  F     F       1
 -888888.000 -888888.000 -888888.000 -888888.000     615.000       0.000     272.350       0.000      -0.000     129.000      -0.000     129.000      90.000       0.000   94660.000       0.000 -888888.000 -888888.000
 20260705075500
  -31.4667  -68.6667 
  ULLUM_EMBALSE                              SURFACE                                    
  SYNOP             ULLUM_EMBALSE          768  F     F       1
 -888888.000 -888888.000 -888888.000 -888888.000     768.000       0.000     272.750       0.000       2.744     129.000     -11.887     129.000      86.000       0.000   93000.000       0.000 -888888.000 -888888.000
 20260705075500
  -31.5192  -68.8178 
  PUNTA_NEGRA                                SURFACE                                    
  SYNOP             PUNTA_NEGRA            800  F     F       1
 -888888.000 -888888.000 -888888.000 -888888.000     800.000       0.000     272.750       0.000       1.762     129.000       0.712     129.000      86.000       0.000   92180.000       0.000 -888888.000 -888888.000
 20260705075500
  -31.6500  -68.3000 
  ECOHUMUS                                   SURFACE                                    
  SYNOP             ECOHUMUS               600  F     F       1
 -888888.000 -888888.000 -888888.000 -888888.000     600.000       0.000     271.250       0.000       0.174     129.000      -4.997     129.000      94.000       0.000   95510.000       0.000 -888888.000 -888888.000
 20260705080000
  -31.6500  -68.5833 
  INTA_POCITO                                SURFACE                                    
  SYNOP             INTA_POCITO            615  F     F       1
 -888888.000 -888888.000 -888888.000 -888888.000     615.000       0.000     272.150       0.000      -0.000     129.000      -0.000     129.000      90.000       0.000   94670.000       0.000 -888888.000 -888888.000
 20260705080000
  -31.4667  -68.6667 
  ULLUM_EMBALSE                              SURFACE                                    
  SYNOP             ULLUM_EMBALSE          768  F     F       1
 -888888.000 -888888.000 -888888.000 -888888.000     768.000       0.000     272.850       0.000      -0.707     129.000     -13.481     129.000      86.000       0.000   93000.000       0.000 -888888.000 -888888.000
 20260705080000
  -31.5192  -68.8178 
  PUNTA_NEGRA                                SURFACE                                    
  SYNOP             PUNTA_NEGRA            800  F     F       1
 -888888.000 -888888.000 -888888.000 -888888.000     800.000       0.000     273.450       0.000      -0.031     129.000       0.095     129.000      83.000       0.000   92180.000       0.000 -888888.000 -888888.000
 20260705080000
  -31.6500  -68.3000 
  ECOHUMUS                                   SURFACE                                    
  SYNOP             ECOHUMUS               600  F     F       1
 -888888.000 -888888.000 -888888.000 -888888.000     600.000       0.000     271.250       0.000      -0.340     129.000      -6.491     129.000      94.000       0.000   95520.000       0.000 -888888.000 -888888.000
 20260705080500
  -31.6500  -68.5833 
  INTA_POCITO                                SURFACE                                    
  SYNOP             INTA_POCITO            615  F     F       1
 -888888.000 -888888.000 -888888.000 -888888.000     615.000       0.000     271.950       0.000      -0.000     129.000      -0.000     129.000      90.000       0.000   94680.000       0.000 -888888.000 -888888.000
 20260705080500
  -31.4667  -68.6667 
  ULLUM_EMBALSE                              SURFACE                                    
  SYNOP             ULLUM_EMBALSE          768  F     F       1
 -888888.000 -888888.000 -888888.000 -888888.000     768.000       0.000     273.050       0.000       1.489     129.000     -10.596     129.000      86.000       0.000   93000.000       0.000 -888888.000 -888888.000
 20260705080500
  -31.5192  -68.8178 
  PUNTA_NEGRA                                SURFACE                                    
  SYNOP             PUNTA_NEGRA            800  F     F       1
 -888888.000 -888888.000 -888888.000 -888888.000     800.000       0.000     272.950       0.000      -0.755     129.000       0.490     129.000      83.000       0.000   92190.000       0.000 -888888.000 -888888.000
 20260705080500
  -31.6500  -68.3000 
  ECOHUMUS                                   SURFACE                                    
  SYNOP             ECOHUMUS               600  F     F       1
 -888888.000 -888888.000 -888888.000 -888888.000     600.000       0.000     271.450       0.000      -1.298     129.000      -6.675     129.000      94.000       0.000   95510.000       0.000 -888888.000 -888888.000
 20260705081000
  -31.6500  -68.5833 
  INTA_POCITO                                SURFACE                                    
  SYNOP             INTA_POCITO            615  F     F       1
 -888888.000 -888888.000 -888888.000 -888888.000     615.000       0.000     271.950       0.000      -0.000     129.000      -0.000     129.000      90.000       0.000   94690.000       0.000 -888888.000 -888888.000
 20260705081000
  -31.4667  -68.6667 
  ULLUM_EMBALSE                              SURFACE                                    
  SYNOP             ULLUM_EMBALSE          768  F     F       1
 -888888.000 -888888.000 -888888.000 -888888.000     768.000       0.000     273.150       0.000       2.137     129.000     -10.994     129.000      85.000       0.000   93010.000       0.000 -888888.000 -888888.000
 20260705081000
  -31.5192  -68.8178 
  PUNTA_NEGRA                                SURFACE                                    
  SYNOP             PUNTA_NEGRA            800  F     F       1
 -888888.000 -888888.000 -888888.000 -888888.000     800.000       0.000     272.650       0.000      -0.703     129.000      -1.657     129.000      84.000       0.000   92200.000       0.000 -888888.000 -888888.000
 20260705081000
  -31.6500  -68.3000 
  ECOHUMUS                                   SURFACE                                    
  SYNOP             ECOHUMUS               600  F     F       1
 -888888.000 -888888.000 -888888.000 -888888.000     600.000       0.000     271.550       0.000      -0.098     129.000      -5.599     129.000      94.000       0.000   95520.000       0.000 -888888.000 -888888.000
 20260705081500
  -31.6500  -68.5833 
  INTA_POCITO                                SURFACE                                    
  SYNOP             INTA_POCITO            615  F     F       1
 -888888.000 -888888.000 -888888.000 -888888.000     615.000       0.000     272.250       0.000       0.000     129.000      -0.000     129.000      91.000       0.000   94690.000       0.000 -888888.000 -888888.000
 20260705081500
  -31.4667  -68.6667 
  ULLUM_EMBALSE                              SURFACE                                    
  SYNOP             ULLUM_EMBALSE          768  F     F       1
 -888888.000 -888888.000 -888888.000 -888888.000     768.000       0.000     273.250       0.000       3.363     129.000     -13.487     129.000      85.000       0.000   93020.000       0.000 -888888.000 -888888.000
 20260705081500
  -31.5192  -68.8178 
  PUNTA_NEGRA                                SURFACE                                    
  SYNOP             PUNTA_NEGRA            800  F     F       1
 -888888.000 -888888.000 -888888.000 -888888.000     800.000       0.000     273.150       0.000      -0.577     129.000       0.165     129.000      83.000       0.000   92210.000       0.000 -888888.000 -888888.000
 20260705081500
  -31.6500  -68.3000 
  ECOHUMUS                                   SURFACE                                    
  SYNOP             ECOHUMUS               600  F     F       1
 -888888.000 -888888.000 -888888.000 -888888.000     600.000       0.000     271.650       0.000      -0.936     129.000      -4.402     129.000      93.000       0.000   95510.000       0.000 -888888.000 -888888.000
 20260705082000
  -31.6500  -68.5833 
  INTA_POCITO                                SURFACE                                    
  SYNOP             INTA_POCITO            615  F     F       1
 -888888.000 -888888.000 -888888.000 -888888.000     615.000       0.000     272.350       0.000       0.000     129.000      -0.000     129.000      91.000       0.000   94690.000       0.000 -888888.000 -888888.000
 20260705082000
  -31.4667  -68.6667 
  ULLUM_EMBALSE                              SURFACE                                    
  SYNOP             ULLUM_EMBALSE          768  F     F       1
 -888888.000 -888888.000 -888888.000 -888888.000     768.000       0.000     273.350       0.000       2.159     129.000     -13.630     129.000      85.000       0.000   93010.000       0.000 -888888.000 -888888.000
 20260705082000
  -31.5192  -68.8178 
  PUNTA_NEGRA                                SURFACE                                    
  SYNOP             PUNTA_NEGRA            800  F     F       1
 -888888.000 -888888.000 -888888.000 -888888.000     800.000       0.000     272.450       0.000       0.000     129.000       0.000     129.000      84.000       0.000   92230.000       0.000 -888888.000 -888888.000
 20260705082000
  -31.6500  -68.3000 
  ECOHUMUS                                   SURFACE                                    
  SYNOP             ECOHUMUS               600  F     F       1
 -888888.000 -888888.000 -888888.000 -888888.000     600.000       0.000     271.650       0.000      -0.564     129.000      -5.370     129.000      93.000       0.000   95530.000       0.000 -888888.000 -888888.000
 20260705082500
  -31.6500  -68.5833 
  INTA_POCITO                                SURFACE                                    
  SYNOP             INTA_POCITO            615  F     F       1
 -888888.000 -888888.000 -888888.000 -888888.000     615.000       0.000     272.350       0.000       0.000     129.000      -0.000     129.000      91.000       0.000   94690.000       0.000 -888888.000 -888888.000
 20260705082500
  -31.4667  -68.6667 
  ULLUM_EMBALSE                              SURFACE                                    
  SYNOP             ULLUM_EMBALSE          768  F     F       1
 -888888.000 -888888.000 -888888.000 -888888.000     768.000       0.000     273.250       0.000       4.720     129.000     -12.968     129.000      85.000       0.000   93030.000       0.000 -888888.000 -888888.000
 20260705082500
  -31.5192  -68.8178 
  PUNTA_NEGRA                                SURFACE                                    
  SYNOP             PUNTA_NEGRA            800  F     F       1
 -888888.000 -888888.000 -888888.000 -888888.000     800.000       0.000     272.150       0.000       0.138     129.000       0.481     129.000      85.000       0.000   92220.000       0.000 -888888.000 -888888.000
 20260705082500
  -31.6500  -68.3000 
  ECOHUMUS                                   SURFACE                                    
  SYNOP             ECOHUMUS               600  F     F       1
 -888888.000 -888888.000 -888888.000 -888888.000     600.000       0.000     271.850       0.000      -0.932     129.000      -6.635     129.000      93.000       0.000   95530.000       0.000 -888888.000 -888888.000
 20260705083000
  -31.6500  -68.5833 
  INTA_POCITO                                SURFACE                                    
  SYNOP             INTA_POCITO            615  F     F       1
 -888888.000 -888888.000 -888888.000 -888888.000     615.000       0.000     272.050       0.000       0.000     129.000      -0.000     129.000      91.000       0.000   94690.000       0.000 -888888.000 -888888.000
 20260705083000
  -31.4667  -68.6667 
  ULLUM_EMBALSE                              SURFACE                                    
  SYNOP             ULLUM_EMBALSE          768  F     F       1
 -888888.000 -888888.000 -888888.000 -888888.000     768.000       0.000     273.350       0.000       7.305     129.000      -5.916     129.000      85.000       0.000   93030.000       0.000 -888888.000 -888888.000
 20260705083000
  -31.5192  -68.8178 
  PUNTA_NEGRA                                SURFACE                                    
  SYNOP             PUNTA_NEGRA            800  F     F       1
 -888888.000 -888888.000 -888888.000 -888888.000     800.000       0.000     271.650       0.000      -0.554     129.000       0.709     129.000      86.000       0.000   92220.000       0.000 -888888.000 -888888.000
 20260705083000
  -31.6500  -68.3000 
  ECOHUMUS                                   SURFACE                                    
  SYNOP             ECOHUMUS               600  F     F       1
 -888888.000 -888888.000 -888888.000 -888888.000     600.000       0.000     272.050       0.000      -1.737     129.000      -6.056     129.000      93.000       0.000   95540.000       0.000 -888888.000 -888888.000
 20260705083500
  -31.6500  -68.5833 
  INTA_POCITO                                SURFACE                                    
  SYNOP             INTA_POCITO            615  F     F       1
 -888888.000 -888888.000 -888888.000 -888888.000     615.000       0.000     271.850       0.000       0.000     129.000      -0.000     129.000      91.000       0.000   94720.000       0.000 -888888.000 -888888.000
 20260705083500
  -31.4667  -68.6667 
  ULLUM_EMBALSE                              SURFACE                                    
  SYNOP             ULLUM_EMBALSE          768  F     F       1
 -888888.000 -888888.000 -888888.000 -888888.000     768.000       0.000     273.350       0.000       9.561     129.000      -6.209     129.000      85.000       0.000   93050.000       0.000 -888888.000 -888888.000
 20260705083500
  -31.5192  -68.8178 
  PUNTA_NEGRA                                SURFACE                                    
  SYNOP             PUNTA_NEGRA            800  F     F       1
 -888888.000 -888888.000 -888888.000 -888888.000     800.000       0.000     271.450       0.000       1.642     129.000      -0.440     129.000      87.000       0.000   92230.000       0.000 -888888.000 -888888.000
 20260705083500
  -31.6500  -68.3000 
  ECOHUMUS                                   SURFACE                                    
  SYNOP             ECOHUMUS               600  F     F       1
 -888888.000 -888888.000 -888888.000 -888888.000     600.000       0.000     272.150       0.000      -0.168     129.000      -4.797     129.000      93.000       0.000   95540.000       0.000 -888888.000 -888888.000
 20260705084000
  -31.6500  -68.5833 
  INTA_POCITO                                SURFACE                                    
  SYNOP             INTA_POCITO            615  F     F       1
 -888888.000 -888888.000 -888888.000 -888888.000     615.000       0.000     271.650       0.000       0.000     129.000      -0.000     129.000      91.000       0.000   94720.000       0.000 -888888.000 -888888.000
 20260705084000
  -31.4667  -68.6667 
  ULLUM_EMBALSE                              SURFACE                                    
  SYNOP             ULLUM_EMBALSE          768  F     F       1
 -888888.000 -888888.000 -888888.000 -888888.000     768.000       0.000     273.250       0.000       9.803     129.000      -3.763     129.000      84.000       0.000   93060.000       0.000 -888888.000 -888888.000
 20260705084000
  -31.5192  -68.8178 
  PUNTA_NEGRA                                SURFACE                                    
  SYNOP             PUNTA_NEGRA            800  F     F       1
 -888888.000 -888888.000 -888888.000 -888888.000     800.000       0.000     271.850       0.000       0.096     129.000       0.028     129.000      88.000       0.000   92250.000       0.000 -888888.000 -888888.000
 20260705084000
  -31.6500  -68.3000 
  ECOHUMUS                                   SURFACE                                    
  SYNOP             ECOHUMUS               600  F     F       1
 -888888.000 -888888.000 -888888.000 -888888.000     600.000       0.000     272.150       0.000       0.432     129.000      -6.185     129.000      93.000       0.000   95540.000       0.000 -888888.000 -888888.000
 20260705084500
  -31.6500  -68.5833 
  INTA_POCITO                                SURFACE                                    
  SYNOP             INTA_POCITO            615  F     F       1
 -888888.000 -888888.000 -888888.000 -888888.000     615.000       0.000     271.350       0.000       0.000     129.000      -0.000     129.000      91.000       0.000   94720.000       0.000 -888888.000 -888888.000
 20260705084500
  -31.4667  -68.6667 
  ULLUM_EMBALSE                              SURFACE                                    
  SYNOP             ULLUM_EMBALSE          768  F     F       1
 -888888.000 -888888.000 -888888.000 -888888.000     768.000       0.000     273.450       0.000      10.212     129.000      -3.516     129.000      84.000       0.000   93050.000       0.000 -888888.000 -888888.000
 20260705084500
  -31.5192  -68.8178 
  PUNTA_NEGRA                                SURFACE                                    
  SYNOP             PUNTA_NEGRA            800  F     F       1
 -888888.000 -888888.000 -888888.000 -888888.000     800.000       0.000     271.650       0.000       0.000     129.000       0.000     129.000      88.000       0.000   92270.000       0.000 -888888.000 -888888.000
 20260705084500
  -31.6500  -68.3000 
  ECOHUMUS                                   SURFACE                                    
  SYNOP             ECOHUMUS               600  F     F       1
 -888888.000 -888888.000 -888888.000 -888888.000     600.000       0.000     272.350       0.000      -1.095     129.000      -6.914     129.000      93.000       0.000   95550.000       0.000 -888888.000 -888888.000
 20260705085000
  -31.6500  -68.5833 
  INTA_POCITO                                SURFACE                                    
  SYNOP             INTA_POCITO            615  F     F       1
 -888888.000 -888888.000 -888888.000 -888888.000     615.000       0.000     271.150       0.000       0.000     129.000      -0.000     129.000      91.000       0.000   94730.000       0.000 -888888.000 -888888.000
 20260705085000
  -31.4667  -68.6667 
  ULLUM_EMBALSE                              SURFACE                                    
  SYNOP             ULLUM_EMBALSE          768  F     F       1
 -888888.000 -888888.000 -888888.000 -888888.000     768.000       0.000     273.450       0.000      12.576     129.000      -1.767     129.000      84.000       0.000   93060.000       0.000 -888888.000 -888888.000
 20260705085000
  -31.5192  -68.8178 
  PUNTA_NEGRA                                SURFACE                                    
  SYNOP             PUNTA_NEGRA            800  F     F       1
 -888888.000 -888888.000 -888888.000 -888888.000     800.000       0.000     271.450       0.000       0.083     129.000       0.056     129.000      88.000       0.000   92270.000       0.000 -888888.000 -888888.000
 20260705085000
  -31.6500  -68.3000 
  ECOHUMUS                                   SURFACE                                    
  SYNOP             ECOHUMUS               600  F     F       1
 -888888.000 -888888.000 -888888.000 -888888.000     600.000       0.000     272.450       0.000      -0.792     129.000      -6.452     129.000      93.000       0.000   95550.000       0.000 -888888.000 -888888.000
 20260705085500
  -31.6500  -68.5833 
  INTA_POCITO                                SURFACE                                    
  SYNOP             INTA_POCITO            615  F     F       1
 -888888.000 -888888.000 -888888.000 -888888.000     615.000       0.000     271.450       0.000       0.000     129.000      -0.000     129.000      91.000       0.000   94740.000       0.000 -888888.000 -888888.000
 20260705085500
  -31.4667  -68.6667 
  ULLUM_EMBALSE                              SURFACE                                    
  SYNOP             ULLUM_EMBALSE          768  F     F       1
 -888888.000 -888888.000 -888888.000 -888888.000     768.000       0.000     273.550       0.000      13.136     129.000      -2.081     129.000      83.000       0.000   93070.000       0.000 -888888.000 -888888.000
 20260705085500
  -31.5192  -68.8178 
  PUNTA_NEGRA                                SURFACE                                    
  SYNOP             PUNTA_NEGRA            800  F     F       1
 -888888.000 -888888.000 -888888.000 -888888.000     800.000       0.000     271.650       0.000       0.332     129.000       0.224     129.000      88.000       0.000   92260.000       0.000 -888888.000 -888888.000
 20260705085500
  -31.6500  -68.3000 
  ECOHUMUS                                   SURFACE                                    
  SYNOP             ECOHUMUS               600  F     F       1
 -888888.000 -888888.000 -888888.000 -888888.000     600.000       0.000     272.650       0.000      -0.596     129.000      -5.669     129.000      92.000       0.000   95550.000       0.000 -888888.000 -888888.000
 20260705090000
  -31.6500  -68.5833 
  INTA_POCITO                                SURFACE                                    
  SYNOP             INTA_POCITO            615  F     F       1
 -888888.000 -888888.000 -888888.000 -888888.000     615.000       0.000     271.650       0.000       0.000     129.000      -0.000     129.000      91.000       0.000   94730.000       0.000 -888888.000 -888888.000
 20260705090000
  -31.4667  -68.6667 
  ULLUM_EMBALSE                              SURFACE                                    
  SYNOP             ULLUM_EMBALSE          768  F     F       1
 -888888.000 -888888.000 -888888.000 -888888.000     768.000       0.000     273.650       0.000       8.065     129.000     -10.323     129.000      84.000       0.000   93070.000       0.000 -888888.000 -888888.000
 20260705090000
  -31.5192  -68.8178 
  PUNTA_NEGRA                                SURFACE                                    
  SYNOP             PUNTA_NEGRA            800  F     F       1
 -888888.000 -888888.000 -888888.000 -888888.000     800.000       0.000     271.850       0.000       0.000     129.000       0.000     129.000      88.000       0.000   92260.000       0.000 -888888.000 -888888.000
 20260705090000
  -31.6500  -68.3000 
  ECOHUMUS                                   SURFACE                                    
  SYNOP             ECOHUMUS               600  F     F       1
 -888888.000 -888888.000 -888888.000 -888888.000     600.000       0.000     272.850       0.000      -1.125     129.000      -4.872     129.000      92.000       0.000   95570.000       0.000 -888888.000 -888888.000
 20260705090500
  -31.6500  -68.5833 
  INTA_POCITO                                SURFACE                                    
  SYNOP             INTA_POCITO            615  F     F       1
 -888888.000 -888888.000 -888888.000 -888888.000     615.000       0.000     271.850       0.000       0.000     129.000      -0.000     129.000      91.000       0.000   94740.000       0.000 -888888.000 -888888.000
 20260705090500
  -31.4667  -68.6667 
  ULLUM_EMBALSE                              SURFACE                                    
  SYNOP             ULLUM_EMBALSE          768  F     F       1
 -888888.000 -888888.000 -888888.000 -888888.000     768.000       0.000     273.250       0.000       3.160     129.000     -14.868     129.000      84.000       0.000   93070.000       0.000 -888888.000 -888888.000
 20260705090500
  -31.5192  -68.8178 
  PUNTA_NEGRA                                SURFACE                                    
  SYNOP             PUNTA_NEGRA            800  F     F       1
 -888888.000 -888888.000 -888888.000 -888888.000     800.000       0.000     271.950       0.000       0.000     129.000       0.000     129.000      87.000       0.000   92260.000       0.000 -888888.000 -888888.000
 20260705090500
  -31.6500  -68.3000 
  ECOHUMUS                                   SURFACE                                    
  SYNOP             ECOHUMUS               600  F     F       1
 -888888.000 -888888.000 -888888.000 -888888.000     600.000       0.000     273.050       0.000      -0.506     129.000      -5.778     129.000      92.000       0.000   95570.000       0.000 -888888.000 -888888.000
 20260705091000
  -31.6500  -68.5833 
  INTA_POCITO                                SURFACE                                    
  SYNOP             INTA_POCITO            615  F     F       1
 -888888.000 -888888.000 -888888.000 -888888.000     615.000       0.000     272.150       0.000       0.000     129.000      -0.000     129.000      91.000       0.000   94740.000       0.000 -888888.000 -888888.000
 20260705091000
  -31.4667  -68.6667 
  ULLUM_EMBALSE                              SURFACE                                    
  SYNOP             ULLUM_EMBALSE          768  F     F       1
 -888888.000 -888888.000 -888888.000 -888888.000     768.000       0.000     273.450       0.000       5.770     129.000     -15.031     129.000      84.000       0.000   93070.000       0.000 -888888.000 -888888.000
 20260705091000
  -31.5192  -68.8178 
  PUNTA_NEGRA                                SURFACE                                    
  SYNOP             PUNTA_NEGRA            800  F     F       1
 -888888.000 -888888.000 -888888.000 -888888.000     800.000       0.000     272.050       0.000       0.000     129.000       0.000     129.000      87.000       0.000   92270.000       0.000 -888888.000 -888888.000
 20260705091000
  -31.6500  -68.3000 
  ECOHUMUS                                   SURFACE                                    
  SYNOP             ECOHUMUS               600  F     F       1
 -888888.000 -888888.000 -888888.000 -888888.000     600.000       0.000     273.150       0.000      -0.481     129.000      -6.883     129.000      92.000       0.000   95560.000       0.000 -888888.000 -888888.000
 20260705091500
  -31.6500  -68.5833 
  INTA_POCITO                                SURFACE                                    
  SYNOP             INTA_POCITO            615  F     F       1
 -888888.000 -888888.000 -888888.000 -888888.000     615.000       0.000     272.250       0.000       0.000     129.000      -0.000     129.000      91.000       0.000   94730.000       0.000 -888888.000 -888888.000
 20260705091500
  -31.4667  -68.6667 
  ULLUM_EMBALSE                              SURFACE                                    
  SYNOP             ULLUM_EMBALSE          768  F     F       1
 -888888.000 -888888.000 -888888.000 -888888.000     768.000       0.000     273.150       0.000       6.739     129.000     -12.157     129.000      84.000       0.000   93080.000       0.000 -888888.000 -888888.000
 20260705091500
  -31.5192  -68.8178 
  PUNTA_NEGRA                                SURFACE                                    
  SYNOP             PUNTA_NEGRA            800  F     F       1
 -888888.000 -888888.000 -888888.000 -888888.000     800.000       0.000     272.350       0.000       0.000     129.000       0.000     129.000      86.000       0.000   92280.000       0.000 -888888.000 -888888.000
 20260705091500
  -31.6500  -68.3000 
  ECOHUMUS                                   SURFACE                                    
  SYNOP             ECOHUMUS               600  F     F       1
 -888888.000 -888888.000 -888888.000 -888888.000     600.000       0.000     273.450       0.000      -0.721     129.000      -6.862     129.000      91.000       0.000   95560.000       0.000 -888888.000 -888888.000
 20260705092000
  -31.6500  -68.5833 
  INTA_POCITO                                SURFACE                                    
  SYNOP             INTA_POCITO            615  F     F       1
 -888888.000 -888888.000 -888888.000 -888888.000     615.000       0.000     272.350       0.000      -0.064     129.000      -0.077     129.000      91.000       0.000   94740.000       0.000 -888888.000 -888888.000
 20260705092000
  -31.4667  -68.6667 
  ULLUM_EMBALSE                              SURFACE                                    
  SYNOP             ULLUM_EMBALSE          768  F     F       1
 -888888.000 -888888.000 -888888.000 -888888.000     768.000       0.000     273.150       0.000       3.287     129.000     -12.267     129.000      85.000       0.000   93090.000       0.000 -888888.000 -888888.000
 20260705092000
  -31.5192  -68.8178 
  PUNTA_NEGRA                                SURFACE                                    
  SYNOP             PUNTA_NEGRA            800  F     F       1
 -888888.000 -888888.000 -888888.000 -888888.000     800.000       0.000     272.550       0.000       0.000     129.000       0.000     129.000      86.000       0.000   92280.000       0.000 -888888.000 -888888.000
 20260705092000
  -31.6500  -68.3000 
  ECOHUMUS                                   SURFACE                                    
  SYNOP             ECOHUMUS               600  F     F       1
 -888888.000 -888888.000 -888888.000 -888888.000     600.000       0.000     273.650       0.000      -1.227     129.000      -5.771     129.000      91.000       0.000   95570.000       0.000 -888888.000 -888888.000
 20260705092500
  -31.6500  -68.5833 
  INTA_POCITO                                SURFACE                                    
  SYNOP             INTA_POCITO            615  F     F       1
 -888888.000 -888888.000 -888888.000 -888888.000     615.000       0.000     272.550       0.000      -0.000     129.000      -0.000     129.000      91.000       0.000   94750.000       0.000 -888888.000 -888888.000
 20260705092500
  -31.4667  -68.6667 
  ULLUM_EMBALSE                              SURFACE                                    
  SYNOP             ULLUM_EMBALSE          768  F     F       1
 -888888.000 -888888.000 -888888.000 -888888.000     768.000       0.000     273.050       0.000       1.359     129.000     -12.929     129.000      85.000       0.000   93100.000       0.000 -888888.000 -888888.000
 20260705092500
  -31.5192  -68.8178 
  PUNTA_NEGRA                                SURFACE                                    
  SYNOP             PUNTA_NEGRA            800  F     F       1
 -888888.000 -888888.000 -888888.000 -888888.000     800.000       0.000     272.750       0.000       0.000     129.000       0.000     129.000      86.000       0.000   92280.000       0.000 -888888.000 -888888.000
 20260705092500
  -31.6500  -68.3000 
  ECOHUMUS                                   SURFACE                                    
  SYNOP             ECOHUMUS               600  F     F       1
 -888888.000 -888888.000 -888888.000 -888888.000     600.000       0.000     273.950       0.000      -0.230     129.000      -6.596     129.000      90.000       0.000   95560.000       0.000 -888888.000 -888888.000
 20260705093000
  -31.6500  -68.5833 
  INTA_POCITO                                SURFACE                                    
  SYNOP             INTA_POCITO            615  F     F       1
 -888888.000 -888888.000 -888888.000 -888888.000     615.000       0.000     272.750       0.000      -0.000     129.000      -0.000     129.000      91.000       0.000   94750.000       0.000 -888888.000 -888888.000
 20260705093000
  -31.4667  -68.6667 
  ULLUM_EMBALSE                              SURFACE                                    
  SYNOP             ULLUM_EMBALSE          768  F     F       1
 -888888.000 -888888.000 -888888.000 -888888.000     768.000       0.000     273.150       0.000       2.159     129.000     -13.630     129.000      85.000       0.000   93100.000       0.000 -888888.000 -888888.000
 20260705093000
  -31.5192  -68.8178 
  PUNTA_NEGRA                                SURFACE                                    
  SYNOP             PUNTA_NEGRA            800  F     F       1
 -888888.000 -888888.000 -888888.000 -888888.000     800.000       0.000     272.950       0.000      -0.185     129.000       0.571     129.000      85.000       0.000   92290.000       0.000 -888888.000 -888888.000
 20260705093000
  -31.6500  -68.3000 
  ECOHUMUS                                   SURFACE                                    
  SYNOP             ECOHUMUS               600  F     F       1
 -888888.000 -888888.000 -888888.000 -888888.000     600.000       0.000     274.250       0.000       0.829     129.000      -6.749     129.000      89.000       0.000   95570.000       0.000 -888888.000 -888888.000
 20260705093500
  -31.6500  -68.5833 
  INTA_POCITO                                SURFACE                                    
  SYNOP             INTA_POCITO            615  F     F       1
 -888888.000 -888888.000 -888888.000 -888888.000     615.000       0.000     273.450       0.000      -0.000     129.000      -0.000     129.000      91.000       0.000   94740.000       0.000 -888888.000 -888888.000
 20260705093500
  -31.4667  -68.6667 
  ULLUM_EMBALSE                              SURFACE                                    
  SYNOP             ULLUM_EMBALSE          768  F     F       1
 -888888.000 -888888.000 -888888.000 -888888.000     768.000       0.000     273.350       0.000       4.925     129.000     -13.532     129.000      85.000       0.000   93090.000       0.000 -888888.000 -888888.000
 20260705093500
  -31.5192  -68.8178 
  PUNTA_NEGRA                                SURFACE                                    
  SYNOP             PUNTA_NEGRA            800  F     F       1
 -888888.000 -888888.000 -888888.000 -888888.000     800.000       0.000     273.150       0.000       0.262     129.000       0.145     129.000      85.000       0.000   92280.000       0.000 -888888.000 -888888.000
 20260705093500
  -31.6500  -68.3000 
  ECOHUMUS                                   SURFACE                                    
  SYNOP             ECOHUMUS               600  F     F       1
 -888888.000 -888888.000 -888888.000 -888888.000     600.000       0.000     274.350       0.000       0.836     129.000      -7.956     129.000      88.000       0.000   95580.000       0.000 -888888.000 -888888.000
 20260705094000
  -31.6500  -68.5833 
  INTA_POCITO                                SURFACE                                    
  SYNOP             INTA_POCITO            615  F     F       1
 -888888.000 -888888.000 -888888.000 -888888.000     615.000       0.000     273.950       0.000      -0.000     129.000      -0.000     129.000      91.000       0.000   94750.000       0.000 -888888.000 -888888.000
 20260705094000
  -31.4667  -68.6667 
  ULLUM_EMBALSE                              SURFACE                                    
  SYNOP             ULLUM_EMBALSE          768  F     F       1
 -888888.000 -888888.000 -888888.000 -888888.000     768.000       0.000     273.550       0.000       6.170     129.000     -13.232     129.000      84.000       0.000   93090.000       0.000 -888888.000 -888888.000
 20260705094000
  -31.5192  -68.8178 
  PUNTA_NEGRA                                SURFACE                                    
  SYNOP             PUNTA_NEGRA            800  F     F       1
 -888888.000 -888888.000 -888888.000 -888888.000     800.000       0.000     273.250       0.000       0.000     129.000       0.000     129.000      84.000       0.000   92290.000       0.000 -888888.000 -888888.000
 20260705094000
  -31.6500  -68.3000 
  ECOHUMUS                                   SURFACE                                    
  SYNOP             ECOHUMUS               600  F     F       1
 -888888.000 -888888.000 -888888.000 -888888.000     600.000       0.000     274.750       0.000       0.509     129.000      -7.282     129.000      87.000       0.000   95580.000       0.000 -888888.000 -888888.000
 20260705094500
  -31.6500  -68.5833 
  INTA_POCITO                                SURFACE                                    
  SYNOP             INTA_POCITO            615  F     F       1
 -888888.000 -888888.000 -888888.000 -888888.000     615.000       0.000     274.350       0.000      -0.000     129.000      -0.000     129.000      90.000       0.000   94770.000       0.000 -888888.000 -888888.000
 20260705094500
  -31.4667  -68.6667 
  ULLUM_EMBALSE                              SURFACE                                    
  SYNOP             ULLUM_EMBALSE          768  F     F       1
 -888888.000 -888888.000 -888888.000 -888888.000     768.000       0.000     273.650       0.000       6.589     129.000     -14.799     129.000      84.000       0.000   93110.000       0.000 -888888.000 -888888.000
 20260705094500
  -31.5192  -68.8178 
  PUNTA_NEGRA                                SURFACE                                    
  SYNOP             PUNTA_NEGRA            800  F     F       1
 -888888.000 -888888.000 -888888.000 -888888.000     800.000       0.000     273.450       0.000      -0.062     129.000       0.079     129.000      83.000       0.000   92280.000       0.000 -888888.000 -888888.000
 20260705094500
  -31.6500  -68.3000 
  ECOHUMUS                                   SURFACE                                    
  SYNOP             ECOHUMUS               600  F     F       1
 -888888.000 -888888.000 -888888.000 -888888.000     600.000       0.000     275.250       0.000      -0.645     129.000      -7.372     129.000      86.000       0.000   95600.000       0.000 -888888.000 -888888.000
 20260705095000
  -31.6500  -68.5833 
  INTA_POCITO                                SURFACE                                    
  SYNOP             INTA_POCITO            615  F     F       1
 -888888.000 -888888.000 -888888.000 -888888.000     615.000       0.000     275.050       0.000      -0.000     129.000      -0.000     129.000      90.000       0.000   94780.000       0.000 -888888.000 -888888.000
 20260705095000
  -31.4667  -68.6667 
  ULLUM_EMBALSE                              SURFACE                                    
  SYNOP             ULLUM_EMBALSE          768  F     F       1
 -888888.000 -888888.000 -888888.000 -888888.000     768.000       0.000     273.750       0.000       6.448     129.000     -11.632     129.000      84.000       0.000   93110.000       0.000 -888888.000 -888888.000
 20260705095000
  -31.5192  -68.8178 
  PUNTA_NEGRA                                SURFACE                                    
  SYNOP             PUNTA_NEGRA            800  F     F       1
 -888888.000 -888888.000 -888888.000 -888888.000     800.000       0.000     273.950       0.000      -0.000     129.000       0.000     129.000      82.000       0.000   92290.000       0.000 -888888.000 -888888.000
 20260705095000
  -31.6500  -68.3000 
  ECOHUMUS                                   SURFACE                                    
  SYNOP             ECOHUMUS               600  F     F       1
 -888888.000 -888888.000 -888888.000 -888888.000     600.000       0.000     275.550       0.000       2.474     129.000      -7.186     129.000      84.000       0.000   95590.000       0.000 -888888.000 -888888.000
 20260705095500
  -31.6500  -68.5833 
  INTA_POCITO                                SURFACE                                    
  SYNOP             INTA_POCITO            615  F     F       1
 -888888.000 -888888.000 -888888.000 -888888.000     615.000       0.000     275.050       0.000      -0.000     129.000      -0.000     129.000      89.000       0.000   94770.000       0.000 -888888.000 -888888.000
 20260705095500
  -31.4667  -68.6667 
  ULLUM_EMBALSE                              SURFACE                                    
  SYNOP             ULLUM_EMBALSE          768  F     F       1
 -888888.000 -888888.000 -888888.000 -888888.000     768.000       0.000     273.950       0.000       6.861     129.000      -9.104     129.000      84.000       0.000   93110.000       0.000 -888888.000 -888888.000
 20260705095500
  -31.5192  -68.8178 
  PUNTA_NEGRA                                SURFACE                                    
  SYNOP             PUNTA_NEGRA            800  F     F       1
 -888888.000 -888888.000 -888888.000 -888888.000     800.000       0.000     274.250       0.000      -0.009     129.000       0.100     129.000      80.000       0.000   92300.000       0.000 -888888.000 -888888.000
 20260705095500
  -31.6500  -68.3000 
  ECOHUMUS                                   SURFACE                                    
  SYNOP             ECOHUMUS               600  F     F       1
 -888888.000 -888888.000 -888888.000 -888888.000     600.000       0.000     275.850       0.000       1.488     129.000      -7.657     129.000      82.000       0.000   95610.000       0.000 -888888.000 -888888.000
 20260705100000
  -31.6500  -68.5833 
  INTA_POCITO                                SURFACE                                    
  SYNOP             INTA_POCITO            615  F     F       1
 -888888.000 -888888.000 -888888.000 -888888.000     615.000       0.000     275.550       0.000      -0.000     129.000      -0.000     129.000      88.000       0.000   94770.000       0.000 -888888.000 -888888.000
 20260705100000
  -31.4667  -68.6667 
  ULLUM_EMBALSE                              SURFACE                                    
  SYNOP             ULLUM_EMBALSE          768  F     F       1
 -888888.000 -888888.000 -888888.000 -888888.000     768.000       0.000     274.050       0.000       7.013     129.000      -5.479     129.000      84.000       0.000   93120.000       0.000 -888888.000 -888888.000
 20260705100000
  -31.5192  -68.8178 
  PUNTA_NEGRA                                SURFACE                                    
  SYNOP             PUNTA_NEGRA            800  F     F       1
 -888888.000 -888888.000 -888888.000 -888888.000     800.000       0.000     274.550       0.000      -0.208     129.000       0.216     129.000      79.000       0.000   92300.000       0.000 -888888.000 -888888.000
 20260705100000
  -31.6500  -68.3000 
  ECOHUMUS                                   SURFACE                                    
  SYNOP             ECOHUMUS               600  F     F       1
 -888888.000 -888888.000 -888888.000 -888888.000     600.000       0.000     276.050       0.000       1.941     129.000      -7.244     129.000      81.000       0.000   95620.000       0.000 -888888.000 -888888.000
 20260705100500
  -31.6500  -68.5833 
  INTA_POCITO                                SURFACE                                    
  SYNOP             INTA_POCITO            615  F     F       1
 -888888.000 -888888.000 -888888.000 -888888.000     615.000       0.000     276.850       0.000      -0.000     129.000      -0.000     129.000      87.000       0.000   94780.000       0.000 -888888.000 -888888.000
 20260705100500
  -31.4667  -68.6667 
  ULLUM_EMBALSE                              SURFACE                                    
  SYNOP             ULLUM_EMBALSE          768  F     F       1
 -888888.000 -888888.000 -888888.000 -888888.000     768.000       0.000     274.050       0.000       8.589     129.000      -6.711     129.000      83.000       0.000   93110.000       0.000 -888888.000 -888888.000
 20260705100500
  -31.5192  -68.8178 
  PUNTA_NEGRA                                SURFACE                                    
  SYNOP             PUNTA_NEGRA            800  F     F       1
 -888888.000 -888888.000 -888888.000 -888888.000     800.000       0.000     274.850       0.000       0.143     129.000       0.373     129.000      78.000       0.000   92290.000       0.000 -888888.000 -888888.000
 20260705100500
  -31.6500  -68.3000 
  ECOHUMUS                                   SURFACE                                    
  SYNOP             ECOHUMUS               600  F     F       1
 -888888.000 -888888.000 -888888.000 -888888.000     600.000       0.000     276.050       0.000      -0.279     129.000      -7.995     129.000      81.000       0.000   95620.000       0.000 -888888.000 -888888.000
 20260705101000
  -31.6500  -68.5833 
  INTA_POCITO                                SURFACE                                    
  SYNOP             INTA_POCITO            615  F     F       1
 -888888.000 -888888.000 -888888.000 -888888.000     615.000       0.000     277.550       0.000      -0.075     129.000      -0.185     129.000      84.000       0.000   94770.000       0.000 -888888.000 -888888.000
 20260705101000
  -31.4667  -68.6667 
  ULLUM_EMBALSE                              SURFACE                                    
  SYNOP             ULLUM_EMBALSE          768  F     F       1
 -888888.000 -888888.000 -888888.000 -888888.000     768.000       0.000     274.150       0.000       6.330     129.000      -6.113     129.000      83.000       0.000   93120.000       0.000 -888888.000 -888888.000
 20260705101000
  -31.5192  -68.8178 
  PUNTA_NEGRA                                SURFACE                                    
  SYNOP             PUNTA_NEGRA            800  F     F       1
 -888888.000 -888888.000 -888888.000 -888888.000     800.000       0.000     275.950       0.000      -0.037     129.000       0.093     129.000      75.000       0.000   92300.000       0.000 -888888.000 -888888.000
 20260705101000
  -31.6500  -68.3000 
  ECOHUMUS                                   SURFACE                                    
  SYNOP             ECOHUMUS               600  F     F       1
 -888888.000 -888888.000 -888888.000 -888888.000     600.000       0.000     276.350       0.000       0.962     129.000      -9.150     129.000      79.000       0.000   95630.000       0.000 -888888.000 -888888.000
 20260705101500
  -31.6500  -68.5833 
  INTA_POCITO                                SURFACE                                    
  SYNOP             INTA_POCITO            615  F     F       1
 -888888.000 -888888.000 -888888.000 -888888.000     615.000       0.000     278.050       0.000      -0.180     129.000      -0.088     129.000      79.000       0.000   94780.000       0.000 -888888.000 -888888.000
 20260705101500
  -31.4667  -68.6667 
  ULLUM_EMBALSE                              SURFACE                                    
  SYNOP             ULLUM_EMBALSE          768  F     F       1
 -888888.000 -888888.000 -888888.000 -888888.000     768.000       0.000     274.350       0.000       7.021     129.000      -6.547     129.000      83.000       0.000   93120.000       0.000 -888888.000 -888888.000
 20260705101500
  -31.5192  -68.8178 
  PUNTA_NEGRA                                SURFACE                                    
  SYNOP             PUNTA_NEGRA            800  F     F       1
 -888888.000 -888888.000 -888888.000 -888888.000     800.000       0.000     276.950       0.000      -0.090     129.000       0.390     129.000      71.000       0.000   92310.000       0.000 -888888.000 -888888.000
 20260705101500
  -31.6500  -68.3000 
  ECOHUMUS                                   SURFACE                                    
  SYNOP             ECOHUMUS               600  F     F       1
 -888888.000 -888888.000 -888888.000 -888888.000     600.000       0.000     276.650       0.000       0.000     129.000      -7.200     129.000      79.000       0.000   95630.000       0.000 -888888.000 -888888.000
 20260705102000
  -31.6500  -68.5833 
  INTA_POCITO                                SURFACE                                    
  SYNOP             INTA_POCITO            615  F     F       1
 -888888.000 -888888.000 -888888.000 -888888.000     615.000       0.000     278.450       0.000      -0.577     129.000       0.165     129.000      74.000       0.000   94800.000       0.000 -888888.000 -888888.000
 20260705102000
  -31.4667  -68.6667 
  ULLUM_EMBALSE                              SURFACE                                    
  SYNOP             ULLUM_EMBALSE          768  F     F       1
 -888888.000 -888888.000 -888888.000 -888888.000     768.000       0.000     274.350       0.000       6.546     129.000      -6.321     129.000      83.000       0.000   93130.000       0.000 -888888.000 -888888.000
 20260705102000
  -31.5192  -68.8178 
  PUNTA_NEGRA                                SURFACE                                    
  SYNOP             PUNTA_NEGRA            800  F     F       1
 -888888.000 -888888.000 -888888.000 -888888.000     800.000       0.000     277.250       0.000       0.500     129.000       0.866     129.000      69.000       0.000   92310.000       0.000 -888888.000 -888888.000
 20260705102000
  -31.6500  -68.3000 
  ECOHUMUS                                   SURFACE                                    
  SYNOP             ECOHUMUS               600  F     F       1
 -888888.000 -888888.000 -888888.000 -888888.000     600.000       0.000     277.050       0.000      -3.215     129.000      -8.833     129.000      77.000       0.000   95630.000       0.000 -888888.000 -888888.000
 20260705102500
  -31.6500  -68.5833 
  INTA_POCITO                                SURFACE                                    
  SYNOP             INTA_POCITO            615  F     F       1
 -888888.000 -888888.000 -888888.000 -888888.000     615.000       0.000     278.350       0.000       0.042     129.000      -0.599     129.000      72.000       0.000   94800.000       0.000 -888888.000 -888888.000
 20260705102500
  -31.4667  -68.6667 
  ULLUM_EMBALSE                              SURFACE                                    
  SYNOP             ULLUM_EMBALSE          768  F     F       1
 -888888.000 -888888.000 -888888.000 -888888.000     768.000       0.000     274.550       0.000       7.201     129.000      -6.042     129.000      83.000       0.000   93130.000       0.000 -888888.000 -888888.000
 20260705102500
  -31.5192  -68.8178 
  PUNTA_NEGRA                                SURFACE                                    
  SYNOP             PUNTA_NEGRA            800  F     F       1
 -888888.000 -888888.000 -888888.000 -888888.000     800.000       0.000     277.350       0.000       0.567     129.000       0.943     129.000      69.000       0.000   92320.000       0.000 -888888.000 -888888.000
 20260705102500
  -31.6500  -68.3000 
  ECOHUMUS                                   SURFACE                                    
  SYNOP             ECOHUMUS               600  F     F       1
 -888888.000 -888888.000 -888888.000 -888888.000     600.000       0.000     277.450       0.000      -1.580     129.000      -8.962     129.000      76.000       0.000   95630.000       0.000 -888888.000 -888888.000
 20260705103000
  -31.6500  -68.5833 
  INTA_POCITO                                SURFACE                                    
  SYNOP             INTA_POCITO            615  F     F       1
 -888888.000 -888888.000 -888888.000 -888888.000     615.000       0.000     278.450       0.000      -0.371     129.000      -1.141     129.000      71.000       0.000   94810.000       0.000 -888888.000 -888888.000
 20260705103000
  -31.4667  -68.6667 
  ULLUM_EMBALSE                              SURFACE                                    
  SYNOP             ULLUM_EMBALSE          768  F     F       1
 -888888.000 -888888.000 -888888.000 -888888.000     768.000       0.000     274.750       0.000       6.326     129.000      -3.223     129.000      82.000       0.000   93150.000       0.000 -888888.000 -888888.000
 20260705103000
  -31.5192  -68.8178 
  PUNTA_NEGRA                                SURFACE                                    
  SYNOP             PUNTA_NEGRA            800  F     F       1
 -888888.000 -888888.000 -888888.000 -888888.000     800.000       0.000     277.550       0.000       0.121     129.000       0.485     129.000      68.000       0.000   92310.000       0.000 -888888.000 -888888.000
 20260705103000
  -31.6500  -68.3000 
  ECOHUMUS                                   SURFACE                                    
  SYNOP             ECOHUMUS               600  F     F       1
 -888888.000 -888888.000 -888888.000 -888888.000     600.000       0.000     277.550       0.000      -6.740     129.000      -8.945     129.000      75.000       0.000   95630.000       0.000 -888888.000 -888888.000
 20260705103500
  -31.6500  -68.5833 
  INTA_POCITO                                SURFACE                                    
  SYNOP             INTA_POCITO            615  F     F       1
 -888888.000 -888888.000 -888888.000 -888888.000     615.000       0.000     278.750       0.000       0.380     129.000      -0.816     129.000      69.000       0.000   94820.000       0.000 -888888.000 -888888.000
 20260705103500
  -31.4667  -68.6667 
  ULLUM_EMBALSE                              SURFACE                                    
  SYNOP             ULLUM_EMBALSE          768  F     F       1
 -888888.000 -888888.000 -888888.000 -888888.000     768.000       0.000     275.050       0.000       6.958     129.000      -5.055     129.000      81.000       0.000   93150.000       0.000 -888888.000 -888888.000
 20260705103500
  -31.5192  -68.8178 
  PUNTA_NEGRA                                SURFACE                                    
  SYNOP             PUNTA_NEGRA            800  F     F       1
 -888888.000 -888888.000 -888888.000 -888888.000     800.000       0.000     278.150       0.000       0.892     129.000       0.803     129.000      66.000       0.000   92320.000       0.000 -888888.000 -888888.000
 20260705103500
  -31.6500  -68.3000 
  ECOHUMUS                                   SURFACE                                    
  SYNOP             ECOHUMUS               600  F     F       1
 -888888.000 -888888.000 -888888.000 -888888.000     600.000       0.000     277.950       0.000      -5.042     129.000      -9.096     129.000      74.000       0.000   95650.000       0.000 -888888.000 -888888.000
 20260705104000
  -31.6500  -68.5833 
  INTA_POCITO                                SURFACE                                    
  SYNOP             INTA_POCITO            615  F     F       1
 -888888.000 -888888.000 -888888.000 -888888.000     615.000       0.000     279.150       0.000       0.078     129.000      -0.897     129.000      67.000       0.000   94830.000       0.000 -888888.000 -888888.000
 20260705104000
  -31.4667  -68.6667 
  ULLUM_EMBALSE                              SURFACE                                    
  SYNOP             ULLUM_EMBALSE          768  F     F       1
 -888888.000 -888888.000 -888888.000 -888888.000     768.000       0.000     275.050       0.000       5.634     129.000     -10.595     129.000      81.000       0.000   93150.000       0.000 -888888.000 -888888.000
 20260705104000
  -31.5192  -68.8178 
  PUNTA_NEGRA                                SURFACE                                    
  SYNOP             PUNTA_NEGRA            800  F     F       1
 -888888.000 -888888.000 -888888.000 -888888.000     800.000       0.000     278.150       0.000      -0.669     129.000       0.602     129.000      65.000       0.000   92330.000       0.000 -888888.000 -888888.000
 20260705104000
  -31.6500  -68.3000 
  ECOHUMUS                                   SURFACE                                    
  SYNOP             ECOHUMUS               600  F     F       1
 -888888.000 -888888.000 -888888.000 -888888.000     600.000       0.000     278.350       0.000      -2.661     129.000     -10.673     129.000      73.000       0.000   95670.000       0.000 -888888.000 -888888.000
 20260705104500
  -31.6500  -68.5833 
  INTA_POCITO                                SURFACE                                    
  SYNOP             INTA_POCITO            615  F     F       1
 -888888.000 -888888.000 -888888.000 -888888.000     615.000       0.000     279.550       0.000       0.843     129.000      -1.118     129.000      65.000       0.000   94830.000       0.000 -888888.000 -888888.000
 20260705104500
  -31.4667  -68.6667 
  ULLUM_EMBALSE                              SURFACE                                    
  SYNOP             ULLUM_EMBALSE          768  F     F       1
 -888888.000 -888888.000 -888888.000 -888888.000     768.000       0.000     275.150       0.000       5.501     129.000      -8.471     129.000      80.000       0.000   93170.000       0.000 -888888.000 -888888.000
 20260705104500
  -31.5192  -68.8178 
  PUNTA_NEGRA                                SURFACE                                    
  SYNOP             PUNTA_NEGRA            800  F     F       1
 -888888.000 -888888.000 -888888.000 -888888.000     800.000       0.000     278.450       0.000      -0.182     129.000       0.356     129.000      65.000       0.000   92340.000       0.000 -888888.000 -888888.000
 20260705104500
  -31.6500  -68.3000 
  ECOHUMUS                                   SURFACE                                    
  SYNOP             ECOHUMUS               600  F     F       1
 -888888.000 -888888.000 -888888.000 -888888.000     600.000       0.000     278.550       0.000      -2.637     129.000     -10.576     129.000      72.000       0.000   95660.000       0.000 -888888.000 -888888.000
 20260705105000
  -31.6500  -68.5833 
  INTA_POCITO                                SURFACE                                    
  SYNOP             INTA_POCITO            615  F     F       1
 -888888.000 -888888.000 -888888.000 -888888.000     615.000       0.000     280.150       0.000      -1.375     129.000      -0.999     129.000      63.000       0.000   94840.000       0.000 -888888.000 -888888.000
 20260705105000
  -31.4667  -68.6667 
  ULLUM_EMBALSE                              SURFACE                                    
  SYNOP             ULLUM_EMBALSE          768  F     F       1
 -888888.000 -888888.000 -888888.000 -888888.000     768.000       0.000     275.250       0.000       5.661     129.000      -6.070     129.000      80.000       0.000   93170.000       0.000 -888888.000 -888888.000
 20260705105000
  -31.5192  -68.8178 
  PUNTA_NEGRA                                SURFACE                                    
  SYNOP             PUNTA_NEGRA            800  F     F       1
 -888888.000 -888888.000 -888888.000 -888888.000     800.000       0.000     278.150       0.000      -1.164     129.000       2.099     129.000      66.000       0.000   92350.000       0.000 -888888.000 -888888.000
 20260705105000
  -31.6500  -68.3000 
  ECOHUMUS                                   SURFACE                                    
  SYNOP             ECOHUMUS               600  F     F       1
 -888888.000 -888888.000 -888888.000 -888888.000     600.000       0.000     278.750       0.000      -2.213     129.000     -11.387     129.000      71.000       0.000   95670.000       0.000 -888888.000 -888888.000
 20260705105500
  -31.6500  -68.5833 
  INTA_POCITO                                SURFACE                                    
  SYNOP             INTA_POCITO            615  F     F       1
 -888888.000 -888888.000 -888888.000 -888888.000     615.000       0.000     280.550       0.000      -0.689     129.000      -0.579     129.000      61.000       0.000   94840.000       0.000 -888888.000 -888888.000
 20260705105500
  -31.4667  -68.6667 
  ULLUM_EMBALSE                              SURFACE                                    
  SYNOP             ULLUM_EMBALSE          768  F     F       1
 -888888.000 -888888.000 -888888.000 -888888.000     768.000       0.000     275.350       0.000       7.566     129.000      -7.566     129.000      79.000       0.000   93170.000       0.000 -888888.000 -888888.000
 20260705105500
  -31.5192  -68.8178 
  PUNTA_NEGRA                                SURFACE                                    
  SYNOP             PUNTA_NEGRA            800  F     F       1
 -888888.000 -888888.000 -888888.000 -888888.000     800.000       0.000     278.250       0.000      -1.311     129.000       0.918     129.000      65.000       0.000   92350.000       0.000 -888888.000 -888888.000
 20260705105500
  -31.6500  -68.3000 
  ECOHUMUS                                   SURFACE                                    
  SYNOP             ECOHUMUS               600  F     F       1
 -888888.000 -888888.000 -888888.000 -888888.000     600.000       0.000     278.950       0.000      -4.923     129.000     -11.598     129.000      71.000       0.000   95670.000       0.000 -888888.000 -888888.000
 20260705110000
  -31.6500  -68.5833 
  INTA_POCITO                                SURFACE                                    
  SYNOP             INTA_POCITO            615  F     F       1
 -888888.000 -888888.000 -888888.000 -888888.000     615.000       0.000     280.650       0.000      -1.300     129.000      -3.571     129.000      60.000       0.000   94840.000       0.000 -888888.000 -888888.000
 20260705110000
  -31.4667  -68.6667 
  ULLUM_EMBALSE                              SURFACE                                    
  SYNOP             ULLUM_EMBALSE          768  F     F       1
 -888888.000 -888888.000 -888888.000 -888888.000     768.000       0.000     275.450       0.000       5.246     129.000      -8.396     129.000      79.000       0.000   93170.000       0.000 -888888.000 -888888.000
 20260705110000
  -31.5192  -68.8178 
  PUNTA_NEGRA                                SURFACE                                    
  SYNOP             PUNTA_NEGRA            800  F     F       1
 -888888.000 -888888.000 -888888.000 -888888.000     800.000       0.000     278.450       0.000      -1.298     129.000       0.524     129.000      64.000       0.000   92350.000       0.000 -888888.000 -888888.000
 20260705110000
  -31.6500  -68.3000 
  ECOHUMUS                                   SURFACE                                    
  SYNOP             ECOHUMUS               600  F     F       1
 -888888.000 -888888.000 -888888.000 -888888.000     600.000       0.000     279.050       0.000      -4.722     129.000      -9.266     129.000      70.000       0.000   95680.000       0.000 -888888.000 -888888.000
 20260705110500
  -31.6500  -68.5833 
  INTA_POCITO                                SURFACE                                    
  SYNOP             INTA_POCITO            615  F     F       1
 -888888.000 -888888.000 -888888.000 -888888.000     615.000       0.000     280.650       0.000      -0.832     129.000      -3.913     129.000      59.000       0.000   94850.000       0.000 -888888.000 -888888.000
 20260705110500
  -31.4667  -68.6667 
  ULLUM_EMBALSE                              SURFACE                                    
  SYNOP             ULLUM_EMBALSE          768  F     F       1
 -888888.000 -888888.000 -888888.000 -888888.000     768.000       0.000     275.750       0.000       7.126     129.000      -3.173     129.000      78.000       0.000   93180.000       0.000 -888888.000 -888888.000
 20260705110500
  -31.5192  -68.8178 
  PUNTA_NEGRA                                SURFACE                                    
  SYNOP             PUNTA_NEGRA            800  F     F       1
 -888888.000 -888888.000 -888888.000 -888888.000     800.000       0.000     278.650       0.000      -1.293     129.000      -0.136     129.000      64.000       0.000   92350.000       0.000 -888888.000 -888888.000
 20260705110500
  -31.6500  -68.3000 
  ECOHUMUS                                   SURFACE                                    
  SYNOP             ECOHUMUS               600  F     F       1
 -888888.000 -888888.000 -888888.000 -888888.000     600.000       0.000     279.350       0.000      -4.836     129.000      -9.094     129.000      69.000       0.000   95690.000       0.000 -888888.000 -888888.000
 20260705111000
  -31.6500  -68.5833 
  INTA_POCITO                                SURFACE                                    
  SYNOP             INTA_POCITO            615  F     F       1
 -888888.000 -888888.000 -888888.000 -888888.000     615.000       0.000     280.750       0.000      -0.278     129.000      -1.981     129.000      58.000       0.000   94850.000       0.000 -888888.000 -888888.000
 20260705111000
  -31.4667  -68.6667 
  ULLUM_EMBALSE                              SURFACE                                    
  SYNOP             ULLUM_EMBALSE          768  F     F       1
 -888888.000 -888888.000 -888888.000 -888888.000     768.000       0.000     275.950       0.000       3.550     129.000      -5.682     129.000      77.000       0.000   93160.000       0.000 -888888.000 -888888.000
 20260705111000
  -31.5192  -68.8178 
  PUNTA_NEGRA                                SURFACE                                    
  SYNOP             PUNTA_NEGRA            800  F     F       1
 -888888.000 -888888.000 -888888.000 -888888.000     800.000       0.000     278.550       0.000      -1.990     129.000       1.342     129.000      64.000       0.000   92350.000       0.000 -888888.000 -888888.000
 20260705111000
  -31.6500  -68.3000 
  ECOHUMUS                                   SURFACE                                    
  SYNOP             ECOHUMUS               600  F     F       1
 -888888.000 -888888.000 -888888.000 -888888.000     600.000       0.000     279.650       0.000      -3.673     129.000      -8.653     129.000      68.000       0.000   95690.000       0.000 -888888.000 -888888.000
 20260705111500
  -31.6500  -68.5833 
  INTA_POCITO                                SURFACE                                    
  SYNOP             INTA_POCITO            615  F     F       1
 -888888.000 -888888.000 -888888.000 -888888.000     615.000       0.000     280.950       0.000      -1.135     129.000      -2.228     129.000      57.000       0.000   94860.000       0.000 -888888.000 -888888.000
 20260705111500
  -31.4667  -68.6667 
  ULLUM_EMBALSE                              SURFACE                                    
  SYNOP             ULLUM_EMBALSE          768  F     F       1
 -888888.000 -888888.000 -888888.000 -888888.000     768.000       0.000     276.150       0.000       6.582     129.000      -3.800     129.000      76.000       0.000   93190.000       0.000 -888888.000 -888888.000
 20260705111500
  -31.5192  -68.8178 
  PUNTA_NEGRA                                SURFACE                                    
  SYNOP             PUNTA_NEGRA            800  F     F       1
 -888888.000 -888888.000 -888888.000 -888888.000     800.000       0.000     278.250       0.000      -2.641     129.000       0.561     129.000      65.000       0.000   92360.000       0.000 -888888.000 -888888.000
 20260705111500
  -31.6500  -68.3000 
  ECOHUMUS                                   SURFACE                                    
  SYNOP             ECOHUMUS               600  F     F       1
 -888888.000 -888888.000 -888888.000 -888888.000     600.000       0.000     279.950       0.000      -0.529     129.000     -10.086     129.000      67.000       0.000   95680.000       0.000 -888888.000 -888888.000
 20260705112000
  -31.6500  -68.5833 
  INTA_POCITO                                SURFACE                                    
  SYNOP             INTA_POCITO            615  F     F       1
 -888888.000 -888888.000 -888888.000 -888888.000     615.000       0.000     281.250       0.000      -2.793     129.000       0.195     129.000      57.000       0.000   94870.000       0.000 -888888.000 -888888.000
 20260705112000
  -31.4667  -68.6667 
  ULLUM_EMBALSE                              SURFACE                                    
  SYNOP             ULLUM_EMBALSE          768  F     F       1
 -888888.000 -888888.000 -888888.000 -888888.000     768.000       0.000     276.450       0.000       9.113     129.000      -3.868     129.000      74.000       0.000   93180.000       0.000 -888888.000 -888888.000
 20260705112000
  -31.5192  -68.8178 
  PUNTA_NEGRA                                SURFACE                                    
  SYNOP             PUNTA_NEGRA            800  F     F       1
 -888888.000 -888888.000 -888888.000 -888888.000     800.000       0.000     278.450       0.000      -1.118     129.000       0.843     129.000      64.000       0.000   92380.000       0.000 -888888.000 -888888.000
 20260705112000
  -31.6500  -68.3000 
  ECOHUMUS                                   SURFACE                                    
  SYNOP             ECOHUMUS               600  F     F       1
 -888888.000 -888888.000 -888888.000 -888888.000     600.000       0.000     280.050       0.000      -3.454     129.000      -9.491     129.000      65.000       0.000   95700.000       0.000 -888888.000 -888888.000
 20260705112500
  -31.6500  -68.5833 
  INTA_POCITO                                SURFACE                                    
  SYNOP             INTA_POCITO            615  F     F       1
 -888888.000 -888888.000 -888888.000 -888888.000     615.000       0.000     281.150       0.000      -1.705     129.000      -2.346     129.000      57.000       0.000   94870.000       0.000 -888888.000 -888888.000
 20260705112500
  -31.4667  -68.6667 
  ULLUM_EMBALSE                              SURFACE                                    
  SYNOP             ULLUM_EMBALSE          768  F     F       1
 -888888.000 -888888.000 -888888.000 -888888.000     768.000       0.000     276.950       0.000       6.599     129.000       0.115     129.000      72.000       0.000   93190.000       0.000 -888888.000 -888888.000
 20260705112500
  -31.5192  -68.8178 
  PUNTA_NEGRA                                SURFACE                                    
  SYNOP             PUNTA_NEGRA            800  F     F       1
 -888888.000 -888888.000 -888888.000 -888888.000     800.000       0.000     278.650       0.000      -2.801     129.000       0.751     129.000      63.000       0.000   92370.000       0.000 -888888.000 -888888.000
 20260705112500
  -31.6500  -68.3000 
  ECOHUMUS                                   SURFACE                                    
  SYNOP             ECOHUMUS               600  F     F       1
 -888888.000 -888888.000 -888888.000 -888888.000     600.000       0.000     280.250       0.000      -4.229     129.000     -11.016     129.000      64.000       0.000   95710.000       0.000 -888888.000 -888888.000
 20260705113000
  -31.6500  -68.5833 
  INTA_POCITO                                SURFACE                                    
  SYNOP             INTA_POCITO            615  F     F       1
 -888888.000 -888888.000 -888888.000 -888888.000     615.000       0.000     281.450       0.000       0.052     129.000      -3.000     129.000      56.000       0.000   94860.000       0.000 -888888.000 -888888.000
 20260705113000
  -31.4667  -68.6667 
  ULLUM_EMBALSE                              SURFACE                                    
  SYNOP             ULLUM_EMBALSE          768  F     F       1
 -888888.000 -888888.000 -888888.000 -888888.000     768.000       0.000     277.250       0.000      10.620     129.000      -1.304     129.000      71.000       0.000   93190.000       0.000 -888888.000 -888888.000
 20260705113000
  -31.5192  -68.8178 
  PUNTA_NEGRA                                SURFACE                                    
  SYNOP             PUNTA_NEGRA            800  F     F       1
 -888888.000 -888888.000 -888888.000 -888888.000     800.000       0.000     278.850       0.000      -1.559     129.000       0.900     129.000      62.000       0.000   92380.000       0.000 -888888.000 -888888.000
 20260705113000
  -31.6500  -68.3000 
  ECOHUMUS                                   SURFACE                                    
  SYNOP             ECOHUMUS               600  F     F       1
 -888888.000 -888888.000 -888888.000 -888888.000     600.000       0.000     280.550       0.000      -2.162     129.000     -10.173     129.000      63.000       0.000   95710.000       0.000 -888888.000 -888888.000
 20260705113500
  -31.6500  -68.5833 
  INTA_POCITO                                SURFACE                                    
  SYNOP             INTA_POCITO            615  F     F       1
 -888888.000 -888888.000 -888888.000 -888888.000     615.000       0.000     281.450       0.000      -0.492     129.000      -1.835     129.000      57.000       0.000   94870.000       0.000 -888888.000 -888888.000
 20260705113500
  -31.4667  -68.6667 
  ULLUM_EMBALSE                              SURFACE                                    
  SYNOP             ULLUM_EMBALSE          768  F     F       1
 -888888.000 -888888.000 -888888.000 -888888.000     768.000       0.000     277.350       0.000       7.799     129.000      -2.839     129.000      70.000       0.000   93190.000       0.000 -888888.000 -888888.000
 20260705113500
  -31.5192  -68.8178 
  PUNTA_NEGRA                                SURFACE                                    
  SYNOP             PUNTA_NEGRA            800  F     F       1
 -888888.000 -888888.000 -888888.000 -888888.000     800.000       0.000     279.350       0.000      -1.632     129.000       1.322     129.000      60.000       0.000   92380.000       0.000 -888888.000 -888888.000
 20260705113500
  -31.6500  -68.3000 
  ECOHUMUS                                   SURFACE                                    
  SYNOP             ECOHUMUS               600  F     F       1
 -888888.000 -888888.000 -888888.000 -888888.000     600.000       0.000     280.850       0.000      -3.011     129.000      -9.850     129.000      61.000       0.000   95710.000       0.000 -888888.000 -888888.000
 20260705114000
  -31.6500  -68.5833 
  INTA_POCITO                                SURFACE                                    
  SYNOP             INTA_POCITO            615  F     F       1
 -888888.000 -888888.000 -888888.000 -888888.000     615.000       0.000     281.350       0.000      -2.296     129.000      -2.641     129.000      56.000       0.000   94870.000       0.000 -888888.000 -888888.000
 20260705114000
  -31.4667  -68.6667 
  ULLUM_EMBALSE                              SURFACE                                    
  SYNOP             ULLUM_EMBALSE          768  F     F       1
 -888888.000 -888888.000 -888888.000 -888888.000     768.000       0.000     277.550       0.000       8.417     129.000      -1.183     129.000      70.000       0.000   93190.000       0.000 -888888.000 -888888.000
 20260705114000
  -31.5192  -68.8178 
  PUNTA_NEGRA                                SURFACE                                    
  SYNOP             PUNTA_NEGRA            800  F     F       1
 -888888.000 -888888.000 -888888.000 -888888.000     800.000       0.000     279.250       0.000      -2.046     129.000      -0.472     129.000      60.000       0.000   92380.000       0.000 -888888.000 -888888.000
 20260705114000
  -31.6500  -68.3000 
  ECOHUMUS                                   SURFACE                                    
  SYNOP             ECOHUMUS               600  F     F       1
 -888888.000 -888888.000 -888888.000 -888888.000     600.000       0.000     280.850       0.000      -6.644     129.000     -11.057     129.000      60.000       0.000   95700.000       0.000 -888888.000 -888888.000
 20260705114500
  -31.6500  -68.5833 
  INTA_POCITO                                SURFACE                                    
  SYNOP             INTA_POCITO            615  F     F       1
 -888888.000 -888888.000 -888888.000 -888888.000     615.000       0.000     281.450       0.000      -2.046     129.000      -2.194     129.000      56.000       0.000   94870.000       0.000 -888888.000 -888888.000
 20260705114500
  -31.4667  -68.6667 
  ULLUM_EMBALSE                              SURFACE                                    
  SYNOP             ULLUM_EMBALSE          768  F     F       1
 -888888.000 -888888.000 -888888.000 -888888.000     768.000       0.000     277.750       0.000       5.299     129.000      -2.359     129.000      69.000       0.000   93190.000       0.000 -888888.000 -888888.000
 20260705114500
  -31.5192  -68.8178 
  PUNTA_NEGRA                                SURFACE                                    
  SYNOP             PUNTA_NEGRA            800  F     F       1
 -888888.000 -888888.000 -888888.000 -888888.000     800.000       0.000     279.550       0.000      -1.279     129.000       0.569     129.000      59.000       0.000   92370.000       0.000 -888888.000 -888888.000
 20260705114500
  -31.6500  -68.3000 
  ECOHUMUS                                   SURFACE                                    
  SYNOP             ECOHUMUS               600  F     F       1
 -888888.000 -888888.000 -888888.000 -888888.000     600.000       0.000     281.250       0.000      -5.493     129.000     -10.781     129.000      58.000       0.000   95700.000       0.000 -888888.000 -888888.000
 20260705115000
  -31.6500  -68.5833 
  INTA_POCITO                                SURFACE                                    
  SYNOP             INTA_POCITO            615  F     F       1
 -888888.000 -888888.000 -888888.000 -888888.000     615.000       0.000     281.450       0.000      -0.608     129.000      -3.447     129.000      57.000       0.000   94880.000       0.000 -888888.000 -888888.000
 20260705115000
  -31.4667  -68.6667 
  ULLUM_EMBALSE                              SURFACE                                    
  SYNOP             ULLUM_EMBALSE          768  F     F       1
 -888888.000 -888888.000 -888888.000 -888888.000     768.000       0.000     278.250       0.000       4.834     129.000      -3.021     129.000      68.000       0.000   93190.000       0.000 -888888.000 -888888.000
 20260705115000
  -31.5192  -68.8178 
  PUNTA_NEGRA                                SURFACE                                    
  SYNOP             PUNTA_NEGRA            800  F     F       1
 -888888.000 -888888.000 -888888.000 -888888.000     800.000       0.000     279.550       0.000      -1.007     129.000       1.492     129.000      59.000       0.000   92380.000       0.000 -888888.000 -888888.000
 20260705115000
  -31.6500  -68.3000 
  ECOHUMUS                                   SURFACE                                    
  SYNOP             ECOHUMUS               600  F     F       1
 -888888.000 -888888.000 -888888.000 -888888.000     600.000       0.000     281.350       0.000      -7.325     129.000     -10.860     129.000      56.000       0.000   95710.000       0.000 -888888.000 -888888.000
 20260705115500
  -31.6500  -68.5833 
  INTA_POCITO                                SURFACE                                    
  SYNOP             INTA_POCITO            615  F     F       1
 -888888.000 -888888.000 -888888.000 -888888.000     615.000       0.000     281.950       0.000      -0.244     129.000      -0.548     129.000      55.000       0.000   94880.000       0.000 -888888.000 -888888.000
 20260705115500
  -31.4667  -68.6667 
  ULLUM_EMBALSE                              SURFACE                                    
  SYNOP             ULLUM_EMBALSE          768  F     F       1
 -888888.000 -888888.000 -888888.000 -888888.000     768.000       0.000     278.350       0.000       2.349     129.000      -3.482     129.000      67.000       0.000   93190.000       0.000 -888888.000 -888888.000
 20260705115500
  -31.5192  -68.8178 
  PUNTA_NEGRA                                SURFACE                                    
  SYNOP             PUNTA_NEGRA            800  F     F       1
 -888888.000 -888888.000 -888888.000 -888888.000     800.000       0.000     279.550       0.000      -0.344     129.000       2.173     129.000      58.000       0.000   92380.000       0.000 -888888.000 -888888.000
 20260705115500
  -31.6500  -68.3000 
  ECOHUMUS                                   SURFACE                                    
  SYNOP             ECOHUMUS               600  F     F       1
 -888888.000 -888888.000 -888888.000 -888888.000     600.000       0.000     281.450       0.000      -4.956     129.000      -7.632     129.000      56.000       0.000   95710.000       0.000 -888888.000 -888888.000
 20260705120000
  -31.6500  -68.5833 
  INTA_POCITO                                SURFACE                                    
  SYNOP             INTA_POCITO            615  F     F       1
 -888888.000 -888888.000 -888888.000 -888888.000     615.000       0.000     282.050       0.000      -0.547     129.000      -1.504     129.000      55.000       0.000   94880.000       0.000 -888888.000 -888888.000
 20260705120000
  -31.4667  -68.6667 
  ULLUM_EMBALSE                              SURFACE                                    
  SYNOP             ULLUM_EMBALSE          768  F     F       1
 -888888.000 -888888.000 -888888.000 -888888.000     768.000       0.000     278.750       0.000       1.613     129.000      -4.201     129.000      66.000       0.000   93200.000       0.000 -888888.000 -888888.000
 20260705120000
  -31.5192  -68.8178 
  PUNTA_NEGRA                                SURFACE                                    
  SYNOP             PUNTA_NEGRA            800  F     F       1
 -888888.000 -888888.000 -888888.000 -888888.000     800.000       0.000     279.650       0.000      -1.835     129.000       0.492     129.000      58.000       0.000   92370.000       0.000 -888888.000 -888888.000
 20260705120000
  -31.6500  -68.3000 
  ECOHUMUS                                   SURFACE                                    
  SYNOP             ECOHUMUS               600  F     F       1
 -888888.000 -888888.000 -888888.000 -888888.000     600.000       0.000     281.650       0.000      -1.328     129.000     -12.630     129.000      55.000       0.000   95710.000       0.000 -888888.000 -888888.000
 20260705120500
  -31.6500  -68.5833 
  INTA_POCITO                                SURFACE                                    
  SYNOP             INTA_POCITO            615  F     F       1
 -888888.000 -888888.000 -888888.000 -888888.000     615.000       0.000     281.950       0.000      -0.656     129.000      -0.755     129.000      55.000       0.000   94880.000       0.000 -888888.000 -888888.000
 20260705120500
  -31.4667  -68.6667 
  ULLUM_EMBALSE                              SURFACE                                    
  SYNOP             ULLUM_EMBALSE          768  F     F       1
 -888888.000 -888888.000 -888888.000 -888888.000     768.000       0.000     279.050       0.000       0.773     129.000      -1.736     129.000      65.000       0.000   93190.000       0.000 -888888.000 -888888.000
 20260705120500
  -31.5192  -68.8178 
  PUNTA_NEGRA                                SURFACE                                    
  SYNOP             PUNTA_NEGRA            800  F     F       1
 -888888.000 -888888.000 -888888.000 -888888.000     800.000       0.000     280.050       0.000       0.069     129.000       0.394     129.000      56.000       0.000   92370.000       0.000 -888888.000 -888888.000
 20260705120500
  -31.6500  -68.3000 
  ECOHUMUS                                   SURFACE                                    
  SYNOP             ECOHUMUS               600  F     F       1
 -888888.000 -888888.000 -888888.000 -888888.000     600.000       0.000     281.950       0.000      -2.412     129.000     -11.347     129.000      55.000       0.000   95720.000       0.000 -888888.000 -888888.000
 20260705121000
  -31.6500  -68.5833 
  INTA_POCITO                                SURFACE                                    
  SYNOP             INTA_POCITO            615  F     F       1
 -888888.000 -888888.000 -888888.000 -888888.000     615.000       0.000     282.350       0.000      -2.121     129.000      -2.528     129.000      54.000       0.000   94880.000       0.000 -888888.000 -888888.000
 20260705121000
  -31.4667  -68.6667 
  ULLUM_EMBALSE                              SURFACE                                    
  SYNOP             ULLUM_EMBALSE          768  F     F       1
 -888888.000 -888888.000 -888888.000 -888888.000     768.000       0.000     278.950       0.000       0.772     129.000      -1.515     129.000      65.000       0.000   93190.000       0.000 -888888.000 -888888.000
 20260705121000
  -31.5192  -68.8178 
  PUNTA_NEGRA                                SURFACE                                    
  SYNOP             PUNTA_NEGRA            800  F     F       1
 -888888.000 -888888.000 -888888.000 -888888.000     800.000       0.000     280.750       0.000      -1.393     129.000       0.975     129.000      55.000       0.000   92370.000       0.000 -888888.000 -888888.000
 20260705121000
  -31.6500  -68.3000 
  ECOHUMUS                                   SURFACE                                    
  SYNOP             ECOHUMUS               600  F     F       1
 -888888.000 -888888.000 -888888.000 -888888.000     600.000       0.000     281.650       0.000      -4.945     129.000     -12.883     129.000      54.000       0.000   95710.000       0.000 -888888.000 -888888.000
 20260705121500
  -31.6500  -68.5833 
  INTA_POCITO                                SURFACE                                    
  SYNOP             INTA_POCITO            615  F     F       1
 -888888.000 -888888.000 -888888.000 -888888.000     615.000       0.000     282.650       0.000      -1.960     129.000      -0.999     129.000      53.000       0.000   94880.000       0.000 -888888.000 -888888.000
 20260705121500
  -31.4667  -68.6667 
  ULLUM_EMBALSE                              SURFACE                                    
  SYNOP             ULLUM_EMBALSE          768  F     F       1
 -888888.000 -888888.000 -888888.000 -888888.000     768.000       0.000     279.650       0.000       0.614     129.000      -1.258     129.000      63.000       0.000   93190.000       0.000 -888888.000 -888888.000
 20260705121500
  -31.5192  -68.8178 
  PUNTA_NEGRA                                SURFACE                                    
  SYNOP             PUNTA_NEGRA            800  F     F       1
 -888888.000 -888888.000 -888888.000 -888888.000     800.000       0.000     280.150       0.000      -0.863     129.000       1.693     129.000      56.000       0.000   92370.000       0.000 -888888.000 -888888.000
 20260705121500
  -31.6500  -68.3000 
  ECOHUMUS                                   SURFACE                                    
  SYNOP             ECOHUMUS               600  F     F       1
 -888888.000 -888888.000 -888888.000 -888888.000     600.000       0.000     281.850       0.000      -6.000     129.000     -10.392     129.000      54.000       0.000   95710.000       0.000 -888888.000 -888888.000
 20260705122000
  -31.6500  -68.5833 
  INTA_POCITO                                SURFACE                                    
  SYNOP             INTA_POCITO            615  F     F       1
 -888888.000 -888888.000 -888888.000 -888888.000     615.000       0.000     282.550       0.000      -0.963     129.000      -1.278     129.000      53.000       0.000   94880.000       0.000 -888888.000 -888888.000
 20260705122000
  -31.4667  -68.6667 
  ULLUM_EMBALSE                              SURFACE                                    
  SYNOP             ULLUM_EMBALSE          768  F     F       1
 -888888.000 -888888.000 -888888.000 -888888.000     768.000       0.000     280.050       0.000       1.052     129.000      -2.157     129.000      61.000       0.000   93200.000       0.000 -888888.000 -888888.000
 20260705122000
  -31.5192  -68.8178 
  PUNTA_NEGRA                                SURFACE                                    
  SYNOP             PUNTA_NEGRA            800  F     F       1
 -888888.000 -888888.000 -888888.000 -888888.000     800.000       0.000     280.150       0.000      -2.931     129.000       1.009     129.000      55.000       0.000   92370.000       0.000 -888888.000 -888888.000
 20260705122000
  -31.6500  -68.3000 
  ECOHUMUS                                   SURFACE                                    
  SYNOP             ECOHUMUS               600  F     F       1
 -888888.000 -888888.000 -888888.000 -888888.000     600.000       0.000     282.150       0.000      -4.027     129.000      -9.044     129.000      53.000       0.000   95720.000       0.000 -888888.000 -888888.000
 20260705122500
  -31.6500  -68.5833 
  INTA_POCITO                                SURFACE                                    
  SYNOP             INTA_POCITO            615  F     F       1
 -888888.000 -888888.000 -888888.000 -888888.000     615.000       0.000     282.650       0.000      -0.752     129.000      -2.067     129.000      52.000       0.000   94870.000       0.000 -888888.000 -888888.000
 20260705122500
  -31.4667  -68.6667 
  ULLUM_EMBALSE                              SURFACE                                    
  SYNOP             ULLUM_EMBALSE          768  F     F       1
 -888888.000 -888888.000 -888888.000 -888888.000     768.000       0.000     280.150       0.000       0.964     129.000      -1.977     129.000      60.000       0.000   93190.000       0.000 -888888.000 -888888.000
 20260705122500
  -31.5192  -68.8178 
  PUNTA_NEGRA                                SURFACE                                    
  SYNOP             PUNTA_NEGRA            800  F     F       1
 -888888.000 -888888.000 -888888.000 -888888.000     800.000       0.000     280.350       0.000      -1.338     129.000       1.486     129.000      55.000       0.000   92380.000       0.000 -888888.000 -888888.000
 20260705122500
  -31.6500  -68.3000 
  ECOHUMUS                                   SURFACE                                    
  SYNOP             ECOHUMUS               600  F     F       1
 -888888.000 -888888.000 -888888.000 -888888.000     600.000       0.000     282.350       0.000      -5.564     129.000      -7.946     129.000      52.000       0.000   95710.000       0.000 -888888.000 -888888.000
 20260705123000
  -31.6500  -68.5833 
  INTA_POCITO                                SURFACE                                    
  SYNOP             INTA_POCITO            615  F     F       1
 -888888.000 -888888.000 -888888.000 -888888.000     615.000       0.000     282.650       0.000       1.060     129.000      -0.563     129.000      53.000       0.000   94870.000       0.000 -888888.000 -888888.000
 20260705123000
  -31.4667  -68.6667 
  ULLUM_EMBALSE                              SURFACE                                    
  SYNOP             ULLUM_EMBALSE          768  F     F       1
 -888888.000 -888888.000 -888888.000 -888888.000     768.000       0.000     280.250       0.000       1.622     129.000      -3.326     129.000      59.000       0.000   93170.000       0.000 -888888.000 -888888.000
 20260705123000
  -31.5192  -68.8178 
  PUNTA_NEGRA                                SURFACE                                    
  SYNOP             PUNTA_NEGRA            800  F     F       1
 -888888.000 -888888.000 -888888.000 -888888.000     800.000       0.000     280.450       0.000      -1.271     129.000       1.412     129.000      55.000       0.000   92370.000       0.000 -888888.000 -888888.000
 20260705123000
  -31.6500  -68.3000 
  ECOHUMUS                                   SURFACE                                    
  SYNOP             ECOHUMUS               600  F     F       1
 -888888.000 -888888.000 -888888.000 -888888.000     600.000       0.000     282.050       0.000      -4.647     129.000      -9.527     129.000      53.000       0.000   95700.000       0.000 -888888.000 -888888.000
 20260705123500
  -31.6500  -68.5833 
  INTA_POCITO                                SURFACE                                    
  SYNOP             INTA_POCITO            615  F     F       1
 -888888.000 -888888.000 -888888.000 -888888.000     615.000       0.000     283.550       0.000       1.079     129.000      -1.042     129.000      50.000       0.000   94870.000       0.000 -888888.000 -888888.000
 20260705123500
  -31.4667  -68.6667 
  ULLUM_EMBALSE                              SURFACE                                    
  SYNOP             ULLUM_EMBALSE          768  F     F       1
 -888888.000 -888888.000 -888888.000 -888888.000     768.000       0.000     279.950       0.000       0.745     129.000      -1.528     129.000      60.000       0.000   93170.000       0.000 -888888.000 -888888.000
 20260705123500
  -31.5192  -68.8178 
  PUNTA_NEGRA                                SURFACE                                    
  SYNOP             PUNTA_NEGRA            800  F     F       1
 -888888.000 -888888.000 -888888.000 -888888.000     800.000       0.000     280.450       0.000      -3.282     129.000      -0.345     129.000      54.000       0.000   92360.000       0.000 -888888.000 -888888.000
 20260705123500
  -31.6500  -68.3000 
  ECOHUMUS                                   SURFACE                                    
  SYNOP             ECOHUMUS               600  F     F       1
 -888888.000 -888888.000 -888888.000 -888888.000     600.000       0.000     282.450       0.000      -3.584     129.000      -9.336     129.000      52.000       0.000   95700.000       0.000 -888888.000 -888888.000
 20260705124000
  -31.6500  -68.5833 
  INTA_POCITO                                SURFACE                                    
  SYNOP             INTA_POCITO            615  F     F       1
 -888888.000 -888888.000 -888888.000 -888888.000     615.000       0.000     282.850       0.000       0.541     129.000      -2.543     129.000      51.000       0.000   94850.000       0.000 -888888.000 -888888.000
 20260705124000
  -31.4667  -68.6667 
  ULLUM_EMBALSE                              SURFACE                                    
  SYNOP             ULLUM_EMBALSE          768  F     F       1
 -888888.000 -888888.000 -888888.000 -888888.000     768.000       0.000     280.150       0.000       1.453     129.000      -2.851     129.000      60.000       0.000   93160.000       0.000 -888888.000 -888888.000
 20260705124000
  -31.5192  -68.8178 
  PUNTA_NEGRA                                SURFACE                                    
  SYNOP             PUNTA_NEGRA            800  F     F       1
 -888888.000 -888888.000 -888888.000 -888888.000     800.000       0.000     280.450       0.000      -3.076     129.000       0.882     129.000      54.000       0.000   92350.000       0.000 -888888.000 -888888.000
 20260705124000
  -31.6500  -68.3000 
  ECOHUMUS                                   SURFACE                                    
  SYNOP             ECOHUMUS               600  F     F       1
 -888888.000 -888888.000 -888888.000 -888888.000     600.000       0.000     282.450       0.000       1.559     129.000     -11.091     129.000      52.000       0.000   95700.000       0.000 -888888.000 -888888.000
 20260705124500
  -31.6500  -68.5833 
  INTA_POCITO                                SURFACE                                    
  SYNOP             INTA_POCITO            615  F     F       1
 -888888.000 -888888.000 -888888.000 -888888.000     615.000       0.000     282.650       0.000       0.405     129.000      -1.754     129.000      51.000       0.000   94850.000       0.000 -888888.000 -888888.000
 20260705124500
  -31.4667  -68.6667 
  ULLUM_EMBALSE                              SURFACE                                    
  SYNOP             ULLUM_EMBALSE          768  F     F       1
 -888888.000 -888888.000 -888888.000 -888888.000     768.000       0.000     280.150       0.000       0.817     129.000      -1.604     129.000      60.000       0.000   93160.000       0.000 -888888.000 -888888.000
 20260705124500
  -31.5192  -68.8178 
  PUNTA_NEGRA                                SURFACE                                    
  SYNOP             PUNTA_NEGRA            800  F     F       1
 -888888.000 -888888.000 -888888.000 -888888.000     800.000       0.000     280.750       0.000       0.195     129.000       1.386     129.000      52.000       0.000   92350.000       0.000 -888888.000 -888888.000
 20260705124500
  -31.6500  -68.3000 
  ECOHUMUS                                   SURFACE                                    
  SYNOP             ECOHUMUS               600  F     F       1
 -888888.000 -888888.000 -888888.000 -888888.000     600.000       0.000     282.450       0.000       0.426     129.000     -12.193     129.000      51.000       0.000   95680.000       0.000 -888888.000 -888888.000
 20260705125000
  -31.6500  -68.5833 
  INTA_POCITO                                SURFACE                                    
  SYNOP             INTA_POCITO            615  F     F       1
 -888888.000 -888888.000 -888888.000 -888888.000     615.000       0.000     282.950       0.000      -1.902     129.000      -1.773     129.000      51.000       0.000   94830.000       0.000 -888888.000 -888888.000
 20260705125000
  -31.4667  -68.6667 
  ULLUM_EMBALSE                              SURFACE                                    
  SYNOP             ULLUM_EMBALSE          768  F     F       1
 -888888.000 -888888.000 -888888.000 -888888.000     768.000       0.000     280.850       0.000       0.964     129.000      -1.977     129.000      57.000       0.000   93150.000       0.000 -888888.000 -888888.000
 20260705125000
  -31.5192  -68.8178 
  PUNTA_NEGRA                                SURFACE                                    
  SYNOP             PUNTA_NEGRA            800  F     F       1
 -888888.000 -888888.000 -888888.000 -888888.000     800.000       0.000     281.650       0.000      -1.787     129.000       1.447     129.000      50.000       0.000   92350.000       0.000 -888888.000 -888888.000
 20260705125000
  -31.6500  -68.3000 
  ECOHUMUS                                   SURFACE                                    
  SYNOP             ECOHUMUS               600  F     F       1
 -888888.000 -888888.000 -888888.000 -888888.000     600.000       0.000     282.450       0.000      -3.986     129.000      -8.953     129.000      51.000       0.000   95670.000       0.000 -888888.000 -888888.000
 20260705125500
  -31.6500  -68.5833 
  INTA_POCITO                                SURFACE                                    
  SYNOP             INTA_POCITO            615  F     F       1
 -888888.000 -888888.000 -888888.000 -888888.000     615.000       0.000     283.150       0.000       0.251     129.000      -1.782     129.000      50.000       0.000   94810.000       0.000 -888888.000 -888888.000
 20260705125500
  -31.4667  -68.6667 
  ULLUM_EMBALSE                              SURFACE                                    
  SYNOP             ULLUM_EMBALSE          768  F     F       1
 -888888.000 -888888.000 -888888.000 -888888.000     768.000       0.000     281.450       0.000       0.351     129.000      -0.719     129.000      56.000       0.000   93150.000       0.000 -888888.000 -888888.000
 20260705125500
  -31.5192  -68.8178 
  PUNTA_NEGRA                                SURFACE                                    
  SYNOP             PUNTA_NEGRA            800  F     F       1
 -888888.000 -888888.000 -888888.000 -888888.000     800.000       0.000     281.250       0.000      -1.745     129.000      -2.316     129.000      51.000       0.000   92350.000       0.000 -888888.000 -888888.000
 20260705125500
  -31.6500  -68.3000 
  ECOHUMUS                                   SURFACE                                    
  SYNOP             ECOHUMUS               600  F     F       1
 -888888.000 -888888.000 -888888.000 -888888.000     600.000       0.000     282.550       0.000      -2.778     129.000      -9.085     129.000      50.000       0.000   95670.000       0.000 -888888.000 -888888.000
 20260705130000
  -31.6500  -68.5833 
  INTA_POCITO                                SURFACE                                    
  SYNOP             INTA_POCITO            615  F     F       1
 -888888.000 -888888.000 -888888.000 -888888.000     615.000       0.000     283.250       0.000       0.058     129.000      -1.098     129.000      49.000       0.000   94820.000       0.000 -888888.000 -888888.000
 20260705130000
  -31.4667  -68.6667 
  ULLUM_EMBALSE                              SURFACE                                    
  SYNOP             ULLUM_EMBALSE          768  F     F       1
 -888888.000 -888888.000 -888888.000 -888888.000     768.000       0.000     281.850       0.000       0.614     129.000      -1.258     129.000      54.000       0.000   93140.000       0.000 -888888.000 -888888.000
 20260705130000
  -31.5192  -68.8178 
  PUNTA_NEGRA                                SURFACE                                    
  SYNOP             PUNTA_NEGRA            800  F     F       1
 -888888.000 -888888.000 -888888.000 -888888.000     800.000       0.000     281.450       0.000      -2.728     129.000      -0.630     129.000      49.000       0.000   92330.000       0.000 -888888.000 -888888.000
 20260705130000
  -31.6500  -68.3000 
  ECOHUMUS                                   SURFACE                                    
  SYNOP             ECOHUMUS               600  F     F       1
 -888888.000 -888888.000 -888888.000 -888888.000     600.000       0.000     282.750       0.000      -3.118     129.000      -8.122     129.000      49.000       0.000   95650.000       0.000 -888888.000 -888888.000
 20260705130500
  -31.6500  -68.5833 
  INTA_POCITO                                SURFACE                                    
  SYNOP             INTA_POCITO            615  F     F       1
 -888888.000 -888888.000 -888888.000 -888888.000     615.000       0.000     283.550       0.000      -0.249     129.000      -1.174     129.000      48.000       0.000   94800.000       0.000 -888888.000 -888888.000
 20260705130500
  -31.4667  -68.6667 
  ULLUM_EMBALSE                              SURFACE                                    
  SYNOP             ULLUM_EMBALSE          768  F     F       1
 -888888.000 -888888.000 -888888.000 -888888.000     768.000       0.000     282.750       0.000       0.658     129.000      -1.348     129.000      52.000       0.000   93140.000       0.000 -888888.000 -888888.000
 20260705130500
  -31.5192  -68.8178 
  PUNTA_NEGRA                                SURFACE                                    
  SYNOP             PUNTA_NEGRA            800  F     F       1
 -888888.000 -888888.000 -888888.000 -888888.000     800.000       0.000     281.750       0.000      -2.707     129.000      -1.039     129.000      47.000       0.000   92320.000       0.000 -888888.000 -888888.000
 20260705130500
  -31.6500  -68.3000 
  ECOHUMUS                                   SURFACE                                    
  SYNOP             ECOHUMUS               600  F     F       1
 -888888.000 -888888.000 -888888.000 -888888.000     600.000       0.000     283.250       0.000      -3.334     129.000      -8.252     129.000      49.000       0.000   95650.000       0.000 -888888.000 -888888.000
 20260705131000
  -31.6500  -68.5833 
  INTA_POCITO                                SURFACE                                    
  SYNOP             INTA_POCITO            615  F     F       1
 -888888.000 -888888.000 -888888.000 -888888.000     615.000       0.000     283.950       0.000      -0.241     129.000      -0.319     129.000      47.000       0.000   94800.000       0.000 -888888.000 -888888.000
 20260705131000
  -31.4667  -68.6667 
  ULLUM_EMBALSE                              SURFACE                                    
  SYNOP             ULLUM_EMBALSE          768  F     F       1
 -888888.000 -888888.000 -888888.000 -888888.000     768.000       0.000     282.450       0.000       0.964     129.000      -1.977     129.000      52.000       0.000   93120.000       0.000 -888888.000 -888888.000
 20260705131000
  -31.5192  -68.8178 
  PUNTA_NEGRA                                SURFACE                                    
  SYNOP             PUNTA_NEGRA            800  F     F       1
 -888888.000 -888888.000 -888888.000 -888888.000     800.000       0.000     281.450       0.000      -1.806     129.000       1.870     129.000      48.000       0.000   92310.000       0.000 -888888.000 -888888.000
 20260705131000
  -31.6500  -68.3000 
  ECOHUMUS                                   SURFACE                                    
  SYNOP             ECOHUMUS               600  F     F       1
 -888888.000 -888888.000 -888888.000 -888888.000     600.000       0.000     283.250       0.000      -1.806     129.000     -10.242     129.000      48.000       0.000   95640.000       0.000 -888888.000 -888888.000
 20260705131500
  -31.6500  -68.5833 
  INTA_POCITO                                SURFACE                                    
  SYNOP             INTA_POCITO            615  F     F       1
 -888888.000 -888888.000 -888888.000 -888888.000     615.000       0.000     283.850       0.000      -0.021     129.000      -0.098     129.000      48.000       0.000   94790.000       0.000 -888888.000 -888888.000
 20260705131500
  -31.4667  -68.6667 
  ULLUM_EMBALSE                              SURFACE                                    
  SYNOP             ULLUM_EMBALSE          768  F     F       1
 -888888.000 -888888.000 -888888.000 -888888.000     768.000       0.000     281.750       0.000       0.999     129.000      -1.960     129.000      53.000       0.000   93110.000       0.000 -888888.000 -888888.000
 20260705131500
  -31.5192  -68.8178 
  PUNTA_NEGRA                                SURFACE                                    
  SYNOP             PUNTA_NEGRA            800  F     F       1
 -888888.000 -888888.000 -888888.000 -888888.000     800.000       0.000     281.550       0.000      -2.364     129.000       1.847     129.000      48.000       0.000   92310.000       0.000 -888888.000 -888888.000
 20260705131500
  -31.6500  -68.3000 
  ECOHUMUS                                   SURFACE                                    
  SYNOP             ECOHUMUS               600  F     F       1
 -888888.000 -888888.000 -888888.000 -888888.000     600.000       0.000     283.050       0.000      -3.821     129.000      -9.457     129.000      48.000       0.000   95640.000       0.000 -888888.000 -888888.000
 20260705132000
  -31.6500  -68.5833 
  INTA_POCITO                                SURFACE                                    
  SYNOP             INTA_POCITO            615  F     F       1
 -888888.000 -888888.000 -888888.000 -888888.000     615.000       0.000     284.050       0.000      -1.778     129.000      -2.539     129.000      47.000       0.000   94760.000       0.000 -888888.000 -888888.000
 20260705132000
  -31.4667  -68.6667 
  ULLUM_EMBALSE                              SURFACE                                    
  SYNOP             ULLUM_EMBALSE          768  F     F       1
 -888888.000 -888888.000 -888888.000 -888888.000     768.000       0.000     281.650       0.000       1.052     129.000      -2.157     129.000      54.000       0.000   93100.000       0.000 -888888.000 -888888.000
 20260705132000
  -31.5192  -68.8178 
  PUNTA_NEGRA                                SURFACE                                    
  SYNOP             PUNTA_NEGRA            800  F     F       1
 -888888.000 -888888.000 -888888.000 -888888.000     800.000       0.000     281.950       0.000      -1.986     129.000       0.684     129.000      47.000       0.000   92300.000       0.000 -888888.000 -888888.000
 20260705132000
  -31.6500  -68.3000 
  ECOHUMUS                                   SURFACE                                    
  SYNOP             ECOHUMUS               600  F     F       1
 -888888.000 -888888.000 -888888.000 -888888.000     600.000       0.000     282.950       0.000      -2.322     129.000      -9.315     129.000      48.000       0.000   95620.000       0.000 -888888.000 -888888.000
 20260705132500
  -31.6500  -68.5833 
  INTA_POCITO                                SURFACE                                    
  SYNOP             INTA_POCITO            615  F     F       1
 -888888.000 -888888.000 -888888.000 -888888.000     615.000       0.000     284.350       0.000       0.084     129.000      -0.796     129.000      46.000       0.000   94760.000       0.000 -888888.000 -888888.000
 20260705132500
  -31.4667  -68.6667 
  ULLUM_EMBALSE                              SURFACE                                    
  SYNOP             ULLUM_EMBALSE          768  F     F       1
 -888888.000 -888888.000 -888888.000 -888888.000     768.000       0.000     281.450       0.000       2.057     129.000      -2.832     129.000      54.000       0.000   93090.000       0.000 -888888.000 -888888.000
 20260705132500
  -31.5192  -68.8178 
  PUNTA_NEGRA                                SURFACE                                    
  SYNOP             PUNTA_NEGRA            800  F     F       1
 -888888.000 -888888.000 -888888.000 -888888.000     800.000       0.000     281.850       0.000      -0.599     129.000       0.923     129.000      47.000       0.000   92290.000       0.000 -888888.000 -888888.000
 20260705132500
  -31.6500  -68.3000 
  ECOHUMUS                                   SURFACE                                    
  SYNOP             ECOHUMUS               600  F     F       1
 -888888.000 -888888.000 -888888.000 -888888.000     600.000       0.000     283.350       0.000      -1.251     129.000      -7.902     129.000      47.000       0.000   95610.000       0.000 -888888.000 -888888.000
 20260705133000
  -31.6500  -68.5833 
  INTA_POCITO                                SURFACE                                    
  SYNOP             INTA_POCITO            615  F     F       1
 -888888.000 -888888.000 -888888.000 -888888.000     615.000       0.000     284.750       0.000      -0.146     129.000      -1.191     129.000      45.000       0.000   94750.000       0.000 -888888.000 -888888.000
 20260705133000
  -31.4667  -68.6667 
  ULLUM_EMBALSE                              SURFACE                                    
  SYNOP             ULLUM_EMBALSE          768  F     F       1
 -888888.000 -888888.000 -888888.000 -888888.000     768.000       0.000     281.450       0.000       5.432     129.000      -0.860     129.000      54.000       0.000   93070.000       0.000 -888888.000 -888888.000
 20260705133000
  -31.5192  -68.8178 
  PUNTA_NEGRA                                SURFACE                                    
  SYNOP             PUNTA_NEGRA            800  F     F       1
 -888888.000 -888888.000 -888888.000 -888888.000     800.000       0.000     282.550       0.000      -0.882     129.000       1.214     129.000      46.000       0.000   92280.000       0.000 -888888.000 -888888.000
 20260705133000
  -31.6500  -68.3000 
  ECOHUMUS                                   SURFACE                                    
  SYNOP             ECOHUMUS               600  F     F       1
 -888888.000 -888888.000 -888888.000 -888888.000     600.000       0.000     283.750       0.000      -0.802     129.000      -9.165     129.000      46.000       0.000   95610.000       0.000 -888888.000 -888888.000
 20260705133500
  -31.6500  -68.5833 
  INTA_POCITO                                SURFACE                                    
  SYNOP             INTA_POCITO            615  F     F       1
 -888888.000 -888888.000 -888888.000 -888888.000     615.000       0.000     284.650       0.000      -0.229     129.000      -1.178     129.000      45.000       0.000   94740.000       0.000 -888888.000 -888888.000
 20260705133500
  -31.4667  -68.6667 
  ULLUM_EMBALSE                              SURFACE                                    
  SYNOP             ULLUM_EMBALSE          768  F     F       1
 -888888.000 -888888.000 -888888.000 -888888.000     768.000       0.000     281.450       0.000       4.349     129.000       1.498     129.000      54.000       0.000   93070.000       0.000 -888888.000 -888888.000
 20260705133500
  -31.5192  -68.8178 
  PUNTA_NEGRA                                SURFACE                                    
  SYNOP             PUNTA_NEGRA            800  F     F       1
 -888888.000 -888888.000 -888888.000 -888888.000     800.000       0.000     282.350       0.000      -1.133     129.000       1.886     129.000      47.000       0.000   92270.000       0.000 -888888.000 -888888.000
 20260705133500
  -31.6500  -68.3000 
  ECOHUMUS                                   SURFACE                                    
  SYNOP             ECOHUMUS               600  F     F       1
 -888888.000 -888888.000 -888888.000 -888888.000     600.000       0.000     283.550       0.000      -4.554     129.000      -8.565     129.000      46.000       0.000   95600.000       0.000 -888888.000 -888888.000
 20260705134000
  -31.6500  -68.5833 
  INTA_POCITO                                SURFACE                                    
  SYNOP             INTA_POCITO            615  F     F       1
 -888888.000 -888888.000 -888888.000 -888888.000     615.000       0.000     284.850       0.000      -0.914     129.000      -0.407     129.000      44.000       0.000   94720.000       0.000 -888888.000 -888888.000
 20260705134000
  -31.4667  -68.6667 
  ULLUM_EMBALSE                              SURFACE                                    
  SYNOP             ULLUM_EMBALSE          768  F     F       1
 -888888.000 -888888.000 -888888.000 -888888.000     768.000       0.000     281.550       0.000       4.951     129.000       0.696     129.000      53.000       0.000   93060.000       0.000 -888888.000 -888888.000
 20260705134000
  -31.5192  -68.8178 
  PUNTA_NEGRA                                SURFACE                                    
  SYNOP             PUNTA_NEGRA            800  F     F       1
 -888888.000 -888888.000 -888888.000 -888888.000     800.000       0.000     282.750       0.000       0.030     129.000      -1.700     129.000      45.000       0.000   92250.000       0.000 -888888.000 -888888.000
 20260705134000
  -31.6500  -68.3000 
  ECOHUMUS                                   SURFACE                                    
  SYNOP             ECOHUMUS               600  F     F       1
 -888888.000 -888888.000 -888888.000 -888888.000     600.000       0.000     283.550       0.000      -0.741     129.000      -8.468     129.000      46.000       0.000   95590.000       0.000 -888888.000 -888888.000
 20260705134500
  -31.6500  -68.5833 
  INTA_POCITO                                SURFACE                                    
  SYNOP             INTA_POCITO            615  F     F       1
 -888888.000 -888888.000 -888888.000 -888888.000     615.000       0.000     284.450       0.000      -0.686     129.000      -3.228     129.000      43.000       0.000   94710.000       0.000 -888888.000 -888888.000
 20260705134500
  -31.4667  -68.6667 
  ULLUM_EMBALSE                              SURFACE                                    
  SYNOP             ULLUM_EMBALSE          768  F     F       1
 -888888.000 -888888.000 -888888.000 -888888.000     768.000       0.000     281.550       0.000       3.268     129.000       0.937     129.000      53.000       0.000   93050.000       0.000 -888888.000 -888888.000
 20260705134500
  -31.5192  -68.8178 
  PUNTA_NEGRA                                SURFACE                                    
  SYNOP             PUNTA_NEGRA            800  F     F       1
 -888888.000 -888888.000 -888888.000 -888888.000     800.000       0.000     282.650       0.000      -0.028     129.000       1.600     129.000      47.000       0.000   92240.000       0.000 -888888.000 -888888.000
 20260705134500
  -31.6500  -68.3000 
  ECOHUMUS                                   SURFACE                                    
  SYNOP             ECOHUMUS               600  F     F       1
 -888888.000 -888888.000 -888888.000 -888888.000     600.000       0.000     283.850       0.000      -1.302     129.000      -7.386     129.000      46.000       0.000   95560.000       0.000 -888888.000 -888888.000
 20260705135000
  -31.6500  -68.5833 
  INTA_POCITO                                SURFACE                                    
  SYNOP             INTA_POCITO            615  F     F       1
 -888888.000 -888888.000 -888888.000 -888888.000     615.000       0.000     284.650       0.000       0.437     129.000      -0.242     129.000      44.000       0.000   94700.000       0.000 -888888.000 -888888.000
 20260705135000
  -31.4667  -68.6667 
  ULLUM_EMBALSE                              SURFACE                                    
  SYNOP             ULLUM_EMBALSE          768  F     F       1
 -888888.000 -888888.000 -888888.000 -888888.000     768.000       0.000     281.850       0.000       4.753     129.000       0.668     129.000      52.000       0.000   93050.000       0.000 -888888.000 -888888.000
 20260705135000
  -31.5192  -68.8178 
  PUNTA_NEGRA                                SURFACE                                    
  SYNOP             PUNTA_NEGRA            800  F     F       1
 -888888.000 -888888.000 -888888.000 -888888.000     800.000       0.000     282.450       0.000      -0.980     129.000       1.510     129.000      47.000       0.000   92230.000       0.000 -888888.000 -888888.000
 20260705135000
  -31.6500  -68.3000 
  ECOHUMUS                                   SURFACE                                    
  SYNOP             ECOHUMUS               600  F     F       1
 -888888.000 -888888.000 -888888.000 -888888.000     600.000       0.000     284.150       0.000      -6.138     129.000      -6.582     129.000      45.000       0.000   95550.000       0.000 -888888.000 -888888.000
 20260705135500
  -31.6500  -68.5833 
  INTA_POCITO                                SURFACE                                    
  SYNOP             INTA_POCITO            615  F     F       1
 -888888.000 -888888.000 -888888.000 -888888.000     615.000       0.000     284.950       0.000       0.504     129.000      -0.486     129.000      43.000       0.000   94700.000       0.000 -888888.000 -888888.000
 20260705135500
  -31.4667  -68.6667 
  ULLUM_EMBALSE                              SURFACE                                    
  SYNOP             ULLUM_EMBALSE          768  F     F       1
 -888888.000 -888888.000 -888888.000 -888888.000     768.000       0.000     282.450       0.000       3.457     129.000      -0.548     129.000      51.000       0.000   93030.000       0.000 -888888.000 -888888.000
 20260705135500
  -31.5192  -68.8178 
  PUNTA_NEGRA                                SURFACE                                    
  SYNOP             PUNTA_NEGRA            800  F     F       1
 -888888.000 -888888.000 -888888.000 -888888.000     800.000       0.000     282.850       0.000      -0.752     129.000       2.067     129.000      46.000       0.000   92220.000       0.000 -888888.000 -888888.000
 20260705135500
  -31.6500  -68.3000 
  ECOHUMUS                                   SURFACE                                    
  SYNOP             ECOHUMUS               600  F     F       1
 -888888.000 -888888.000 -888888.000 -888888.000     600.000       0.000     283.950       0.000      -4.099     129.000      -8.791     129.000      45.000       0.000   95550.000       0.000 -888888.000 -888888.000
 20260705140000
  -31.6500  -68.5833 
  INTA_POCITO                                SURFACE                                    
  SYNOP             INTA_POCITO            615  F     F       1
 -888888.000 -888888.000 -888888.000 -888888.000     615.000       0.000     284.750       0.000       1.052     129.000      -0.764     129.000      43.000       0.000   94680.000       0.000 -888888.000 -888888.000
 20260705140000
  -31.4667  -68.6667 
  ULLUM_EMBALSE                              SURFACE                                    
  SYNOP             ULLUM_EMBALSE          768  F     F       1
 -888888.000 -888888.000 -888888.000 -888888.000     768.000       0.000     282.650       0.000       3.466     129.000      -0.487     129.000      50.000       0.000   93000.000       0.000 -888888.000 -888888.000
 20260705140000
  -31.5192  -68.8178 
  PUNTA_NEGRA                                SURFACE                                    
  SYNOP             PUNTA_NEGRA            800  F     F       1
 -888888.000 -888888.000 -888888.000 -888888.000     800.000       0.000     282.650       0.000      -1.385     129.000       1.710     129.000      47.000       0.000   92200.000       0.000 -888888.000 -888888.000
 20260705140000
  -31.6500  -68.3000 
  ECOHUMUS                                   SURFACE                                    
  SYNOP             ECOHUMUS               600  F     F       1
 -888888.000 -888888.000 -888888.000 -888888.000     600.000       0.000     283.950       0.000      -3.835     129.000      -9.989     129.000      44.000       0.000   95530.000       0.000 -888888.000 -888888.000
 20260705140500
  -31.6500  -68.5833 
  INTA_POCITO                                SURFACE                                    
  SYNOP             INTA_POCITO            615  F     F       1
 -888888.000 -888888.000 -888888.000 -888888.000     615.000       0.000     285.050       0.000      -0.421     129.000      -0.559     129.000      43.000       0.000   94660.000       0.000 -888888.000 -888888.000
 20260705140500
  -31.4667  -68.6667 
  ULLUM_EMBALSE                              SURFACE                                    
  SYNOP             ULLUM_EMBALSE          768  F     F       1
 -888888.000 -888888.000 -888888.000 -888888.000     768.000       0.000     282.750       0.000       3.995     129.000      -0.209     129.000      50.000       0.000   93010.000       0.000 -888888.000 -888888.000
 20260705140500
  -31.5192  -68.8178 
  PUNTA_NEGRA                                SURFACE                                    
  SYNOP             PUNTA_NEGRA            800  F     F       1
 -888888.000 -888888.000 -888888.000 -888888.000     800.000       0.000     283.150       0.000      -2.236     129.000       1.685     129.000      46.000       0.000   92200.000       0.000 -888888.000 -888888.000
 20260705140500
  -31.6500  -68.3000 
  ECOHUMUS                                   SURFACE                                    
  SYNOP             ECOHUMUS               600  F     F       1
 -888888.000 -888888.000 -888888.000 -888888.000     600.000       0.000     284.250       0.000      -3.921     129.000      -6.276     129.000      44.000       0.000   95510.000       0.000 -888888.000 -888888.000
 20260705141000
  -31.6500  -68.5833 
  INTA_POCITO                                SURFACE                                    
  SYNOP             INTA_POCITO            615  F     F       1
 -888888.000 -888888.000 -888888.000 -888888.000     615.000       0.000     285.450       0.000      -0.093     129.000       0.037     129.000      43.000       0.000   94660.000       0.000 -888888.000 -888888.000
 20260705141000
  -31.4667  -68.6667 
  ULLUM_EMBALSE                              SURFACE                                    
  SYNOP             ULLUM_EMBALSE          768  F     F       1
 -888888.000 -888888.000 -888888.000 -888888.000     768.000       0.000     282.650       0.000       3.978     129.000      -0.418     129.000      50.000       0.000   92990.000       0.000 -888888.000 -888888.000
 20260705141000
  -31.5192  -68.8178 
  PUNTA_NEGRA                                SURFACE                                    
  SYNOP             PUNTA_NEGRA            800  F     F       1
 -888888.000 -888888.000 -888888.000 -888888.000     800.000       0.000     283.050       0.000      -0.964     129.000       1.149     129.000      46.000       0.000   92190.000       0.000 -888888.000 -888888.000
 20260705141000
  -31.6500  -68.3000 
  ECOHUMUS                                   SURFACE                                    
  SYNOP             ECOHUMUS               600  F     F       1
 -888888.000 -888888.000 -888888.000 -888888.000     600.000       0.000     284.450       0.000      -2.019     129.000      -7.534     129.000      43.000       0.000   95510.000       0.000 -888888.000 -888888.000
 20260705141500
  -31.6500  -68.5833 
  INTA_POCITO                                SURFACE                                    
  SYNOP             INTA_POCITO            615  F     F       1
 -888888.000 -888888.000 -888888.000 -888888.000     615.000       0.000     286.050       0.000      -0.136     129.000      -0.267     129.000      42.000       0.000   94650.000       0.000 -888888.000 -888888.000
 20260705141500
  -31.4667  -68.6667 
  ULLUM_EMBALSE                              SURFACE                                    
  SYNOP             ULLUM_EMBALSE          768  F     F       1
 -888888.000 -888888.000 -888888.000 -888888.000     768.000       0.000     282.750       0.000       4.000     129.000       0.000     129.000      49.000       0.000   92980.000       0.000 -888888.000 -888888.000
 20260705141500
  -31.5192  -68.8178 
  PUNTA_NEGRA                                SURFACE                                    
  SYNOP             PUNTA_NEGRA            800  F     F       1
 -888888.000 -888888.000 -888888.000 -888888.000     800.000       0.000     282.750       0.000      -0.556     129.000       2.232     129.000      46.000       0.000   92180.000       0.000 -888888.000 -888888.000
 20260705141500
  -31.6500  -68.3000 
  ECOHUMUS                                   SURFACE                                    
  SYNOP             ECOHUMUS               600  F     F       1
 -888888.000 -888888.000 -888888.000 -888888.000     600.000       0.000     284.750       0.000      -3.028     129.000      -8.793     129.000      43.000       0.000   95510.000       0.000 -888888.000 -888888.000
 20260705142000
  -31.6500  -68.5833 
  INTA_POCITO                                SURFACE                                    
  SYNOP             INTA_POCITO            615  F     F       1
 -888888.000 -888888.000 -888888.000 -888888.000     615.000       0.000     285.950       0.000      -0.294     129.000      -0.405     129.000      41.000       0.000   94640.000       0.000 -888888.000 -888888.000
 20260705142000
  -31.4667  -68.6667 
  ULLUM_EMBALSE                              SURFACE                                    
  SYNOP             ULLUM_EMBALSE          768  F     F       1
 -888888.000 -888888.000 -888888.000 -888888.000     768.000       0.000     282.750       0.000       5.299     129.000      -0.092     129.000      49.000       0.000   92980.000       0.000 -888888.000 -888888.000
 20260705142000
  -31.5192  -68.8178 
  PUNTA_NEGRA                                SURFACE                                    
  SYNOP             PUNTA_NEGRA            800  F     F       1
 -888888.000 -888888.000 -888888.000 -888888.000     800.000       0.000     282.950       0.000      -0.268     129.000       2.184     129.000      46.000       0.000   92150.000       0.000 -888888.000 -888888.000
 20260705142000
  -31.6500  -68.3000 
  ECOHUMUS                                   SURFACE                                    
  SYNOP             ECOHUMUS               600  F     F       1
 -888888.000 -888888.000 -888888.000 -888888.000     600.000       0.000     284.650       0.000      -3.109     129.000      -7.696     129.000      43.000       0.000   95510.000       0.000 -888888.000 -888888.000
 20260705142500
  -31.6500  -68.5833 
  INTA_POCITO                                SURFACE                                    
  SYNOP             INTA_POCITO            615  F     F       1
 -888888.000 -888888.000 -888888.000 -888888.000     615.000       0.000     286.350       0.000      -0.749     129.000      -1.854     129.000      40.000       0.000   94640.000       0.000 -888888.000 -888888.000
 20260705142500
  -31.4667  -68.6667 
  ULLUM_EMBALSE                              SURFACE                                    
  SYNOP             ULLUM_EMBALSE          768  F     F       1
 -888888.000 -888888.000 -888888.000 -888888.000     768.000       0.000     282.650       0.000       3.573     129.000       0.439     129.000      48.000       0.000   92970.000       0.000 -888888.000 -888888.000
 20260705142500
  -31.5192  -68.8178 
  PUNTA_NEGRA                                SURFACE                                    
  SYNOP             PUNTA_NEGRA            800  F     F       1
 -888888.000 -888888.000 -888888.000 -888888.000     800.000       0.000     283.350       0.000      -0.972     129.000       2.085     129.000      45.000       0.000   92160.000       0.000 -888888.000 -888888.000
 20260705142500
  -31.6500  -68.3000 
  ECOHUMUS                                   SURFACE                                    
  SYNOP             ECOHUMUS               600  F     F       1
 -888888.000 -888888.000 -888888.000 -888888.000     600.000       0.000     284.550       0.000       3.028     129.000     -11.301     129.000      42.000       0.000   95490.000       0.000 -888888.000 -888888.000
 20260705143000
  -31.6500  -68.5833 
  INTA_POCITO                                SURFACE                                    
  SYNOP             INTA_POCITO            615  F     F       1
 -888888.000 -888888.000 -888888.000 -888888.000     615.000       0.000     285.950       0.000       0.547     129.000      -1.289     129.000      40.000       0.000   94630.000       0.000 -888888.000 -888888.000
 20260705143000
  -31.4667  -68.6667 
  ULLUM_EMBALSE                              SURFACE                                    
  SYNOP             ULLUM_EMBALSE          768  F     F       1
 -888888.000 -888888.000 -888888.000 -888888.000     768.000       0.000     282.850       0.000       4.090     129.000       1.329     129.000      48.000       0.000   92950.000       0.000 -888888.000 -888888.000
 20260705143000
  -31.5192  -68.8178 
  PUNTA_NEGRA                                SURFACE                                    
  SYNOP             PUNTA_NEGRA            800  F     F       1
 -888888.000 -888888.000 -888888.000 -888888.000     800.000       0.000     283.350       0.000      -1.960     129.000       0.999     129.000      44.000       0.000   92150.000       0.000 -888888.000 -888888.000
 20260705143000
  -31.6500  -68.3000 
  ECOHUMUS                                   SURFACE                                    
  SYNOP             ECOHUMUS               600  F     F       1
 -888888.000 -888888.000 -888888.000 -888888.000     600.000       0.000     284.750       0.000      -3.478     129.000      -8.192     129.000      42.000       0.000   95480.000       0.000 -888888.000 -888888.000
 20260705143500
  -31.6500  -68.5833 
  INTA_POCITO                                SURFACE                                    
  SYNOP             INTA_POCITO            615  F     F       1
 -888888.000 -888888.000 -888888.000 -888888.000     615.000       0.000     286.150       0.000       0.104     129.000      -0.591     129.000      38.000       0.000   94620.000       0.000 -888888.000 -888888.000
 20260705143500
  -31.4667  -68.6667 
  ULLUM_EMBALSE                              SURFACE                                    
  SYNOP             ULLUM_EMBALSE          768  F     F       1
 -888888.000 -888888.000 -888888.000 -888888.000     768.000       0.000     282.950       0.000       4.136     129.000       0.729     129.000      47.000       0.000   92950.000       0.000 -888888.000 -888888.000
 20260705143500
  -31.5192  -68.8178 
  PUNTA_NEGRA                                SURFACE                                    
  SYNOP             PUNTA_NEGRA            800  F     F       1
 -888888.000 -888888.000 -888888.000 -888888.000     800.000       0.000     283.550       0.000      -1.637     129.000       1.755     129.000      43.000       0.000   92140.000       0.000 -888888.000 -888888.000
 20260705143500
  -31.6500  -68.3000 
  ECOHUMUS                                   SURFACE                                    
  SYNOP             ECOHUMUS               600  F     F       1
 -888888.000 -888888.000 -888888.000 -888888.000     600.000       0.000     284.850       0.000      -3.222     129.000      -7.974     129.000      42.000       0.000   95470.000       0.000 -888888.000 -888888.000
 20260705144000
  -31.6500  -68.5833 
  INTA_POCITO                                SURFACE                                    
  SYNOP             INTA_POCITO            615  F     F       1
 -888888.000 -888888.000 -888888.000 -888888.000     615.000       0.000     286.450       0.000      -0.377     129.000       0.328     129.000      38.000       0.000   94600.000       0.000 -888888.000 -888888.000
 20260705144000
  -31.4667  -68.6667 
  ULLUM_EMBALSE                              SURFACE                                    
  SYNOP             ULLUM_EMBALSE          768  F     F       1
 -888888.000 -888888.000 -888888.000 -888888.000     768.000       0.000     283.450       0.000       4.897     129.000       0.171     129.000      46.000       0.000   92950.000       0.000 -888888.000 -888888.000
 20260705144000
  -31.5192  -68.8178 
  PUNTA_NEGRA                                SURFACE                                    
  SYNOP             PUNTA_NEGRA            800  F     F       1
 -888888.000 -888888.000 -888888.000 -888888.000     800.000       0.000     283.750       0.000      -0.524     129.000       1.298     129.000      43.000       0.000   92130.000       0.000 -888888.000 -888888.000
 20260705144000
  -31.6500  -68.3000 
  ECOHUMUS                                   SURFACE                                    
  SYNOP             ECOHUMUS               600  F     F       1
 -888888.000 -888888.000 -888888.000 -888888.000     600.000       0.000     284.850       0.000      -3.450     129.000      -5.976     129.000      41.000       0.000   95470.000       0.000 -888888.000 -888888.000
 20260705144500
  -31.6500  -68.5833 
  INTA_POCITO                                SURFACE                                    
  SYNOP             INTA_POCITO            615  F     F       1
 -888888.000 -888888.000 -888888.000 -888888.000     615.000       0.000     286.350       0.000       0.340     129.000      -1.046     129.000      38.000       0.000   94600.000       0.000 -888888.000 -888888.000
 20260705144500
  -31.4667  -68.6667 
  ULLUM_EMBALSE                              SURFACE                                    
  SYNOP             ULLUM_EMBALSE          768  F     F       1
 -888888.000 -888888.000 -888888.000 -888888.000     768.000       0.000     283.450       0.000       4.389     129.000       0.307     129.000      46.000       0.000   92930.000       0.000 -888888.000 -888888.000
 20260705144500
  -31.5192  -68.8178 
  PUNTA_NEGRA                                SURFACE                                    
  SYNOP             PUNTA_NEGRA            800  F     F       1
 -888888.000 -888888.000 -888888.000 -888888.000     800.000       0.000     283.950       0.000      -3.195     129.000       2.237     129.000      41.000       0.000   92110.000       0.000 -888888.000 -888888.000
 20260705144500
  -31.6500  -68.3000 
  ECOHUMUS                                   SURFACE                                    
  SYNOP             ECOHUMUS               600  F     F       1
 -888888.000 -888888.000 -888888.000 -888888.000     600.000       0.000     284.850       0.000      -5.284     129.000      -9.533     129.000      41.000       0.000   95470.000       0.000 -888888.000 -888888.000
 20260705145000
  -31.6500  -68.5833 
  INTA_POCITO                                SURFACE                                    
  SYNOP             INTA_POCITO            615  F     F       1
 -888888.000 -888888.000 -888888.000 -888888.000     615.000       0.000     286.150       0.000      -0.944     129.000      -1.166     129.000      38.000       0.000   94600.000       0.000 -888888.000 -888888.000
 20260705145000
  -31.4667  -68.6667 
  ULLUM_EMBALSE                              SURFACE                                    
  SYNOP             ULLUM_EMBALSE          768  F     F       1
 -888888.000 -888888.000 -888888.000 -888888.000     768.000       0.000     283.850       0.000       2.387     129.000       0.251     129.000      44.000       0.000   92920.000       0.000 -888888.000 -888888.000
 20260705145000
  -31.5192  -68.8178 
  PUNTA_NEGRA                                SURFACE                                    
  SYNOP             PUNTA_NEGRA            800  F     F       1
 -888888.000 -888888.000 -888888.000 -888888.000     800.000       0.000     283.950       0.000      -1.749     129.000       0.742     129.000      42.000       0.000   92110.000       0.000 -888888.000 -888888.000
 20260705145000
  -31.6500  -68.3000 
  ECOHUMUS                                   SURFACE                                    
  SYNOP             ECOHUMUS               600  F     F       1
 -888888.000 -888888.000 -888888.000 -888888.000     600.000       0.000     284.950       0.000       0.159     129.000      -9.099     129.000      41.000       0.000   95450.000       0.000 -888888.000 -888888.000
 20260705145500
  -31.6500  -68.5833 
  INTA_POCITO                                SURFACE                                    
  SYNOP             INTA_POCITO            615  F     F       1
 -888888.000 -888888.000 -888888.000 -888888.000     615.000       0.000     285.950       0.000      -1.117     129.000      -1.537     129.000      37.000       0.000   94600.000       0.000 -888888.000 -888888.000
 20260705145500
  -31.4667  -68.6667 
  ULLUM_EMBALSE                              SURFACE                                    
  SYNOP             ULLUM_EMBALSE          768  F     F       1
 -888888.000 -888888.000 -888888.000 -888888.000     768.000       0.000     284.350       0.000       2.590     129.000       0.227     129.000      43.000       0.000   92900.000       0.000 -888888.000 -888888.000
 20260705145500
  -31.5192  -68.8178 
  PUNTA_NEGRA                                SURFACE                                    
  SYNOP             PUNTA_NEGRA            800  F     F       1
 -888888.000 -888888.000 -888888.000 -888888.000     800.000       0.000     283.950       0.000      -3.291     129.000       3.069     129.000      41.000       0.000   92110.000       0.000 -888888.000 -888888.000
 20260705145500
  -31.6500  -68.3000 
  ECOHUMUS                                   SURFACE                                    
  SYNOP             ECOHUMUS               600  F     F       1
 -888888.000 -888888.000 -888888.000 -888888.000     600.000       0.000     285.050       0.000       0.440     129.000      -8.388     129.000      41.000       0.000   95450.000       0.000 -888888.000 -888888.000
 20260705150000
  -31.6500  -68.5833 
  INTA_POCITO                                SURFACE                                    
  SYNOP             INTA_POCITO            615  F     F       1
 -888888.000 -888888.000 -888888.000 -888888.000     615.000       0.000     285.850       0.000       0.516     129.000      -0.971     129.000      38.000       0.000   94590.000       0.000 -888888.000 -888888.000
 20260705150000
  -31.4667  -68.6667 
  ULLUM_EMBALSE                              SURFACE                                    
  SYNOP             ULLUM_EMBALSE          768  F     F       1
 -888888.000 -888888.000 -888888.000 -888888.000     768.000       0.000     284.450       0.000       3.978     129.000      -0.418     129.000      43.000       0.000   92910.000       0.000 -888888.000 -888888.000
 20260705150000
  -31.5192  -68.8178 
  PUNTA_NEGRA                                SURFACE                                    
  SYNOP             PUNTA_NEGRA            800  F     F       1
 -888888.000 -888888.000 -888888.000 -888888.000     800.000       0.000     283.950       0.000      -2.750     129.000       2.476     129.000      40.000       0.000   92110.000       0.000 -888888.000 -888888.000
 20260705150000
  -31.6500  -68.3000 
  ECOHUMUS                                   SURFACE                                    
  SYNOP             ECOHUMUS               600  F     F       1
 -888888.000 -888888.000 -888888.000 -888888.000     600.000       0.000     285.150       0.000      -0.129     129.000      -7.399     129.000      40.000       0.000   95440.000       0.000 -888888.000 -888888.000
 20260705150500
  -31.6500  -68.5833 
  INTA_POCITO                                SURFACE                                    
  SYNOP             INTA_POCITO            615  F     F       1
 -888888.000 -888888.000 -888888.000 -888888.000     615.000       0.000     286.050       0.000       0.386     129.000      -0.460     129.000      37.000       0.000   94590.000       0.000 -888888.000 -888888.000
 20260705150500
  -31.4667  -68.6667 
  ULLUM_EMBALSE                              SURFACE                                    
  SYNOP             ULLUM_EMBALSE          768  F     F       1
 -888888.000 -888888.000 -888888.000 -888888.000     768.000       0.000     284.150       0.000       3.680     129.000      -0.387     129.000      45.000       0.000   92910.000       0.000 -888888.000 -888888.000
 20260705150500
  -31.5192  -68.8178 
  PUNTA_NEGRA                                SURFACE                                    
  SYNOP             PUNTA_NEGRA            800  F     F       1
 -888888.000 -888888.000 -888888.000 -888888.000     800.000       0.000     283.850       0.000      -3.396     129.000       0.847     129.000      40.000       0.000   92100.000       0.000 -888888.000 -888888.000
 20260705150500
  -31.6500  -68.3000 
  ECOHUMUS                                   SURFACE                                    
  SYNOP             ECOHUMUS               600  F     F       1
 -888888.000 -888888.000 -888888.000 -888888.000     600.000       0.000     285.150       0.000       0.586     129.000      -8.380     129.000      40.000       0.000   95440.000       0.000 -888888.000 -888888.000
 20260705151000
  -31.6500  -68.5833 
  INTA_POCITO                                SURFACE                                    
  SYNOP             INTA_POCITO            615  F     F       1
 -888888.000 -888888.000 -888888.000 -888888.000     615.000       0.000     286.450       0.000      -0.185     129.000       0.236     129.000      37.000       0.000   94590.000       0.000 -888888.000 -888888.000
 20260705151000
  -31.4667  -68.6667 
  ULLUM_EMBALSE                              SURFACE                                    
  SYNOP             ULLUM_EMBALSE          768  F     F       1
 -888888.000 -888888.000 -888888.000 -888888.000     768.000       0.000     284.250       0.000       3.970     129.000      -0.487     129.000      43.000       0.000   92910.000       0.000 -888888.000 -888888.000
 20260705151000
  -31.5192  -68.8178 
  PUNTA_NEGRA                                SURFACE                                    
  SYNOP             PUNTA_NEGRA            800  F     F       1
 -888888.000 -888888.000 -888888.000 -888888.000     800.000       0.000     284.250       0.000      -2.078     129.000       1.200     129.000      39.000       0.000   92100.000       0.000 -888888.000 -888888.000
 20260705151000
  -31.6500  -68.3000 
  ECOHUMUS                                   SURFACE                                    
  SYNOP             ECOHUMUS               600  F     F       1
 -888888.000 -888888.000 -888888.000 -888888.000     600.000       0.000     285.250       0.000      -2.795     129.000      -7.282     129.000      40.000       0.000   95430.000       0.000 -888888.000 -888888.000
 20260705151500
  -31.6500  -68.5833 
  INTA_POCITO                                SURFACE                                    
  SYNOP             INTA_POCITO            615  F     F       1
 -888888.000 -888888.000 -888888.000 -888888.000     615.000       0.000     286.650       0.000      -0.669     129.000       0.743     129.000      37.000       0.000   94570.000       0.000 -888888.000 -888888.000
 20260705151500
  -31.4667  -68.6667 
  ULLUM_EMBALSE                              SURFACE                                    
  SYNOP             ULLUM_EMBALSE          768  F     F       1
 -888888.000 -888888.000 -888888.000 -888888.000     768.000       0.000     283.950       0.000       5.535     129.000      -3.595     129.000      46.000       0.000   92900.000       0.000 -888888.000 -888888.000
 20260705151500
  -31.5192  -68.8178 
  PUNTA_NEGRA                                SURFACE                                    
  SYNOP             PUNTA_NEGRA            800  F     F       1
 -888888.000 -888888.000 -888888.000 -888888.000     800.000       0.000     284.550       0.000      -0.158     129.000       1.290     129.000      38.000       0.000   92100.000       0.000 -888888.000 -888888.000
 20260705151500
  -31.6500  -68.3000 
  ECOHUMUS                                   SURFACE                                    
  SYNOP             ECOHUMUS               600  F     F       1
 -888888.000 -888888.000 -888888.000 -888888.000     600.000       0.000     285.050       0.000      -4.275     129.000      -7.114     129.000      40.000       0.000   95430.000       0.000 -888888.000 -888888.000
 20260705152000
  -31.6500  -68.5833 
  INTA_POCITO                                SURFACE                                    
  SYNOP             INTA_POCITO            615  F     F       1
 -888888.000 -888888.000 -888888.000 -888888.000     615.000       0.000     286.450       0.000       0.135     129.000      -0.585     129.000      36.000       0.000   94570.000       0.000 -888888.000 -888888.000
 20260705152000
  -31.4667  -68.6667 
  ULLUM_EMBALSE                              SURFACE                                    
  SYNOP             ULLUM_EMBALSE          768  F     F       1
 -888888.000 -888888.000 -888888.000 -888888.000     768.000       0.000     284.050       0.000       0.788     129.000      -2.054     129.000      42.000       0.000   92910.000       0.000 -888888.000 -888888.000
 20260705152000
  -31.5192  -68.8178 
  PUNTA_NEGRA                                SURFACE                                    
  SYNOP             PUNTA_NEGRA            800  F     F       1
 -888888.000 -888888.000 -888888.000 -888888.000     800.000       0.000     284.550       0.000      -4.090     129.000      -0.286     129.000      39.000       0.000   92100.000       0.000 -888888.000 -888888.000
 20260705152000
  -31.6500  -68.3000 
  ECOHUMUS                                   SURFACE                                    
  SYNOP             ECOHUMUS               600  F     F       1
 -888888.000 -888888.000 -888888.000 -888888.000     600.000       0.000     285.150       0.000      -2.660     129.000      -6.583     129.000      39.000       0.000   95430.000       0.000 -888888.000 -888888.000
 20260705152500
  -31.6500  -68.5833 
  INTA_POCITO                                SURFACE                                    
  SYNOP             INTA_POCITO            615  F     F       1
 -888888.000 -888888.000 -888888.000 -888888.000     615.000       0.000     286.250       0.000      -0.010     129.000      -0.600     129.000      36.000       0.000   94570.000       0.000 -888888.000 -888888.000
 20260705152500
  -31.4667  -68.6667 
  ULLUM_EMBALSE                              SURFACE                                    
  SYNOP             ULLUM_EMBALSE          768  F     F       1
 -888888.000 -888888.000 -888888.000 -888888.000     768.000       0.000     284.950       0.000       0.205     129.000      -0.564     129.000      39.000       0.000   92900.000       0.000 -888888.000 -888888.000
 20260705152500
  -31.5192  -68.8178 
  PUNTA_NEGRA                                SURFACE                                    
  SYNOP             PUNTA_NEGRA            800  F     F       1
 -888888.000 -888888.000 -888888.000 -888888.000     800.000       0.000     284.350       0.000      -3.031     129.000       1.750     129.000      38.000       0.000   92100.000       0.000 -888888.000 -888888.000
 20260705152500
  -31.6500  -68.3000 
  ECOHUMUS                                   SURFACE                                    
  SYNOP             ECOHUMUS               600  F     F       1
 -888888.000 -888888.000 -888888.000 -888888.000     600.000       0.000     285.450       0.000      -3.704     129.000      -5.703     129.000      39.000       0.000   95430.000       0.000 -888888.000 -888888.000
 20260705153000
  -31.6500  -68.5833 
  INTA_POCITO                                SURFACE                                    
  SYNOP             INTA_POCITO            615  F     F       1
 -888888.000 -888888.000 -888888.000 -888888.000     615.000       0.000     286.450       0.000      -0.391     129.000      -0.083     129.000      36.000       0.000   94580.000       0.000 -888888.000 -888888.000
 20260705153000
  -31.4667  -68.6667 
  ULLUM_EMBALSE                              SURFACE                                    
  SYNOP             ULLUM_EMBALSE          768  F     F       1
 -888888.000 -888888.000 -888888.000 -888888.000     768.000       0.000     285.050       0.000      -3.948     129.000      -4.385     129.000      38.000       0.000   92900.000       0.000 -888888.000 -888888.000
 20260705153000
  -31.5192  -68.8178 
  PUNTA_NEGRA                                SURFACE                                    
  SYNOP             PUNTA_NEGRA            800  F     F       1
 -888888.000 -888888.000 -888888.000 -888888.000     800.000       0.000     284.150       0.000      -2.925     129.000       2.728     129.000      39.000       0.000   92100.000       0.000 -888888.000 -888888.000
 20260705153000
  -31.6500  -68.3000 
  ECOHUMUS                                   SURFACE                                    
  SYNOP             ECOHUMUS               600  F     F       1
 -888888.000 -888888.000 -888888.000 -888888.000     600.000       0.000     285.550       0.000      -2.148     129.000      -8.017     129.000      39.000       0.000   95430.000       0.000 -888888.000 -888888.000
 20260705153500
  -31.6500  -68.5833 
  INTA_POCITO                                SURFACE                                    
  SYNOP             INTA_POCITO            615  F     F       1
 -888888.000 -888888.000 -888888.000 -888888.000     615.000       0.000     286.550       0.000      -0.390     129.000      -0.090     129.000      35.000       0.000   94570.000       0.000 -888888.000 -888888.000
 20260705153500
  -31.4667  -68.6667 
  ULLUM_EMBALSE                              SURFACE                                    
  SYNOP             ULLUM_EMBALSE          768  F     F       1
 -888888.000 -888888.000 -888888.000 -888888.000     768.000       0.000     285.250       0.000      -1.049     129.000      -2.596     129.000      39.000       0.000   92890.000       0.000 -888888.000 -888888.000
 20260705153500
  -31.5192  -68.8178 
  PUNTA_NEGRA                                SURFACE                                    
  SYNOP             PUNTA_NEGRA            800  F     F       1
 -888888.000 -888888.000 -888888.000 -888888.000     800.000       0.000     284.350       0.000      -3.064     129.000       2.571     129.000      38.000       0.000   92090.000       0.000 -888888.000 -888888.000
 20260705153500
  -31.6500  -68.3000 
  ECOHUMUS                                   SURFACE                                    
  SYNOP             ECOHUMUS               600  F     F       1
 -888888.000 -888888.000 -888888.000 -888888.000     600.000       0.000     285.650       0.000      -2.852     129.000      -6.720     129.000      39.000       0.000   95420.000       0.000 -888888.000 -888888.000
 20260705154000
  -31.6500  -68.5833 
  INTA_POCITO                                SURFACE                                    
  SYNOP             INTA_POCITO            615  F     F       1
 -888888.000 -888888.000 -888888.000 -888888.000     615.000       0.000     286.650       0.000      -0.000     129.000       0.000     129.000      34.000       0.000   94560.000       0.000 -888888.000 -888888.000
 20260705154000
  -31.4667  -68.6667 
  ULLUM_EMBALSE                              SURFACE                                    
  SYNOP             ULLUM_EMBALSE          768  F     F       1
 -888888.000 -888888.000 -888888.000 -888888.000     768.000       0.000     284.850       0.000       0.779     129.000      -5.546     129.000      42.000       0.000   92890.000       0.000 -888888.000 -888888.000
 20260705154000
  -31.5192  -68.8178 
  PUNTA_NEGRA                                SURFACE                                    
  SYNOP             PUNTA_NEGRA            800  F     F       1
 -888888.000 -888888.000 -888888.000 -888888.000     800.000       0.000     284.350       0.000      -3.853     129.000       1.402     129.000      39.000       0.000   92090.000       0.000 -888888.000 -888888.000
 20260705154000
  -31.6500  -68.3000 
  ECOHUMUS                                   SURFACE                                    
  SYNOP             ECOHUMUS               600  F     F       1
 -888888.000 -888888.000 -888888.000 -888888.000     600.000       0.000     285.650       0.000      -0.636     129.000      -7.272     129.000      39.000       0.000   95430.000       0.000 -888888.000 -888888.000
 20260705154500
  -31.6500  -68.5833 
  INTA_POCITO                                SURFACE                                    
  SYNOP             INTA_POCITO            615  F     F       1
 -888888.000 -888888.000 -888888.000 -888888.000     615.000       0.000     287.150       0.000       0.234     129.000      -0.765     129.000      33.000       0.000   94570.000       0.000 -888888.000 -888888.000
 20260705154500
  -31.4667  -68.6667 
  ULLUM_EMBALSE                              SURFACE                                    
  SYNOP             ULLUM_EMBALSE          768  F     F       1
 -888888.000 -888888.000 -888888.000 -888888.000     768.000       0.000     284.350       0.000       1.017     129.000      -2.284     129.000      43.000       0.000   92900.000       0.000 -888888.000 -888888.000
 20260705154500
  -31.5192  -68.8178 
  PUNTA_NEGRA                                SURFACE                                    
  SYNOP             PUNTA_NEGRA            800  F     F       1
 -888888.000 -888888.000 -888888.000 -888888.000     800.000       0.000     284.550       0.000      -2.832     129.000       2.057     129.000      38.000       0.000   92070.000       0.000 -888888.000 -888888.000
 20260705154500
  -31.6500  -68.3000 
  ECOHUMUS                                   SURFACE                                    
  SYNOP             ECOHUMUS               600  F     F       1
 -888888.000 -888888.000 -888888.000 -888888.000     600.000       0.000     285.450       0.000      -2.481     129.000      -8.651     129.000      39.000       0.000   95420.000       0.000 -888888.000 -888888.000
 20260705155000
  -31.6500  -68.5833 
  INTA_POCITO                                SURFACE                                    
  SYNOP             INTA_POCITO            615  F     F       1
 -888888.000 -888888.000 -888888.000 -888888.000     615.000       0.000     286.750       0.000      -0.083     129.000      -0.056     129.000      34.000       0.000   94560.000       0.000 -888888.000 -888888.000
 20260705155000
  -31.4667  -68.6667 
  ULLUM_EMBALSE                              SURFACE                                    
  SYNOP             ULLUM_EMBALSE          768  F     F       1
 -888888.000 -888888.000 -888888.000 -888888.000     768.000       0.000     285.150       0.000       2.068     129.000      -0.365     129.000      38.000       0.000   92880.000       0.000 -888888.000 -888888.000
 20260705155000
  -31.5192  -68.8178 
  PUNTA_NEGRA                                SURFACE                                    
  SYNOP             PUNTA_NEGRA            800  F     F       1
 -888888.000 -888888.000 -888888.000 -888888.000     800.000       0.000     284.750       0.000      -2.189     129.000       1.903     129.000      37.000       0.000   92070.000       0.000 -888888.000 -888888.000
 20260705155000
  -31.6500  -68.3000 
  ECOHUMUS                                   SURFACE                                    
  SYNOP             ECOHUMUS               600  F     F       1
 -888888.000 -888888.000 -888888.000 -888888.000     600.000       0.000     285.650       0.000      -3.021     129.000      -4.834     129.000      39.000       0.000   95410.000       0.000 -888888.000 -888888.000
 20260705155500
  -31.6500  -68.5833 
  INTA_POCITO                                SURFACE                                    
  SYNOP             INTA_POCITO            615  F     F       1
 -888888.000 -888888.000 -888888.000 -888888.000     615.000       0.000     286.650       0.000      -0.000     129.000       0.000     129.000      36.000       0.000   94560.000       0.000 -888888.000 -888888.000
 20260705155500
  -31.4667  -68.6667 
  ULLUM_EMBALSE                              SURFACE                                    
  SYNOP             ULLUM_EMBALSE          768  F     F       1
 -888888.000 -888888.000 -888888.000 -888888.000     768.000       0.000     285.850       0.000       0.689     129.000      -0.122     129.000      36.000       0.000   92890.000       0.000 -888888.000 -888888.000
 20260705155500
  -31.5192  -68.8178 
  PUNTA_NEGRA                                SURFACE                                    
  SYNOP             PUNTA_NEGRA            800  F     F       1
 -888888.000 -888888.000 -888888.000 -888888.000     800.000       0.000     284.750       0.000      -3.355     129.000       2.179     129.000      37.000       0.000   92080.000       0.000 -888888.000 -888888.000
 20260705155500
  -31.6500  -68.3000 
  ECOHUMUS                                   SURFACE                                    
  SYNOP             ECOHUMUS               600  F     F       1
 -888888.000 -888888.000 -888888.000 -888888.000     600.000       0.000     285.850       0.000      -2.759     129.000      -7.189     129.000      39.000       0.000   95420.000       0.000 -888888.000 -888888.000
 20260705160000
  -31.6500  -68.5833 
  INTA_POCITO                                SURFACE                                    
  SYNOP             INTA_POCITO            615  F     F       1
 -888888.000 -888888.000 -888888.000 -888888.000     615.000       0.000     287.050       0.000       0.000     129.000       0.000     129.000      34.000       0.000   94570.000       0.000 -888888.000 -888888.000
 20260705160000
  -31.4667  -68.6667 
  ULLUM_EMBALSE                              SURFACE                                    
  SYNOP             ULLUM_EMBALSE          768  F     F       1
 -888888.000 -888888.000 -888888.000 -888888.000     768.000       0.000     285.950       0.000       2.173     129.000      -0.344     129.000      35.000       0.000   92890.000       0.000 -888888.000 -888888.000
 20260705160000
  -31.5192  -68.8178 
  PUNTA_NEGRA                                SURFACE                                    
  SYNOP             PUNTA_NEGRA            800  F     F       1
 -888888.000 -888888.000 -888888.000 -888888.000     800.000       0.000     284.650       0.000      -2.728     129.000       2.925     129.000      37.000       0.000   92080.000       0.000 -888888.000 -888888.000
 20260705160000
  -31.6500  -68.3000 
  ECOHUMUS                                   SURFACE                                    
  SYNOP             ECOHUMUS               600  F     F       1
 -888888.000 -888888.000 -888888.000 -888888.000     600.000       0.000     285.750       0.000      -2.907     129.000      -7.987     129.000      39.000       0.000   95420.000       0.000 -888888.000 -888888.000
 20260705160500
  -31.6500  -68.5833 
  INTA_POCITO                                SURFACE                                    
  SYNOP             INTA_POCITO            615  F     F       1
 -888888.000 -888888.000 -888888.000 -888888.000     615.000       0.000     287.250       0.000      -0.700     129.000      -1.212     129.000      34.000       0.000   94570.000       0.000 -888888.000 -888888.000
 20260705160500
  -31.4667  -68.6667 
  ULLUM_EMBALSE                              SURFACE                                    
  SYNOP             ULLUM_EMBALSE          768  F     F       1
 -888888.000 -888888.000 -888888.000 -888888.000     768.000       0.000     286.350       0.000       2.561     129.000      -0.451     129.000      34.000       0.000   92880.000       0.000 -888888.000 -888888.000
 20260705160500
  -31.5192  -68.8178 
  PUNTA_NEGRA                                SURFACE                                    
  SYNOP             PUNTA_NEGRA            800  F     F       1
 -888888.000 -888888.000 -888888.000 -888888.000     800.000       0.000     284.650       0.000      -2.250     129.000       2.681     129.000      37.000       0.000   92080.000       0.000 -888888.000 -888888.000
 20260705160500
  -31.6500  -68.3000 
  ECOHUMUS                                   SURFACE                                    
  SYNOP             ECOHUMUS               600  F     F       1
 -888888.000 -888888.000 -888888.000 -888888.000     600.000       0.000     285.650       0.000      -2.164     129.000      -7.077     129.000      38.000       0.000   95420.000       0.000 -888888.000 -888888.000
 20260705161000
  -31.6500  -68.5833 
  INTA_POCITO                                SURFACE                                    
  SYNOP             INTA_POCITO            615  F     F       1
 -888888.000 -888888.000 -888888.000 -888888.000     615.000       0.000     286.950       0.000      -0.000     129.000       0.000     129.000      34.000       0.000   94560.000       0.000 -888888.000 -888888.000
 20260705161000
  -31.4667  -68.6667 
  ULLUM_EMBALSE                              SURFACE                                    
  SYNOP             ULLUM_EMBALSE          768  F     F       1
 -888888.000 -888888.000 -888888.000 -888888.000     768.000       0.000     285.950       0.000       1.358     129.000      -0.339     129.000      34.000       0.000   92870.000       0.000 -888888.000 -888888.000
 20260705161000
  -31.5192  -68.8178 
  PUNTA_NEGRA                                SURFACE                                    
  SYNOP             PUNTA_NEGRA            800  F     F       1
 -888888.000 -888888.000 -888888.000 -888888.000     800.000       0.000     284.650       0.000      -3.523     129.000       1.424     129.000      37.000       0.000   92060.000       0.000 -888888.000 -888888.000
 20260705161000
  -31.6500  -68.3000 
  ECOHUMUS                                   SURFACE                                    
  SYNOP             ECOHUMUS               600  F     F       1
 -888888.000 -888888.000 -888888.000 -888888.000     600.000       0.000     285.750       0.000      -3.333     129.000      -6.269     129.000      38.000       0.000   95420.000       0.000 -888888.000 -888888.000
 20260705161500
  -31.6500  -68.5833 
  INTA_POCITO                                SURFACE                                    
  SYNOP             INTA_POCITO            615  F     F       1
 -888888.000 -888888.000 -888888.000 -888888.000     615.000       0.000     287.250       0.000      -0.000     129.000       0.000     129.000      34.000       0.000   94560.000       0.000 -888888.000 -888888.000
 20260705161500
  -31.4667  -68.6667 
  ULLUM_EMBALSE                              SURFACE                                    
  SYNOP             ULLUM_EMBALSE          768  F     F       1
 -888888.000 -888888.000 -888888.000 -888888.000     768.000       0.000     285.550       0.000      -1.835     129.000      -0.492     129.000      34.000       0.000   92880.000       0.000 -888888.000 -888888.000
 20260705161500
  -31.5192  -68.8178 
  PUNTA_NEGRA                                SURFACE                                    
  SYNOP             PUNTA_NEGRA            800  F     F       1
 -888888.000 -888888.000 -888888.000 -888888.000     800.000       0.000     284.550       0.000      -1.988     129.000       3.586     129.000      37.000       0.000   92070.000       0.000 -888888.000 -888888.000
 20260705161500
  -31.6500  -68.3000 
  ECOHUMUS                                   SURFACE                                    
  SYNOP             ECOHUMUS               600  F     F       1
 -888888.000 -888888.000 -888888.000 -888888.000     600.000       0.000     285.950       0.000      -0.419     129.000      -5.985     129.000      38.000       0.000   95410.000       0.000 -888888.000 -888888.000
 20260705162000
  -31.6500  -68.5833 
  INTA_POCITO                                SURFACE                                    
  SYNOP             INTA_POCITO            615  F     F       1
 -888888.000 -888888.000 -888888.000 -888888.000     615.000       0.000     287.350       0.000      -0.000     129.000      -0.000     129.000      33.000       0.000   94560.000       0.000 -888888.000 -888888.000
 20260705162000
  -31.4667  -68.6667 
  ULLUM_EMBALSE                              SURFACE                                    
  SYNOP             ULLUM_EMBALSE          768  F     F       1
 -888888.000 -888888.000 -888888.000 -888888.000     768.000       0.000     285.650       0.000      -1.844     129.000       0.460     129.000      33.000       0.000   92870.000       0.000 -888888.000 -888888.000
 20260705162000
  -31.5192  -68.8178 
  PUNTA_NEGRA                                SURFACE                                    
  SYNOP             PUNTA_NEGRA            800  F     F       1
 -888888.000 -888888.000 -888888.000 -888888.000     800.000       0.000     284.650       0.000      -2.662     129.000       2.570     129.000      36.000       0.000   92080.000       0.000 -888888.000 -888888.000
 20260705162000
  -31.6500  -68.3000 
  ECOHUMUS                                   SURFACE                                    
  SYNOP             ECOHUMUS               600  F     F       1
 -888888.000 -888888.000 -888888.000 -888888.000     600.000       0.000     285.950       0.000      -3.701     129.000      -8.313     129.000      38.000       0.000   95400.000       0.000 -888888.000 -888888.000
 20260705162500
  -31.6500  -68.5833 
  INTA_POCITO                                SURFACE                                    
  SYNOP             INTA_POCITO            615  F     F       1
 -888888.000 -888888.000 -888888.000 -888888.000     615.000       0.000     287.150       0.000      -0.394     129.000      -0.069     129.000      33.000       0.000   94540.000       0.000 -888888.000 -888888.000
 20260705162500
  -31.4667  -68.6667 
  ULLUM_EMBALSE                              SURFACE                                    
  SYNOP             ULLUM_EMBALSE          768  F     F       1
 -888888.000 -888888.000 -888888.000 -888888.000     768.000       0.000     285.750       0.000      -4.881     129.000      -0.427     129.000      33.000       0.000   92870.000       0.000 -888888.000 -888888.000
 20260705162500
  -31.5192  -68.8178 
  PUNTA_NEGRA                                SURFACE                                    
  SYNOP             PUNTA_NEGRA            800  F     F       1
 -888888.000 -888888.000 -888888.000 -888888.000     800.000       0.000     284.450       0.000      -3.109     129.000       2.517     129.000      37.000       0.000   92070.000       0.000 -888888.000 -888888.000
 20260705162500
  -31.6500  -68.3000 
  ECOHUMUS                                   SURFACE                                    
  SYNOP             ECOHUMUS               600  F     F       1
 -888888.000 -888888.000 -888888.000 -888888.000     600.000       0.000     285.750       0.000      -2.718     129.000      -5.573     129.000      38.000       0.000   95400.000       0.000 -888888.000 -888888.000
 20260705163000
  -31.6500  -68.5833 
  INTA_POCITO                                SURFACE                                    
  SYNOP             INTA_POCITO            615  F     F       1
 -888888.000 -888888.000 -888888.000 -888888.000     615.000       0.000     286.950       0.000      -0.028     129.000      -0.096     129.000      33.000       0.000   94550.000       0.000 -888888.000 -888888.000
 20260705163000
  -31.4667  -68.6667 
  ULLUM_EMBALSE                              SURFACE                                    
  SYNOP             ULLUM_EMBALSE          768  F     F       1
 -888888.000 -888888.000 -888888.000 -888888.000     768.000       0.000     284.950       0.000      -1.977     129.000       0.964     129.000      34.000       0.000   92870.000       0.000 -888888.000 -888888.000
 20260705163000
  -31.5192  -68.8178 
  PUNTA_NEGRA                                SURFACE                                    
  SYNOP             PUNTA_NEGRA            800  F     F       1
 -888888.000 -888888.000 -888888.000 -888888.000     800.000       0.000     284.250       0.000      -1.903     129.000       2.189     129.000      37.000       0.000   92070.000       0.000 -888888.000 -888888.000
 20260705163000
  -31.6500  -68.3000 
  ECOHUMUS                                   SURFACE                                    
  SYNOP             ECOHUMUS               600  F     F       1
 -888888.000 -888888.000 -888888.000 -888888.000     600.000       0.000     285.850       0.000      -0.654     129.000      -7.471     129.000      37.000       0.000   95400.000       0.000 -888888.000 -888888.000
 20260705163500
  -31.6500  -68.5833 
  INTA_POCITO                                SURFACE                                    
  SYNOP             INTA_POCITO            615  F     F       1
 -888888.000 -888888.000 -888888.000 -888888.000     615.000       0.000     287.250       0.000      -0.878     129.000      -0.818     129.000      33.000       0.000   94550.000       0.000 -888888.000 -888888.000
 20260705163500
  -31.4667  -68.6667 
  ULLUM_EMBALSE                              SURFACE                                    
  SYNOP             ULLUM_EMBALSE          768  F     F       1
 -888888.000 -888888.000 -888888.000 -888888.000     768.000       0.000     285.350       0.000      -2.728     129.000      -0.630     129.000      32.000       0.000   92880.000       0.000 -888888.000 -888888.000
 20260705163500
  -31.5192  -68.8178 
  PUNTA_NEGRA                                SURFACE                                    
  SYNOP             PUNTA_NEGRA            800  F     F       1
 -888888.000 -888888.000 -888888.000 -888888.000     800.000       0.000     284.350       0.000      -1.697     129.000       3.061     129.000      37.000       0.000   92070.000       0.000 -888888.000 -888888.000
 20260705163500
  -31.6500  -68.3000 
  ECOHUMUS                                   SURFACE                                    
  SYNOP             ECOHUMUS               600  F     F       1
 -888888.000 -888888.000 -888888.000 -888888.000     600.000       0.000     285.950       0.000      -0.325     129.000      -9.294     129.000      37.000       0.000   95390.000       0.000 -888888.000 -888888.000
 20260705164000
  -31.6500  -68.5833 
  INTA_POCITO                                SURFACE                                    
  SYNOP             INTA_POCITO            615  F     F       1
 -888888.000 -888888.000 -888888.000 -888888.000     615.000       0.000     286.950       0.000      -0.230     129.000      -0.193     129.000      32.000       0.000   94540.000       0.000 -888888.000 -888888.000
 20260705164000
  -31.4667  -68.6667 
  ULLUM_EMBALSE                              SURFACE                                    
  SYNOP             ULLUM_EMBALSE          768  F     F       1
 -888888.000 -888888.000 -888888.000 -888888.000     768.000       0.000     285.350       0.000      -3.782     129.000       1.302     129.000      33.000       0.000   92880.000       0.000 -888888.000 -888888.000
 20260705164000
  -31.5192  -68.8178 
  PUNTA_NEGRA                                SURFACE                                    
  SYNOP             PUNTA_NEGRA            800  F     F       1
 -888888.000 -888888.000 -888888.000 -888888.000     800.000       0.000     284.250       0.000      -3.179     129.000       1.690     129.000      37.000       0.000   92070.000       0.000 -888888.000 -888888.000
 20260705164000
  -31.6500  -68.3000 
  ECOHUMUS                                   SURFACE                                    
  SYNOP             ECOHUMUS               600  F     F       1
 -888888.000 -888888.000 -888888.000 -888888.000     600.000       0.000     285.850       0.000      -4.697     129.000      -6.964     129.000      37.000       0.000   95400.000       0.000 -888888.000 -888888.000
 20260705164500
  -31.6500  -68.5833 
  INTA_POCITO                                SURFACE                                    
  SYNOP             INTA_POCITO            615  F     F       1
 -888888.000 -888888.000 -888888.000 -888888.000     615.000       0.000     286.950       0.000      -0.000     129.000       0.000     129.000      32.000       0.000   94550.000       0.000 -888888.000 -888888.000
 20260705164500
  -31.4667  -68.6667 
  ULLUM_EMBALSE                              SURFACE                                    
  SYNOP             ULLUM_EMBALSE          768  F     F       1
 -888888.000 -888888.000 -888888.000 -888888.000     768.000       0.000     285.250       0.000      -6.348     129.000      -2.437     129.000      33.000       0.000   92870.000       0.000 -888888.000 -888888.000
 20260705164500
  -31.5192  -68.8178 
  PUNTA_NEGRA                                SURFACE                                    
  SYNOP             PUNTA_NEGRA            800  F     F       1
 -888888.000 -888888.000 -888888.000 -888888.000     800.000       0.000     284.350       0.000      -1.635     129.000       1.472     129.000      36.000       0.000   92070.000       0.000 -888888.000 -888888.000
 20260705164500
  -31.6500  -68.3000 
  ECOHUMUS                                   SURFACE                                    
  SYNOP             ECOHUMUS               600  F     F       1
 -888888.000 -888888.000 -888888.000 -888888.000     600.000       0.000     285.750       0.000      -4.114     129.000      -4.903     129.000      37.000       0.000   95390.000       0.000 -888888.000 -888888.000
 20260705165000
  -31.6500  -68.5833 
  INTA_POCITO                                SURFACE                                    
  SYNOP             INTA_POCITO            615  F     F       1
 -888888.000 -888888.000 -888888.000 -888888.000     615.000       0.000     287.150       0.000      -0.000     129.000       0.000     129.000      33.000       0.000   94550.000       0.000 -888888.000 -888888.000
 20260705165000
  -31.4667  -68.6667 
  ULLUM_EMBALSE                              SURFACE                                    
  SYNOP             ULLUM_EMBALSE          768  F     F       1
 -888888.000 -888888.000 -888888.000 -888888.000     768.000       0.000     284.850       0.000      -7.526     129.000       1.058     129.000      33.000       0.000   92870.000       0.000 -888888.000 -888888.000
 20260705165000
  -31.5192  -68.8178 
  PUNTA_NEGRA                                SURFACE                                    
  SYNOP             PUNTA_NEGRA            800  F     F       1
 -888888.000 -888888.000 -888888.000 -888888.000     800.000       0.000     284.150       0.000      -1.416     129.000       2.181     129.000      36.000       0.000   92080.000       0.000 -888888.000 -888888.000
 20260705165000
  -31.6500  -68.3000 
  ECOHUMUS                                   SURFACE                                    
  SYNOP             ECOHUMUS               600  F     F       1
 -888888.000 -888888.000 -888888.000 -888888.000     600.000       0.000     285.950       0.000      -3.005     129.000      -5.651     129.000      37.000       0.000   95400.000       0.000 -888888.000 -888888.000
 20260705165500
  -31.6500  -68.5833 
  INTA_POCITO                                SURFACE                                    
  SYNOP             INTA_POCITO            615  F     F       1
 -888888.000 -888888.000 -888888.000 -888888.000     615.000       0.000     287.050       0.000      -0.098     129.000      -0.284     129.000      32.000       0.000   94550.000       0.000 -888888.000 -888888.000
 20260705165500
  -31.4667  -68.6667 
  ULLUM_EMBALSE                              SURFACE                                    
  SYNOP             ULLUM_EMBALSE          768  F     F       1
 -888888.000 -888888.000 -888888.000 -888888.000     768.000       0.000     284.950       0.000      -4.050     129.000       1.719     129.000      33.000       0.000   92860.000       0.000 -888888.000 -888888.000
 20260705165500
  -31.5192  -68.8178 
  PUNTA_NEGRA                                SURFACE                                    
  SYNOP             PUNTA_NEGRA            800  F     F       1
 -888888.000 -888888.000 -888888.000 -888888.000     800.000       0.000     284.050       0.000      -2.006     129.000       1.807     129.000      36.000       0.000   92080.000       0.000 -888888.000 -888888.000
 20260705165500
  -31.6500  -68.3000 
  ECOHUMUS                                   SURFACE                                    
  SYNOP             ECOHUMUS               600  F     F       1
 -888888.000 -888888.000 -888888.000 -888888.000     600.000       0.000     285.950       0.000      -3.662     129.000      -6.887     129.000      37.000       0.000   95400.000       0.000 -888888.000 -888888.000
 20260705170000
  -31.6500  -68.5833 
  INTA_POCITO                                SURFACE                                    
  SYNOP             INTA_POCITO            615  F     F       1
 -888888.000 -888888.000 -888888.000 -888888.000     615.000       0.000     286.950       0.000      -0.000     129.000       0.000     129.000      33.000       0.000   94550.000       0.000 -888888.000 -888888.000
 20260705170000
  -31.4667  -68.6667 
  ULLUM_EMBALSE                              SURFACE                                    
  SYNOP             ULLUM_EMBALSE          768  F     F       1
 -888888.000 -888888.000 -888888.000 -888888.000     768.000       0.000     285.050       0.000      -4.349     129.000       1.498     129.000      32.000       0.000   92880.000       0.000 -888888.000 -888888.000
 20260705170000
  -31.5192  -68.8178 
  PUNTA_NEGRA                                SURFACE                                    
  SYNOP             PUNTA_NEGRA            800  F     F       1
 -888888.000 -888888.000 -888888.000 -888888.000     800.000       0.000     283.850       0.000      -0.350     129.000       0.606     129.000      38.000       0.000   92080.000       0.000 -888888.000 -888888.000
 20260705170000
  -31.6500  -68.3000 
  ECOHUMUS                                   SURFACE                                    
  SYNOP             ECOHUMUS               600  F     F       1
 -888888.000 -888888.000 -888888.000 -888888.000     600.000       0.000     285.550       0.000      -4.114     129.000      -5.663     129.000      37.000       0.000   95410.000       0.000 -888888.000 -888888.000
 20260705170500
  -31.6500  -68.5833 
  INTA_POCITO                                SURFACE                                    
  SYNOP             INTA_POCITO            615  F     F       1
 -888888.000 -888888.000 -888888.000 -888888.000     615.000       0.000     286.950       0.000       0.014     129.000      -0.099     129.000      34.000       0.000   94540.000       0.000 -888888.000 -888888.000
 20260705170500
  -31.4667  -68.6667 
  ULLUM_EMBALSE                              SURFACE                                    
  SYNOP             ULLUM_EMBALSE          768  F     F       1
 -888888.000 -888888.000 -888888.000 -888888.000     768.000       0.000     285.050       0.000      -3.699     129.000      -0.065     129.000      33.000       0.000   92870.000       0.000 -888888.000 -888888.000
 20260705170500
  -31.5192  -68.8178 
  PUNTA_NEGRA                                SURFACE                                    
  SYNOP             PUNTA_NEGRA            800  F     F       1
 -888888.000 -888888.000 -888888.000 -888888.000     800.000       0.000     283.750       0.000      -1.693     129.000       0.863     129.000      37.000       0.000   92080.000       0.000 -888888.000 -888888.000
 20260705170500
  -31.6500  -68.3000 
  ECOHUMUS                                   SURFACE                                    
  SYNOP             ECOHUMUS               600  F     F       1
 -888888.000 -888888.000 -888888.000 -888888.000     600.000       0.000     285.450       0.000      -2.616     129.000      -6.815     129.000      38.000       0.000   95400.000       0.000 -888888.000 -888888.000
 20260705171000
  -31.6500  -68.5833 
  INTA_POCITO                                SURFACE                                    
  SYNOP             INTA_POCITO            615  F     F       1
 -888888.000 -888888.000 -888888.000 -888888.000     615.000       0.000     286.850       0.000      -0.000     129.000       0.000     129.000      34.000       0.000   94540.000       0.000 -888888.000 -888888.000
 20260705171000
  -31.4667  -68.6667 
  ULLUM_EMBALSE                              SURFACE                                    
  SYNOP             ULLUM_EMBALSE          768  F     F       1
 -888888.000 -888888.000 -888888.000 -888888.000     768.000       0.000     285.150       0.000      -2.893     129.000      -0.202     129.000      33.000       0.000   92870.000       0.000 -888888.000 -888888.000
 20260705171000
  -31.5192  -68.8178 
  PUNTA_NEGRA                                SURFACE                                    
  SYNOP             PUNTA_NEGRA            800  F     F       1
 -888888.000 -888888.000 -888888.000 -888888.000     800.000       0.000     283.750       0.000      -2.486     129.000      -0.760     129.000      37.000       0.000   92080.000       0.000 -888888.000 -888888.000
 20260705171000
  -31.6500  -68.3000 
  ECOHUMUS                                   SURFACE                                    
  SYNOP             ECOHUMUS               600  F     F       1
 -888888.000 -888888.000 -888888.000 -888888.000     600.000       0.000     285.350       0.000      -2.684     129.000      -6.029     129.000      37.000       0.000   95390.000       0.000 -888888.000 -888888.000
 20260705171500
  -31.6500  -68.5833 
  INTA_POCITO                                SURFACE                                    
  SYNOP             INTA_POCITO            615  F     F       1
 -888888.000 -888888.000 -888888.000 -888888.000     615.000       0.000     286.650       0.000      -0.000     129.000       0.000     129.000      34.000       0.000   94540.000       0.000 -888888.000 -888888.000
 20260705171500
  -31.4667  -68.6667 
  ULLUM_EMBALSE                              SURFACE                                    
  SYNOP             ULLUM_EMBALSE          768  F     F       1
 -888888.000 -888888.000 -888888.000 -888888.000     768.000       0.000     285.150       0.000      -2.203     129.000       2.720     129.000      33.000       0.000   92870.000       0.000 -888888.000 -888888.000
 20260705171500
  -31.5192  -68.8178 
  PUNTA_NEGRA                                SURFACE                                    
  SYNOP             PUNTA_NEGRA            800  F     F       1
 -888888.000 -888888.000 -888888.000 -888888.000     800.000       0.000     283.550       0.000      -0.798     129.000       1.501     129.000      37.000       0.000   92070.000       0.000 -888888.000 -888888.000
 20260705171500
  -31.6500  -68.3000 
  ECOHUMUS                                   SURFACE                                    
  SYNOP             ECOHUMUS               600  F     F       1
 -888888.000 -888888.000 -888888.000 -888888.000     600.000       0.000     285.250       0.000      -1.929     129.000      -6.729     129.000      37.000       0.000   95390.000       0.000 -888888.000 -888888.000
 20260705172000
  -31.6500  -68.5833 
  INTA_POCITO                                SURFACE                                    
  SYNOP             INTA_POCITO            615  F     F       1
 -888888.000 -888888.000 -888888.000 -888888.000     615.000       0.000     286.450       0.000      -0.000     129.000       0.000     129.000      34.000       0.000   94540.000       0.000 -888888.000 -888888.000
 20260705172000
  -31.4667  -68.6667 
  ULLUM_EMBALSE                              SURFACE                                    
  SYNOP             ULLUM_EMBALSE          768  F     F       1
 -888888.000 -888888.000 -888888.000 -888888.000     768.000       0.000     285.150       0.000      -3.782     129.000       2.955     129.000      33.000       0.000   92870.000       0.000 -888888.000 -888888.000
 20260705172000
  -31.5192  -68.8178 
  PUNTA_NEGRA                                SURFACE                                    
  SYNOP             PUNTA_NEGRA            800  F     F       1
 -888888.000 -888888.000 -888888.000 -888888.000     800.000       0.000     283.450       0.000      -0.919     129.000       0.919     129.000      37.000       0.000   92080.000       0.000 -888888.000 -888888.000
 20260705172000
  -31.6500  -68.3000 
  ECOHUMUS                                   SURFACE                                    
  SYNOP             ECOHUMUS               600  F     F       1
 -888888.000 -888888.000 -888888.000 -888888.000     600.000       0.000     285.350       0.000      -3.345     129.000      -6.035     129.000      37.000       0.000   95400.000       0.000 -888888.000 -888888.000
 20260705172500
  -31.6500  -68.5833 
  INTA_POCITO                                SURFACE                                    
  SYNOP             INTA_POCITO            615  F     F       1
 -888888.000 -888888.000 -888888.000 -888888.000     615.000       0.000     286.350       0.000       0.000     129.000       0.000     129.000      35.000       0.000   94540.000       0.000 -888888.000 -888888.000
 20260705172500
  -31.4667  -68.6667 
  ULLUM_EMBALSE                              SURFACE                                    
  SYNOP             ULLUM_EMBALSE          768  F     F       1
 -888888.000 -888888.000 -888888.000 -888888.000     768.000       0.000     284.950       0.000      -3.155     129.000       2.292     129.000      34.000       0.000   92870.000       0.000 -888888.000 -888888.000
 20260705172500
  -31.5192  -68.8178 
  PUNTA_NEGRA                                SURFACE                                    
  SYNOP             PUNTA_NEGRA            800  F     F       1
 -888888.000 -888888.000 -888888.000 -888888.000     800.000       0.000     283.350       0.000      -0.836     129.000       0.996     129.000      37.000       0.000   92090.000       0.000 -888888.000 -888888.000
 20260705172500
  -31.6500  -68.3000 
  ECOHUMUS                                   SURFACE                                    
  SYNOP             ECOHUMUS               600  F     F       1
 -888888.000 -888888.000 -888888.000 -888888.000     600.000       0.000     285.450       0.000      -2.600     129.000      -4.503     129.000      37.000       0.000   95400.000       0.000 -888888.000 -888888.000
 20260705173000
  -31.6500  -68.5833 
  INTA_POCITO                                SURFACE                                    
  SYNOP             INTA_POCITO            615  F     F       1
 -888888.000 -888888.000 -888888.000 -888888.000     615.000       0.000     285.750       0.000      -0.268     129.000      -0.297     129.000      37.000       0.000   94540.000       0.000 -888888.000 -888888.000
 20260705173000
  -31.4667  -68.6667 
  ULLUM_EMBALSE                              SURFACE                                    
  SYNOP             ULLUM_EMBALSE          768  F     F       1
 -888888.000 -888888.000 -888888.000 -888888.000     768.000       0.000     284.950       0.000      -2.517     129.000       3.109     129.000      34.000       0.000   92880.000       0.000 -888888.000 -888888.000
 20260705173000
  -31.5192  -68.8178 
  PUNTA_NEGRA                                SURFACE                                    
  SYNOP             PUNTA_NEGRA            800  F     F       1
 -888888.000 -888888.000 -888888.000 -888888.000     800.000       0.000     283.350       0.000      -0.899     129.000      -0.047     129.000      36.000       0.000   92090.000       0.000 -888888.000 -888888.000
 20260705173000
  -31.6500  -68.3000 
  ECOHUMUS                                   SURFACE                                    
  SYNOP             ECOHUMUS               600  F     F       1
 -888888.000 -888888.000 -888888.000 -888888.000     600.000       0.000     285.850       0.000      -1.760     129.000      -6.568     129.000      36.000       0.000   95390.000       0.000 -888888.000 -888888.000
 20260705173500
  -31.6500  -68.5833 
  INTA_POCITO                                SURFACE                                    
  SYNOP             INTA_POCITO            615  F     F       1
 -888888.000 -888888.000 -888888.000 -888888.000     615.000       0.000     285.550       0.000       0.215     129.000      -0.560     129.000      37.000       0.000   94540.000       0.000 -888888.000 -888888.000
 20260705173500
  -31.4667  -68.6667 
  ULLUM_EMBALSE                              SURFACE                                    
  SYNOP             ULLUM_EMBALSE          768  F     F       1
 -888888.000 -888888.000 -888888.000 -888888.000     768.000       0.000     284.850       0.000      -5.192     129.000       2.098     129.000      34.000       0.000   92880.000       0.000 -888888.000 -888888.000
 20260705173500
  -31.5192  -68.8178 
  PUNTA_NEGRA                                SURFACE                                    
  SYNOP             PUNTA_NEGRA            800  F     F       1
 -888888.000 -888888.000 -888888.000 -888888.000     800.000       0.000     283.150       0.000      -0.235     129.000       0.324     129.000      37.000       0.000   92080.000       0.000 -888888.000 -888888.000
 20260705173500
  -31.6500  -68.3000 
  ECOHUMUS                                   SURFACE                                    
  SYNOP             ECOHUMUS               600  F     F       1
 -888888.000 -888888.000 -888888.000 -888888.000     600.000       0.000     285.750       0.000      -1.192     129.000      -5.164     129.000      37.000       0.000   95390.000       0.000 -888888.000 -888888.000
 20260705174000
  -31.6500  -68.5833 
  INTA_POCITO                                SURFACE                                    
  SYNOP             INTA_POCITO            615  F     F       1
 -888888.000 -888888.000 -888888.000 -888888.000     615.000       0.000     285.650       0.000      -0.062     129.000      -0.079     129.000      37.000       0.000   94550.000       0.000 -888888.000 -888888.000
 20260705174000
  -31.4667  -68.6667 
  ULLUM_EMBALSE                              SURFACE                                    
  SYNOP             ULLUM_EMBALSE          768  F     F       1
 -888888.000 -888888.000 -888888.000 -888888.000     768.000       0.000     284.850       0.000      -5.573     129.000       2.481     129.000      34.000       0.000   92890.000       0.000 -888888.000 -888888.000
 20260705174000
  -31.5192  -68.8178 
  PUNTA_NEGRA                                SURFACE                                    
  SYNOP             PUNTA_NEGRA            800  F     F       1
 -888888.000 -888888.000 -888888.000 -888888.000     800.000       0.000     283.250       0.000      -0.254     129.000       0.544     129.000      36.000       0.000   92090.000       0.000 -888888.000 -888888.000
 20260705174000
  -31.6500  -68.3000 
  ECOHUMUS                                   SURFACE                                    
  SYNOP             ECOHUMUS               600  F     F       1
 -888888.000 -888888.000 -888888.000 -888888.000     600.000       0.000     285.750       0.000      -0.115     129.000      -6.599     129.000      37.000       0.000   95390.000       0.000 -888888.000 -888888.000
 20260705174500
  -31.6500  -68.5833 
  INTA_POCITO                                SURFACE                                    
  SYNOP             INTA_POCITO            615  F     F       1
 -888888.000 -888888.000 -888888.000 -888888.000     615.000       0.000     285.550       0.000       0.029     129.000      -0.096     129.000      37.000       0.000   94550.000       0.000 -888888.000 -888888.000
 20260705174500
  -31.4667  -68.6667 
  ULLUM_EMBALSE                              SURFACE                                    
  SYNOP             ULLUM_EMBALSE          768  F     F       1
 -888888.000 -888888.000 -888888.000 -888888.000     768.000       0.000     284.750       0.000      -2.352     129.000       3.359     129.000      34.000       0.000   92880.000       0.000 -888888.000 -888888.000
 20260705174500
  -31.5192  -68.8178 
  PUNTA_NEGRA                                SURFACE                                    
  SYNOP             PUNTA_NEGRA            800  F     F       1
 -888888.000 -888888.000 -888888.000 -888888.000     800.000       0.000     283.050       0.000      -0.272     129.000       0.535     129.000      36.000       0.000   92100.000       0.000 -888888.000 -888888.000
 20260705174500
  -31.6500  -68.3000 
  ECOHUMUS                                   SURFACE                                    
  SYNOP             ECOHUMUS               600  F     F       1
 -888888.000 -888888.000 -888888.000 -888888.000     600.000       0.000     285.650       0.000      -0.955     129.000      -5.416     129.000      36.000       0.000   95380.000       0.000 -888888.000 -888888.000
 20260705175000
  -31.6500  -68.5833 
  INTA_POCITO                                SURFACE                                    
  SYNOP             INTA_POCITO            615  F     F       1
 -888888.000 -888888.000 -888888.000 -888888.000     615.000       0.000     285.250       0.000      -0.082     129.000      -0.057     129.000      38.000       0.000   94540.000       0.000 -888888.000 -888888.000
 20260705175000
  -31.4667  -68.6667 
  ULLUM_EMBALSE                              SURFACE                                    
  SYNOP             ULLUM_EMBALSE          768  F     F       1
 -888888.000 -888888.000 -888888.000 -888888.000     768.000       0.000     284.950       0.000      -2.337     129.000       1.140     129.000      34.000       0.000   92880.000       0.000 -888888.000 -888888.000
 20260705175000
  -31.5192  -68.8178 
  PUNTA_NEGRA                                SURFACE                                    
  SYNOP             PUNTA_NEGRA            800  F     F       1
 -888888.000 -888888.000 -888888.000 -888888.000     800.000       0.000     282.850       0.000      -0.486     129.000       0.504     129.000      35.000       0.000   92080.000       0.000 -888888.000 -888888.000
 20260705175000
  -31.6500  -68.3000 
  ECOHUMUS                                   SURFACE                                    
  SYNOP             ECOHUMUS               600  F     F       1
 -888888.000 -888888.000 -888888.000 -888888.000     600.000       0.000     285.650       0.000      -0.877     129.000      -2.869     129.000      36.000       0.000   95380.000       0.000 -888888.000 -888888.000
 20260705175500
  -31.6500  -68.5833 
  INTA_POCITO                                SURFACE                                    
  SYNOP             INTA_POCITO            615  F     F       1
 -888888.000 -888888.000 -888888.000 -888888.000     615.000       0.000     285.050       0.000      -0.099     129.000       0.010     129.000      38.000       0.000   94540.000       0.000 -888888.000 -888888.000
 20260705175500
  -31.4667  -68.6667 
  ULLUM_EMBALSE                              SURFACE                                    
  SYNOP             ULLUM_EMBALSE          768  F     F       1
 -888888.000 -888888.000 -888888.000 -888888.000     768.000       0.000     284.850       0.000      -2.663     129.000       0.865     129.000      34.000       0.000   92880.000       0.000 -888888.000 -888888.000
 20260705175500
  -31.5192  -68.8178 
  PUNTA_NEGRA                                SURFACE                                    
  SYNOP             PUNTA_NEGRA            800  F     F       1
 -888888.000 -888888.000 -888888.000 -888888.000     800.000       0.000     282.850       0.000       0.066     129.000       0.075     129.000      36.000       0.000   92090.000       0.000 -888888.000 -888888.000
 20260705175500
  -31.6500  -68.3000 
  ECOHUMUS                                   SURFACE                                    
  SYNOP             ECOHUMUS               600  F     F       1
 -888888.000 -888888.000 -888888.000 -888888.000     600.000       0.000     285.650       0.000      -0.366     129.000      -4.184     129.000      36.000       0.000   95380.000       0.000 -888888.000 -888888.000
 20260705180000
  -31.6500  -68.5833 
  INTA_POCITO                                SURFACE                                    
  SYNOP             INTA_POCITO            615  F     F       1
 -888888.000 -888888.000 -888888.000 -888888.000     615.000       0.000     284.950       0.000      -0.090     129.000      -0.044     129.000      38.000       0.000   94550.000       0.000 -888888.000 -888888.000
 20260705180000
  -31.4667  -68.6667 
  ULLUM_EMBALSE                              SURFACE                                    
  SYNOP             ULLUM_EMBALSE          768  F     F       1
 -888888.000 -888888.000 -888888.000 -888888.000     768.000       0.000     284.850       0.000      -3.853     129.000       1.402     129.000      34.000       0.000   92880.000       0.000 -888888.000 -888888.000
 20260705180000
  -31.5192  -68.8178 
  PUNTA_NEGRA                                SURFACE                                    
  SYNOP             PUNTA_NEGRA            800  F     F       1
 -888888.000 -888888.000 -888888.000 -888888.000     800.000       0.000     282.550       0.000       0.335     129.000       0.372     129.000      36.000       0.000   92100.000       0.000 -888888.000 -888888.000
 20260705180000
  -31.6500  -68.3000 
  ECOHUMUS                                   SURFACE                                    
  SYNOP             ECOHUMUS               600  F     F       1
 -888888.000 -888888.000 -888888.000 -888888.000     600.000       0.000     285.550       0.000      -0.668     129.000      -3.436     129.000      37.000       0.000   95370.000       0.000 -888888.000 -888888.000
 20260705180500
  -31.6500  -68.5833 
  INTA_POCITO                                SURFACE                                    
  SYNOP             INTA_POCITO            615  F     F       1
 -888888.000 -888888.000 -888888.000 -888888.000     615.000       0.000     284.750       0.000      -0.000     129.000       0.000     129.000      39.000       0.000   94540.000       0.000 -888888.000 -888888.000
 20260705180500
  -31.4667  -68.6667 
  ULLUM_EMBALSE                              SURFACE                                    
  SYNOP             ULLUM_EMBALSE          768  F     F       1
 -888888.000 -888888.000 -888888.000 -888888.000     768.000       0.000     284.650       0.000      -4.014     129.000       1.541     129.000      35.000       0.000   92880.000       0.000 -888888.000 -888888.000
 20260705180500
  -31.5192  -68.8178 
  PUNTA_NEGRA                                SURFACE                                    
  SYNOP             PUNTA_NEGRA            800  F     F       1
 -888888.000 -888888.000 -888888.000 -888888.000     800.000       0.000     282.450       0.000       0.709     129.000       0.554     129.000      37.000       0.000   92100.000       0.000 -888888.000 -888888.000
 20260705180500
  -31.6500  -68.3000 
  ECOHUMUS                                   SURFACE                                    
  SYNOP             ECOHUMUS               600  F     F       1
 -888888.000 -888888.000 -888888.000 -888888.000     600.000       0.000     285.450       0.000       0.500     129.000      -4.069     129.000      37.000       0.000   95380.000       0.000 -888888.000 -888888.000
 20260705181000
  -31.6500  -68.5833 
  INTA_POCITO                                SURFACE                                    
  SYNOP             INTA_POCITO            615  F     F       1
 -888888.000 -888888.000 -888888.000 -888888.000     615.000       0.000     284.250       0.000      -0.000     129.000       0.000     129.000      40.000       0.000   94530.000       0.000 -888888.000 -888888.000
 20260705181000
  -31.4667  -68.6667 
  ULLUM_EMBALSE                              SURFACE                                    
  SYNOP             ULLUM_EMBALSE          768  F     F       1
 -888888.000 -888888.000 -888888.000 -888888.000     768.000       0.000     284.450       0.000      -5.423     129.000       3.006     129.000      34.000       0.000   92880.000       0.000 -888888.000 -888888.000
 20260705181000
  -31.5192  -68.8178 
  PUNTA_NEGRA                                SURFACE                                    
  SYNOP             PUNTA_NEGRA            800  F     F       1
 -888888.000 -888888.000 -888888.000 -888888.000     800.000       0.000     282.350       0.000       1.118     129.000       0.843     129.000      38.000       0.000   92090.000       0.000 -888888.000 -888888.000
 20260705181000
  -31.6500  -68.3000 
  ECOHUMUS                                   SURFACE                                    
  SYNOP             ECOHUMUS               600  F     F       1
 -888888.000 -888888.000 -888888.000 -888888.000     600.000       0.000     285.250       0.000       0.349     129.000      -3.985     129.000      37.000       0.000   95370.000       0.000 -888888.000 -888888.000
 20260705181500
  -31.6500  -68.5833 
  INTA_POCITO                                SURFACE                                    
  SYNOP             INTA_POCITO            615  F     F       1
 -888888.000 -888888.000 -888888.000 -888888.000     615.000       0.000     283.850       0.000      -0.000     129.000       0.000     129.000      41.000       0.000   94540.000       0.000 -888888.000 -888888.000
 20260705181500
  -31.4667  -68.6667 
  ULLUM_EMBALSE                              SURFACE                                    
  SYNOP             ULLUM_EMBALSE          768  F     F       1
 -888888.000 -888888.000 -888888.000 -888888.000     768.000       0.000     284.350       0.000      -0.588     129.000       0.809     129.000      34.000       0.000   92870.000       0.000 -888888.000 -888888.000
 20260705181500
  -31.5192  -68.8178 
  PUNTA_NEGRA                                SURFACE                                    
  SYNOP             PUNTA_NEGRA            800  F     F       1
 -888888.000 -888888.000 -888888.000 -888888.000     800.000       0.000     282.250       0.000       0.636     129.000       0.636     129.000      39.000       0.000   92090.000       0.000 -888888.000 -888888.000
 20260705181500
  -31.6500  -68.3000 
  ECOHUMUS                                   SURFACE                                    
  SYNOP             ECOHUMUS               600  F     F       1
 -888888.000 -888888.000 -888888.000 -888888.000     600.000       0.000     285.150       0.000      -1.039     129.000      -2.707     129.000      37.000       0.000   95390.000       0.000 -888888.000 -888888.000
 20260705182000
  -31.6500  -68.5833 
  INTA_POCITO                                SURFACE                                    
  SYNOP             INTA_POCITO            615  F     F       1
 -888888.000 -888888.000 -888888.000 -888888.000     615.000       0.000     283.450       0.000      -0.000     129.000       0.000     129.000      42.000       0.000   94540.000       0.000 -888888.000 -888888.000
 20260705182000
  -31.4667  -68.6667 
  ULLUM_EMBALSE                              SURFACE                                    
  SYNOP             ULLUM_EMBALSE          768  F     F       1
 -888888.000 -888888.000 -888888.000 -888888.000     768.000       0.000     284.550       0.000      -0.257     129.000       0.306     129.000      34.000       0.000   92880.000       0.000 -888888.000 -888888.000
 20260705182000
  -31.5192  -68.8178 
  PUNTA_NEGRA                                SURFACE                                    
  SYNOP             PUNTA_NEGRA            800  F     F       1
 -888888.000 -888888.000 -888888.000 -888888.000     800.000       0.000     282.050       0.000       0.000     129.000       0.000     129.000      40.000       0.000   92090.000       0.000 -888888.000 -888888.000
 20260705182000
  -31.6500  -68.3000 
  ECOHUMUS                                   SURFACE                                    
  SYNOP             ECOHUMUS               600  F     F       1
 -888888.000 -888888.000 -888888.000 -888888.000     600.000       0.000     284.950       0.000      -0.813     129.000      -1.827     129.000      37.000       0.000   95380.000       0.000 -888888.000 -888888.000
 20260705182500
  -31.6500  -68.5833 
  INTA_POCITO                                SURFACE                                    
  SYNOP             INTA_POCITO            615  F     F       1
 -888888.000 -888888.000 -888888.000 -888888.000     615.000       0.000     282.650       0.000      -0.000     129.000       0.000     129.000      47.000       0.000   94550.000       0.000 -888888.000 -888888.000
 20260705182500
  -31.4667  -68.6667 
  ULLUM_EMBALSE                              SURFACE                                    
  SYNOP             ULLUM_EMBALSE          768  F     F       1
 -888888.000 -888888.000 -888888.000 -888888.000     768.000       0.000     284.150       0.000      -1.079     129.000       0.526     129.000      34.000       0.000   92880.000       0.000 -888888.000 -888888.000
 20260705182500
  -31.5192  -68.8178 
  PUNTA_NEGRA                                SURFACE                                    
  SYNOP             PUNTA_NEGRA            800  F     F       1
 -888888.000 -888888.000 -888888.000 -888888.000     800.000       0.000     281.650       0.000       0.000     129.000       0.000     129.000      41.000       0.000   92080.000       0.000 -888888.000 -888888.000
 20260705182500
  -31.6500  -68.3000 
  ECOHUMUS                                   SURFACE                                    
  SYNOP             ECOHUMUS               600  F     F       1
 -888888.000 -888888.000 -888888.000 -888888.000     600.000       0.000     284.650       0.000      -1.062     129.000      -1.575     129.000      38.000       0.000   95390.000       0.000 -888888.000 -888888.000
 20260705183000
  -31.6500  -68.5833 
  INTA_POCITO                                SURFACE                                    
  SYNOP             INTA_POCITO            615  F     F       1
 -888888.000 -888888.000 -888888.000 -888888.000     615.000       0.000     282.050       0.000      -0.000     129.000       0.000     129.000      48.000       0.000   94560.000       0.000 -888888.000 -888888.000
 20260705183000
  -31.4667  -68.6667 
  ULLUM_EMBALSE                              SURFACE                                    
  SYNOP             ULLUM_EMBALSE          768  F     F       1
 -888888.000 -888888.000 -888888.000 -888888.000     768.000       0.000     283.850       0.000      -1.473     129.000       0.625     129.000      34.000       0.000   92880.000       0.000 -888888.000 -888888.000
 20260705183000
  -31.5192  -68.8178 
  PUNTA_NEGRA                                SURFACE                                    
  SYNOP             PUNTA_NEGRA            800  F     F       1
 -888888.000 -888888.000 -888888.000 -888888.000     800.000       0.000     281.550       0.000       0.064     129.000       0.077     129.000      42.000       0.000   92110.000       0.000 -888888.000 -888888.000
 20260705183000
  -31.6500  -68.3000 
  ECOHUMUS                                   SURFACE                                    
  SYNOP             ECOHUMUS               600  F     F       1
 -888888.000 -888888.000 -888888.000 -888888.000     600.000       0.000     284.150       0.000      -0.477     129.000      -2.454     129.000      38.000       0.000   95390.000       0.000 -888888.000 -888888.000
 20260705183500
  -31.6500  -68.5833 
  INTA_POCITO                                SURFACE                                    
  SYNOP             INTA_POCITO            615  F     F       1
 -888888.000 -888888.000 -888888.000 -888888.000     615.000       0.000     281.250       0.000      -0.000     129.000       0.000     129.000      50.000       0.000   94560.000       0.000 -888888.000 -888888.000
 20260705183500
  -31.4667  -68.6667 
  ULLUM_EMBALSE                              SURFACE                                    
  SYNOP             ULLUM_EMBALSE          768  F     F       1
 -888888.000 -888888.000 -888888.000 -888888.000     768.000       0.000     283.650       0.000      -1.749     129.000       0.742     129.000      35.000       0.000   92890.000       0.000 -888888.000 -888888.000
 20260705183500
  -31.5192  -68.8178 
  PUNTA_NEGRA                                SURFACE                                    
  SYNOP             PUNTA_NEGRA            800  F     F       1
 -888888.000 -888888.000 -888888.000 -888888.000     800.000       0.000     281.350       0.000       0.073     129.000       0.068     129.000      42.000       0.000   92100.000       0.000 -888888.000 -888888.000
 20260705183500
  -31.6500  -68.3000 
  ECOHUMUS                                   SURFACE                                    
  SYNOP             ECOHUMUS               600  F     F       1
 -888888.000 -888888.000 -888888.000 -888888.000     600.000       0.000     283.750       0.000       0.320     129.000      -2.278     129.000      40.000       0.000   95400.000       0.000 -888888.000 -888888.000
 20260705184000
  -31.6500  -68.5833 
  INTA_POCITO                                SURFACE                                    
  SYNOP             INTA_POCITO            615  F     F       1
 -888888.000 -888888.000 -888888.000 -888888.000     615.000       0.000     280.650       0.000      -0.000     129.000       0.000     129.000      52.000       0.000   94560.000       0.000 -888888.000 -888888.000
 20260705184000
  -31.4667  -68.6667 
  ULLUM_EMBALSE                              SURFACE                                    
  SYNOP             ULLUM_EMBALSE          768  F     F       1
 -888888.000 -888888.000 -888888.000 -888888.000     768.000       0.000     283.550       0.000      -2.874     129.000       1.161     129.000      35.000       0.000   92890.000       0.000 -888888.000 -888888.000
 20260705184000
  -31.5192  -68.8178 
  PUNTA_NEGRA                                SURFACE                                    
  SYNOP             PUNTA_NEGRA            800  F     F       1
 -888888.000 -888888.000 -888888.000 -888888.000     800.000       0.000     281.150       0.000       0.075     129.000       0.066     129.000      42.000       0.000   92100.000       0.000 -888888.000 -888888.000
 20260705184000
  -31.6500  -68.3000 
  ECOHUMUS                                   SURFACE                                    
  SYNOP             ECOHUMUS               600  F     F       1
 -888888.000 -888888.000 -888888.000 -888888.000     600.000       0.000     283.250       0.000      -0.037     129.000      -2.100     129.000      41.000       0.000   95400.000       0.000 -888888.000 -888888.000
 20260705184500
  -31.6500  -68.5833 
  INTA_POCITO                                SURFACE                                    
  SYNOP             INTA_POCITO            615  F     F       1
 -888888.000 -888888.000 -888888.000 -888888.000     615.000       0.000     280.350       0.000      -0.000     129.000       0.000     129.000      52.000       0.000   94570.000       0.000 -888888.000 -888888.000
 20260705184500
  -31.4667  -68.6667 
  ULLUM_EMBALSE                              SURFACE                                    
  SYNOP             ULLUM_EMBALSE          768  F     F       1
 -888888.000 -888888.000 -888888.000 -888888.000     768.000       0.000     283.450       0.000      -1.298     129.000       0.524     129.000      35.000       0.000   92890.000       0.000 -888888.000 -888888.000
 20260705184500
  -31.5192  -68.8178 
  PUNTA_NEGRA                                SURFACE                                    
  SYNOP             PUNTA_NEGRA            800  F     F       1
 -888888.000 -888888.000 -888888.000 -888888.000     800.000       0.000     280.950       0.000       0.000     129.000       0.000     129.000      43.000       0.000   92100.000       0.000 -888888.000 -888888.000
 20260705184500
  -31.6500  -68.3000 
  ECOHUMUS                                   SURFACE                                    
  SYNOP             ECOHUMUS               600  F     F       1
 -888888.000 -888888.000 -888888.000 -888888.000     600.000       0.000     282.850       0.000       0.000     129.000      -2.300     129.000      42.000       0.000   95390.000       0.000 -888888.000 -888888.000
 20260705185000
  -31.6500  -68.5833 
  INTA_POCITO                                SURFACE                                    
  SYNOP             INTA_POCITO            615  F     F       1
 -888888.000 -888888.000 -888888.000 -888888.000     615.000       0.000     280.250       0.000      -0.000     129.000       0.000     129.000      53.000       0.000   94570.000       0.000 -888888.000 -888888.000
 20260705185000
  -31.4667  -68.6667 
  ULLUM_EMBALSE                              SURFACE                                    
  SYNOP             ULLUM_EMBALSE          768  F     F       1
 -888888.000 -888888.000 -888888.000 -888888.000     768.000       0.000     283.250       0.000      -1.298     129.000       0.524     129.000      36.000       0.000   92900.000       0.000 -888888.000 -888888.000
 20260705185000
  -31.5192  -68.8178 
  PUNTA_NEGRA                                SURFACE                                    
  SYNOP             PUNTA_NEGRA            800  F     F       1
 -888888.000 -888888.000 -888888.000 -888888.000     800.000       0.000     280.850       0.000       0.000     129.000       0.000     129.000      43.000       0.000   92110.000       0.000 -888888.000 -888888.000
 20260705185000
  -31.6500  -68.3000 
  ECOHUMUS                                   SURFACE                                    
  SYNOP             ECOHUMUS               600  F     F       1
 -888888.000 -888888.000 -888888.000 -888888.000     600.000       0.000     282.650       0.000      -0.291     129.000      -1.369     129.000      42.000       0.000   95390.000       0.000 -888888.000 -888888.000
 20260705185500
  -31.6500  -68.5833 
  INTA_POCITO                                SURFACE                                    
  SYNOP             INTA_POCITO            615  F     F       1
 -888888.000 -888888.000 -888888.000 -888888.000     615.000       0.000     280.250       0.000      -0.000     129.000       0.000     129.000      51.000       0.000   94580.000       0.000 -888888.000 -888888.000
 20260705185500
  -31.4667  -68.6667 
  ULLUM_EMBALSE                              SURFACE                                    
  SYNOP             ULLUM_EMBALSE          768  F     F       1
 -888888.000 -888888.000 -888888.000 -888888.000     768.000       0.000     283.150       0.000      -1.113     129.000       0.450     129.000      36.000       0.000   92900.000       0.000 -888888.000 -888888.000
 20260705185500
  -31.5192  -68.8178 
  PUNTA_NEGRA                                SURFACE                                    
  SYNOP             PUNTA_NEGRA            800  F     F       1
 -888888.000 -888888.000 -888888.000 -888888.000     800.000       0.000     280.650       0.000       0.062     129.000       0.079     129.000      44.000       0.000   92120.000       0.000 -888888.000 -888888.000
 20260705185500
  -31.6500  -68.3000 
  ECOHUMUS                                   SURFACE                                    
  SYNOP             ECOHUMUS               600  F     F       1
 -888888.000 -888888.000 -888888.000 -888888.000     600.000       0.000     282.550       0.000      -0.125     129.000      -0.587     129.000      42.000       0.000   95410.000       0.000 -888888.000 -888888.000
 20260705190000
  -31.6500  -68.5833 
  INTA_POCITO                                SURFACE                                    
  SYNOP             INTA_POCITO            615  F     F       1
 -888888.000 -888888.000 -888888.000 -888888.000     615.000       0.000     280.250       0.000      -0.000     129.000       0.000     129.000      51.000       0.000   94590.000       0.000 -888888.000 -888888.000
 20260705190000
  -31.4667  -68.6667 
  ULLUM_EMBALSE                              SURFACE                                    
  SYNOP             ULLUM_EMBALSE          768  F     F       1
 -888888.000 -888888.000 -888888.000 -888888.000     768.000       0.000     283.050       0.000      -2.946     129.000       1.250     129.000      37.000       0.000   92910.000       0.000 -888888.000 -888888.000
 20260705190000
  -31.5192  -68.8178 
  PUNTA_NEGRA                                SURFACE                                    
  SYNOP             PUNTA_NEGRA            800  F     F       1
 -888888.000 -888888.000 -888888.000 -888888.000     800.000       0.000     280.450       0.000       0.223     129.000       0.201     129.000      44.000       0.000   92120.000       0.000 -888888.000 -888888.000
 20260705190000
  -31.6500  -68.3000 
  ECOHUMUS                                   SURFACE                                    
  SYNOP             ECOHUMUS               600  F     F       1
 -888888.000 -888888.000 -888888.000 -888888.000     600.000       0.000     282.450       0.000      -0.000     129.000      -0.000     129.000      42.000       0.000   95420.000       0.000 -888888.000 -888888.000
 20260705190500
  -31.6500  -68.5833 
  INTA_POCITO                                SURFACE                                    
  SYNOP             INTA_POCITO            615  F     F       1
 -888888.000 -888888.000 -888888.000 -888888.000     615.000       0.000     280.050       0.000      -0.000     129.000       0.000     129.000      52.000       0.000   94590.000       0.000 -888888.000 -888888.000
 20260705190500
  -31.4667  -68.6667 
  ULLUM_EMBALSE                              SURFACE                                    
  SYNOP             ULLUM_EMBALSE          768  F     F       1
 -888888.000 -888888.000 -888888.000 -888888.000     768.000       0.000     282.950       0.000      -2.387     129.000       2.560     129.000      39.000       0.000   92910.000       0.000 -888888.000 -888888.000
 20260705190500
  -31.5192  -68.8178 
  PUNTA_NEGRA                                SURFACE                                    
  SYNOP             PUNTA_NEGRA            800  F     F       1
 -888888.000 -888888.000 -888888.000 -888888.000     800.000       0.000     280.550       0.000       0.497     129.000       0.336     129.000      43.000       0.000   92130.000       0.000 -888888.000 -888888.000
 20260705190500
  -31.6500  -68.3000 
  ECOHUMUS                                   SURFACE                                    
  SYNOP             ECOHUMUS               600  F     F       1
 -888888.000 -888888.000 -888888.000 -888888.000     600.000       0.000     282.250       0.000      -0.000     129.000      -0.000     129.000      42.000       0.000   95410.000       0.000 -888888.000 -888888.000
 20260705191000
  -31.6500  -68.5833 
  INTA_POCITO                                SURFACE                                    
  SYNOP             INTA_POCITO            615  F     F       1
 -888888.000 -888888.000 -888888.000 -888888.000     615.000       0.000     279.650       0.000      -0.000     129.000       0.000     129.000      54.000       0.000   94590.000       0.000 -888888.000 -888888.000
 20260705191000
  -31.4667  -68.6667 
  ULLUM_EMBALSE                              SURFACE                                    
  SYNOP             ULLUM_EMBALSE          768  F     F       1
 -888888.000 -888888.000 -888888.000 -888888.000     768.000       0.000     282.850       0.000       0.418     129.000       2.971     129.000      39.000       0.000   92910.000       0.000 -888888.000 -888888.000
 20260705191000
  -31.5192  -68.8178 
  PUNTA_NEGRA                                SURFACE                                    
  SYNOP             PUNTA_NEGRA            800  F     F       1
 -888888.000 -888888.000 -888888.000 -888888.000     800.000       0.000     280.550       0.000       0.328     129.000       0.377     129.000      43.000       0.000   92130.000       0.000 -888888.000 -888888.000
 20260705191000
  -31.6500  -68.3000 
  ECOHUMUS                                   SURFACE                                    
  SYNOP             ECOHUMUS               600  F     F       1
 -888888.000 -888888.000 -888888.000 -888888.000     600.000       0.000     281.850       0.000      -0.000     129.000      -0.000     129.000      44.000       0.000   95420.000       0.000 -888888.000 -888888.000
 20260705191500
  -31.6500  -68.5833 
  INTA_POCITO                                SURFACE                                    
  SYNOP             INTA_POCITO            615  F     F       1
 -888888.000 -888888.000 -888888.000 -888888.000     615.000       0.000     279.050       0.000      -0.000     129.000       0.000     129.000      58.000       0.000   94590.000       0.000 -888888.000 -888888.000
 20260705191500
  -31.4667  -68.6667 
  ULLUM_EMBALSE                              SURFACE                                    
  SYNOP             ULLUM_EMBALSE          768  F     F       1
 -888888.000 -888888.000 -888888.000 -888888.000     768.000       0.000     282.850       0.000      -0.491     129.000       4.674     129.000      37.000       0.000   92920.000       0.000 -888888.000 -888888.000
 20260705191500
  -31.5192  -68.8178 
  PUNTA_NEGRA                                SURFACE                                    
  SYNOP             PUNTA_NEGRA            800  F     F       1
 -888888.000 -888888.000 -888888.000 -888888.000     800.000       0.000     280.550       0.000       0.000     129.000       0.000     129.000      43.000       0.000   92130.000       0.000 -888888.000 -888888.000
 20260705191500
  -31.6500  -68.3000 
  ECOHUMUS                                   SURFACE                                    
  SYNOP             ECOHUMUS               600  F     F       1
 -888888.000 -888888.000 -888888.000 -888888.000     600.000       0.000     281.150       0.000      -0.000     129.000      -0.000     129.000      45.000       0.000   95430.000       0.000 -888888.000 -888888.000
 20260705192000
  -31.6500  -68.5833 
  INTA_POCITO                                SURFACE                                    
  SYNOP             INTA_POCITO            615  F     F       1
 -888888.000 -888888.000 -888888.000 -888888.000     615.000       0.000     278.750       0.000      -0.000     129.000       0.000     129.000      58.000       0.000   94590.000       0.000 -888888.000 -888888.000
 20260705192000
  -31.4667  -68.6667 
  ULLUM_EMBALSE                              SURFACE                                    
  SYNOP             ULLUM_EMBALSE          768  F     F       1
 -888888.000 -888888.000 -888888.000 -888888.000     768.000       0.000     282.450       0.000      -1.274     129.000       3.152     129.000      37.000       0.000   92930.000       0.000 -888888.000 -888888.000
 20260705192000
  -31.5192  -68.8178 
  PUNTA_NEGRA                                SURFACE                                    
  SYNOP             PUNTA_NEGRA            800  F     F       1
 -888888.000 -888888.000 -888888.000 -888888.000     800.000       0.000     280.350       0.000       0.087     129.000       0.050     129.000      43.000       0.000   92130.000       0.000 -888888.000 -888888.000
 20260705192000
  -31.6500  -68.3000 
  ECOHUMUS                                   SURFACE                                    
  SYNOP             ECOHUMUS               600  F     F       1
 -888888.000 -888888.000 -888888.000 -888888.000     600.000       0.000     280.750       0.000      -0.000     129.000      -0.000     129.000      46.000       0.000   95430.000       0.000 -888888.000 -888888.000
 20260705192500
  -31.6500  -68.5833 
  INTA_POCITO                                SURFACE                                    
  SYNOP             INTA_POCITO            615  F     F       1
 -888888.000 -888888.000 -888888.000 -888888.000     615.000       0.000     278.250       0.000      -0.000     129.000       0.000     129.000      59.000       0.000   94590.000       0.000 -888888.000 -888888.000
 20260705192500
  -31.4667  -68.6667 
  ULLUM_EMBALSE                              SURFACE                                    
  SYNOP             ULLUM_EMBALSE          768  F     F       1
 -888888.000 -888888.000 -888888.000 -888888.000     768.000       0.000     282.350       0.000      -0.664     129.000       1.565     129.000      38.000       0.000   92940.000       0.000 -888888.000 -888888.000
 20260705192500
  -31.5192  -68.8178 
  PUNTA_NEGRA                                SURFACE                                    
  SYNOP             PUNTA_NEGRA            800  F     F       1
 -888888.000 -888888.000 -888888.000 -888888.000     800.000       0.000     280.350       0.000       0.669     129.000       0.602     129.000      43.000       0.000   92140.000       0.000 -888888.000 -888888.000
 20260705192500
  -31.6500  -68.3000 
  ECOHUMUS                                   SURFACE                                    
  SYNOP             ECOHUMUS               600  F     F       1
 -888888.000 -888888.000 -888888.000 -888888.000     600.000       0.000     280.550       0.000      -0.090     129.000      -0.390     129.000      47.000       0.000   95430.000       0.000 -888888.000 -888888.000
 20260705193000
  -31.6500  -68.5833 
  INTA_POCITO                                SURFACE                                    
  SYNOP             INTA_POCITO            615  F     F       1
 -888888.000 -888888.000 -888888.000 -888888.000     615.000       0.000     278.350       0.000      -0.000     129.000       0.000     129.000      58.000       0.000   94610.000       0.000 -888888.000 -888888.000
 20260705193000
  -31.4667  -68.6667 
  ULLUM_EMBALSE                              SURFACE                                    
  SYNOP             ULLUM_EMBALSE          768  F     F       1
 -888888.000 -888888.000 -888888.000 -888888.000     768.000       0.000     282.350       0.000      -0.881     129.000       1.088     129.000      40.000       0.000   92950.000       0.000 -888888.000 -888888.000
 20260705193000
  -31.5192  -68.8178 
  PUNTA_NEGRA                                SURFACE                                    
  SYNOP             PUNTA_NEGRA            800  F     F       1
 -888888.000 -888888.000 -888888.000 -888888.000     800.000       0.000     280.250       0.000       0.293     129.000       0.273     129.000      44.000       0.000   92160.000       0.000 -888888.000 -888888.000
 20260705193000
  -31.6500  -68.3000 
  ECOHUMUS                                   SURFACE                                    
  SYNOP             ECOHUMUS               600  F     F       1
 -888888.000 -888888.000 -888888.000 -888888.000     600.000       0.000     280.350       0.000      -0.553     129.000      -1.607     129.000      47.000       0.000   95430.000       0.000 -888888.000 -888888.000
 20260705193500
  -31.6500  -68.5833 
  INTA_POCITO                                SURFACE                                    
  SYNOP             INTA_POCITO            615  F     F       1
 -888888.000 -888888.000 -888888.000 -888888.000     615.000       0.000     278.450       0.000      -0.000     129.000       0.000     129.000      58.000       0.000   94620.000       0.000 -888888.000 -888888.000
 20260705193500
  -31.4667  -68.6667 
  ULLUM_EMBALSE                              SURFACE                                    
  SYNOP             ULLUM_EMBALSE          768  F     F       1
 -888888.000 -888888.000 -888888.000 -888888.000     768.000       0.000     282.150       0.000      -0.378     129.000       0.466     129.000      41.000       0.000   92940.000       0.000 -888888.000 -888888.000
 20260705193500
  -31.5192  -68.8178 
  PUNTA_NEGRA                                SURFACE                                    
  SYNOP             PUNTA_NEGRA            800  F     F       1
 -888888.000 -888888.000 -888888.000 -888888.000     800.000       0.000     280.150       0.000       0.069     129.000       0.072     129.000      44.000       0.000   92170.000       0.000 -888888.000 -888888.000
 20260705193500
  -31.6500  -68.3000 
  ECOHUMUS                                   SURFACE                                    
  SYNOP             ECOHUMUS               600  F     F       1
 -888888.000 -888888.000 -888888.000 -888888.000     600.000       0.000     280.350       0.000      -0.353     129.000      -1.663     129.000      47.000       0.000   95450.000       0.000 -888888.000 -888888.000
 20260705194000
  -31.6500  -68.5833 
  INTA_POCITO                                SURFACE                                    
  SYNOP             INTA_POCITO            615  F     F       1
 -888888.000 -888888.000 -888888.000 -888888.000     615.000       0.000     278.750       0.000      -0.000     129.000       0.000     129.000      57.000       0.000   94630.000       0.000 -888888.000 -888888.000
 20260705194000
  -31.4667  -68.6667 
  ULLUM_EMBALSE                              SURFACE                                    
  SYNOP             ULLUM_EMBALSE          768  F     F       1
 -888888.000 -888888.000 -888888.000 -888888.000     768.000       0.000     281.950       0.000      -0.000     129.000       0.000     129.000      42.000       0.000   92960.000       0.000 -888888.000 -888888.000
 20260705194000
  -31.5192  -68.8178 
  PUNTA_NEGRA                                SURFACE                                    
  SYNOP             PUNTA_NEGRA            800  F     F       1
 -888888.000 -888888.000 -888888.000 -888888.000     800.000       0.000     279.850       0.000      -0.022     129.000       0.097     129.000      45.000       0.000   92170.000       0.000 -888888.000 -888888.000
 20260705194000
  -31.6500  -68.3000 
  ECOHUMUS                                   SURFACE                                    
  SYNOP             ECOHUMUS               600  F     F       1
 -888888.000 -888888.000 -888888.000 -888888.000     600.000       0.000     280.450       0.000      -0.139     129.000      -1.594     129.000      47.000       0.000   95450.000       0.000 -888888.000 -888888.000
 20260705194500
  -31.6500  -68.5833 
  INTA_POCITO                                SURFACE                                    
  SYNOP             INTA_POCITO            615  F     F       1
 -888888.000 -888888.000 -888888.000 -888888.000     615.000       0.000     278.450       0.000      -0.000     129.000       0.000     129.000      58.000       0.000   94630.000       0.000 -888888.000 -888888.000
 20260705194500
  -31.4667  -68.6667 
  ULLUM_EMBALSE                              SURFACE                                    
  SYNOP             ULLUM_EMBALSE          768  F     F       1
 -888888.000 -888888.000 -888888.000 -888888.000     768.000       0.000     281.650       0.000      -0.000     129.000       0.000     129.000      42.000       0.000   92960.000       0.000 -888888.000 -888888.000
 20260705194500
  -31.5192  -68.8178 
  PUNTA_NEGRA                                SURFACE                                    
  SYNOP             PUNTA_NEGRA            800  F     F       1
 -888888.000 -888888.000 -888888.000 -888888.000     800.000       0.000     279.850       0.000       0.108     129.000       0.280     129.000      45.000       0.000   92180.000       0.000 -888888.000 -888888.000
 20260705194500
  -31.6500  -68.3000 
  ECOHUMUS                                   SURFACE                                    
  SYNOP             ECOHUMUS               600  F     F       1
 -888888.000 -888888.000 -888888.000 -888888.000     600.000       0.000     280.550       0.000      -0.099     129.000      -1.897     129.000      46.000       0.000   95470.000       0.000 -888888.000 -888888.000
 20260705195000
  -31.6500  -68.5833 
  INTA_POCITO                                SURFACE                                    
  SYNOP             INTA_POCITO            615  F     F       1
 -888888.000 -888888.000 -888888.000 -888888.000     615.000       0.000     278.050       0.000      -0.000     129.000       0.000     129.000      59.000       0.000   94640.000       0.000 -888888.000 -888888.000
 20260705195000
  -31.4667  -68.6667 
  ULLUM_EMBALSE                              SURFACE                                    
  SYNOP             ULLUM_EMBALSE          768  F     F       1
 -888888.000 -888888.000 -888888.000 -888888.000     768.000       0.000     281.750       0.000      -0.000     129.000       0.000     129.000      43.000       0.000   92970.000       0.000 -888888.000 -888888.000
 20260705195000
  -31.5192  -68.8178 
  PUNTA_NEGRA                                SURFACE                                    
  SYNOP             PUNTA_NEGRA            800  F     F       1
 -888888.000 -888888.000 -888888.000 -888888.000     800.000       0.000     279.650       0.000       0.262     129.000       0.302     129.000      45.000       0.000   92180.000       0.000 -888888.000 -888888.000
 20260705195000
  -31.6500  -68.3000 
  ECOHUMUS                                   SURFACE                                    
  SYNOP             ECOHUMUS               600  F     F       1
 -888888.000 -888888.000 -888888.000 -888888.000     600.000       0.000     280.350       0.000       0.084     129.000      -0.796     129.000      47.000       0.000   95470.000       0.000 -888888.000 -888888.000
 20260705195500
  -31.6500  -68.5833 
  INTA_POCITO                                SURFACE                                    
  SYNOP             INTA_POCITO            615  F     F       1
 -888888.000 -888888.000 -888888.000 -888888.000     615.000       0.000     278.150       0.000      -0.000     129.000       0.000     129.000      58.000       0.000   94640.000       0.000 -888888.000 -888888.000
 20260705195500
  -31.4667  -68.6667 
  ULLUM_EMBALSE                              SURFACE                                    
  SYNOP             ULLUM_EMBALSE          768  F     F       1
 -888888.000 -888888.000 -888888.000 -888888.000     768.000       0.000     281.850       0.000      -0.636     129.000       0.636     129.000      43.000       0.000   92970.000       0.000 -888888.000 -888888.000
 20260705195500
  -31.5192  -68.8178 
  PUNTA_NEGRA                                SURFACE                                    
  SYNOP             PUNTA_NEGRA            800  F     F       1
 -888888.000 -888888.000 -888888.000 -888888.000     800.000       0.000     279.650       0.000      -0.054     129.000       0.084     129.000      45.000       0.000   92190.000       0.000 -888888.000 -888888.000
 20260705195500
  -31.6500  -68.3000 
  ECOHUMUS                                   SURFACE                                    
  SYNOP             ECOHUMUS               600  F     F       1
 -888888.000 -888888.000 -888888.000 -888888.000     600.000       0.000     280.050       0.000       0.000     129.000      -0.000     129.000      47.000       0.000   95470.000       0.000 -888888.000 -888888.000
 20260705200000
  -31.6500  -68.5833 
  INTA_POCITO                                SURFACE                                    
  SYNOP             INTA_POCITO            615  F     F       1
 -888888.000 -888888.000 -888888.000 -888888.000     615.000       0.000     277.950       0.000      -0.000     129.000       0.000     129.000      59.000       0.000   94650.000       0.000 -888888.000 -888888.000
 20260705200000
  -31.4667  -68.6667 
  ULLUM_EMBALSE                              SURFACE                                    
  SYNOP             ULLUM_EMBALSE          768  F     F       1
 -888888.000 -888888.000 -888888.000 -888888.000     768.000       0.000     281.750       0.000      -0.990     129.000       0.990     129.000      44.000       0.000   92980.000       0.000 -888888.000 -888888.000
 20260705200000
  -31.5192  -68.8178 
  PUNTA_NEGRA                                SURFACE                                    
  SYNOP             PUNTA_NEGRA            800  F     F       1
 -888888.000 -888888.000 -888888.000 -888888.000     800.000       0.000     279.650       0.000       0.000     129.000       0.000     129.000      46.000       0.000   92200.000       0.000 -888888.000 -888888.000
 20260705200000
  -31.6500  -68.3000 
  ECOHUMUS                                   SURFACE                                    
  SYNOP             ECOHUMUS               600  F     F       1
 -888888.000 -888888.000 -888888.000 -888888.000     600.000       0.000     280.050       0.000       0.000     129.000      -0.000     129.000      47.000       0.000   95460.000       0.000 -888888.000 -888888.000
 20260705200500
  -31.6500  -68.5833 
  INTA_POCITO                                SURFACE                                    
  SYNOP             INTA_POCITO            615  F     F       1
 -888888.000 -888888.000 -888888.000 -888888.000     615.000       0.000     277.450       0.000      -0.000     129.000       0.000     129.000      60.000       0.000   94650.000       0.000 -888888.000 -888888.000
 20260705200500
  -31.4667  -68.6667 
  ULLUM_EMBALSE                              SURFACE                                    
  SYNOP             ULLUM_EMBALSE          768  F     F       1
 -888888.000 -888888.000 -888888.000 -888888.000     768.000       0.000     281.550       0.000      -0.849     129.000       0.849     129.000      45.000       0.000   92970.000       0.000 -888888.000 -888888.000
 20260705200500
  -31.5192  -68.8178 
  PUNTA_NEGRA                                SURFACE                                    
  SYNOP             PUNTA_NEGRA            800  F     F       1
 -888888.000 -888888.000 -888888.000 -888888.000     800.000       0.000     279.350       0.000       0.460     129.000       0.386     129.000      47.000       0.000   92200.000       0.000 -888888.000 -888888.000
 20260705200500
  -31.6500  -68.3000 
  ECOHUMUS                                   SURFACE                                    
  SYNOP             ECOHUMUS               600  F     F       1
 -888888.000 -888888.000 -888888.000 -888888.000     600.000       0.000     280.150       0.000       0.000     129.000      -0.000     129.000      47.000       0.000   95470.000       0.000 -888888.000 -888888.000
 20260705201000
  -31.6500  -68.5833 
  INTA_POCITO                                SURFACE                                    
  SYNOP             INTA_POCITO            615  F     F       1
 -888888.000 -888888.000 -888888.000 -888888.000     615.000       0.000     277.750       0.000      -0.000     129.000       0.000     129.000      60.000       0.000   94650.000       0.000 -888888.000 -888888.000
 20260705201000
  -31.4667  -68.6667 
  ULLUM_EMBALSE                              SURFACE                                    
  SYNOP             ULLUM_EMBALSE          768  F     F       1
 -888888.000 -888888.000 -888888.000 -888888.000     768.000       0.000     281.550       0.000      -2.051     129.000       2.051     129.000      45.000       0.000   92980.000       0.000 -888888.000 -888888.000
 20260705201000
  -31.5192  -68.8178 
  PUNTA_NEGRA                                SURFACE                                    
  SYNOP             PUNTA_NEGRA            800  F     F       1
 -888888.000 -888888.000 -888888.000 -888888.000     800.000       0.000     279.350       0.000       0.855     129.000       0.692     129.000      47.000       0.000   92200.000       0.000 -888888.000 -888888.000
 20260705201000
  -31.6500  -68.3000 
  ECOHUMUS                                   SURFACE                                    
  SYNOP             ECOHUMUS               600  F     F       1
 -888888.000 -888888.000 -888888.000 -888888.000     600.000       0.000     279.550       0.000       0.000     129.000      -0.000     129.000      48.000       0.000   95470.000       0.000 -888888.000 -888888.000
 20260705201500
  -31.6500  -68.5833 
  INTA_POCITO                                SURFACE                                    
  SYNOP             INTA_POCITO            615  F     F       1
 -888888.000 -888888.000 -888888.000 -888888.000     615.000       0.000     277.350       0.000      -0.000     129.000       0.000     129.000      61.000       0.000   94650.000       0.000 -888888.000 -888888.000
 20260705201500
  -31.4667  -68.6667 
  ULLUM_EMBALSE                              SURFACE                                    
  SYNOP             ULLUM_EMBALSE          768  F     F       1
 -888888.000 -888888.000 -888888.000 -888888.000     768.000       0.000     281.650       0.000      -0.820     129.000       4.221     129.000      44.000       0.000   92980.000       0.000 -888888.000 -888888.000
 20260705201500
  -31.5192  -68.8178 
  PUNTA_NEGRA                                SURFACE                                    
  SYNOP             PUNTA_NEGRA            800  F     F       1
 -888888.000 -888888.000 -888888.000 -888888.000     800.000       0.000     279.450       0.000       0.000     129.000       0.000     129.000      46.000       0.000   92200.000       0.000 -888888.000 -888888.000
 20260705201500
  -31.6500  -68.3000 
  ECOHUMUS                                   SURFACE                                    
  SYNOP             ECOHUMUS               600  F     F       1
 -888888.000 -888888.000 -888888.000 -888888.000     600.000       0.000     278.850       0.000      -0.252     129.000      -0.311     129.000      50.000       0.000   95470.000       0.000 -888888.000 -888888.000
 20260705202000
  -31.6500  -68.5833 
  INTA_POCITO                                SURFACE                                    
  SYNOP             INTA_POCITO            615  F     F       1
 -888888.000 -888888.000 -888888.000 -888888.000     615.000       0.000     277.050       0.000      -0.000     129.000       0.000     129.000      61.000       0.000   94660.000       0.000 -888888.000 -888888.000
 20260705202000
  -31.4667  -68.6667 
  ULLUM_EMBALSE                              SURFACE                                    
  SYNOP             ULLUM_EMBALSE          768  F     F       1
 -888888.000 -888888.000 -888888.000 -888888.000     768.000       0.000     281.550       0.000      -0.126     129.000       2.397     129.000      44.000       0.000   92980.000       0.000 -888888.000 -888888.000
 20260705202000
  -31.5192  -68.8178 
  PUNTA_NEGRA                                SURFACE                                    
  SYNOP             PUNTA_NEGRA            800  F     F       1
 -888888.000 -888888.000 -888888.000 -888888.000     800.000       0.000     279.450       0.000       0.000     129.000       0.000     129.000      46.000       0.000   92200.000       0.000 -888888.000 -888888.000
 20260705202000
  -31.6500  -68.3000 
  ECOHUMUS                                   SURFACE                                    
  SYNOP             ECOHUMUS               600  F     F       1
 -888888.000 -888888.000 -888888.000 -888888.000     600.000       0.000     278.050       0.000      -0.064     129.000      -0.077     129.000      51.000       0.000   95490.000       0.000 -888888.000 -888888.000
 20260705202500
  -31.6500  -68.5833 
  INTA_POCITO                                SURFACE                                    
  SYNOP             INTA_POCITO            615  F     F       1
 -888888.000 -888888.000 -888888.000 -888888.000     615.000       0.000     276.650       0.000      -0.000     129.000       0.000     129.000      62.000       0.000   94680.000       0.000 -888888.000 -888888.000
 20260705202500
  -31.4667  -68.6667 
  ULLUM_EMBALSE                              SURFACE                                    
  SYNOP             ULLUM_EMBALSE          768  F     F       1
 -888888.000 -888888.000 -888888.000 -888888.000     768.000       0.000     281.450       0.000      -0.080     129.000       2.299     129.000      44.000       0.000   93000.000       0.000 -888888.000 -888888.000
 20260705202500
  -31.5192  -68.8178 
  PUNTA_NEGRA                                SURFACE                                    
  SYNOP             PUNTA_NEGRA            800  F     F       1
 -888888.000 -888888.000 -888888.000 -888888.000     800.000       0.000     279.250       0.000       0.377     129.000       0.328     129.000      47.000       0.000   92220.000       0.000 -888888.000 -888888.000
 20260705202500
  -31.6500  -68.3000 
  ECOHUMUS                                   SURFACE                                    
  SYNOP             ECOHUMUS               600  F     F       1
 -888888.000 -888888.000 -888888.000 -888888.000     600.000       0.000     277.550       0.000      -0.000     129.000      -0.000     129.000      53.000       0.000   95490.000       0.000 -888888.000 -888888.000
 20260705203000
  -31.6500  -68.5833 
  INTA_POCITO                                SURFACE                                    
  SYNOP             INTA_POCITO            615  F     F       1
 -888888.000 -888888.000 -888888.000 -888888.000     615.000       0.000     276.650       0.000      -0.000     129.000       0.000     129.000      62.000       0.000   94670.000       0.000 -888888.000 -888888.000
 20260705203000
  -31.4667  -68.6667 
  ULLUM_EMBALSE                              SURFACE                                    
  SYNOP             ULLUM_EMBALSE          768  F     F       1
 -888888.000 -888888.000 -888888.000 -888888.000     768.000       0.000     281.650       0.000      -0.140     129.000       1.995     129.000      44.000       0.000   92990.000       0.000 -888888.000 -888888.000
 20260705203000
  -31.5192  -68.8178 
  PUNTA_NEGRA                                SURFACE                                    
  SYNOP             PUNTA_NEGRA            800  F     F       1
 -888888.000 -888888.000 -888888.000 -888888.000     800.000       0.000     279.150       0.000       1.161     129.000       0.783     129.000      48.000       0.000   92210.000       0.000 -888888.000 -888888.000
 20260705203000
  -31.6500  -68.3000 
  ECOHUMUS                                   SURFACE                                    
  SYNOP             ECOHUMUS               600  F     F       1
 -888888.000 -888888.000 -888888.000 -888888.000     600.000       0.000     277.050       0.000      -0.000     129.000      -0.000     129.000      55.000       0.000   95490.000       0.000 -888888.000 -888888.000
 20260705203500
  -31.6500  -68.5833 
  INTA_POCITO                                SURFACE                                    
  SYNOP             INTA_POCITO            615  F     F       1
 -888888.000 -888888.000 -888888.000 -888888.000     615.000       0.000     277.050       0.000      -0.000     129.000       0.000     129.000      60.000       0.000   94670.000       0.000 -888888.000 -888888.000
 20260705203500
  -31.4667  -68.6667 
  ULLUM_EMBALSE                              SURFACE                                    
  SYNOP             ULLUM_EMBALSE          768  F     F       1
 -888888.000 -888888.000 -888888.000 -888888.000     768.000       0.000     281.550       0.000      -0.781     129.000       2.269     129.000      44.000       0.000   93000.000       0.000 -888888.000 -888888.000
 20260705203500
  -31.5192  -68.8178 
  PUNTA_NEGRA                                SURFACE                                    
  SYNOP             PUNTA_NEGRA            800  F     F       1
 -888888.000 -888888.000 -888888.000 -888888.000     800.000       0.000     279.050       0.000      -0.029     129.000       0.096     129.000      47.000       0.000   92210.000       0.000 -888888.000 -888888.000
 20260705203500
  -31.6500  -68.3000 
  ECOHUMUS                                   SURFACE                                    
  SYNOP             ECOHUMUS               600  F     F       1
 -888888.000 -888888.000 -888888.000 -888888.000     600.000       0.000     276.950       0.000      -0.000     129.000      -0.000     129.000      57.000       0.000   95500.000       0.000 -888888.000 -888888.000
 20260705204000
  -31.6500  -68.5833 
  INTA_POCITO                                SURFACE                                    
  SYNOP             INTA_POCITO            615  F     F       1
 -888888.000 -888888.000 -888888.000 -888888.000     615.000       0.000     278.050       0.000       0.564     129.000       0.205     129.000      55.000       0.000   94670.000       0.000 -888888.000 -888888.000
 20260705204000
  -31.4667  -68.6667 
  ULLUM_EMBALSE                              SURFACE                                    
  SYNOP             ULLUM_EMBALSE          768  F     F       1
 -888888.000 -888888.000 -888888.000 -888888.000     768.000       0.000     281.850       0.000      -0.326     129.000       0.946     129.000      44.000       0.000   93010.000       0.000 -888888.000 -888888.000
 20260705204000
  -31.5192  -68.8178 
  PUNTA_NEGRA                                SURFACE                                    
  SYNOP             PUNTA_NEGRA            800  F     F       1
 -888888.000 -888888.000 -888888.000 -888888.000     800.000       0.000     278.950       0.000      -0.000     129.000       0.000     129.000      48.000       0.000   92220.000       0.000 -888888.000 -888888.000
 20260705204000
  -31.6500  -68.3000 
  ECOHUMUS                                   SURFACE                                    
  SYNOP             ECOHUMUS               600  F     F       1
 -888888.000 -888888.000 -888888.000 -888888.000     600.000       0.000     276.550       0.000      -0.899     129.000       0.438     129.000      57.000       0.000   95490.000       0.000 -888888.000 -888888.000
 20260705204500
  -31.6500  -68.5833 
  INTA_POCITO                                SURFACE                                    
  SYNOP             INTA_POCITO            615  F     F       1
 -888888.000 -888888.000 -888888.000 -888888.000     615.000       0.000     279.350       0.000       0.000     129.000       0.000     129.000      50.000       0.000   94670.000       0.000 -888888.000 -888888.000
 20260705204500
  -31.4667  -68.6667 
  ULLUM_EMBALSE                              SURFACE                                    
  SYNOP             ULLUM_EMBALSE          768  F     F       1
 -888888.000 -888888.000 -888888.000 -888888.000     768.000       0.000     281.450       0.000      -0.488     129.000       1.418     129.000      44.000       0.000   93020.000       0.000 -888888.000 -888888.000
 20260705204500
  -31.5192  -68.8178 
  PUNTA_NEGRA                                SURFACE                                    
  SYNOP             PUNTA_NEGRA            800  F     F       1
 -888888.000 -888888.000 -888888.000 -888888.000     800.000       0.000     278.750       0.000       0.288     129.000       0.278     129.000      49.000       0.000   92230.000       0.000 -888888.000 -888888.000
 20260705204500
  -31.6500  -68.3000 
  ECOHUMUS                                   SURFACE                                    
  SYNOP             ECOHUMUS               600  F     F       1
 -888888.000 -888888.000 -888888.000 -888888.000     600.000       0.000     276.350       0.000      -0.000     129.000       0.000     129.000      57.000       0.000   95500.000       0.000 -888888.000 -888888.000
 20260705205000
  -31.6500  -68.5833 
  INTA_POCITO                                SURFACE                                    
  SYNOP             INTA_POCITO            615  F     F       1
 -888888.000 -888888.000 -888888.000 -888888.000     615.000       0.000     279.050       0.000       0.100     129.000       0.009     129.000      51.000       0.000   94670.000       0.000 -888888.000 -888888.000
 20260705205000
  -31.4667  -68.6667 
  ULLUM_EMBALSE                              SURFACE                                    
  SYNOP             ULLUM_EMBALSE          768  F     F       1
 -888888.000 -888888.000 -888888.000 -888888.000     768.000       0.000     281.450       0.000      -0.525     129.000       1.617     129.000      45.000       0.000   93010.000       0.000 -888888.000 -888888.000
 20260705205000
  -31.5192  -68.8178 
  PUNTA_NEGRA                                SURFACE                                    
  SYNOP             PUNTA_NEGRA            800  F     F       1
 -888888.000 -888888.000 -888888.000 -888888.000     800.000       0.000     278.550       0.000      -1.185     129.000      -0.188     129.000      50.000       0.000   92220.000       0.000 -888888.000 -888888.000
 20260705205000
  -31.6500  -68.3000 
  ECOHUMUS                                   SURFACE                                    
  SYNOP             ECOHUMUS               600  F     F       1
 -888888.000 -888888.000 -888888.000 -888888.000     600.000       0.000     276.150       0.000      -0.071     129.000       0.071     129.000      57.000       0.000   95490.000       0.000 -888888.000 -888888.000
 20260705205500
  -31.6500  -68.5833 
  INTA_POCITO                                SURFACE                                    
  SYNOP             INTA_POCITO            615  F     F       1
 -888888.000 -888888.000 -888888.000 -888888.000     615.000       0.000     278.850       0.000       0.100     129.000       0.009     129.000      51.000       0.000   94670.000       0.000 -888888.000 -888888.000
 20260705205500
  -31.4667  -68.6667 
  ULLUM_EMBALSE                              SURFACE                                    
  SYNOP             ULLUM_EMBALSE          768  F     F       1
 -888888.000 -888888.000 -888888.000 -888888.000     768.000       0.000     281.350       0.000      -0.000     129.000       0.000     129.000      45.000       0.000   93000.000       0.000 -888888.000 -888888.000
 20260705205500
  -31.5192  -68.8178 
  PUNTA_NEGRA                                SURFACE                                    
  SYNOP             PUNTA_NEGRA            800  F     F       1
 -888888.000 -888888.000 -888888.000 -888888.000     800.000       0.000     278.350       0.000       0.639     129.000       0.285     129.000      51.000       0.000   92230.000       0.000 -888888.000 -888888.000
 20260705205500
  -31.6500  -68.3000 
  ECOHUMUS                                   SURFACE                                    
  SYNOP             ECOHUMUS               600  F     F       1
 -888888.000 -888888.000 -888888.000 -888888.000     600.000       0.000     276.450       0.000      -0.000     129.000       0.000     129.000      58.000       0.000   95480.000       0.000 -888888.000 -888888.000
 20260705210000
  -31.6500  -68.5833 
  INTA_POCITO                                SURFACE                                    
  SYNOP             INTA_POCITO            615  F     F       1
 -888888.000 -888888.000 -888888.000 -888888.000     615.000       0.000     278.550       0.000       0.000     129.000       0.000     129.000      54.000       0.000   94680.000       0.000 -888888.000 -888888.000
 20260705210000
  -31.4667  -68.6667 
  ULLUM_EMBALSE                              SURFACE                                    
  SYNOP             ULLUM_EMBALSE          768  F     F       1
 -888888.000 -888888.000 -888888.000 -888888.000     768.000       0.000     280.950       0.000      -0.000     129.000       0.000     129.000      46.000       0.000   93000.000       0.000 -888888.000 -888888.000
 20260705210000
  -31.5192  -68.8178 
  PUNTA_NEGRA                                SURFACE                                    
  SYNOP             PUNTA_NEGRA            800  F     F       1
 -888888.000 -888888.000 -888888.000 -888888.000     800.000       0.000     278.350       0.000       1.312     129.000       0.727     129.000      52.000       0.000   92240.000       0.000 -888888.000 -888888.000
 20260705210000
  -31.6500  -68.3000 
  ECOHUMUS                                   SURFACE                                    
  SYNOP             ECOHUMUS               600  F     F       1
 -888888.000 -888888.000 -888888.000 -888888.000     600.000       0.000     276.450       0.000      -0.071     129.000       0.071     129.000      58.000       0.000   95500.000       0.000 -888888.000 -888888.000
 20260705210500
  -31.6500  -68.5833 
  INTA_POCITO                                SURFACE                                    
  SYNOP             INTA_POCITO            615  F     F       1
 -888888.000 -888888.000 -888888.000 -888888.000     615.000       0.000     277.450       0.000       0.000     129.000       0.000     129.000      57.000       0.000   94680.000       0.000 -888888.000 -888888.000
 20260705210500
  -31.4667  -68.6667 
  ULLUM_EMBALSE                              SURFACE                                    
  SYNOP             ULLUM_EMBALSE          768  F     F       1
 -888888.000 -888888.000 -888888.000 -888888.000     768.000       0.000     280.950       0.000       0.136     129.000       3.898     129.000      45.000       0.000   93020.000       0.000 -888888.000 -888888.000
 20260705210500
  -31.5192  -68.8178 
  PUNTA_NEGRA                                SURFACE                                    
  SYNOP             PUNTA_NEGRA            800  F     F       1
 -888888.000 -888888.000 -888888.000 -888888.000     800.000       0.000     278.450       0.000       0.324     129.000       0.235     129.000      50.000       0.000   92240.000       0.000 -888888.000 -888888.000
 20260705210500
  -31.6500  -68.3000 
  ECOHUMUS                                   SURFACE                                    
  SYNOP             ECOHUMUS               600  F     F       1
 -888888.000 -888888.000 -888888.000 -888888.000     600.000       0.000     276.150       0.000      -0.495     129.000       0.495     129.000      57.000       0.000   95500.000       0.000 -888888.000 -888888.000
 20260705211000
  -31.6500  -68.5833 
  INTA_POCITO                                SURFACE                                    
  SYNOP             INTA_POCITO            615  F     F       1
 -888888.000 -888888.000 -888888.000 -888888.000     615.000       0.000     277.050       0.000       0.000     129.000       0.000     129.000      57.000       0.000   94680.000       0.000 -888888.000 -888888.000
 20260705211000
  -31.4667  -68.6667 
  ULLUM_EMBALSE                              SURFACE                                    
  SYNOP             ULLUM_EMBALSE          768  F     F       1
 -888888.000 -888888.000 -888888.000 -888888.000     768.000       0.000     280.850       0.000       3.200     129.000       0.000     129.000      46.000       0.000   93010.000       0.000 -888888.000 -888888.000
 20260705211000
  -31.5192  -68.8178 
  PUNTA_NEGRA                                SURFACE                                    
  SYNOP             PUNTA_NEGRA            800  F     F       1
 -888888.000 -888888.000 -888888.000 -888888.000     800.000       0.000     278.550       0.000       0.512     129.000       0.477     129.000      49.000       0.000   92240.000       0.000 -888888.000 -888888.000
 20260705211000
  -31.6500  -68.3000 
  ECOHUMUS                                   SURFACE                                    
  SYNOP             ECOHUMUS               600  F     F       1
 -888888.000 -888888.000 -888888.000 -888888.000     600.000       0.000     276.250       0.000      -1.344     129.000       1.344     129.000      58.000       0.000   95500.000       0.000 -888888.000 -888888.000
 20260705211500
  -31.6500  -68.5833 
  INTA_POCITO                                SURFACE                                    
  SYNOP             INTA_POCITO            615  F     F       1
 -888888.000 -888888.000 -888888.000 -888888.000     615.000       0.000     277.850       0.000       0.000     129.000       0.000     129.000      54.000       0.000   94680.000       0.000 -888888.000 -888888.000
 20260705211500
  -31.4667  -68.6667 
  ULLUM_EMBALSE                              SURFACE                                    
  SYNOP             ULLUM_EMBALSE          768  F     F       1
 -888888.000 -888888.000 -888888.000 -888888.000     768.000       0.000     280.550       0.000       0.199     129.000      -3.795     129.000      47.000       0.000   93020.000       0.000 -888888.000 -888888.000
 20260705211500
  -31.5192  -68.8178 
  PUNTA_NEGRA                                SURFACE                                    
  SYNOP             PUNTA_NEGRA            800  F     F       1
 -888888.000 -888888.000 -888888.000 -888888.000     800.000       0.000     278.550       0.000       0.149     129.000       0.134     129.000      49.000       0.000   92250.000       0.000 -888888.000 -888888.000
 20260705211500
  -31.6500  -68.3000 
  ECOHUMUS                                   SURFACE                                    
  SYNOP             ECOHUMUS               600  F     F       1
 -888888.000 -888888.000 -888888.000 -888888.000     600.000       0.000     276.450       0.000      -0.849     129.000       0.849     129.000      55.000       0.000   95500.000       0.000 -888888.000 -888888.000
 20260705212000
  -31.6500  -68.5833 
  INTA_POCITO                                SURFACE                                    
  SYNOP             INTA_POCITO            615  F     F       1
 -888888.000 -888888.000 -888888.000 -888888.000     615.000       0.000     278.250       0.000       0.000     129.000       0.000     129.000      53.000       0.000   94680.000       0.000 -888888.000 -888888.000
 20260705212000
  -31.4667  -68.6667 
  ULLUM_EMBALSE                              SURFACE                                    
  SYNOP             ULLUM_EMBALSE          768  F     F       1
 -888888.000 -888888.000 -888888.000 -888888.000     768.000       0.000     279.950       0.000       4.453     129.000      -3.871     129.000      53.000       0.000   93020.000       0.000 -888888.000 -888888.000
 20260705212000
  -31.5192  -68.8178 
  PUNTA_NEGRA                                SURFACE                                    
  SYNOP             PUNTA_NEGRA            800  F     F       1
 -888888.000 -888888.000 -888888.000 -888888.000     800.000       0.000     278.550       0.000       0.000     129.000       0.000     129.000      49.000       0.000   92240.000       0.000 -888888.000 -888888.000
 20260705212000
  -31.6500  -68.3000 
  ECOHUMUS                                   SURFACE                                    
  SYNOP             ECOHUMUS               600  F     F       1
 -888888.000 -888888.000 -888888.000 -888888.000     600.000       0.000     275.450       0.000      -0.000     129.000       0.000     129.000      58.000       0.000   95500.000       0.000 -888888.000 -888888.000
 20260705212500
  -31.6500  -68.5833 
  INTA_POCITO                                SURFACE                                    
  SYNOP             INTA_POCITO            615  F     F       1
 -888888.000 -888888.000 -888888.000 -888888.000     615.000       0.000     278.050       0.000       0.000     129.000       0.000     129.000      54.000       0.000   94680.000       0.000 -888888.000 -888888.000
 20260705212500
  -31.4667  -68.6667 
  ULLUM_EMBALSE                              SURFACE                                    
  SYNOP             ULLUM_EMBALSE          768  F     F       1
 -888888.000 -888888.000 -888888.000 -888888.000     768.000       0.000     279.650       0.000       3.867     129.000      -5.955     129.000      51.000       0.000   93030.000       0.000 -888888.000 -888888.000
 20260705212500
  -31.5192  -68.8178 
  PUNTA_NEGRA                                SURFACE                                    
  SYNOP             PUNTA_NEGRA            800  F     F       1
 -888888.000 -888888.000 -888888.000 -888888.000     800.000       0.000     278.250       0.000       0.000     129.000       0.000     129.000      51.000       0.000   92250.000       0.000 -888888.000 -888888.000
 20260705212500
  -31.6500  -68.3000 
  ECOHUMUS                                   SURFACE                                    
  SYNOP             ECOHUMUS               600  F     F       1
 -888888.000 -888888.000 -888888.000 -888888.000     600.000       0.000     274.850       0.000      -0.000     129.000       0.000     129.000      60.000       0.000   95510.000       0.000 -888888.000 -888888.000
 20260705213000
  -31.6500  -68.5833 
  INTA_POCITO                                SURFACE                                    
  SYNOP             INTA_POCITO            615  F     F       1
 -888888.000 -888888.000 -888888.000 -888888.000     615.000       0.000     278.250       0.000       0.000     129.000      -0.000     129.000      53.000       0.000   94680.000       0.000 -888888.000 -888888.000
 20260705213000
  -31.4667  -68.6667 
  ULLUM_EMBALSE                              SURFACE                                    
  SYNOP             ULLUM_EMBALSE          768  F     F       1
 -888888.000 -888888.000 -888888.000 -888888.000     768.000       0.000     279.650       0.000       4.554     129.000      -8.565     129.000      50.000       0.000   93030.000       0.000 -888888.000 -888888.000
 20260705213000
  -31.5192  -68.8178 
  PUNTA_NEGRA                                SURFACE                                    
  SYNOP             PUNTA_NEGRA            800  F     F       1
 -888888.000 -888888.000 -888888.000 -888888.000     800.000       0.000     278.250       0.000       0.000     129.000       0.000     129.000      51.000       0.000   92250.000       0.000 -888888.000 -888888.000
 20260705213000
  -31.6500  -68.3000 
  ECOHUMUS                                   SURFACE                                    
  SYNOP             ECOHUMUS               600  F     F       1
 -888888.000 -888888.000 -888888.000 -888888.000     600.000       0.000     274.050       0.000      -0.000     129.000       0.000     129.000      61.000       0.000   95510.000       0.000 -888888.000 -888888.000
 20260705213500
  -31.6500  -68.5833 
  INTA_POCITO                                SURFACE                                    
  SYNOP             INTA_POCITO            615  F     F       1
 -888888.000 -888888.000 -888888.000 -888888.000     615.000       0.000     278.350       0.000      -0.000     129.000      -0.000     129.000      52.000       0.000   94680.000       0.000 -888888.000 -888888.000
 20260705213500
  -31.4667  -68.6667 
  ULLUM_EMBALSE                              SURFACE                                    
  SYNOP             ULLUM_EMBALSE          768  F     F       1
 -888888.000 -888888.000 -888888.000 -888888.000     768.000       0.000     279.450       0.000       1.197     129.000      -8.516     129.000      50.000       0.000   93030.000       0.000 -888888.000 -888888.000
 20260705213500
  -31.5192  -68.8178 
  PUNTA_NEGRA                                SURFACE                                    
  SYNOP             PUNTA_NEGRA            800  F     F       1
 -888888.000 -888888.000 -888888.000 -888888.000     800.000       0.000     278.250       0.000      -0.000     129.000       0.400     129.000      51.000       0.000   92250.000       0.000 -888888.000 -888888.000
 20260705213500
  -31.6500  -68.3000 
  ECOHUMUS                                   SURFACE                                    
  SYNOP             ECOHUMUS               600  F     F       1
 -888888.000 -888888.000 -888888.000 -888888.000     600.000       0.000     274.050       0.000      -0.000     129.000       0.000     129.000      64.000       0.000   95510.000       0.000 -888888.000 -888888.000
 20260705214000
  -31.6500  -68.5833 
  INTA_POCITO                                SURFACE                                    
  SYNOP             INTA_POCITO            615  F     F       1
 -888888.000 -888888.000 -888888.000 -888888.000     615.000       0.000     277.750       0.000      -0.000     129.000      -0.000     129.000      55.000       0.000   94680.000       0.000 -888888.000 -888888.000
 20260705214000
  -31.4667  -68.6667 
  ULLUM_EMBALSE                              SURFACE                                    
  SYNOP             ULLUM_EMBALSE          768  F     F       1
 -888888.000 -888888.000 -888888.000 -888888.000     768.000       0.000     279.150       0.000      -1.986     129.000      -5.768     129.000      50.000       0.000   93030.000       0.000 -888888.000 -888888.000
 20260705214000
  -31.5192  -68.8178 
  PUNTA_NEGRA                                SURFACE                                    
  SYNOP             PUNTA_NEGRA            800  F     F       1
 -888888.000 -888888.000 -888888.000 -888888.000     800.000       0.000     278.450       0.000       1.005     129.000       0.447     129.000      51.000       0.000   92240.000       0.000 -888888.000 -888888.000
 20260705214000
  -31.6500  -68.3000 
  ECOHUMUS                                   SURFACE                                    
  SYNOP             ECOHUMUS               600  F     F       1
 -888888.000 -888888.000 -888888.000 -888888.000     600.000       0.000     274.050       0.000      -0.000     129.000       0.000     129.000      64.000       0.000   95490.000       0.000 -888888.000 -888888.000
 20260705214500
  -31.6500  -68.5833 
  INTA_POCITO                                SURFACE                                    
  SYNOP             INTA_POCITO            615  F     F       1
 -888888.000 -888888.000 -888888.000 -888888.000     615.000       0.000     277.350       0.000      -0.000     129.000      -0.000     129.000      56.000       0.000   94690.000       0.000 -888888.000 -888888.000
 20260705214500
  -31.4667  -68.6667 
  ULLUM_EMBALSE                              SURFACE                                    
  SYNOP             ULLUM_EMBALSE          768  F     F       1
 -888888.000 -888888.000 -888888.000 -888888.000     768.000       0.000     279.250       0.000      -2.155     129.000      -4.622     129.000      51.000       0.000   93030.000       0.000 -888888.000 -888888.000
 20260705214500
  -31.5192  -68.8178 
  PUNTA_NEGRA                                SURFACE                                    
  SYNOP             PUNTA_NEGRA            800  F     F       1
 -888888.000 -888888.000 -888888.000 -888888.000     800.000       0.000     279.050       0.000       5.387     129.000       0.377     129.000      50.000       0.000   92240.000       0.000 -888888.000 -888888.000
 20260705214500
  -31.6500  -68.3000 
  ECOHUMUS                                   SURFACE                                    
  SYNOP             ECOHUMUS               600  F     F       1
 -888888.000 -888888.000 -888888.000 -888888.000     600.000       0.000     273.650       0.000      -0.000     129.000       0.000     129.000      65.000       0.000   95500.000       0.000 -888888.000 -888888.000
 20260705215000
  -31.6500  -68.5833 
  INTA_POCITO                                SURFACE                                    
  SYNOP             INTA_POCITO            615  F     F       1
 -888888.000 -888888.000 -888888.000 -888888.000     615.000       0.000     277.650       0.000      -0.000     129.000      -0.000     129.000      55.000       0.000   94690.000       0.000 -888888.000 -888888.000
 20260705215000
  -31.4667  -68.6667 
  ULLUM_EMBALSE                              SURFACE                                    
  SYNOP             ULLUM_EMBALSE          768  F     F       1
 -888888.000 -888888.000 -888888.000 -888888.000     768.000       0.000     279.450       0.000      -2.499     129.000      -5.123     129.000      50.000       0.000   93030.000       0.000 -888888.000 -888888.000
 20260705215000
  -31.5192  -68.8178 
  PUNTA_NEGRA                                SURFACE                                    
  SYNOP             PUNTA_NEGRA            800  F     F       1
 -888888.000 -888888.000 -888888.000 -888888.000     800.000       0.000     280.350       0.000       4.788     129.000       0.335     129.000      46.000       0.000   92240.000       0.000 -888888.000 -888888.000
 20260705215000
  -31.6500  -68.3000 
  ECOHUMUS                                   SURFACE                                    
  SYNOP             ECOHUMUS               600  F     F       1
 -888888.000 -888888.000 -888888.000 -888888.000     600.000       0.000     273.550       0.000      -0.283     129.000       0.283     129.000      67.000       0.000   95500.000       0.000 -888888.000 -888888.000
 20260705215500
  -31.6500  -68.5833 
  INTA_POCITO                                SURFACE                                    
  SYNOP             INTA_POCITO            615  F     F       1
 -888888.000 -888888.000 -888888.000 -888888.000     615.000       0.000     276.950       0.000      -0.000     129.000      -0.000     129.000      58.000       0.000   94690.000       0.000 -888888.000 -888888.000
 20260705215500
  -31.4667  -68.6667 
  ULLUM_EMBALSE                              SURFACE                                    
  SYNOP             ULLUM_EMBALSE          768  F     F       1
 -888888.000 -888888.000 -888888.000 -888888.000     768.000       0.000     279.250       0.000      -0.888     129.000      -8.453     129.000      54.000       0.000   93030.000       0.000 -888888.000 -888888.000
 20260705215500
  -31.5192  -68.8178 
  PUNTA_NEGRA                                SURFACE                                    
  SYNOP             PUNTA_NEGRA            800  F     F       1
 -888888.000 -888888.000 -888888.000 -888888.000     800.000       0.000     280.550       0.000       6.077     129.000      -0.532     129.000      44.000       0.000   92230.000       0.000 -888888.000 -888888.000
 20260705215500
  -31.6500  -68.3000 
  ECOHUMUS                                   SURFACE                                    
  SYNOP             ECOHUMUS               600  F     F       1
 -888888.000 -888888.000 -888888.000 -888888.000     600.000       0.000     273.450       0.000      -0.283     129.000       0.283     129.000      67.000       0.000   95500.000       0.000 -888888.000 -888888.000
 20260705220000
  -31.6500  -68.5833 
  INTA_POCITO                                SURFACE                                    
  SYNOP             INTA_POCITO            615  F     F       1
 -888888.000 -888888.000 -888888.000 -888888.000     615.000       0.000     276.050       0.000      -0.000     129.000      -0.000     129.000      61.000       0.000   94680.000       0.000 -888888.000 -888888.000
 20260705220000
  -31.4667  -68.6667 
  ULLUM_EMBALSE                              SURFACE                                    
  SYNOP             ULLUM_EMBALSE          768  F     F       1
 -888888.000 -888888.000 -888888.000 -888888.000     768.000       0.000     279.150       0.000       0.976     129.000     -11.157     129.000      57.000       0.000   93030.000       0.000 -888888.000 -888888.000
 20260705220000
  -31.5192  -68.8178 
  PUNTA_NEGRA                                SURFACE                                    
  SYNOP             PUNTA_NEGRA            800  F     F       1
 -888888.000 -888888.000 -888888.000 -888888.000     800.000       0.000     280.550       0.000       4.826     129.000       0.851     129.000      43.000       0.000   92240.000       0.000 -888888.000 -888888.000
 20260705220000
  -31.6500  -68.3000 
  ECOHUMUS                                   SURFACE                                    
  SYNOP             ECOHUMUS               600  F     F       1
 -888888.000 -888888.000 -888888.000 -888888.000     600.000       0.000     273.550       0.000      -0.000     129.000       0.000     129.000      67.000       0.000   95510.000       0.000 -888888.000 -888888.000
 20260705220500
  -31.6500  -68.5833 
  INTA_POCITO                                SURFACE                                    
  SYNOP             INTA_POCITO            615  F     F       1
 -888888.000 -888888.000 -888888.000 -888888.000     615.000       0.000     275.250       0.000      -0.000     129.000      -0.000     129.000      66.000       0.000   94700.000       0.000 -888888.000 -888888.000
 20260705220500
  -31.4667  -68.6667 
  ULLUM_EMBALSE                              SURFACE                                    
  SYNOP             ULLUM_EMBALSE          768  F     F       1
 -888888.000 -888888.000 -888888.000 -888888.000     768.000       0.000     279.150       0.000       5.572     129.000     -12.516     129.000      59.000       0.000   93020.000       0.000 -888888.000 -888888.000
 20260705220500
  -31.5192  -68.8178 
  PUNTA_NEGRA                                SURFACE                                    
  SYNOP             PUNTA_NEGRA            800  F     F       1
 -888888.000 -888888.000 -888888.000 -888888.000     800.000       0.000     280.450       0.000       5.792     129.000       0.304     129.000      43.000       0.000   92230.000       0.000 -888888.000 -888888.000
 20260705220500
  -31.6500  -68.3000 
  ECOHUMUS                                   SURFACE                                    
  SYNOP             ECOHUMUS               600  F     F       1
 -888888.000 -888888.000 -888888.000 -888888.000     600.000       0.000     273.750       0.000      -0.495     129.000       0.495     129.000      67.000       0.000   95510.000       0.000 -888888.000 -888888.000
 20260705221000
  -31.6500  -68.5833 
  INTA_POCITO                                SURFACE                                    
  SYNOP             INTA_POCITO            615  F     F       1
 -888888.000 -888888.000 -888888.000 -888888.000     615.000       0.000     274.750       0.000      -0.000     129.000      -0.000     129.000      68.000       0.000   94690.000       0.000 -888888.000 -888888.000
 20260705221000
  -31.4667  -68.6667 
  ULLUM_EMBALSE                              SURFACE                                    
  SYNOP             ULLUM_EMBALSE          768  F     F       1
 -888888.000 -888888.000 -888888.000 -888888.000     768.000       0.000     279.150       0.000       3.072     129.000     -12.323     129.000      60.000       0.000   93020.000       0.000 -888888.000 -888888.000
 20260705221000
  -31.5192  -68.8178 
  PUNTA_NEGRA                                SURFACE                                    
  SYNOP             PUNTA_NEGRA            800  F     F       1
 -888888.000 -888888.000 -888888.000 -888888.000     800.000       0.000     280.450       0.000       2.377     129.000       0.334     129.000      44.000       0.000   92240.000       0.000 -888888.000 -888888.000
 20260705221000
  -31.6500  -68.3000 
  ECOHUMUS                                   SURFACE                                    
  SYNOP             ECOHUMUS               600  F     F       1
 -888888.000 -888888.000 -888888.000 -888888.000     600.000       0.000     273.750       0.000      -0.636     129.000       0.636     129.000      67.000       0.000   95520.000       0.000 -888888.000 -888888.000
 20260705221500
  -31.6500  -68.5833 
  INTA_POCITO                                SURFACE                                    
  SYNOP             INTA_POCITO            615  F     F       1
 -888888.000 -888888.000 -888888.000 -888888.000     615.000       0.000     274.650       0.000      -0.000     129.000      -0.000     129.000      69.000       0.000   94690.000       0.000 -888888.000 -888888.000
 20260705221500
  -31.4667  -68.6667 
  ULLUM_EMBALSE                              SURFACE                                    
  SYNOP             ULLUM_EMBALSE          768  F     F       1
 -888888.000 -888888.000 -888888.000 -888888.000     768.000       0.000     278.950       0.000       2.795     129.000     -10.432     129.000      59.000       0.000   93030.000       0.000 -888888.000 -888888.000
 20260705221500
  -31.5192  -68.8178 
  PUNTA_NEGRA                                SURFACE                                    
  SYNOP             PUNTA_NEGRA            800  F     F       1
 -888888.000 -888888.000 -888888.000 -888888.000     800.000       0.000     280.150       0.000       0.918     129.000       1.057     129.000      44.000       0.000   92240.000       0.000 -888888.000 -888888.000
 20260705221500
  -31.6500  -68.3000 
  ECOHUMUS                                   SURFACE                                    
  SYNOP             ECOHUMUS               600  F     F       1
 -888888.000 -888888.000 -888888.000 -888888.000     600.000       0.000     273.950       0.000      -0.000     129.000       0.000     129.000      67.000       0.000   95520.000       0.000 -888888.000 -888888.000
 20260705222000
  -31.6500  -68.5833 
  INTA_POCITO                                SURFACE                                    
  SYNOP             INTA_POCITO            615  F     F       1
 -888888.000 -888888.000 -888888.000 -888888.000     615.000       0.000     274.250       0.000      -0.000     129.000      -0.000     129.000      69.000       0.000   94680.000       0.000 -888888.000 -888888.000
 20260705222000
  -31.4667  -68.6667 
  ULLUM_EMBALSE                              SURFACE                                    
  SYNOP             ULLUM_EMBALSE          768  F     F       1
 -888888.000 -888888.000 -888888.000 -888888.000     768.000       0.000     278.950       0.000       1.954     129.000      -9.195     129.000      60.000       0.000   93030.000       0.000 -888888.000 -888888.000
 20260705222000
  -31.5192  -68.8178 
  PUNTA_NEGRA                                SURFACE                                    
  SYNOP             PUNTA_NEGRA            800  F     F       1
 -888888.000 -888888.000 -888888.000 -888888.000     800.000       0.000     279.850       0.000       0.906     129.000       0.787     129.000      45.000       0.000   92240.000       0.000 -888888.000 -888888.000
 20260705222000
  -31.6500  -68.3000 
  ECOHUMUS                                   SURFACE                                    
  SYNOP             ECOHUMUS               600  F     F       1
 -888888.000 -888888.000 -888888.000 -888888.000     600.000       0.000     273.650       0.000      -0.000     129.000       0.000     129.000      67.000       0.000   95520.000       0.000 -888888.000 -888888.000
 20260705222500
  -31.6500  -68.5833 
  INTA_POCITO                                SURFACE                                    
  SYNOP             INTA_POCITO            615  F     F       1
 -888888.000 -888888.000 -888888.000 -888888.000     615.000       0.000     273.950       0.000      -0.000     129.000      -0.000     129.000      71.000       0.000   94700.000       0.000 -888888.000 -888888.000
 20260705222500
  -31.4667  -68.6667 
  ULLUM_EMBALSE                              SURFACE                                    
  SYNOP             ULLUM_EMBALSE          768  F     F       1
 -888888.000 -888888.000 -888888.000 -888888.000     768.000       0.000     278.850       0.000       3.859     129.000     -12.623     129.000      59.000       0.000   93040.000       0.000 -888888.000 -888888.000
 20260705222500
  -31.5192  -68.8178 
  PUNTA_NEGRA                                SURFACE                                    
  SYNOP             PUNTA_NEGRA            800  F     F       1
 -888888.000 -888888.000 -888888.000 -888888.000     800.000       0.000     279.950       0.000       1.409     129.000       0.951     129.000      47.000       0.000   92240.000       0.000 -888888.000 -888888.000
 20260705222500
  -31.6500  -68.3000 
  ECOHUMUS                                   SURFACE                                    
  SYNOP             ECOHUMUS               600  F     F       1
 -888888.000 -888888.000 -888888.000 -888888.000     600.000       0.000     273.550       0.000      -0.000     129.000       0.000     129.000      68.000       0.000   95520.000       0.000 -888888.000 -888888.000
 20260705223000
  -31.6500  -68.5833 
  INTA_POCITO                                SURFACE                                    
  SYNOP             INTA_POCITO            615  F     F       1
 -888888.000 -888888.000 -888888.000 -888888.000     615.000       0.000     273.750       0.000      -0.000     129.000      -0.000     129.000      71.000       0.000   94700.000       0.000 -888888.000 -888888.000
 20260705223000
  -31.4667  -68.6667 
  ULLUM_EMBALSE                              SURFACE                                    
  SYNOP             ULLUM_EMBALSE          768  F     F       1
 -888888.000 -888888.000 -888888.000 -888888.000     768.000       0.000     279.050       0.000       5.811     129.000     -11.405     129.000      59.000       0.000   93040.000       0.000 -888888.000 -888888.000
 20260705223000
  -31.5192  -68.8178 
  PUNTA_NEGRA                                SURFACE                                    
  SYNOP             PUNTA_NEGRA            800  F     F       1
 -888888.000 -888888.000 -888888.000 -888888.000     800.000       0.000     279.450       0.000       0.575     129.000       0.556     129.000      48.000       0.000   92250.000       0.000 -888888.000 -888888.000
 20260705223000
  -31.6500  -68.3000 
  ECOHUMUS                                   SURFACE                                    
  SYNOP             ECOHUMUS               600  F     F       1
 -888888.000 -888888.000 -888888.000 -888888.000     600.000       0.000     273.450       0.000      -0.000     129.000       0.000     129.000      67.000       0.000   95530.000       0.000 -888888.000 -888888.000
 20260705223500
  -31.6500  -68.5833 
  INTA_POCITO                                SURFACE                                    
  SYNOP             INTA_POCITO            615  F     F       1
 -888888.000 -888888.000 -888888.000 -888888.000     615.000       0.000     274.050       0.000      -0.000     129.000      -0.000     129.000      71.000       0.000   94710.000       0.000 -888888.000 -888888.000
 20260705223500
  -31.4667  -68.6667 
  ULLUM_EMBALSE                              SURFACE                                    
  SYNOP             ULLUM_EMBALSE          768  F     F       1
 -888888.000 -888888.000 -888888.000 -888888.000     768.000       0.000     278.650       0.000       2.927     129.000     -11.741     129.000      57.000       0.000   93030.000       0.000 -888888.000 -888888.000
 20260705223500
  -31.5192  -68.8178 
  PUNTA_NEGRA                                SURFACE                                    
  SYNOP             PUNTA_NEGRA            800  F     F       1
 -888888.000 -888888.000 -888888.000 -888888.000     800.000       0.000     279.350       0.000       3.326     129.000       0.707     129.000      48.000       0.000   92250.000       0.000 -888888.000 -888888.000
 20260705223500
  -31.6500  -68.3000 
  ECOHUMUS                                   SURFACE                                    
  SYNOP             ECOHUMUS               600  F     F       1
 -888888.000 -888888.000 -888888.000 -888888.000     600.000       0.000     273.350       0.000      -0.000     129.000       0.000     129.000      67.000       0.000   95520.000       0.000 -888888.000 -888888.000
 20260705224000
  -31.6500  -68.5833 
  INTA_POCITO                                SURFACE                                    
  SYNOP             INTA_POCITO            615  F     F       1
 -888888.000 -888888.000 -888888.000 -888888.000     615.000       0.000     274.450       0.000      -0.000     129.000      -0.000     129.000      70.000       0.000   94710.000       0.000 -888888.000 -888888.000
 20260705224000
  -31.4667  -68.6667 
  ULLUM_EMBALSE                              SURFACE                                    
  SYNOP             ULLUM_EMBALSE          768  F     F       1
 -888888.000 -888888.000 -888888.000 -888888.000     768.000       0.000     278.450       0.000       2.756     129.000      -9.613     129.000      56.000       0.000   93050.000       0.000 -888888.000 -888888.000
 20260705224000
  -31.5192  -68.8178 
  PUNTA_NEGRA                                SURFACE                                    
  SYNOP             PUNTA_NEGRA            800  F     F       1
 -888888.000 -888888.000 -888888.000 -888888.000     800.000       0.000     279.550       0.000      -0.432     129.000       0.417     129.000      49.000       0.000   92250.000       0.000 -888888.000 -888888.000
 20260705224000
  -31.6500  -68.3000 
  ECOHUMUS                                   SURFACE                                    
  SYNOP             ECOHUMUS               600  F     F       1
 -888888.000 -888888.000 -888888.000 -888888.000     600.000       0.000     273.150       0.000      -0.000     129.000       0.000     129.000      68.000       0.000   95530.000       0.000 -888888.000 -888888.000
 20260705224500
  -31.6500  -68.5833 
  INTA_POCITO                                SURFACE                                    
  SYNOP             INTA_POCITO            615  F     F       1
 -888888.000 -888888.000 -888888.000 -888888.000     615.000       0.000     274.350       0.000      -0.000     129.000      -0.000     129.000      69.000       0.000   94710.000       0.000 -888888.000 -888888.000
 20260705224500
  -31.4667  -68.6667 
  ULLUM_EMBALSE                              SURFACE                                    
  SYNOP             ULLUM_EMBALSE          768  F     F       1
 -888888.000 -888888.000 -888888.000 -888888.000     768.000       0.000     278.650       0.000       5.523     129.000     -11.325     129.000      55.000       0.000   93060.000       0.000 -888888.000 -888888.000
 20260705224500
  -31.5192  -68.8178 
  PUNTA_NEGRA                                SURFACE                                    
  SYNOP             PUNTA_NEGRA            800  F     F       1
 -888888.000 -888888.000 -888888.000 -888888.000     800.000       0.000     279.250       0.000       0.340     129.000       1.046     129.000      49.000       0.000   92270.000       0.000 -888888.000 -888888.000
 20260705224500
  -31.6500  -68.3000 
  ECOHUMUS                                   SURFACE                                    
  SYNOP             ECOHUMUS               600  F     F       1
 -888888.000 -888888.000 -888888.000 -888888.000     600.000       0.000     272.750       0.000      -0.000     129.000       0.000     129.000      69.000       0.000   95530.000       0.000 -888888.000 -888888.000
 20260705225000
  -31.6500  -68.5833 
  INTA_POCITO                                SURFACE                                    
  SYNOP             INTA_POCITO            615  F     F       1
 -888888.000 -888888.000 -888888.000 -888888.000     615.000       0.000     274.150       0.000      -0.000     129.000      -0.000     129.000      69.000       0.000   94710.000       0.000 -888888.000 -888888.000
 20260705225000
  -31.4667  -68.6667 
  ULLUM_EMBALSE                              SURFACE                                    
  SYNOP             ULLUM_EMBALSE          768  F     F       1
 -888888.000 -888888.000 -888888.000 -888888.000     768.000       0.000     278.850       0.000       6.020     129.000     -13.520     129.000      56.000       0.000   93060.000       0.000 -888888.000 -888888.000
 20260705225000
  -31.5192  -68.8178 
  PUNTA_NEGRA                                SURFACE                                    
  SYNOP             PUNTA_NEGRA            800  F     F       1
 -888888.000 -888888.000 -888888.000 -888888.000     800.000       0.000     279.550       0.000       1.058     129.000       1.456     129.000      49.000       0.000   92260.000       0.000 -888888.000 -888888.000
 20260705225000
  -31.6500  -68.3000 
  ECOHUMUS                                   SURFACE                                    
  SYNOP             ECOHUMUS               600  F     F       1
 -888888.000 -888888.000 -888888.000 -888888.000     600.000       0.000     272.650       0.000      -0.000     129.000       0.000     129.000      69.000       0.000   95520.000       0.000 -888888.000 -888888.000
 20260705225500
  -31.6500  -68.5833 
  INTA_POCITO                                SURFACE                                    
  SYNOP             INTA_POCITO            615  F     F       1
 -888888.000 -888888.000 -888888.000 -888888.000     615.000       0.000     273.950       0.000      -0.000     129.000      -0.000     129.000      69.000       0.000   94720.000       0.000 -888888.000 -888888.000
 20260705225500
  -31.4667  -68.6667 
  ULLUM_EMBALSE                              SURFACE                                    
  SYNOP             ULLUM_EMBALSE          768  F     F       1
 -888888.000 -888888.000 -888888.000 -888888.000     768.000       0.000     278.850       0.000       5.353     129.000     -12.611     129.000      56.000       0.000   93060.000       0.000 -888888.000 -888888.000
 20260705225500
  -31.5192  -68.8178 
  PUNTA_NEGRA                                SURFACE                                    
  SYNOP             PUNTA_NEGRA            800  F     F       1
 -888888.000 -888888.000 -888888.000 -888888.000     800.000       0.000     279.250       0.000       0.892     129.000       0.803     129.000      50.000       0.000   92270.000       0.000 -888888.000 -888888.000
 20260705225500
  -31.6500  -68.3000 
  ECOHUMUS                                   SURFACE                                    
  SYNOP             ECOHUMUS               600  F     F       1
 -888888.000 -888888.000 -888888.000 -888888.000     600.000       0.000     273.050       0.000      -0.778     129.000       0.778     129.000      69.000       0.000   95520.000       0.000 -888888.000 -888888.000
 20260705230000
  -31.6500  -68.5833 
  INTA_POCITO                                SURFACE                                    
  SYNOP             INTA_POCITO            615  F     F       1
 -888888.000 -888888.000 -888888.000 -888888.000     615.000       0.000     273.850       0.000      -0.000     129.000      -0.000     129.000      70.000       0.000   94730.000       0.000 -888888.000 -888888.000
 20260705230000
  -31.4667  -68.6667 
  ULLUM_EMBALSE                              SURFACE                                    
  SYNOP             ULLUM_EMBALSE          768  F     F       1
 -888888.000 -888888.000 -888888.000 -888888.000     768.000       0.000     278.850       0.000       5.699     129.000     -11.684     129.000      58.000       0.000   93060.000       0.000 -888888.000 -888888.000
 20260705230000
  -31.5192  -68.8178 
  PUNTA_NEGRA                                SURFACE                                    
  SYNOP             PUNTA_NEGRA            800  F     F       1
 -888888.000 -888888.000 -888888.000 -888888.000     800.000       0.000     279.050       0.000       0.098     129.000       0.284     129.000      51.000       0.000   92280.000       0.000 -888888.000 -888888.000
 20260705230000
  -31.6500  -68.3000 
  ECOHUMUS                                   SURFACE                                    
  SYNOP             ECOHUMUS               600  F     F       1
 -888888.000 -888888.000 -888888.000 -888888.000     600.000       0.000     273.550       0.000      -0.071     129.000       0.071     129.000      69.000       0.000   95520.000       0.000 -888888.000 -888888.000
 20260705230500
  -31.6500  -68.5833 
  INTA_POCITO                                SURFACE                                    
  SYNOP             INTA_POCITO            615  F     F       1
 -888888.000 -888888.000 -888888.000 -888888.000     615.000       0.000     274.250       0.000      -0.000     129.000      -0.000     129.000      70.000       0.000   94720.000       0.000 -888888.000 -888888.000
 20260705230500
  -31.4667  -68.6667 
  ULLUM_EMBALSE                              SURFACE                                    
  SYNOP             ULLUM_EMBALSE          768  F     F       1
 -888888.000 -888888.000 -888888.000 -888888.000     768.000       0.000     278.750       0.000       5.268     129.000     -13.724     129.000      60.000       0.000   93060.000       0.000 -888888.000 -888888.000
 20260705230500
  -31.5192  -68.8178 
  PUNTA_NEGRA                                SURFACE                                    
  SYNOP             PUNTA_NEGRA            800  F     F       1
 -888888.000 -888888.000 -888888.000 -888888.000     800.000       0.000     278.550       0.000      -0.146     129.000       1.392     129.000      53.000       0.000   92270.000       0.000 -888888.000 -888888.000
 20260705230500
  -31.6500  -68.3000 
  ECOHUMUS                                   SURFACE                                    
  SYNOP             ECOHUMUS               600  F     F       1
 -888888.000 -888888.000 -888888.000 -888888.000     600.000       0.000     273.850       0.000      -0.072     129.000       0.069     129.000      68.000       0.000   95520.000       0.000 -888888.000 -888888.000
 20260705231000
  -31.6500  -68.5833 
  INTA_POCITO                                SURFACE                                    
  SYNOP             INTA_POCITO            615  F     F       1
 -888888.000 -888888.000 -888888.000 -888888.000     615.000       0.000     274.450       0.000      -0.000     129.000      -0.000     129.000      69.000       0.000   94720.000       0.000 -888888.000 -888888.000
 20260705231000
  -31.4667  -68.6667 
  ULLUM_EMBALSE                              SURFACE                                    
  SYNOP             ULLUM_EMBALSE          768  F     F       1
 -888888.000 -888888.000 -888888.000 -888888.000     768.000       0.000     278.550       0.000       6.128     129.000     -13.141     129.000      61.000       0.000   93070.000       0.000 -888888.000 -888888.000
 20260705231000
  -31.5192  -68.8178 
  PUNTA_NEGRA                                SURFACE                                    
  SYNOP             PUNTA_NEGRA            800  F     F       1
 -888888.000 -888888.000 -888888.000 -888888.000     800.000       0.000     278.950       0.000       2.138     129.000       1.090     129.000      52.000       0.000   92280.000       0.000 -888888.000 -888888.000
 20260705231000
  -31.6500  -68.3000 
  ECOHUMUS                                   SURFACE                                    
  SYNOP             ECOHUMUS               600  F     F       1
 -888888.000 -888888.000 -888888.000 -888888.000     600.000       0.000     274.450       0.000      -0.072     129.000       0.069     129.000      67.000       0.000   95520.000       0.000 -888888.000 -888888.000
 20260705231500
  -31.6500  -68.5833 
  INTA_POCITO                                SURFACE                                    
  SYNOP             INTA_POCITO            615  F     F       1
 -888888.000 -888888.000 -888888.000 -888888.000     615.000       0.000     274.350       0.000      -0.000     129.000      -0.000     129.000      68.000       0.000   94730.000       0.000 -888888.000 -888888.000
 20260705231500
  -31.4667  -68.6667 
  ULLUM_EMBALSE                              SURFACE                                    
  SYNOP             ULLUM_EMBALSE          768  F     F       1
 -888888.000 -888888.000 -888888.000 -888888.000     768.000       0.000     278.550       0.000       4.617     129.000     -12.686     129.000      58.000       0.000   93070.000       0.000 -888888.000 -888888.000
 20260705231500
  -31.5192  -68.8178 
  PUNTA_NEGRA                                SURFACE                                    
  SYNOP             PUNTA_NEGRA            800  F     F       1
 -888888.000 -888888.000 -888888.000 -888888.000     800.000       0.000     279.750       0.000       2.469     129.000       0.391     129.000      50.000       0.000   92290.000       0.000 -888888.000 -888888.000
 20260705231500
  -31.6500  -68.3000 
  ECOHUMUS                                   SURFACE                                    
  SYNOP             ECOHUMUS               600  F     F       1
 -888888.000 -888888.000 -888888.000 -888888.000     600.000       0.000     274.950       0.000      -0.000     129.000       0.000     129.000      65.000       0.000   95530.000       0.000 -888888.000 -888888.000
 20260705232000
  -31.6500  -68.5833 
  INTA_POCITO                                SURFACE                                    
  SYNOP             INTA_POCITO            615  F     F       1
 -888888.000 -888888.000 -888888.000 -888888.000     615.000       0.000     274.150       0.000      -0.000     129.000      -0.000     129.000      68.000       0.000   94730.000       0.000 -888888.000 -888888.000
 20260705232000
  -31.4667  -68.6667 
  ULLUM_EMBALSE                              SURFACE                                    
  SYNOP             ULLUM_EMBALSE          768  F     F       1
 -888888.000 -888888.000 -888888.000 -888888.000     768.000       0.000     278.450       0.000       5.132     129.000     -12.702     129.000      57.000       0.000   93070.000       0.000 -888888.000 -888888.000
 20260705232000
  -31.5192  -68.8178 
  PUNTA_NEGRA                                SURFACE                                    
  SYNOP             PUNTA_NEGRA            800  F     F       1
 -888888.000 -888888.000 -888888.000 -888888.000     800.000       0.000     279.850       0.000       4.197     129.000      -0.147     129.000      50.000       0.000   92290.000       0.000 -888888.000 -888888.000
 20260705232000
  -31.6500  -68.3000 
  ECOHUMUS                                   SURFACE                                    
  SYNOP             ECOHUMUS               600  F     F       1
 -888888.000 -888888.000 -888888.000 -888888.000     600.000       0.000     274.950       0.000      -0.000     129.000       0.000     129.000      64.000       0.000   95540.000       0.000 -888888.000 -888888.000
 20260705232500
  -31.6500  -68.5833 
  INTA_POCITO                                SURFACE                                    
  SYNOP             INTA_POCITO            615  F     F       1
 -888888.000 -888888.000 -888888.000 -888888.000     615.000       0.000     274.250       0.000      -0.000     129.000      -0.000     129.000      68.000       0.000   94740.000       0.000 -888888.000 -888888.000
 20260705232500
  -31.4667  -68.6667 
  ULLUM_EMBALSE                              SURFACE                                    
  SYNOP             ULLUM_EMBALSE          768  F     F       1
 -888888.000 -888888.000 -888888.000 -888888.000     768.000       0.000     278.450       0.000       8.823     129.000     -13.586     129.000      57.000       0.000   93080.000       0.000 -888888.000 -888888.000
 20260705232500
  -31.5192  -68.8178 
  PUNTA_NEGRA                                SURFACE                                    
  SYNOP             PUNTA_NEGRA            800  F     F       1
 -888888.000 -888888.000 -888888.000 -888888.000     800.000       0.000     279.850       0.000       6.684     129.000       0.467     129.000      50.000       0.000   92290.000       0.000 -888888.000 -888888.000
 20260705232500
  -31.6500  -68.3000 
  ECOHUMUS                                   SURFACE                                    
  SYNOP             ECOHUMUS               600  F     F       1
 -888888.000 -888888.000 -888888.000 -888888.000     600.000       0.000     274.450       0.000      -0.000     129.000       0.000     129.000      64.000       0.000   95530.000       0.000 -888888.000 -888888.000
 20260705233000
  -31.6500  -68.5833 
  INTA_POCITO                                SURFACE                                    
  SYNOP             INTA_POCITO            615  F     F       1
 -888888.000 -888888.000 -888888.000 -888888.000     615.000       0.000     274.250       0.000      -0.000     129.000      -0.000     129.000      68.000       0.000   94720.000       0.000 -888888.000 -888888.000
 20260705233000
  -31.4667  -68.6667 
  ULLUM_EMBALSE                              SURFACE                                    
  SYNOP             ULLUM_EMBALSE          768  F     F       1
 -888888.000 -888888.000 -888888.000 -888888.000     768.000       0.000     278.250       0.000       4.135     129.000     -14.419     129.000      60.000       0.000   93100.000       0.000 -888888.000 -888888.000
 20260705233000
  -31.5192  -68.8178 
  PUNTA_NEGRA                                SURFACE                                    
  SYNOP             PUNTA_NEGRA            800  F     F       1
 -888888.000 -888888.000 -888888.000 -888888.000     800.000       0.000     279.650       0.000       8.318     129.000      -1.169     129.000      48.000       0.000   92290.000       0.000 -888888.000 -888888.000
 20260705233000
  -31.6500  -68.3000 
  ECOHUMUS                                   SURFACE                                    
  SYNOP             ECOHUMUS               600  F     F       1
 -888888.000 -888888.000 -888888.000 -888888.000     600.000       0.000     273.350       0.000      -0.283     129.000       0.283     129.000      67.000       0.000   95540.000       0.000 -888888.000 -888888.000
 20260705233500
  -31.6500  -68.5833 
  INTA_POCITO                                SURFACE                                    
  SYNOP             INTA_POCITO            615  F     F       1
 -888888.000 -888888.000 -888888.000 -888888.000     615.000       0.000     274.650       0.000      -0.000     129.000      -0.000     129.000      68.000       0.000   94720.000       0.000 -888888.000 -888888.000
 20260705233500
  -31.4667  -68.6667 
  ULLUM_EMBALSE                              SURFACE                                    
  SYNOP             ULLUM_EMBALSE          768  F     F       1
 -888888.000 -888888.000 -888888.000 -888888.000     768.000       0.000     277.850       0.000       7.324     129.000     -13.774     129.000      62.000       0.000   93090.000       0.000 -888888.000 -888888.000
 20260705233500
  -31.5192  -68.8178 
  PUNTA_NEGRA                                SURFACE                                    
  SYNOP             PUNTA_NEGRA            800  F     F       1
 -888888.000 -888888.000 -888888.000 -888888.000     800.000       0.000     279.750       0.000       7.923     129.000       1.684     129.000      47.000       0.000   92290.000       0.000 -888888.000 -888888.000
 20260705233500
  -31.6500  -68.3000 
  ECOHUMUS                                   SURFACE                                    
  SYNOP             ECOHUMUS               600  F     F       1
 -888888.000 -888888.000 -888888.000 -888888.000     600.000       0.000     273.750       0.000      -1.556     129.000       1.556     129.000      67.000       0.000   95530.000       0.000 -888888.000 -888888.000
 20260705234000
  -31.6500  -68.5833 
  INTA_POCITO                                SURFACE                                    
  SYNOP             INTA_POCITO            615  F     F       1
 -888888.000 -888888.000 -888888.000 -888888.000     615.000       0.000     274.650       0.000       0.000     129.000       0.000     129.000      66.000       0.000   94720.000       0.000 -888888.000 -888888.000
 20260705234000
  -31.4667  -68.6667 
  ULLUM_EMBALSE                              SURFACE                                    
  SYNOP             ULLUM_EMBALSE          768  F     F       1
 -888888.000 -888888.000 -888888.000 -888888.000     768.000       0.000     277.250       0.000       3.520     129.000     -13.137     129.000      65.000       0.000   93090.000       0.000 -888888.000 -888888.000
 20260705234000
  -31.5192  -68.8178 
  PUNTA_NEGRA                                SURFACE                                    
  SYNOP             PUNTA_NEGRA            800  F     F       1
 -888888.000 -888888.000 -888888.000 -888888.000     800.000       0.000     279.750       0.000       8.599     129.000       0.150     129.000      47.000       0.000   92300.000       0.000 -888888.000 -888888.000
 20260705234000
  -31.6500  -68.3000 
  ECOHUMUS                                   SURFACE                                    
  SYNOP             ECOHUMUS               600  F     F       1
 -888888.000 -888888.000 -888888.000 -888888.000     600.000       0.000     273.450       0.000      -2.121     129.000       1.978     129.000      67.000       0.000   95530.000       0.000 -888888.000 -888888.000
 20260705234500
  -31.6500  -68.5833 
  INTA_POCITO                                SURFACE                                    
  SYNOP             INTA_POCITO            615  F     F       1
 -888888.000 -888888.000 -888888.000 -888888.000     615.000       0.000     275.450       0.000       0.691     129.000      -1.553     129.000      63.000       0.000   94710.000       0.000 -888888.000 -888888.000
 20260705234500
  -31.4667  -68.6667 
  ULLUM_EMBALSE                              SURFACE                                    
  SYNOP             ULLUM_EMBALSE          768  F     F       1
 -888888.000 -888888.000 -888888.000 -888888.000     768.000       0.000     276.950       0.000       5.053     129.000     -13.163     129.000      65.000       0.000   93090.000       0.000 -888888.000 -888888.000
 20260705234500
  -31.5192  -68.8178 
  PUNTA_NEGRA                                SURFACE                                    
  SYNOP             PUNTA_NEGRA            800  F     F       1
 -888888.000 -888888.000 -888888.000 -888888.000     800.000       0.000     279.750       0.000       8.380     129.000      -0.586     129.000      47.000       0.000   92300.000       0.000 -888888.000 -888888.000
 20260705234500
  -31.6500  -68.3000 
  ECOHUMUS                                   SURFACE                                    
  SYNOP             ECOHUMUS               600  F     F       1
 -888888.000 -888888.000 -888888.000 -888888.000     600.000       0.000     273.350       0.000      -1.768     129.000       1.768     129.000      68.000       0.000   95540.000       0.000 -888888.000 -888888.000
 20260705235000
  -31.6500  -68.5833 
  INTA_POCITO                                SURFACE                                    
  SYNOP             INTA_POCITO            615  F     F       1
 -888888.000 -888888.000 -888888.000 -888888.000     615.000       0.000     276.350       0.000       0.272     129.000      -0.419     129.000      60.000       0.000   94710.000       0.000 -888888.000 -888888.000
 20260705235000
  -31.4667  -68.6667 
  ULLUM_EMBALSE                              SURFACE                                    
  SYNOP             ULLUM_EMBALSE          768  F     F       1
 -888888.000 -888888.000 -888888.000 -888888.000     768.000       0.000     277.350       0.000       3.528     129.000     -12.304     129.000      60.000       0.000   93080.000       0.000 -888888.000 -888888.000
 20260705235000
  -31.5192  -68.8178 
  PUNTA_NEGRA                                SURFACE                                    
  SYNOP             PUNTA_NEGRA            800  F     F       1
 -888888.000 -888888.000 -888888.000 -888888.000     800.000       0.000     279.750       0.000       5.729     129.000       0.907     129.000      48.000       0.000   92310.000       0.000 -888888.000 -888888.000
 20260705235000
  -31.6500  -68.3000 
  ECOHUMUS                                   SURFACE                                    
  SYNOP             ECOHUMUS               600  F     F       1
 -888888.000 -888888.000 -888888.000 -888888.000     600.000       0.000     273.450       0.000      -1.202     129.000       1.202     129.000      68.000       0.000   95540.000       0.000 -888888.000 -888888.000
 20260705235500
  -31.6500  -68.5833 
  INTA_POCITO                                SURFACE                                    
  SYNOP             INTA_POCITO            615  F     F       1
 -888888.000 -888888.000 -888888.000 -888888.000     615.000       0.000     276.150       0.000      -0.000     129.000      -0.000     129.000      60.000       0.000   94710.000       0.000 -888888.000 -888888.000
 20260705235500
  -31.4667  -68.6667 
  ULLUM_EMBALSE                              SURFACE                                    
  SYNOP             ULLUM_EMBALSE          768  F     F       1
 -888888.000 -888888.000 -888888.000 -888888.000     768.000       0.000     277.450       0.000       1.987     129.000     -12.544     129.000      57.000       0.000   93090.000       0.000 -888888.000 -888888.000
 20260705235500
  -31.5192  -68.8178 
  PUNTA_NEGRA                                SURFACE                                    
  SYNOP             PUNTA_NEGRA            800  F     F       1
 -888888.000 -888888.000 -888888.000 -888888.000     800.000       0.000     279.650       0.000       5.088     129.000       0.356     129.000      50.000       0.000   92300.000       0.000 -888888.000 -888888.000
 20260705235500
  -31.6500  -68.3000 
  ECOHUMUS                                   SURFACE                                    
  SYNOP             ECOHUMUS               600  F     F       1
 -888888.000 -888888.000 -888888.000 -888888.000     600.000       0.000     273.650       0.000      -1.556     129.000       1.556     129.000      67.000       0.000   95540.000       0.000 -888888.000 -888888.000
